id,claim_number,customer_id,order_id,shipment_id,claim_type,status,priority,source,reported_by_contact_id,assigned_to,opened_at,resolved_at,needed_by,requested_resolution,claimed_amount,approved_amount,description,resolution_note
1,CL-2025-00001,2400,14,17,DAMAGED,REJECTED,NORMAL,EMAIL,4320,3,2025-08-06 11:03:48,2025-08-25 17:39:39,,REPLACEMENT,155.90,0.00,1 x Älv Summit Tarp Petrol on pallet 1 arrived with crushed cartons and torn packaging. Also affected: Skjærgård Palsa Hiking Shorts L Forest. Driver noted the damage on the CMR. Reported by Emma Larsson (emma.larsson@vaara.outfitters.example).,Damage not reported within 48 h of delivery.
2,CL-2025-00002,87,22,25,QUALITY_DEFECT,CLOSED,NORMAL,EMAIL,162,5,2025-09-04 07:49:02,2025-09-18 13:04:25,,REPAIR,1443.06,1443.06,3 x Baltic Pallas II Hiking Socks 2-pack XXL Ochre returned by end customers: stitching failed on the shoulder strap.,Credit note issued.
3,CL-2025-00003,1682,35,40,PRICING_DISPUTE,RESOLVED,NORMAL,PORTAL,3030,5,2025-07-31 15:22:06,2025-08-20 09:07:41,,CREDIT,6.30,3.15,Invoice price for Nordwald Rauk WP Trekking Poles 160 cm Ochre does not match the agreed price. Customer expected the contract price.,Credit note issued.
4,CL-2025-00004,1202,50,55,MISSING_ITEMS,CLOSED,NORMAL,PORTAL,2157,5,2025-07-14 11:42:27,2025-07-28 08:56:05,,CREDIT,56.43,28.21,"Packing list shows 8 x Peilung Bre XT Camp Lantern Midnight Blue, customer counted 4. 4 missing.","Redelivery completed, customer confirmed."
5,CL-2025-00005,663,52,58,WRONG_ITEM,REJECTED,NORMAL,EMAIL,1187,4,2025-08-04 09:11:51,2025-08-25 15:07:57,,REPLACEMENT,367.80,0.00,Received a different variant instead of Myrsky Palsa Lite Down Vest XXL Moss Green (2 pcs). Customer asks for exchange.,Damage not reported within 48 h of delivery.
6,CL-2025-00006,2146,58,64,MISSING_ITEMS,RESOLVED,NORMAL,PORTAL,3875,5,2025-07-09 12:36:30,2025-07-28 13:26:08,2025-07-14,REDELIVERY,18.48,18.48,"Packing list shows 1 x Peilung Selja Waterproofing Spray, customer counted 0. 1 missing. Carton count on the pallet matched the label.",Goodwill credit agreed with account manager.
7,CL-2025-00007,1659,106,112,QUALITY_DEFECT,CLOSED,NORMAL,EMAIL,2984,5,2025-09-01 08:26:15,2025-09-02 11:05:59,,CREDIT,308.90,308.90,"1 x Isbre Tundra Pro Climbing Skins 115 cm Midnight Blue returned by end customers: valve leaks, mat deflates overnight. Remaining stock put on hold in store.",Credit note issued.
8,CL-2025-00008,2326,121,128,LATE_DELIVERY,RESOLVED,NORMAL,EMAIL,4194,3,2025-07-25 11:26:42,2025-08-01 09:11:01,,CREDIT,754.20,754.20,"Delivery promised 2025-07-24 arrived 2025-07-25 (1 days late). Second late delivery this quarter, customer escalates.",Goodwill credit agreed with account manager.
9,CL-2025-00009,2147,128,137,MISSING_ITEMS,CLOSED,NORMAL,EMAIL,3877,4,2025-07-31 11:03:40,2025-08-14 15:26:27,,REDELIVERY,1233.00,924.75,"Packing list shows 10 x Hygge Ridge Lite Tent 2P Black, customer counted 8. 2 missing. Carton count on the pallet matched the label.",Goodwill credit agreed with account manager.
10,CL-2025-00010,1323,144,155,LATE_DELIVERY,RESOLVED,NORMAL,PORTAL,2382,3,2025-08-04 17:20:42,2025-08-18 08:35:17,,CREDIT,1545.58,1545.58,"Delivery promised 2025-07-28 arrived 2025-07-31 (3 days late). Second late delivery this quarter, customer escalates.",Credit note issued.
11,CL-2025-00011,667,146,157,WRONG_ITEM,CLOSED,NORMAL,EMAIL,1195,3,2025-07-16 18:35:07,2025-07-17 10:06:06,2025-07-21,CREDIT,39.56,39.56,Received a different variant instead of Skjærgård Tind Lite Liner Gloves XXL Forest (4 pcs). Customer asks for exchange.,Repair completed by supplier.
12,CL-2025-00012,562,147,158,MISSING_ITEMS,REJECTED,URGENT,PORTAL,1016,5,2025-07-21 08:04:11,2025-08-14 14:17:17,2025-07-24,REDELIVERY,311.80,0.00,"Packing list shows 4 x Peak Trail WP Hiking Boot EU 38 Ochre, customer counted 2. 2 missing. Carton count on the pallet matched the label.",Return window exceeded.
13,CL-2025-00013,1230,154,165,WRONG_ITEM,RESOLVED,NORMAL,EMAIL,2206,5,2025-08-01 14:38:38,2025-08-04 17:15:09,,REPLACEMENT,49.40,49.40,Received a different variant instead of Brenner Åreskutan Eco Cookset Graphite (4 pcs). Customer asks for exchange.,"Return authorised, goods received back."
14,CL-2025-00014,1734,169,182,MISSING_ITEMS,REJECTED,NORMAL,PORTAL,3127,5,2025-08-04 15:04:40,2025-08-28 17:10:18,,REDELIVERY,27.78,0.00,"Packing list shows 12 x Peilung Vinter 2.0 Waterproofing Spray, customer counted 9. 3 missing.",Return window exceeded.
15,CL-2025-00015,311,232,246,DAMAGED,CLOSED,HIGH,PHONE,555,3,2025-08-04 18:08:20,2025-08-20 17:25:52,,CREDIT,1162.80,581.40,12 x Hygge Arctic WP Synthetic Sleeping Bag 0°C Lichen arrived with crushed cartons and torn packaging.,Goodwill credit agreed with account manager.
16,CL-2025-00016,2377,253,267,QUALITY_DEFECT,RESOLVED,NORMAL,EMAIL,4284,4,2025-08-11 14:14:15,2025-08-12 11:42:37,,REPLACEMENT,50.10,37.58,3 x Rondane Aapa Bag Liner Moss Green returned by end customers: colour bleeding after first wash.,Repair completed by supplier.
17,CL-2025-00017,1768,293,309,DAMAGED,CLOSED,NORMAL,EMAIL,3194,3,2025-08-05 18:20:07,2025-08-11 11:49:36,,REPLACEMENT,598.20,598.20,15 x Stig Nuten 2.0 Approach Shoe EU 45 Forest on pallet 1 arrived with crushed cartons and torn packaging.,Credit note issued.
18,CL-2025-00018,2096,306,324,DAMAGED,RESOLVED,HIGH,EMAIL,3786,4,2025-08-08 18:15:02,2025-08-28 12:11:28,2025-08-18,CREDIT,802.80,802.80,12 x Fjord Fjord WP Spray Skirt XXL Slate Grey on pallet 1 arrived with crushed cartons and torn packaging. Outer wrap was torn on arrival.,"Replacement shipped, credit note for freight."
19,CL-2025-00019,54,319,339,QUALITY_DEFECT,REJECTED,NORMAL,EMAIL,100,3,2025-08-14 09:16:05,2025-08-15 11:25:31,,CREDIT,50.50,0.00,1 x Rondane Trail Eco Camp Pillow Forest returned by end customers: buckle cracked in the cold. Remaining stock put on hold in store.,Return window exceeded.
20,CL-2025-00020,2300,323,343,MISSING_ITEMS,RESOLVED,NORMAL,EMAIL,4146,5,2025-07-30 14:05:56,2025-08-11 13:47:06,,REDELIVERY,679.00,509.25,"Packing list shows 10 x Nordvind Myrsky Plus Fleece Jacket M Sand, customer counted 0. 10 missing. One carton short against the packing list.","Redelivery completed, customer confirmed."
21,CL-2025-00021,1551,330,351,MISSING_ITEMS,REJECTED,NORMAL,EMAIL,2796,4,2025-08-14 11:00:17,2025-09-05 14:27:13,,REDELIVERY,68.88,0.00,"Packing list shows 2 x Halla Nietos WP First Aid Kit M Moss Green, customer counted 0. 2 missing.",Delivered on the promised date per POD.
22,CL-2025-00022,1860,335,357,LATE_DELIVERY,REJECTED,NORMAL,EMAIL,3363,4,2025-07-14 08:04:50,2025-07-28 16:19:40,,CREDIT,10.68,0.00,Delivery promised 2025-07-07 arrived 2025-07-10 (3 days late). Customer requests compensation for the delay.,Return window exceeded.
23,CL-2025-00023,1863,345,366,RETURN_REQUEST,CLOSED,LOW,PORTAL,3367,5,2025-07-28 10:19:16,2025-08-19 16:01:32,,RETURN_AUTHORISATION,2.23,1.67,"Customer wants to return 1 x Isbre Palsa 2.0 Neck Gaiter Burnt Orange, unsold season stock; asks for a return authorisation.",Credit note issued.
24,CL-2025-00024,596,346,367,MISSING_ITEMS,RESOLVED,NORMAL,EMAIL,1070,3,2025-07-11 09:22:02,2025-07-23 13:15:01,2025-07-21,CREDIT,1327.32,1327.32,"Packing list shows 8 x Saimaa Polar 2.0 Buoyancy Aid M Forest, customer counted 4. 4 missing.","Redelivery completed, customer confirmed."
25,CL-2025-00025,1875,349,370,PRICING_DISPUTE,CLOSED,LOW,EMAIL,3385,5,2025-08-06 17:23:11,2025-08-20 15:28:47,,CREDIT,2.70,1.35,Invoice price for Kelo Tuuli Plus Gas Canister 450 g does not match the agreed price. Customer expected the pre-order price.,"Redelivery completed, customer confirmed."
26,CL-2025-00026,2289,370,392,LATE_DELIVERY,CLOSED,NORMAL,EMAIL,4125,3,2025-07-28 10:34:07,2025-08-14 11:11:23,,CREDIT,5.05,5.05,Delivery promised 2025-07-25 arrived 2025-07-28 (3 days late). Customer missed a weekend campaign and requests a goodwill credit.,"Return authorised, goods received back."
27,CL-2025-00027,1612,386,408,PRICING_DISPUTE,RESOLVED,LOW,PORTAL,2902,3,2025-07-29 11:15:13,2025-08-18 15:17:00,,CREDIT,1.41,1.41,Invoice price for Baltic Summit 2.0 Repair Kit does not match the agreed price. Customer expected the pre-order price.,"Return authorised, goods received back."
28,CL-2025-00028,333,428,454,QUALITY_DEFECT,CLOSED,NORMAL,EMAIL,591,3,2025-08-07 08:03:22,2025-08-11 13:47:22,,REPLACEMENT,212.16,212.16,12 x Peilung Kaira 2.0 First Aid Kit XS Ochre returned by end customers: zip slider broke after a few uses. Customer asks whether the whole batch is affected.,Goodwill credit agreed with account manager.
29,CL-2025-00029,62,438,465,DAMAGED,CLOSED,NORMAL,EMAIL,115,4,2025-08-11 14:07:40,2025-08-25 08:13:16,2025-08-18,REPLACEMENT,122.00,91.50,2 x Isbre Hyrsky Pro Trekking Poles 180 cm Ruby Red arrived with crushed cartons and torn packaging. Driver noted the damage on the CMR.,"Redelivery completed, customer confirmed."
30,CL-2025-00030,1414,443,469,QUALITY_DEFECT,CLOSED,NORMAL,EMAIL,2545,5,2025-08-25 16:00:42,2025-09-04 13:00:07,,REPLACEMENT,59.90,59.90,"1 x Polarlys Kallio 2.0 Power Bank returned by end customers: valve leaks, mat deflates overnight.","Redelivery completed, customer confirmed."
31,CL-2025-00031,1831,462,490,QUALITY_DEFECT,CLOSED,NORMAL,EMAIL,3309,3,2025-08-18 07:43:08,2025-09-01 10:30:33,,REPAIR,210.90,210.90,1 x Gråsten Kallio Eco Winter Boot EU 39 Graphite returned by end customers: buckle cracked in the cold. Customer asks whether the whole batch is affected.,"Return authorised, goods received back."
32,CL-2025-00032,1100,476,504,DAMAGED,CLOSED,HIGH,EMAIL,1974,4,2025-07-21 11:31:54,2025-07-28 15:31:50,,REPLACEMENT,1359.60,1359.60,6 x Brenner Skog Water Filter Black on pallet 1 arrived with crushed cartons and torn packaging. Also affected: Vuoma Loiste XT Bivy Sand. Outer wrap was torn on arrival.,"Redelivery completed, customer confirmed."
33,CL-2025-00033,12,478,506,DAMAGED,CLOSED,HIGH,EMAIL,20,3,2025-07-29 17:37:53,2025-08-25 15:26:26,2025-08-04,REPLACEMENT,9802.80,9802.80,12 x Nordwald Summit Tunnel Tent 1P Moss Green on pallet 1 arrived with crushed cartons and torn packaging. Outer wrap was torn on arrival.,"Replacement shipped, credit note for freight."
34,CL-2025-00034,693,547,580,DAMAGED,CLOSED,HIGH,PHONE,1241,5,2025-07-28 18:26:28,2025-08-08 13:25:05,,REPLACEMENT,5554.80,4166.10,12 x Isvidde Varanger XT Touring Ski 150 cm Deep Teal on pallet 2 arrived with crushed cartons and torn packaging. Outer wrap was torn on arrival.,Goodwill credit agreed with account manager.
35,CL-2025-00035,1573,552,585,LATE_DELIVERY,CLOSED,NORMAL,PORTAL,2834,3,2025-07-29 17:32:26,2025-08-13 10:44:10,,CREDIT,127.64,63.82,Delivery promised 2025-07-23 arrived 2025-07-29 (6 days late). Customer missed a weekend campaign and requests a goodwill credit.,"Replacement shipped, credit note for freight."
36,CL-2025-00036,195,566,599,DAMAGED,CLOSED,NORMAL,PORTAL,341,4,2025-07-17 14:00:44,2025-08-04 09:19:20,2025-07-22,CREDIT,155.00,116.25,"1 x Vuoma Storm II Synthetic Sleeping Bag -20°C Forest on pallet 1 arrived with crushed cartons and torn packaging. Driver noted the damage on the CMR. Customer contact: Astrid Larsson, +46 70 003 01 92.",Credit note issued.
37,CL-2025-00037,2054,577,609,PRICING_DISPUTE,CLOSED,NORMAL,EMAIL,3713,4,2025-08-05 09:55:53,2025-09-01 08:25:10,,CREDIT,70.20,70.20,Invoice price for Bergtatt Suvanto Daypack 8L Moss Green does not match the agreed price. Customer expected the pre-order price.,Goodwill credit agreed with account manager.
38,CL-2025-00038,1557,583,615,QUALITY_DEFECT,CLOSED,NORMAL,PHONE,2806,4,2025-07-31 08:30:15,2025-08-11 11:55:07,,REPAIR,15.56,11.67,2 x Tundra Fjell Liner Gloves XS Black returned by end customers: sole separating from the upper. Customer asks whether the whole batch is affected.,Repair completed by supplier.
39,CL-2025-00039,1958,607,638,LATE_DELIVERY,CLOSED,NORMAL,PORTAL,3542,5,2025-09-26 10:11:58,2025-10-08 09:58:21,,CREDIT,243.29,243.29,Delivery promised 2025-08-21 arrived 2025-09-25 (35 days late). Customer requests compensation for the delay.,"Redelivery completed, customer confirmed."
40,CL-2025-00040,2343,610,642,LATE_DELIVERY,CLOSED,HIGH,EMAIL,4225,5,2025-08-25 15:28:02,2025-09-15 10:58:12,,CREDIT,2316.21,1158.11,Delivery promised 2025-08-18 arrived 2025-08-21 (3 days late). Store had to postpone its season opening display.,"Return authorised, goods received back."
41,CL-2025-00041,677,619,652,DAMAGED,CLOSED,NORMAL,EMAIL,1214,4,2025-09-01 12:56:49,2025-09-12 17:23:28,,REPLACEMENT,135.50,135.50,1 x Nordwald Ultra Duffel 60L Forest arrived with crushed cartons and torn packaging. Photos attached.,Credit note issued.
42,CL-2025-00042,486,640,673,DAMAGED,RESOLVED,NORMAL,EMAIL,872,5,2025-09-01 13:45:41,2025-09-03 11:17:37,2025-09-09,REPLACEMENT,256.90,192.67,1 x Älv Sylarna II Backpack 35L Ochre arrived with crushed cartons and torn packaging. Driver noted the damage on the CMR.,"Replacement shipped, credit note for freight."
43,CL-2025-00043,1415,645,678,DAMAGED,RESOLVED,NORMAL,EMAIL,2546,3,2025-08-18 10:42:09,2025-08-26 16:15:18,2025-08-25,CREDIT,492.00,369.00,6 x Peak Kaamos Pro Hiking Sandal EU 46 Slate Grey arrived with crushed cartons and torn packaging.,Repair completed by supplier.
44,CL-2025-00044,2164,654,687,WRONG_ITEM,CLOSED,HIGH,EMAIL,3908,4,2025-08-15 12:52:29,2025-08-25 11:55:09,,REPLACEMENT,2326.80,2326.80,Received a different variant instead of Nordvind Hav 2.0 Hardshell Jacket L Burnt Orange (12 pcs). Customer asks for exchange.,Credit note issued.
45,CL-2025-00045,2311,660,693,MISSING_ITEMS,CLOSED,NORMAL,EMAIL,4162,3,2025-09-04 17:33:56,2025-09-15 16:12:27,,REDELIVERY,695.40,347.70,"Packing list shows 6 x Fjellvind Nordvik Sleeping Mat Lichen, customer counted 0. 6 missing.","Redelivery completed, customer confirmed."
46,CL-2025-00046,2194,665,698,DAMAGED,REJECTED,HIGH,PHONE,3955,3,2025-08-11 16:37:40,2025-09-05 09:41:49,,CREDIT,853.20,0.00,3 x Kaamos Glacier WP Sleeping Mat Arctic White on pallet 1 arrived with crushed cartons and torn packaging. Also affected: Peak Tundra Softshell Jacket XXL Sunset Yellow.,Return window exceeded.
47,CL-2025-00047,2280,675,708,WRONG_ITEM,CLOSED,NORMAL,PORTAL,4107,5,2025-08-25 18:16:55,2025-09-08 11:08:34,,CREDIT,51.66,51.66,Received a different variant instead of Aurora Fjord Plus Seam Sealer (6 pcs). Customer asks for exchange.,"Replacement shipped, credit note for freight."
48,CL-2025-00048,2033,679,712,LATE_DELIVERY,CLOSED,NORMAL,PORTAL,3678,3,2025-09-08 18:02:31,2025-09-22 12:32:28,,CREDIT,177.60,177.60,"Delivery promised 2025-09-01 arrived 2025-09-03 (2 days late). Second late delivery this quarter, customer escalates. Call back Ebba on +46 70 485 01 62.",Repair completed by supplier.
49,CL-2025-00049,1220,681,714,DAMAGED,CLOSED,NORMAL,EMAIL,2190,5,2025-09-09 14:12:53,2025-09-16 08:27:23,2025-09-19,CREDIT,83.16,83.16,4 x Brenner Ruska 2.0 Water Bottle Forest arrived with crushed cartons and torn packaging. Photos attached.,Repair completed by supplier.
50,CL-2025-00050,740,691,724,DAMAGED,CLOSED,NORMAL,EMAIL,1338,3,2025-08-22 10:26:21,2025-09-08 14:36:55,,REPLACEMENT,16.45,16.45,1 x Hygge Trail Water Bottle Ruby Red arrived with crushed cartons and torn packaging. Photos attached.,Repair completed by supplier.
51,CL-2025-00051,1845,698,731,LATE_DELIVERY,CLOSED,NORMAL,EMAIL,3336,5,2025-09-08 10:44:41,2025-09-29 13:20:19,,CREDIT,67.07,67.07,Delivery promised 2025-09-01 arrived 2025-09-03 (2 days late). Store had to postpone its season opening display.,Repair completed by supplier.
52,CL-2025-00052,668,699,732,RETURN_REQUEST,RESOLVED,LOW,EMAIL,1197,3,2025-08-20 17:07:33,2025-08-28 15:46:44,,RETURN_AUTHORISATION,48.48,36.36,"Customer wants to return 2 x Øresund Kuru WP Handlebar Roll Arctic White, unsold season stock; asks for a return authorisation.","Return authorised, goods received back."
53,CL-2025-00053,1285,778,811,LATE_DELIVERY,RESOLVED,NORMAL,EMAIL,2313,3,2025-10-21 17:33:53,2025-10-28 10:37:19,,CREDIT,1608.47,1608.47,Delivery promised 2025-09-04 arrived 2025-10-09 (35 days late). Customer requests compensation for the delay.,Credit note issued.
54,CL-2025-00054,105,786,819,PRICING_DISPUTE,RESOLVED,NORMAL,EMAIL,197,3,2025-08-21 11:00:42,2025-09-09 12:07:32,,CREDIT,24.22,24.22,Invoice price for Stig Myrsky Winter Boot EU 40 Graphite does not match the agreed price. Customer expected the promotion price.,Repair completed by supplier.
55,CL-2025-00055,685,821,854,PRICING_DISPUTE,RESOLVED,LOW,PHONE,1228,3,2025-09-01 08:39:32,2025-09-03 13:27:39,,CREDIT,14.69,14.69,Invoice price for Halla Loiste Repair Kit does not match the agreed price. Customer expected the promotion price.,"Redelivery completed, customer confirmed."
56,CL-2025-00056,165,828,861,WRONG_ITEM,RESOLVED,NORMAL,PORTAL,294,3,2025-09-22 18:46:38,2025-10-13 10:05:29,,REPLACEMENT,838.08,419.04,Received a different variant instead of Peak Palsa Hiking Boot EU 37 Graphite (6 pcs). Customer asks for exchange.,"Redelivery completed, customer confirmed."
57,CL-2025-00057,1669,831,864,QUALITY_DEFECT,CLOSED,NORMAL,EMAIL,3004,5,2025-09-08 13:59:17,2025-09-25 15:02:50,,REPLACEMENT,11.95,11.95,5 x Baltic Loiste Seam Sealer returned by end customers: colour bleeding after first wash. Remaining stock put on hold in store.,"Redelivery completed, customer confirmed."
58,CL-2025-00058,2292,836,869,MISSING_ITEMS,CLOSED,URGENT,PORTAL,4133,3,2025-09-01 16:31:52,2025-09-02 10:23:37,2025-09-04,REDELIVERY,800.00,800.00,"Packing list shows 1 x Älv Tind Daypack 18L Midnight Blue, customer counted 0. 1 missing. One carton short against the packing list.",Repair completed by supplier.
59,CL-2025-00059,1974,844,878,DAMAGED,RESOLVED,HIGH,EMAIL,3572,4,2025-08-28 12:17:01,2025-09-15 08:36:23,,CREDIT,2343.00,2343.00,6 x Rondane Elv Down Sleeping Bag 0°C Ruby Red arrived with crushed cartons and torn packaging. Photos attached.,Credit note issued.
60,CL-2025-00060,1375,881,915,LATE_DELIVERY,REJECTED,NORMAL,EMAIL,2475,4,2025-08-25 16:25:06,2025-09-15 08:29:24,,CREDIT,1248.04,0.00,Delivery promised 2025-08-14 arrived 2025-08-18 (4 days late). Customer requests compensation for the delay.,Price matches the signed order confirmation.
61,CL-2025-00061,1702,901,936,DAMAGED,REJECTED,NORMAL,EMAIL,3063,4,2025-08-18 09:05:02,2025-09-09 17:45:04,2025-08-27,REPLACEMENT,188.90,0.00,1 x Fjellvind Revontuli 2.0 Backpack 55L Forest arrived with crushed cartons and torn packaging. Outer wrap was torn on arrival.,Price matches the signed order confirmation.
62,CL-2025-00062,1022,914,949,PRICING_DISPUTE,CLOSED,NORMAL,EMAIL,1834,4,2025-08-06 10:13:36,2025-08-25 09:21:59,,CREDIT,71.88,71.88,Invoice price for Kaamos Polar XT Tarp Deep Teal does not match the agreed price. Customer expected the contract price.,"Redelivery completed, customer confirmed."
63,CL-2025-00063,1121,915,950,MISSING_ITEMS,REJECTED,NORMAL,PORTAL,2016,5,2025-09-08 07:57:42,2025-09-24 09:30:10,,REDELIVERY,563.33,0.00,"Packing list shows 2 x Peilung Nuten XT Trekking Poles 125 cm Sand, customer counted 1. 1 missing. Carton count on the pallet matched the label.",Price matches the signed order confirmation.
64,CL-2025-00064,2337,924,958,RETURN_REQUEST,CLOSED,LOW,EMAIL,4215,4,2025-08-29 17:58:24,2025-09-01 17:42:02,,RETURN_AUTHORISATION,77.00,77.00,"Customer wants to return 1 x Baltic Summit 2.0 Trekking Poles 170 cm Moss Green, unsold season stock; asks for a return authorisation.","Replacement shipped, credit note for freight."
65,CL-2025-00065,34,925,959,LATE_DELIVERY,REJECTED,NORMAL,PORTAL,59,3,2025-09-08 09:54:46,2025-09-19 09:23:19,,CREDIT,374.38,0.00,"Delivery promised 2025-08-26 arrived 2025-09-03 (8 days late). Second late delivery this quarter, customer escalates.",Delivered on the promised date per POD.
66,CL-2025-00066,329,949,983,DAMAGED,CLOSED,NORMAL,PHONE,583,3,2025-08-07 16:28:14,2025-08-25 09:16:37,2025-08-13,CREDIT,542.54,406.90,12 x Bergtatt Storm Hip Pack Ochre arrived with crushed cartons and torn packaging. Also affected: Nietos Fjord XT Snowshoes XL Ochre.,Repair completed by supplier.
67,CL-2025-00067,617,951,985,DAMAGED,CLOSED,NORMAL,EMAIL,1109,4,2025-08-27 11:53:23,2025-09-08 09:26:27,,CREDIT,205.20,153.90,15 x Tundra Pallas 2.0 First Aid Kit M Black on pallet 1 arrived with crushed cartons and torn packaging.,Credit note issued.
68,CL-2025-00068,384,990,1027,DAMAGED,RESOLVED,NORMAL,EMAIL,697,4,2025-08-25 12:59:37,2025-09-17 12:01:24,,REPLACEMENT,40.70,40.70,10 x Aurora Varanger WP First Aid Kit XS Sand arrived with crushed cartons and torn packaging. Photos attached.,Goodwill credit agreed with account manager.
69,CL-2025-00069,2382,1002,1038,MISSING_ITEMS,CLOSED,NORMAL,EMAIL,4291,3,2025-08-22 12:16:34,2025-09-08 14:32:23,,REDELIVERY,890.18,445.09,"Packing list shows 8 x Älv Hav XT Footprint 1P Lichen, customer counted 4. 4 missing. One carton short against the packing list.",Repair completed by supplier.
70,CL-2025-00070,1138,1005,1041,MISSING_ITEMS,CLOSED,NORMAL,EMAIL,2047,4,2025-09-01 11:20:26,2025-09-22 08:17:09,2025-09-08,CREDIT,285.30,142.65,"Packing list shows 12 x Myrsky Kallio Eco Hardshell Jacket L Sand, customer counted 11. 1 missing. One carton short against the packing list.",Goodwill credit agreed with account manager.
71,CL-2025-00071,2211,1006,1042,DAMAGED,CLOSED,NORMAL,EMAIL,3980,5,2025-08-29 16:50:18,2025-09-15 16:02:28,2025-09-03,CREDIT,101.80,101.80,2 x Stig Nuten 2.0 Approach Shoe EU 40 Forest arrived with crushed cartons and torn packaging. Driver noted the damage on the CMR.,"Return authorised, goods received back."
72,CL-2025-00072,2323,1037,1074,DAMAGED,RESOLVED,HIGH,PORTAL,4190,3,2025-08-25 14:34:19,2025-09-15 11:09:22,,REPLACEMENT,1123.68,1123.68,24 x Brenner Alpine Water Filter Graphite arrived with crushed cartons and torn packaging.,Credit note issued.
73,CL-2025-00073,1726,1058,1095,DAMAGED,RESOLVED,NORMAL,EMAIL,3112,3,2025-09-05 08:56:48,2025-09-24 13:28:41,,REPLACEMENT,230.66,230.66,1 x Vuoma Ultra Eco Synthetic Sleeping Bag -20°C Black arrived with crushed cartons and torn packaging. Also affected: Hygge Vuori Lite Camp Stove Deep Teal. Outer wrap was torn on arrival.,"Redelivery completed, customer confirmed."
74,CL-2025-00074,1353,1064,1101,DAMAGED,CLOSED,NORMAL,PORTAL,2433,3,2025-09-11 17:11:28,2025-09-12 17:24:49,,CREDIT,419.60,419.60,4 x Halla Vuoma Plus Trekking Poles 160 cm Arctic White on pallet 1 arrived with crushed cartons and torn packaging. Outer wrap was torn on arrival.,Goodwill credit agreed with account manager.
75,CL-2025-00075,1367,1075,1112,LATE_DELIVERY,CLOSED,NORMAL,PORTAL,2460,3,2025-09-15 15:29:36,2025-09-24 16:28:19,,CREDIT,16.71,16.71,Delivery promised 2025-09-05 arrived 2025-09-08 (3 days late). Store had to postpone its season opening display.,"Redelivery completed, customer confirmed."
76,CL-2025-00076,857,1079,1116,DAMAGED,CLOSED,HIGH,PORTAL,1544,5,2025-08-29 15:31:30,2025-09-17 17:30:51,2025-09-02,REPLACEMENT,1211.10,1211.10,"6 x Myrsky Kallio Eco Hardshell Jacket L Sand arrived with crushed cartons and torn packaging. Also affected: Stig Kaldo 2.0 Approach Shoe EU 37 Sand, Saimaa Ruska Seam Sealer. Photos attached. Reported by Olli Aho (olli.aho@era.trekking.example).",Credit note issued.
77,CL-2025-00077,1603,1095,1133,DAMAGED,REJECTED,NORMAL,PORTAL,2887,4,2025-08-25 16:43:41,2025-09-15 15:47:40,2025-09-01,REPLACEMENT,336.16,0.00,"3 x Hygge Vuoma II Water Bottle Sand on pallet 1 arrived with crushed cartons and torn packaging. Also affected: Polarlys Vuoma Camp Lantern Lichen, Fjellvind Skare 2.0 Duffel 60L Sunset Yellow. Driver noted the damage on the CMR.",Return window exceeded.
78,CL-2025-00078,2060,1125,1165,MISSING_ITEMS,CLOSED,NORMAL,EMAIL,3727,4,2025-09-08 08:14:40,2025-09-29 17:11:35,2025-09-16,REDELIVERY,12.35,12.35,"Packing list shows 2 x Brenner Åreskutan Eco Cookset Graphite, customer counted 1. 1 missing. One carton short against the packing list.","Return authorised, goods received back."
79,CL-2025-00079,1100,1137,1178,DAMAGED,CLOSED,URGENT,PORTAL,1974,5,2025-08-18 15:27:14,2025-09-01 09:46:40,2025-08-20,CREDIT,3555.00,3555.00,20 x Myrsky Polar Down Vest M Deep Teal arrived with crushed cartons and torn packaging. Also affected: Fjellvind Kulku II Duffel 40L Slate Grey.,"Return authorised, goods received back."
80,CL-2025-00080,2354,1162,1204,DAMAGED,REJECTED,HIGH,PHONE,4246,4,2025-09-03 18:37:20,2025-09-18 13:57:40,,REPLACEMENT,1378.20,0.00,3 x Kelo Kero WP Water Filter Sand arrived with crushed cartons and torn packaging. Also affected: Taiga Rauk XT Hiking Trousers S Forest.,Price matches the signed order confirmation.
81,CL-2025-00081,609,1164,1207,MISSING_ITEMS,REJECTED,NORMAL,PORTAL,1093,3,2025-09-01 16:49:39,2025-09-15 17:00:26,,REDELIVERY,996.66,0.00,"Packing list shows 36 x Aurora Ridge Backpack 55L Sand, customer counted 33. 3 missing.",Delivered on the promised date per POD.
82,CL-2025-00082,55,1172,1216,LATE_DELIVERY,RESOLVED,NORMAL,PORTAL,101,3,2025-08-12 14:09:40,2025-08-13 14:36:34,,CREDIT,679.44,679.44,Delivery promised 2025-08-08 arrived 2025-08-11 (3 days late). Store had to postpone its season opening display.,"Replacement shipped, credit note for freight."
83,CL-2025-00083,852,1201,1246,QUALITY_DEFECT,CLOSED,NORMAL,PHONE,1536,3,2025-10-01 16:15:10,2025-10-15 13:26:27,,CREDIT,10.06,5.03,1 x Brenner Nordic Pro Camp Stove Petrol returned by end customers: seam tape peeling on the inside. Remaining stock put on hold in store.,"Redelivery completed, customer confirmed."
84,CL-2025-00084,22,1213,1259,MISSING_ITEMS,RESOLVED,NORMAL,PORTAL,35,3,2025-08-22 08:16:40,2025-09-01 16:48:00,,REDELIVERY,182.70,182.70,"Packing list shows 12 x Fjellvind Kuru Eco Footprint 1P Arctic White, customer counted 9. 3 missing.",Repair completed by supplier.
85,CL-2025-00085,821,1215,1261,LATE_DELIVERY,CLOSED,NORMAL,EMAIL,1476,5,2025-08-11 17:01:36,2025-09-05 14:15:33,,CREDIT,300.70,150.35,Delivery promised 2025-08-07 arrived 2025-08-11 (4 days late). Customer missed a weekend campaign and requests a goodwill credit.,Goodwill credit agreed with account manager.
86,CL-2025-00086,1608,1219,1265,WRONG_ITEM,RESOLVED,NORMAL,PHONE,2893,4,2025-09-09 08:52:31,2025-10-06 12:47:07,,REPLACEMENT,375.84,375.84,Received a different variant instead of Älv Selkä II Gas Canister 100 g (48 pcs). Customer asks for exchange.,"Redelivery completed, customer confirmed."
87,CL-2025-00087,2377,1224,1271,LATE_DELIVERY,CLOSED,NORMAL,EMAIL,4284,4,2025-09-11 14:40:33,2025-09-16 11:59:02,,CREDIT,194.94,97.47,"Delivery promised 2025-08-08 arrived 2025-09-11 (34 days late). Second late delivery this quarter, customer escalates.",Credit note issued.
88,CL-2025-00088,2012,1231,1278,LATE_DELIVERY,CLOSED,NORMAL,PORTAL,3634,3,2025-09-10 07:43:23,2025-09-26 17:45:50,,CREDIT,354.56,265.92,Delivery promised 2025-09-02 arrived 2025-09-09 (7 days late). Store had to postpone its season opening display.,"Return authorised, goods received back."
89,CL-2025-00089,705,1242,1289,LATE_DELIVERY,CLOSED,NORMAL,EMAIL,1269,4,2025-09-08 16:42:40,2025-09-26 10:32:38,,CREDIT,151.91,151.91,Delivery promised 2025-09-01 arrived 2025-09-08 (7 days late). Store had to postpone its season opening display.,Credit note issued.
90,CL-2025-00090,109,1244,1291,MISSING_ITEMS,REJECTED,NORMAL,EMAIL,207,4,2025-09-08 16:11:29,2025-09-10 15:50:34,,CREDIT,1656.00,0.00,"Packing list shows 18 x Fjord Summit II Buoyancy Aid L Ruby Red, customer counted 0. 18 missing. Carton count on the pallet matched the label.",Delivered on the promised date per POD.
91,CL-2025-00091,814,1250,1298,LATE_DELIVERY,REJECTED,NORMAL,EMAIL,1467,4,2025-08-20 10:16:49,2025-09-04 13:49:26,,CREDIT,129.38,0.00,Delivery promised 2025-08-08 arrived 2025-08-18 (10 days late). Customer requests compensation for the delay.,Damage not reported within 48 h of delivery.
92,CL-2025-00092,989,1258,1306,QUALITY_DEFECT,RESOLVED,NORMAL,EMAIL,1779,4,2025-09-29 18:20:38,2025-10-10 09:04:04,,REPAIR,86.90,86.90,1 x Velo Storm Plus Pannier Pair 22L Sunset Yellow returned by end customers: colour bleeding after first wash. Customer asks whether the whole batch is affected.,Credit note issued.
93,CL-2025-00093,129,1281,1332,MISSING_ITEMS,RESOLVED,HIGH,EMAIL,237,5,2025-08-20 13:55:49,2025-08-27 14:47:32,,CREDIT,4931.40,4931.40,"Packing list shows 24 x Kaamos Tuuli II Tunnel Tent 3P Burnt Orange, customer counted 18. 6 missing.",Repair completed by supplier.
94,CL-2025-00094,278,1320,1375,DAMAGED,RESOLVED,NORMAL,EMAIL,493,4,2025-08-18 08:40:30,2025-09-11 09:19:39,2025-08-25,CREDIT,756.00,567.00,12 x Jäkälä Glacier Lite Hiking Trousers S Graphite arrived with crushed cartons and torn packaging. Driver noted the damage on the CMR.,"Return authorised, goods received back."
95,CL-2025-00095,1905,1330,1386,MISSING_ITEMS,RESOLVED,URGENT,PORTAL,3451,5,2025-08-18 11:10:13,2025-08-21 16:31:20,2025-08-21,CREDIT,131.00,131.00,"Packing list shows 5 x Stig Pallas 2.0 Winter Boot EU 39 Petrol, customer counted 4. 1 missing.",Goodwill credit agreed with account manager.
96,CL-2025-00096,1570,1351,1406,LATE_DELIVERY,RESOLVED,NORMAL,EMAIL,2830,4,2025-08-25 08:54:29,2025-09-02 17:53:52,,CREDIT,5.00,3.75,"Delivery promised 2025-08-08 arrived 2025-08-11 (3 days late). Second late delivery this quarter, customer escalates. Reported by Rasmus Christensen (rasmus.christensen@nietosgear.example).","Return authorised, goods received back."
97,CL-2025-00097,1450,1354,1409,RETURN_REQUEST,RESOLVED,HIGH,EMAIL,2612,5,2025-08-19 09:45:34,2025-08-27 14:39:12,,RETURN_AUTHORISATION,7950.90,5963.17,"Customer wants to return 1 x Vuoma Loiste XT Bivy Sand, unsold season stock; asks for a return authorisation.","Return authorised, goods received back."
98,CL-2025-00098,316,1358,1413,PRICING_DISPUTE,RESOLVED,NORMAL,PORTAL,562,4,2025-09-08 13:58:27,2025-09-23 09:23:24,,CREDIT,325.20,162.60,Invoice price for Nordwald Ultra Duffel 60L Forest does not match the agreed price. Customer expected the pre-order price.,"Replacement shipped, credit note for freight."
99,CL-2025-00099,958,1361,1417,MISSING_ITEMS,CLOSED,NORMAL,EMAIL,1728,4,2025-08-08 14:15:16,2025-08-13 14:14:52,,REDELIVERY,100.40,100.40,"Packing list shows 8 x Hygge Tind Eco Insulated Mug Ruby Red, customer counted 4. 4 missing.","Replacement shipped, credit note for freight."
100,CL-2025-00100,1781,1390,1447,PRICING_DISPUTE,CLOSED,LOW,PHONE,3224,5,2025-09-12 17:05:44,2025-10-01 16:27:16,,CREDIT,125.14,125.14,Invoice price for Jäkälä Alpine Hiking Trousers M Black does not match the agreed price. Customer expected the pre-order price.,"Redelivery completed, customer confirmed."
101,CL-2025-00101,1146,1392,1449,MISSING_ITEMS,CLOSED,NORMAL,EMAIL,2061,3,2025-08-15 13:35:36,2025-08-18 09:37:44,,REDELIVERY,429.86,214.93,"Packing list shows 24 x Hygge Åreskutan WP Cookset Burnt Orange, customer counted 22. 2 missing. Carton count on the pallet matched the label.","Return authorised, goods received back."
102,CL-2025-00102,810,1428,1486,DAMAGED,RESOLVED,NORMAL,EMAIL,1461,5,2025-08-07 14:28:31,2025-08-18 16:42:32,,REPLACEMENT,261.80,261.80,2 x Fjellvind Pallas Pro Synthetic Sleeping Bag -10°C Sand arrived with crushed cartons and torn packaging. Driver noted the damage on the CMR.,Repair completed by supplier.
103,CL-2025-00103,1701,1429,1487,DAMAGED,RESOLVED,NORMAL,PORTAL,3061,4,2025-08-11 07:04:10,2025-08-18 17:34:10,,REPLACEMENT,211.89,105.95,"1 x Isvidde Bre Climbing Helmet M Moss Green arrived with crushed cartons and torn packaging. Also affected: Nordwald Trail II Waterproofing Spray, Aurora Fjord Plus Seam Sealer.","Return authorised, goods received back."
104,CL-2025-00104,68,1457,1517,MISSING_ITEMS,CLOSED,NORMAL,EMAIL,127,3,2025-09-08 16:52:49,2025-09-15 16:51:57,,REDELIVERY,583.50,437.62,"Packing list shows 30 x Fjellvind Skog Synthetic Sleeping Bag -5°C Midnight Blue, customer counted 27. 3 missing.","Redelivery completed, customer confirmed."
105,CL-2025-00105,1308,1474,1532,PRICING_DISPUTE,RESOLVED,LOW,EMAIL,2359,3,2025-08-22 08:48:43,2025-09-10 14:27:34,,CREDIT,8.40,8.40,Invoice price for Isbre Skare Plus Snow Shovel Sand does not match the agreed price. Customer expected the promotion price.,Credit note issued.
106,CL-2025-00106,1654,1481,1540,QUALITY_DEFECT,CLOSED,NORMAL,PORTAL,2976,4,2025-09-22 18:23:41,2025-10-06 08:20:19,,REPAIR,690.48,345.24,18 x Nordvind Glacier Eco Hiking Shorts XS Deep Teal returned by end customers: stitching failed on the shoulder strap. Remaining stock put on hold in store.,"Replacement shipped, credit note for freight."
107,CL-2025-00107,1,1484,1543,DAMAGED,RESOLVED,HIGH,PORTAL,1,3,2025-08-25 11:31:34,2025-08-27 10:29:43,2025-09-01,CREDIT,934.80,934.80,12 x Stig Tuuli WP Approach Shoe EU 41 Graphite arrived with crushed cartons and torn packaging. Driver noted the damage on the CMR.,"Return authorised, goods received back."
108,CL-2025-00108,1065,1485,1544,WRONG_ITEM,RESOLVED,NORMAL,EMAIL,1912,3,2025-08-20 09:33:32,2025-09-08 16:55:02,2025-09-01,REPLACEMENT,1284.00,1284.00,Received a different variant instead of Peilung Selja II Handheld GPS (6 pcs). Customer asks for exchange.,"Redelivery completed, customer confirmed."
109,CL-2025-00109,1990,1490,1550,DAMAGED,RESOLVED,HIGH,EMAIL,3598,4,2025-09-08 16:17:58,2025-09-17 14:14:22,,REPLACEMENT,2949.10,2949.10,2 x Øresund Pallas WP Pannier Pair 12L Sand on pallet 1 arrived with crushed cartons and torn packaging. Also affected: Jäkälä Hav Hardshell Jacket S Ruby Red.,"Replacement shipped, credit note for freight."
110,CL-2025-00110,1329,1492,1552,LATE_DELIVERY,CLOSED,NORMAL,EMAIL,2393,3,2025-08-25 07:00:22,2025-09-08 09:52:08,,CREDIT,21.16,21.16,Delivery promised 2025-08-08 arrived 2025-08-11 (3 days late). Customer requests compensation for the delay.,Goodwill credit agreed with account manager.
111,CL-2025-00111,147,1498,1558,PRICING_DISPUTE,CLOSED,LOW,EMAIL,263,3,2025-08-14 17:01:18,2025-09-01 15:12:09,,CREDIT,29.94,14.97,Invoice price for Brenner Ruska 2.0 Water Bottle Forest does not match the agreed price. Customer expected the promotion price.,Credit note issued.
112,CL-2025-00112,1091,1500,1560,DAMAGED,RESOLVED,HIGH,PORTAL,1958,5,2025-08-20 16:34:25,2025-09-04 15:11:38,,CREDIT,1111.20,1111.20,24 x Vuoma Alpine Insulated Mat Moss Green on pallet 1 arrived with crushed cartons and torn packaging. Driver noted the damage on the CMR.,"Return authorised, goods received back."
113,CL-2025-00113,1085,1535,1597,LATE_DELIVERY,CLOSED,NORMAL,PORTAL,1949,5,2025-09-19 08:20:38,2025-09-23 13:40:46,,CREDIT,534.51,267.25,Delivery promised 2025-09-15 arrived 2025-09-17 (2 days late). Customer requests compensation for the delay.,Repair completed by supplier.
114,CL-2025-00114,2181,1546,1608,WRONG_ITEM,RESOLVED,NORMAL,EMAIL,3937,4,2025-09-16 18:13:21,2025-09-29 08:29:07,,CREDIT,64.40,64.40,Received a different variant instead of Jäkälä Skare Eco Merino Base Layer Bottom XS Sunset Yellow (2 pcs). Customer asks for exchange.,Repair completed by supplier.
115,CL-2025-00115,549,1553,1615,MISSING_ITEMS,CLOSED,HIGH,PHONE,990,3,2025-09-24 07:18:36,2025-10-14 13:45:05,,CREDIT,6729.70,5047.27,"Packing list shows 10 x Tundra Ruska Camp Stove Sand, customer counted 5. 5 missing. Carton count on the pallet matched the label.",Repair completed by supplier.
116,CL-2025-00116,1569,1598,1661,LATE_DELIVERY,CLOSED,NORMAL,EMAIL,2828,4,2025-10-10 10:37:35,2025-11-03 17:07:04,,CREDIT,7.92,5.94,"Delivery promised 2025-10-06 arrived 2025-10-09 (3 days late). Customer missed a weekend campaign and requests a goodwill credit. Customer contact: Triin Kask, +372 5808 3697.",Repair completed by supplier.
117,CL-2025-00117,193,1611,1673,WRONG_ITEM,CLOSED,HIGH,EMAIL,337,5,2025-09-22 11:38:23,2025-09-26 10:48:20,,REPLACEMENT,7462.40,7462.40,Received a different variant instead of Fjellvind Inari WP Backpack 35L Ochre (48 pcs). Customer asks for exchange.,Repair completed by supplier.
118,CL-2025-00118,1857,1620,1682,DAMAGED,REJECTED,NORMAL,EMAIL,3358,5,2025-09-24 18:54:08,2025-09-25 13:26:28,,CREDIT,703.60,0.00,4 x Ruska Nuten XT Hiking Boot EU 45 Ruby Red arrived with crushed cartons and torn packaging. Outer wrap was torn on arrival.,Price matches the signed order confirmation.
119,CL-2025-00119,344,1634,1696,DAMAGED,CLOSED,NORMAL,EMAIL,616,3,2025-09-22 09:58:27,2025-10-17 14:08:44,2025-09-29,REPLACEMENT,81.81,61.36,1 x Øresund Skog Eco Camp Lantern Ochre arrived with crushed cartons and torn packaging. Also affected: Fjellvind Kallio XT Hip Pack Forest. Photos attached.,Repair completed by supplier.
120,CL-2025-00120,1306,1661,1724,LATE_DELIVERY,REJECTED,HIGH,EMAIL,2356,4,2025-09-29 09:57:41,2025-10-10 11:11:47,,CREDIT,2467.92,0.00,Delivery promised 2025-09-17 arrived 2025-09-22 (5 days late). Customer requests compensation for the delay.,Return window exceeded.
121,CL-2025-00121,1741,1677,1741,DAMAGED,CLOSED,NORMAL,PHONE,3143,5,2025-09-30 08:46:06,2025-10-27 11:30:38,2025-10-08,CREDIT,99.50,74.62,1 x Fjellvind Skare 2.0 Duffel 60L Sunset Yellow arrived with crushed cartons and torn packaging. Outer wrap was torn on arrival.,"Redelivery completed, customer confirmed."
122,CL-2025-00122,2264,1751,1819,MISSING_ITEMS,CLOSED,URGENT,EMAIL,4079,4,2025-09-22 14:33:41,2025-09-30 15:58:59,2025-09-24,REDELIVERY,933.30,933.30,"Packing list shows 18 x Ruska Nordic 2.0 Hiking Boot EU 44 Petrol, customer counted 14. 4 missing.","Replacement shipped, credit note for freight."
123,CL-2025-00123,1283,1785,1855,DAMAGED,RESOLVED,HIGH,PORTAL,2307,5,2025-09-30 14:54:02,2025-10-07 10:56:39,2025-10-08,REPLACEMENT,9485.13,9485.13,24 x Jäkälä Hav Hardshell Jacket S Ruby Red arrived with crushed cartons and torn packaging. Also affected: Øresund Skog II Headlamp Deep Teal. Photos attached.,"Replacement shipped, credit note for freight."
124,CL-2025-00124,697,1806,1877,LATE_DELIVERY,CLOSED,NORMAL,EMAIL,1250,4,2025-10-06 09:51:43,2025-10-07 09:11:13,,CREDIT,490.36,490.36,Delivery promised 2025-09-26 arrived 2025-09-29 (3 days late). Customer requests compensation for the delay.,"Replacement shipped, credit note for freight."
125,CL-2025-00125,1651,1810,1881,DAMAGED,RESOLVED,HIGH,EMAIL,2971,5,2025-10-01 07:44:44,2025-10-17 10:34:53,2025-10-06,REPLACEMENT,3634.80,3634.80,12 x Aurora Ridge Backpack 55L Sand on pallet 1 arrived with crushed cartons and torn packaging.,Repair completed by supplier.
126,CL-2025-00126,449,1822,1894,QUALITY_DEFECT,REJECTED,NORMAL,EMAIL,805,4,2025-10-10 13:25:55,2025-10-27 11:05:40,,CREDIT,103.58,0.00,2 x Taiga Storm Fleece Jacket XXL Sunset Yellow returned by end customers: zip slider broke after a few uses. Customer asks whether the whole batch is affected.,Return window exceeded.
127,CL-2025-00127,644,1831,1905,LATE_DELIVERY,RESOLVED,NORMAL,EMAIL,1156,4,2025-10-20 14:57:57,2025-10-24 09:27:33,,CREDIT,859.46,644.60,Delivery promised 2025-09-17 arrived 2025-10-17 (30 days late). Customer requests compensation for the delay.,"Replacement shipped, credit note for freight."
128,CL-2025-00128,556,1840,1914,DAMAGED,RESOLVED,NORMAL,EMAIL,1002,4,2025-10-06 13:43:07,2025-10-27 12:25:00,,REPLACEMENT,763.80,572.85,15 x Bergtatt Storm Hip Pack Ochre on pallet 1 arrived with crushed cartons and torn packaging. Also affected: Jäkälä Alpine Hiking Trousers S Black. Outer wrap was torn on arrival.,"Redelivery completed, customer confirmed."
129,CL-2025-00129,1056,1850,1924,LATE_DELIVERY,REJECTED,NORMAL,PORTAL,1900,3,2025-09-22 12:01:26,2025-09-25 09:40:36,,CREDIT,340.52,0.00,Delivery promised 2025-09-15 arrived 2025-09-19 (4 days late). Customer missed a weekend campaign and requests a goodwill credit.,Return window exceeded.
130,CL-2025-00130,1605,1853,1927,WRONG_ITEM,CLOSED,NORMAL,EMAIL,2889,4,2025-10-06 18:57:52,2025-10-10 11:26:40,2025-10-15,CREDIT,13.25,6.62,Received a different variant instead of Saimaa Fjord II Repair Kit (5 pcs). Customer asks for exchange.,"Return authorised, goods received back."
131,CL-2025-00131,177,1856,1930,QUALITY_DEFECT,CLOSED,NORMAL,PORTAL,311,3,2025-09-29 07:13:40,2025-10-23 11:23:38,,CREDIT,608.40,608.40,"24 x Skjærgård Nordvik Hiking Trousers XS Moss Green returned by end customers: valve leaks, mat deflates overnight. Customer asks whether the whole batch is affected.",Repair completed by supplier.
132,CL-2025-00132,1050,1882,1956,WRONG_ITEM,CLOSED,HIGH,EMAIL,1885,5,2025-11-03 15:11:36,2025-11-17 08:01:14,2025-11-11,CREDIT,4455.00,2227.50,Received a different variant instead of Peak Inari 2.0 Trail Shoe EU 46 Ruby Red (30 pcs). Customer asks for exchange.,"Replacement shipped, credit note for freight."
133,CL-2025-00133,1659,1898,1972,RETURN_REQUEST,CLOSED,HIGH,PORTAL,2985,5,2025-09-29 16:43:59,2025-10-23 14:00:09,,RETURN_AUTHORISATION,8637.60,6478.20,"Customer wants to return 24 x Vuoma Fjord Plus Down Sleeping Bag -20°C Moss Green, unsold season stock; asks for a return authorisation.",Repair completed by supplier.
134,CL-2025-00134,2,1900,1975,MISSING_ITEMS,CLOSED,NORMAL,EMAIL,3,5,2025-09-15 07:05:41,2025-09-29 11:52:18,,CREDIT,2.55,1.91,"Packing list shows 5 x Brenner Inari Titanium Spork, customer counted 4. 1 missing.",Credit note issued.
135,CL-2025-00135,2371,1916,1991,DAMAGED,CLOSED,HIGH,EMAIL,4278,4,2025-09-22 08:13:50,2025-10-13 15:23:54,,REPLACEMENT,1093.68,1093.68,24 x Bergtatt Suvanto XT Dry Bag 18L Sunset Yellow on pallet 1 arrived with crushed cartons and torn packaging. Also affected: Peak Bre XT Insulated Jacket XL Ochre. Photos attached.,"Return authorised, goods received back."
136,CL-2025-00136,1481,1945,2019,WRONG_ITEM,CLOSED,NORMAL,PHONE,2666,5,2025-09-15 15:48:09,2025-10-06 11:20:37,,CREDIT,610.00,610.00,Received a different variant instead of Isbre Hyrsky Pro Trekking Poles 180 cm Ruby Red (10 pcs). Customer asks for exchange.,"Redelivery completed, customer confirmed."
137,CL-2025-00137,1491,1959,2034,PRICING_DISPUTE,RESOLVED,LOW,EMAIL,2685,3,2025-09-30 15:48:56,2025-10-20 15:53:34,,CREDIT,97.78,97.78,Invoice price for Skjærgård Vinter XT Merino Base Layer Bottom S Midnight Blue does not match the agreed price. Customer expected the contract price.,"Redelivery completed, customer confirmed."
138,CL-2025-00138,2175,1964,2039,WRONG_ITEM,CLOSED,NORMAL,EMAIL,3927,4,2025-09-16 17:28:36,2025-10-10 16:00:07,,REPLACEMENT,749.40,749.40,Received a different variant instead of Jäkälä Fjord 2.0 Insulated Jacket L Sand (6 pcs). Customer asks for exchange.,Credit note issued.
139,CL-2025-00139,274,1978,2054,LATE_DELIVERY,CLOSED,HIGH,EMAIL,484,4,2025-09-29 14:42:51,2025-10-09 10:05:48,,CREDIT,2336.05,1752.04,Delivery promised 2025-09-11 arrived 2025-09-15 (4 days late). Customer missed a weekend campaign and requests a goodwill credit.,"Replacement shipped, credit note for freight."
140,CL-2025-00140,1659,1991,2067,PRICING_DISPUTE,CLOSED,NORMAL,PORTAL,2985,5,2025-09-22 18:50:25,2025-09-29 13:53:42,,CREDIT,5.98,2.99,Invoice price for Saimaa Pallas Waterproofing Spray does not match the agreed price. Customer expected the promotion price.,Repair completed by supplier.
141,CL-2025-00141,1839,2027,2101,LATE_DELIVERY,CLOSED,HIGH,EMAIL,3325,3,2025-10-10 15:07:19,2025-10-14 14:02:31,,CREDIT,2781.25,2781.25,Delivery promised 2025-10-06 arrived 2025-10-07 (1 days late). Store had to postpone its season opening display.,Credit note issued.
142,CL-2025-00142,40,2051,2126,LATE_DELIVERY,CLOSED,NORMAL,EMAIL,70,5,2025-10-10 12:36:45,2025-10-24 12:04:35,,CREDIT,96.25,72.19,"Delivery promised 2025-10-06 arrived 2025-10-07 (1 days late). Store had to postpone its season opening display. Customer contact: Matti Lehto, +358 40 240 9139.",Goodwill credit agreed with account manager.
143,CL-2025-00143,215,2081,2159,MISSING_ITEMS,REJECTED,NORMAL,PHONE,379,5,2025-10-13 08:17:10,2025-11-07 10:06:15,,CREDIT,389.40,0.00,"Packing list shows 12 x Nordvind Vinter Shell Trousers XS Black, customer counted 6. 6 missing.",Delivered on the promised date per POD.
144,CL-2025-00144,390,2100,2178,WRONG_ITEM,REJECTED,NORMAL,PORTAL,706,3,2025-10-07 12:57:01,2025-10-16 16:15:57,,REPLACEMENT,708.00,0.00,Received a different variant instead of Isbre Skare WP Avalanche Probe (12 pcs). Customer asks for exchange.,Delivered on the promised date per POD.
145,CL-2025-00145,450,2106,2184,PRICING_DISPUTE,RESOLVED,LOW,PORTAL,807,5,2025-09-24 13:30:14,2025-10-13 09:44:23,,CREDIT,32.52,24.39,Invoice price for Peilung Bre XT Camp Lantern Midnight Blue does not match the agreed price. Customer expected the pre-order price.,"Return authorised, goods received back."
146,CL-2025-00146,1433,2107,2185,RETURN_REQUEST,CLOSED,NORMAL,PORTAL,2578,4,2025-09-15 07:26:56,2025-10-10 13:09:07,,RETURN_AUTHORISATION,428.48,428.48,"Customer wants to return 48 x Baltic Inari Plus Waterproofing Spray, unsold season stock; asks for a return authorisation.","Redelivery completed, customer confirmed."
147,CL-2025-00147,329,2119,2197,WRONG_ITEM,CLOSED,HIGH,EMAIL,584,4,2025-09-22 09:08:24,2025-10-02 17:10:56,,REPLACEMENT,3516.80,2637.60,Received a different variant instead of Jäkälä Fjord 2.0 Insulated Jacket L Sand (2 pcs). Customer asks for exchange.,"Return authorised, goods received back."
148,CL-2025-00148,744,2153,2232,DAMAGED,RESOLVED,NORMAL,EMAIL,1347,4,2025-09-16 14:13:59,2025-10-03 17:07:33,,REPLACEMENT,463.58,463.58,4 x Halla Summit XT Hiking Trousers L Deep Teal arrived with crushed cartons and torn packaging. Also affected: Baltic Trail WP Hiking Shorts M Deep Teal.,Repair completed by supplier.
149,CL-2025-00149,1454,2170,2249,LATE_DELIVERY,CLOSED,NORMAL,EMAIL,2616,5,2025-09-24 11:42:04,2025-10-06 13:36:33,,CREDIT,277.14,277.14,Delivery promised 2025-09-12 arrived 2025-09-17 (5 days late). Customer missed a weekend campaign and requests a goodwill credit.,"Replacement shipped, credit note for freight."
150,CL-2025-00150,1481,2180,2260,WRONG_ITEM,CLOSED,NORMAL,PHONE,2666,5,2025-09-29 15:32:00,2025-10-13 16:36:31,2025-10-06,REPLACEMENT,172.62,172.62,Received a different variant instead of Aurora Nordvik Beanie Forest (18 pcs). Customer asks for exchange.,Credit note issued.
151,CL-2025-00151,1712,2189,2271,LATE_DELIVERY,RESOLVED,NORMAL,PORTAL,3082,3,2025-10-27 12:02:28,2025-11-14 15:21:36,,CREDIT,418.96,314.22,"Delivery promised 2025-09-29 arrived 2025-10-20 (21 days late). Second late delivery this quarter, customer escalates.","Redelivery completed, customer confirmed."
152,CL-2025-00152,1828,2203,2286,DAMAGED,REJECTED,NORMAL,EMAIL,3303,5,2025-10-01 18:29:41,2025-10-09 09:06:51,,CREDIT,672.12,0.00,2 x Peak Ylläs Plus Softshell Jacket XL Ochre on pallet 1 arrived with crushed cartons and torn packaging. Also affected: Nordvind Glacier Eco Hiking Shorts XS Deep Teal.,Delivered on the promised date per POD.
153,CL-2025-00153,1100,2206,2289,LATE_DELIVERY,CLOSED,NORMAL,PHONE,1974,5,2025-09-12 14:39:41,2025-10-02 13:43:41,,CREDIT,1688.30,1688.30,Delivery promised 2025-09-10 arrived 2025-09-11 (1 days late). Customer missed a weekend campaign and requests a goodwill credit.,"Redelivery completed, customer confirmed."
154,CL-2025-00154,2309,2248,2332,PRICING_DISPUTE,CLOSED,LOW,EMAIL,4159,3,2025-10-01 14:10:58,2025-10-14 12:03:33,,CREDIT,109.68,109.68,Invoice price for Peak Arctic XT Winter Boot EU 40 Lichen does not match the agreed price. Customer expected the promotion price.,"Redelivery completed, customer confirmed."
155,CL-2025-00155,18,2249,2333,LATE_DELIVERY,CLOSED,NORMAL,EMAIL,30,4,2025-10-01 16:28:10,2025-10-17 11:38:44,,CREDIT,1206.81,603.40,"Delivery promised 2025-09-25 arrived 2025-09-26 (1 days late). Second late delivery this quarter, customer escalates.",Repair completed by supplier.
156,CL-2025-00156,748,2253,2337,DAMAGED,CLOSED,NORMAL,PHONE,1355,5,2025-09-26 10:11:22,2025-10-16 08:26:52,,REPLACEMENT,425.40,212.70,6 x Peak Pallas Lite Down Vest S Petrol arrived with crushed cartons and torn packaging. Driver noted the damage on the CMR.,Goodwill credit agreed with account manager.
157,CL-2025-00157,1426,2317,2408,LATE_DELIVERY,CLOSED,NORMAL,EMAIL,2566,4,2025-10-20 09:20:00,2025-11-03 10:20:05,,CREDIT,253.46,126.73,Delivery promised 2025-09-19 arrived 2025-10-17 (28 days late). Customer missed a weekend campaign and requests a goodwill credit.,"Replacement shipped, credit note for freight."
158,CL-2025-00158,824,2321,2412,WRONG_ITEM,CLOSED,NORMAL,PORTAL,1482,5,2025-09-29 11:11:32,2025-10-21 15:25:02,,CREDIT,319.90,239.92,Received a different variant instead of Fjellvind Kaldo Pro Tent 1P Forest (1 pcs). Customer asks for exchange.,Goodwill credit agreed with account manager.
159,CL-2025-00159,2187,2348,2438,MISSING_ITEMS,REJECTED,NORMAL,EMAIL,3945,5,2025-09-18 13:01:00,2025-09-29 10:11:31,2025-09-22,REDELIVERY,11.32,0.00,"Packing list shows 2 x Brenner Arctic Water Bottle Ochre, customer counted 1. 1 missing. Carton count on the pallet matched the label.",Delivered on the promised date per POD.
160,CL-2025-00160,2000,2362,2452,MISSING_ITEMS,CLOSED,NORMAL,EMAIL,3616,5,2025-10-01 17:04:56,2025-10-08 13:36:14,2025-10-13,CREDIT,1014.50,1014.50,"Packing list shows 10 x Peak Ultra Pro Hardshell Jacket XS Deep Teal, customer counted 5. 5 missing. Carton count on the pallet matched the label.",Goodwill credit agreed with account manager.
161,CL-2025-00161,1130,2371,2461,WRONG_ITEM,CLOSED,NORMAL,EMAIL,2031,3,2025-09-29 16:36:53,2025-10-21 08:28:00,,REPLACEMENT,317.40,317.40,Received a different variant instead of Fjellvind Vuoma Daypack 18L Lichen (6 pcs). Customer asks for exchange.,Goodwill credit agreed with account manager.
162,CL-2025-00162,1102,2373,2463,WRONG_ITEM,RESOLVED,NORMAL,PORTAL,1979,5,2025-09-23 12:32:00,2025-10-15 13:41:30,2025-09-29,REPLACEMENT,411.80,411.80,Received a different variant instead of Peak Ultra Pro Hardshell Jacket XL Deep Teal (2 pcs). Customer asks for exchange.,"Redelivery completed, customer confirmed."
163,CL-2025-00163,1845,2374,2464,MISSING_ITEMS,RESOLVED,NORMAL,PORTAL,3336,5,2025-10-06 16:22:01,2025-10-31 11:51:55,,REDELIVERY,1249.00,936.75,"Packing list shows 20 x Isvidde Pallas Pro Quickdraw 6-pack Forest, customer counted 10. 10 missing.","Replacement shipped, credit note for freight."
164,CL-2025-00164,865,2375,2466,QUALITY_DEFECT,CLOSED,NORMAL,PORTAL,1558,4,2025-12-08 15:32:42,2025-12-22 16:56:10,,CREDIT,234.00,175.50,4 x Nordvind Åreskutan WP Hiking Trousers XXL Deep Teal returned by end customers: zip slider broke after a few uses. Customer asks whether the whole batch is affected.,"Return authorised, goods received back."
165,CL-2025-00165,308,2389,2480,LATE_DELIVERY,RESOLVED,NORMAL,EMAIL,549,5,2025-10-10 13:35:30,2025-10-27 08:16:05,,CREDIT,1934.88,967.44,Delivery promised 2025-10-01 arrived 2025-10-03 (2 days late). Store had to postpone its season opening display.,Repair completed by supplier.
166,CL-2025-00166,1523,2424,2515,LATE_DELIVERY,RESOLVED,NORMAL,PORTAL,2742,4,2025-09-30 12:33:05,2025-10-14 13:13:43,,CREDIT,50.45,50.45,Delivery promised 2025-09-25 arrived 2025-09-29 (4 days late). Customer missed a weekend campaign and requests a goodwill credit.,Goodwill credit agreed with account manager.
167,CL-2025-00167,2142,2444,2534,DAMAGED,RESOLVED,NORMAL,PORTAL,3868,4,2025-10-15 11:03:34,2025-11-05 14:28:03,2025-10-20,CREDIT,352.33,176.17,"1 x Peilung Bre XT Camp Lantern Midnight Blue arrived with crushed cartons and torn packaging. Also affected: Halla Skare Plus Hiking Trousers S Sand, Peak Trail WP Hiking Boot EU 38 Ochre.","Redelivery completed, customer confirmed."
168,CL-2025-00168,2397,2450,2541,LATE_DELIVERY,CLOSED,HIGH,PORTAL,4317,3,2025-10-14 11:16:02,2025-10-24 14:11:58,,CREDIT,2249.32,2249.32,Delivery promised 2025-10-02 arrived 2025-10-09 (7 days late). Customer requests compensation for the delay.,"Redelivery completed, customer confirmed."
169,CL-2025-00169,1623,2509,2604,DAMAGED,RESOLVED,NORMAL,EMAIL,2922,4,2025-09-19 07:53:44,2025-09-23 11:49:54,,REPLACEMENT,275.24,275.24,10 x Kaamos Ruska WP Camp Pillow Lichen arrived with crushed cartons and torn packaging. Also affected: Kaamos Myrsky Eco Bag Liner Midnight Blue. Outer wrap was torn on arrival.,Repair completed by supplier.
170,CL-2025-00170,1648,2514,2608,DAMAGED,CLOSED,NORMAL,PORTAL,2965,4,2025-10-06 14:49:13,2025-10-22 13:24:53,2025-10-13,REPLACEMENT,4.76,4.76,2 x Aurora Bre Repair Kit arrived with crushed cartons and torn packaging. Photos attached.,Goodwill credit agreed with account manager.
171,CL-2025-00171,1,2519,2612,QUALITY_DEFECT,CLOSED,NORMAL,PORTAL,2,3,2025-10-22 15:03:26,2025-10-30 16:29:12,,REPLACEMENT,216.95,216.95,5 x Nordvind Hyrsky Lite Fleece Jacket L Burnt Orange returned by end customers: stitching failed on the shoulder strap.,"Replacement shipped, credit note for freight."
172,CL-2025-00172,2049,2543,2636,DAMAGED,RESOLVED,NORMAL,PHONE,3705,3,2025-10-07 11:55:11,2025-10-09 11:50:44,2025-10-15,REPLACEMENT,322.92,322.92,9 x Fjellvind Sylarna WP Dry Bag 8L Lichen arrived with crushed cartons and torn packaging. Photos attached.,"Redelivery completed, customer confirmed."
173,CL-2025-00173,850,2546,2639,LATE_DELIVERY,CLOSED,NORMAL,PORTAL,1532,5,2025-10-06 15:24:10,2025-10-27 12:22:20,,CREDIT,98.51,98.51,"Delivery promised 2025-10-02 arrived 2025-10-03 (1 days late). Second late delivery this quarter, customer escalates.","Redelivery completed, customer confirmed."
174,CL-2025-00174,1470,2572,2666,LATE_DELIVERY,REJECTED,NORMAL,PHONE,2647,5,2025-11-03 08:27:46,2025-11-13 11:58:28,,CREDIT,125.69,0.00,Delivery promised 2025-10-30 arrived 2025-10-31 (1 days late). Customer requests compensation for the delay.,Damage not reported within 48 h of delivery.
175,CL-2025-00175,25,2619,2716,MISSING_ITEMS,CLOSED,URGENT,EMAIL,42,5,2025-11-07 17:33:30,2025-11-17 14:17:10,2025-11-10,REDELIVERY,143.46,143.46,"Packing list shows 6 x Isbre Sylarna II Map Case, customer counted 0. 6 missing.",Goodwill credit agreed with account manager.
176,CL-2025-00176,1899,2633,2730,DAMAGED,RESOLVED,NORMAL,EMAIL,3435,3,2025-10-23 16:48:49,2025-10-30 17:47:19,2025-10-31,REPLACEMENT,331.70,248.77,10 x Nordvind Kuru Fleece Jacket XL Moss Green arrived with crushed cartons and torn packaging. Driver noted the damage on the CMR.,Goodwill credit agreed with account manager.
177,CL-2025-00177,1607,2634,2731,WRONG_ITEM,CLOSED,HIGH,PORTAL,2892,4,2025-10-20 17:13:07,2025-11-06 11:50:54,,REPLACEMENT,10428.00,10428.00,Received a different variant instead of Rondane Selkä Down Sleeping Bag 0°C Moss Green (24 pcs). Customer asks for exchange.,Repair completed by supplier.
178,CL-2025-00178,2238,2635,2732,LATE_DELIVERY,CLOSED,NORMAL,EMAIL,4027,5,2025-10-27 11:50:52,2025-10-28 10:53:22,,CREDIT,11.38,11.38,"Delivery promised 2025-10-20 arrived 2025-10-23 (3 days late). Second late delivery this quarter, customer escalates.","Replacement shipped, credit note for freight."
179,CL-2025-00179,2375,2663,2759,DAMAGED,CLOSED,NORMAL,PORTAL,4282,4,2025-10-22 09:31:40,2025-11-10 10:16:39,,REPLACEMENT,332.58,166.29,4 x Saimaa Nietos First Aid Kit M Sand arrived with crushed cartons and torn packaging. Also affected: Myrsky Myrsky WP Insulated Jacket S Burnt Orange. Outer wrap was torn on arrival.,Credit note issued.
180,CL-2025-00180,1929,2724,2822,LATE_DELIVERY,CLOSED,NORMAL,EMAIL,3491,3,2025-10-27 12:01:21,2025-10-28 08:32:32,,CREDIT,1431.35,1431.35,Delivery promised 2025-10-22 arrived 2025-10-24 (2 days late). Customer requests compensation for the delay.,Goodwill credit agreed with account manager.
181,CL-2025-00181,1748,2740,2839,LATE_DELIVERY,REJECTED,NORMAL,PORTAL,3158,5,2025-11-03 18:05:32,2025-11-07 15:02:57,,CREDIT,991.14,0.00,Delivery promised 2025-10-23 arrived 2025-10-27 (4 days late). Customer requests compensation for the delay.,Return window exceeded.
182,CL-2025-00182,723,2764,2863,DAMAGED,REJECTED,NORMAL,EMAIL,1303,3,2025-10-10 18:25:19,2025-10-20 08:24:38,,REPLACEMENT,114.20,0.00,5 x Nordwald Kaldo WP First Aid Kit XL Ruby Red arrived with crushed cartons and torn packaging.,Delivered on the promised date per POD.
183,CL-2025-00183,903,2777,2876,QUALITY_DEFECT,CLOSED,NORMAL,PORTAL,1633,4,2025-11-06 17:16:35,2025-11-17 16:46:00,,REPAIR,1176.00,1176.00,7 x Ruska Åreskutan XT Approach Shoe EU 47 Midnight Blue returned by end customers: pole segment split at the joint. Customer asks whether the whole batch is affected.,Repair completed by supplier.
184,CL-2025-00184,1807,2784,2883,QUALITY_DEFECT,CLOSED,NORMAL,PHONE,3268,3,2025-11-24 13:26:30,2025-12-08 16:33:14,,CREDIT,169.80,169.80,2 x Baltic Ridge Plus Hiking Trousers S Moss Green returned by end customers: zip slider broke after a few uses. Customer asks whether the whole batch is affected.,"Return authorised, goods received back."
185,CL-2025-00185,158,2790,2890,PRICING_DISPUTE,REJECTED,LOW,EMAIL,282,4,2025-11-03 17:11:36,2025-11-10 09:13:33,,CREDIT,47.74,0.00,Invoice price for Kaamos Selja 2.0 Headlamp Midnight Blue does not match the agreed price. Customer expected the contract price. Reported by Timo Laine (timo.laine@suuntima.sport.example).,Damage not reported within 48 h of delivery.
186,CL-2025-00186,596,2803,2902,DAMAGED,CLOSED,HIGH,EMAIL,1070,4,2025-11-05 14:07:35,2025-11-24 16:19:06,2025-11-10,CREDIT,1149.36,862.02,24 x Nordvind Nordic II Down Vest L Moss Green on pallet 1 arrived with crushed cartons and torn packaging.,Credit note issued.
187,CL-2025-00187,282,2809,2909,MISSING_ITEMS,CLOSED,URGENT,EMAIL,502,5,2025-10-20 10:56:52,2025-11-03 12:47:38,2025-10-22,REDELIVERY,593.34,593.34,"Packing list shows 2 x Aurora Selja Lite First Aid Kit L Lichen, customer counted 1. 1 missing. Carton count on the pallet matched the label.","Redelivery completed, customer confirmed."
188,CL-2025-00188,992,2834,2934,DAMAGED,CLOSED,NORMAL,PORTAL,1785,4,2025-10-20 09:30:24,2025-10-28 14:50:38,,REPLACEMENT,147.00,73.50,2 x Isvidde Tuuli Ski Goggles Ochre arrived with crushed cartons and torn packaging. Photos attached.,Repair completed by supplier.
189,CL-2025-00189,2222,2842,2942,MISSING_ITEMS,REJECTED,NORMAL,EMAIL,3998,4,2025-11-13 16:13:30,2025-12-08 08:41:15,,CREDIT,21.92,0.00,"Packing list shows 8 x Suvanto Tuuli Plus Liner Gloves S Ruby Red, customer counted 7. 1 missing. Carton count on the pallet matched the label.",Return window exceeded.
190,CL-2025-00190,1451,2845,2945,LATE_DELIVERY,CLOSED,HIGH,PORTAL,2613,4,2025-10-24 14:15:03,2025-10-27 13:31:47,,CREDIT,5073.84,3805.38,"Delivery promised 2025-10-17 arrived 2025-10-21 (4 days late). Second late delivery this quarter, customer escalates.","Return authorised, goods received back."
191,CL-2025-00191,321,2847,2947,DAMAGED,REJECTED,NORMAL,EMAIL,571,3,2025-10-21 09:53:54,2025-11-14 13:27:06,,CREDIT,741.25,0.00,6 x Kaamos Kaldo Eco Sleeping Mat Ruby Red arrived with crushed cartons and torn packaging. Also affected: Halla Sylarna Plus Liner Gloves XS Ruby Red. Outer wrap was torn on arrival.,Return window exceeded.
192,CL-2025-00192,311,2850,2950,LATE_DELIVERY,CLOSED,NORMAL,PORTAL,554,4,2025-10-20 09:47:44,2025-10-27 17:03:00,,CREDIT,1074.48,1074.48,Delivery promised 2025-10-13 arrived 2025-10-16 (3 days late). Store had to postpone its season opening display.,Credit note issued.
193,CL-2025-00193,417,2863,2964,LATE_DELIVERY,RESOLVED,NORMAL,EMAIL,756,4,2025-11-04 12:40:47,2025-11-17 13:59:41,,CREDIT,1803.52,1352.64,Delivery promised 2025-10-31 arrived 2025-11-03 (3 days late). Customer missed a weekend campaign and requests a goodwill credit.,Goodwill credit agreed with account manager.
194,CL-2025-00194,2224,2899,3001,MISSING_ITEMS,CLOSED,NORMAL,EMAIL,4002,5,2025-11-10 09:20:51,2025-11-11 14:08:54,,REDELIVERY,886.00,886.00,"Packing list shows 48 x Nietos Skare 2.0 Snowshoes XS Moss Green, customer counted 44. 4 missing. Carton count on the pallet matched the label.","Return authorised, goods received back."
195,CL-2025-00195,1141,2911,3014,DAMAGED,CLOSED,HIGH,PORTAL,2052,3,2025-11-10 10:48:50,2025-12-01 09:03:41,2025-11-17,REPLACEMENT,2710.00,2710.00,20 x Nordwald Ultra Duffel 60L Forest arrived with crushed cartons and torn packaging. Outer wrap was torn on arrival.,"Return authorised, goods received back."
196,CL-2025-00196,1840,2914,3017,DAMAGED,RESOLVED,NORMAL,EMAIL,3327,4,2025-10-14 07:34:07,2025-11-03 17:16:03,2025-10-20,REPLACEMENT,213.00,213.00,3 x Fjellvind Sylarna II Sleeping Mat Black arrived with crushed cartons and torn packaging. Photos attached.,"Replacement shipped, credit note for freight."
197,CL-2025-00197,1436,2916,3019,WRONG_ITEM,RESOLVED,NORMAL,PHONE,2585,3,2025-10-24 10:03:46,2025-11-03 10:43:39,2025-11-03,REPLACEMENT,143.90,71.95,Received a different variant instead of Saimaa Nordic XT Neck Gaiter Sunset Yellow (20 pcs). Customer asks for exchange.,Repair completed by supplier.
198,CL-2025-00198,2298,2924,3027,MISSING_ITEMS,CLOSED,NORMAL,EMAIL,4142,4,2025-11-05 13:25:25,2025-11-28 17:31:11,2025-11-12,CREDIT,71.10,53.32,"Packing list shows 60 x Baltic Aapa Lite Beanie Lichen, customer counted 30. 30 missing. One carton short against the packing list.","Redelivery completed, customer confirmed."
199,CL-2025-00199,1327,2927,3030,LATE_DELIVERY,REJECTED,NORMAL,EMAIL,2390,4,2025-10-23 11:47:53,2025-11-12 10:14:01,,CREDIT,176.43,0.00,Delivery promised 2025-10-16 arrived 2025-10-20 (4 days late). Store had to postpone its season opening display.,Delivered on the promised date per POD.
200,CL-2025-00200,50,2934,3038,LATE_DELIVERY,CLOSED,NORMAL,PORTAL,92,3,2025-10-28 14:07:09,2025-11-19 13:14:22,,CREDIT,1035.54,1035.54,Delivery promised 2025-10-23 arrived 2025-10-27 (4 days late). Store had to postpone its season opening display.,"Redelivery completed, customer confirmed."
201,CL-2025-00201,1933,2940,3044,LATE_DELIVERY,CLOSED,NORMAL,PORTAL,3499,4,2025-11-05 17:42:18,2025-11-12 11:21:19,,CREDIT,831.82,623.87,"Delivery promised 2025-10-30 arrived 2025-11-03 (4 days late). Second late delivery this quarter, customer escalates.","Return authorised, goods received back."
202,CL-2025-00202,32,2945,3049,MISSING_ITEMS,REJECTED,HIGH,EMAIL,56,4,2025-10-30 13:37:16,2025-11-17 17:09:03,,REDELIVERY,16342.00,0.00,"Packing list shows 2 x Fjellvind Nordvik Pro Footprint 2P Forest, customer counted 0. 2 missing. One carton short against the packing list.",Return window exceeded.
203,CL-2025-00203,1822,2951,3056,PRICING_DISPUTE,CLOSED,LOW,EMAIL,3295,3,2025-10-22 13:23:25,2025-10-27 11:08:03,,CREDIT,84.82,84.82,Invoice price for Jäkälä Glacier Lite Hiking Trousers XL Graphite does not match the agreed price. Customer expected the contract price.,"Return authorised, goods received back."
204,CL-2025-00204,1284,2987,3094,LATE_DELIVERY,CLOSED,NORMAL,EMAIL,2311,5,2025-11-20 12:03:52,2025-11-24 17:15:56,,CREDIT,89.59,89.59,"Delivery promised 2025-10-14 arrived 2025-11-18 (35 days late). Second late delivery this quarter, customer escalates. Reported by Helmi Nieminen (helmi.nieminen@nietosshop.example).",Goodwill credit agreed with account manager.
205,CL-2025-00205,1141,2993,3100,DAMAGED,RESOLVED,NORMAL,PHONE,2052,4,2025-11-06 10:41:37,2025-11-26 15:33:04,,REPLACEMENT,203.70,101.85,3 x Stig Skare Lite Trail Shoe EU 41 Deep Teal on pallet 1 arrived with crushed cartons and torn packaging. Driver noted the damage on the CMR.,Goodwill credit agreed with account manager.
206,CL-2025-00206,547,3004,3112,PRICING_DISPUTE,CLOSED,NORMAL,PORTAL,986,5,2025-10-30 18:00:10,2025-11-03 12:00:06,,CREDIT,154.08,115.56,Invoice price for Peilung Selja II Handheld GPS does not match the agreed price. Customer expected the contract price.,"Replacement shipped, credit note for freight."
207,CL-2025-00207,348,3015,3124,MISSING_ITEMS,CLOSED,URGENT,PORTAL,623,5,2025-10-10 17:36:19,2025-10-13 10:58:58,2025-10-13,CREDIT,34.92,17.46,"Packing list shows 3 x Rondane Revontuli 2.0 Bag Liner Ochre, customer counted 2. 1 missing.","Redelivery completed, customer confirmed."
208,CL-2025-00208,149,3034,3144,PRICING_DISPUTE,CLOSED,LOW,EMAIL,266,4,2025-11-10 17:12:31,2025-11-13 12:35:08,,CREDIT,134.35,134.35,Invoice price for Aurora Kilpis WP Backpack 55L Sand does not match the agreed price. Customer expected the contract price. Reported by Sanna Rantanen (sanna.rantanen@suuntima.sport.example).,"Return authorised, goods received back."
209,CL-2025-00209,685,3036,3146,DAMAGED,CLOSED,NORMAL,PORTAL,1229,4,2025-10-14 08:27:56,2025-10-20 11:50:06,,REPLACEMENT,426.94,320.21,"2 x Peak Tundra Softshell Jacket XXL Sunset Yellow arrived with crushed cartons and torn packaging. Also affected: Fjellvind Suvanto Lite Synthetic Sleeping Bag -10°C Graphite, Peilung Myrsky WP Liner Gloves XXL Moss Green. Photos attached.",Repair completed by supplier.
210,CL-2025-00210,2222,3040,3150,LATE_DELIVERY,RESOLVED,NORMAL,PHONE,3998,5,2025-11-05 10:27:50,2025-11-13 17:59:26,,CREDIT,488.43,488.43,Delivery promised 2025-10-30 arrived 2025-11-03 (4 days late). Customer requests compensation for the delay.,Repair completed by supplier.
211,CL-2025-00211,685,3061,3173,MISSING_ITEMS,CLOSED,NORMAL,EMAIL,1229,5,2025-10-27 18:53:20,2025-11-18 15:30:53,,REDELIVERY,384.50,384.50,"Packing list shows 5 x Kaamos Rauk Bag Liner Deep Teal, customer counted 0. 5 missing. Carton count on the pallet matched the label.","Replacement shipped, credit note for freight."
212,CL-2025-00212,1611,3090,3202,LATE_DELIVERY,CLOSED,NORMAL,EMAIL,2899,3,2025-11-17 15:25:58,2025-12-01 11:30:55,,CREDIT,99.47,99.47,Delivery promised 2025-11-03 arrived 2025-11-14 (11 days late). Customer requests compensation for the delay.,"Return authorised, goods received back."
213,CL-2025-00213,1580,3109,3222,MISSING_ITEMS,RESOLVED,HIGH,PORTAL,2845,5,2025-10-09 18:03:50,2025-10-20 16:57:35,,CREDIT,12772.50,12772.50,"Packing list shows 2 x Nordwald Rauk WP Trekking Poles 160 cm Ochre, customer counted 1. 1 missing.",Repair completed by supplier.
214,CL-2025-00214,530,3120,3235,DAMAGED,CLOSED,NORMAL,PORTAL,955,4,2025-12-01 17:17:33,2025-12-22 12:15:41,2025-12-11,REPLACEMENT,62.50,62.50,1 x Älv Trail Hip Pack Slate Grey arrived with crushed cartons and torn packaging. Photos attached.,"Return authorised, goods received back."
215,CL-2025-00215,296,3124,3239,RETURN_REQUEST,CLOSED,NORMAL,EMAIL,530,5,2025-11-03 13:15:31,2025-11-19 09:34:54,,RETURN_AUTHORISATION,1979.90,1484.93,"Customer wants to return 1 x Isbre Tundra Pro Climbing Skins 115 cm Midnight Blue, unsold season stock; asks for a return authorisation.",Credit note issued.
216,CL-2025-00216,693,3138,3253,LATE_DELIVERY,CLOSED,NORMAL,EMAIL,1241,4,2025-11-10 14:49:16,2025-12-01 16:54:32,,CREDIT,188.06,141.05,Delivery promised 2025-10-24 arrived 2025-10-27 (3 days late). Customer missed a weekend campaign and requests a goodwill credit.,"Return authorised, goods received back."
217,CL-2025-00217,2306,3145,3261,DAMAGED,RESOLVED,HIGH,EMAIL,4154,5,2025-10-16 14:10:50,2025-11-06 12:44:33,,CREDIT,1894.36,1894.36,10 x Nordwald Tind WP Tent 3P Ruby Red arrived with crushed cartons and torn packaging. Also affected: Suvanto Hav WP First Aid Kit XXL Burnt Orange. Photos attached.,"Return authorised, goods received back."
218,CL-2025-00218,365,3153,3269,DAMAGED,RESOLVED,HIGH,PORTAL,658,3,2025-10-13 11:17:19,2025-10-21 17:06:39,,REPLACEMENT,1036.50,1036.50,12 x Isvidde Tuuli Ski Goggles Slate Grey on pallet 1 arrived with crushed cartons and torn packaging. Also affected: Halla Kuru Plus Trekking Poles 105 cm Graphite. Driver noted the damage on the CMR.,Credit note issued.
219,CL-2025-00219,1582,3170,3286,WRONG_ITEM,CLOSED,HIGH,PORTAL,2848,5,2025-10-17 09:06:42,2025-11-06 10:19:48,,CREDIT,3262.28,3262.28,Received a different variant instead of Kaamos Aapa XT Handheld GPS (24 pcs). Customer asks for exchange.,Repair completed by supplier.
220,CL-2025-00220,710,3171,3288,MISSING_ITEMS,CLOSED,NORMAL,PORTAL,1279,4,2025-11-13 15:54:50,2025-12-02 12:54:23,2025-11-17,REDELIVERY,2.26,2.26,"Packing list shows 5 x Aurora Nordvik Eco Neck Gaiter Sunset Yellow, customer counted 4. 1 missing.",Goodwill credit agreed with account manager.
221,CL-2025-00221,2000,3177,3295,LATE_DELIVERY,CLOSED,NORMAL,EMAIL,3615,3,2025-11-24 09:09:56,2025-12-15 08:38:04,,CREDIT,434.69,434.69,"Delivery promised 2025-10-27 arrived 2025-11-24 (28 days late). Second late delivery this quarter, customer escalates.","Redelivery completed, customer confirmed."
222,CL-2025-00222,1457,3185,3302,QUALITY_DEFECT,CLOSED,NORMAL,PORTAL,2623,4,2025-11-06 15:18:33,2025-12-01 10:28:00,,REPAIR,1177.42,1177.42,12 x Stig Storm 2.0 Winter Boot EU 43 Petrol returned by end customers: sole separating from the upper. Customer asks whether the whole batch is affected.,Goodwill credit agreed with account manager.
223,CL-2025-00223,1189,3188,3305,DAMAGED,CLOSED,NORMAL,EMAIL,2136,3,2025-10-27 10:31:40,2025-11-06 12:23:18,,REPLACEMENT,163.68,81.84,12 x Aurora Ultra Eco Dry Bag 28L Burnt Orange arrived with crushed cartons and torn packaging.,Repair completed by supplier.
224,CL-2025-00224,2052,3210,3327,LATE_DELIVERY,CLOSED,NORMAL,EMAIL,3710,5,2025-10-17 18:05:22,2025-10-23 10:57:35,,CREDIT,374.99,374.99,"Delivery promised 2025-10-10 arrived 2025-10-15 (5 days late). Second late delivery this quarter, customer escalates.",Credit note issued.
225,CL-2025-00225,2240,3212,3329,DAMAGED,CLOSED,NORMAL,EMAIL,4029,4,2025-10-20 08:42:01,2025-10-27 14:28:38,,REPLACEMENT,530.10,530.10,9 x Halla Joki Lite Merino Base Layer Top L Sunset Yellow arrived with crushed cartons and torn packaging.,"Return authorised, goods received back."
226,CL-2025-00226,1481,3224,3341,QUALITY_DEFECT,CLOSED,NORMAL,EMAIL,2666,5,2025-11-05 11:09:57,2025-11-18 10:55:48,,CREDIT,636.57,318.29,5 x Älv Loiste Lite Daypack 28L Lichen returned by end customers: pole segment split at the joint.,Repair completed by supplier.
227,CL-2025-00227,642,3232,3348,PRICING_DISPUTE,RESOLVED,NORMAL,PORTAL,1154,5,2025-11-06 09:08:48,2025-11-11 09:31:08,,CREDIT,48.89,48.89,Invoice price for Nordvind Myrsky Plus Fleece Jacket M Sand does not match the agreed price. Customer expected the promotion price.,"Return authorised, goods received back."
228,CL-2025-00228,2054,3268,3383,DAMAGED,CLOSED,NORMAL,PORTAL,3714,5,2025-10-31 17:40:24,2025-11-17 16:31:19,,REPLACEMENT,26.67,13.34,1 x Älv Fjell Lite Water Filter Forest arrived with crushed cartons and torn packaging. Outer wrap was torn on arrival.,"Redelivery completed, customer confirmed."
229,CL-2025-00229,2113,3274,3388,WRONG_ITEM,RESOLVED,NORMAL,PORTAL,3816,4,2025-10-24 14:08:32,2025-11-13 11:12:01,,REPLACEMENT,1598.00,1598.00,Received a different variant instead of Peak Bre XT Insulated Jacket S Ochre (20 pcs). Customer asks for exchange.,Repair completed by supplier.
230,CL-2025-00230,1878,3296,3411,QUALITY_DEFECT,CLOSED,NORMAL,EMAIL,3391,4,2025-11-10 18:44:36,2025-11-14 13:37:46,,REPAIR,1208.00,604.00,4 x Peak Kaldo XT Insulated Jacket XS Sunset Yellow returned by end customers: seam tape peeling on the inside. Customer asks whether the whole batch is affected.,Credit note issued.
231,CL-2025-00231,1997,3299,3414,LATE_DELIVERY,RESOLVED,NORMAL,PORTAL,3609,3,2025-10-15 07:53:44,2025-10-30 13:23:19,,CREDIT,248.35,124.17,Delivery promised 2025-10-10 arrived 2025-10-13 (3 days late). Store had to postpone its season opening display.,Credit note issued.
232,CL-2025-00232,1919,3315,3432,DAMAGED,RESOLVED,HIGH,PHONE,3474,5,2025-10-28 07:54:14,2025-11-05 12:01:22,2025-11-03,REPLACEMENT,2289.29,2289.29,"1 x Loimu Nordvik Ski Goggles Burnt Orange arrived with crushed cartons and torn packaging. Also affected: Nietos Selja Plus Climbing Skins 220 cm Black, Aurora Nordvik Eco Neck Gaiter Petrol. Outer wrap was torn on arrival.","Return authorised, goods received back."
233,CL-2025-00233,882,3369,3488,PRICING_DISPUTE,RESOLVED,LOW,PORTAL,1589,4,2025-10-10 15:17:00,2025-10-28 12:05:15,,CREDIT,99.48,99.48,Invoice price for Fjellvind Kaira Sleeping Mat Ruby Red does not match the agreed price. Customer expected the promotion price.,Repair completed by supplier.
234,CL-2025-00234,823,3390,3509,PRICING_DISPUTE,RESOLVED,NORMAL,PORTAL,1480,4,2025-10-13 16:21:46,2025-10-27 09:32:18,,CREDIT,1365.12,1365.12,Invoice price for Jäkälä Kaira Lite Rain Jacket M Slate Grey does not match the agreed price. Customer expected the contract price.,Goodwill credit agreed with account manager.
235,CL-2025-00235,1598,3426,3541,QUALITY_DEFECT,CLOSED,HIGH,PORTAL,2877,4,2025-10-27 08:40:56,2025-11-05 10:15:49,,REPAIR,3507.20,3507.20,48 x Fjellvind Fjord Backpack 65L Lichen returned by end customers: buckle cracked in the cold. Customer asks whether the whole batch is affected.,"Replacement shipped, credit note for freight."
236,CL-2025-00236,2256,3442,3558,DAMAGED,CLOSED,HIGH,PORTAL,4061,4,2025-10-24 15:37:54,2025-10-30 15:06:26,,CREDIT,1031.88,515.94,3 x Myrsky Revontuli Insulated Jacket XS Black on pallet 1 arrived with crushed cartons and torn packaging. Also affected: Tundra Tuuli WP Neck Gaiter Arctic White. Outer wrap was torn on arrival.,Credit note issued.
237,CL-2025-00237,2281,3455,3573,DAMAGED,CLOSED,HIGH,PORTAL,4111,3,2025-10-16 12:32:47,2025-10-20 09:36:12,,REPLACEMENT,1958.94,1958.94,"1 x Isvidde Kallio Touring Ski 170 cm Lichen arrived with crushed cartons and torn packaging. Also affected: Peak Tundra Softshell Jacket XXL Sunset Yellow, Nordvind Kilpis II Merino Base Layer Bottom L Petrol. Photos attached. Call back Juhani on +358 40 577 8529.","Redelivery completed, customer confirmed."
238,CL-2025-00238,1700,3465,3583,LATE_DELIVERY,CLOSED,NORMAL,EMAIL,3060,4,2025-10-21 16:26:49,2025-11-03 14:59:49,,CREDIT,214.86,107.43,Delivery promised 2025-10-17 arrived 2025-10-20 (3 days late). Store had to postpone its season opening display.,Credit note issued.
239,CL-2025-00239,1085,3474,3592,WRONG_ITEM,CLOSED,URGENT,EMAIL,1949,3,2025-10-28 09:44:50,2025-11-13 16:17:20,2025-10-30,REPLACEMENT,666.00,666.00,Received a different variant instead of Nordvind Arctic Pro Insulated Jacket M Black (6 pcs). Customer asks for exchange.,Credit note issued.
240,CL-2025-00240,158,3498,3618,DAMAGED,RESOLVED,NORMAL,PHONE,283,3,2025-11-11 15:44:23,2025-12-01 11:04:35,,REPLACEMENT,6.78,3.39,3 x Nordwald Ultra Eco Map Case arrived with crushed cartons and torn packaging. Driver noted the damage on the CMR.,Goodwill credit agreed with account manager.
241,CL-2025-00241,1929,3513,3634,DAMAGED,CLOSED,NORMAL,PORTAL,3491,5,2025-11-17 11:42:34,2025-12-09 13:26:14,,REPLACEMENT,477.80,477.80,2 x Ruska Revontuli Winter Boot EU 44 Graphite arrived with crushed cartons and torn packaging. Photos attached.,"Return authorised, goods received back."
242,CL-2025-00242,1085,3516,3637,QUALITY_DEFECT,CLOSED,NORMAL,EMAIL,1949,3,2025-12-05 12:23:13,2025-12-17 11:07:27,,REPAIR,627.00,470.25,3 x Ruska Storm Pro Hiking Boot EU 46 Lichen returned by end customers: zip slider broke after a few uses.,"Return authorised, goods received back."
243,CL-2025-00243,1046,3522,3642,LATE_DELIVERY,CLOSED,NORMAL,PHONE,1879,4,2025-11-18 08:32:37,2025-12-11 15:41:07,,CREDIT,1309.98,982.49,Delivery promised 2025-11-14 arrived 2025-11-17 (3 days late). Customer requests compensation for the delay.,"Replacement shipped, credit note for freight."
244,CL-2025-00244,792,3557,3677,DAMAGED,CLOSED,NORMAL,PORTAL,1428,5,2025-12-09 14:21:52,2026-01-01 10:11:36,2025-12-19,REPLACEMENT,291.98,291.98,1 x Nordwald Rauk WP Trekking Poles 180 cm Ochre arrived with crushed cartons and torn packaging. Also affected: Brenner Ruska 2.0 Water Bottle Graphite. Photos attached.,Goodwill credit agreed with account manager.
245,CL-2025-00245,748,3562,3682,PRICING_DISPUTE,CLOSED,LOW,PORTAL,1355,3,2025-12-08 14:31:08,2025-12-12 16:35:33,,CREDIT,672.34,672.34,Invoice price for Nordwald Nietos WP Tunnel Tent 1P Ochre does not match the agreed price. Customer expected the contract price.,Goodwill credit agreed with account manager.
246,CL-2026-00001,2173,3565,3685,QUALITY_DEFECT,REJECTED,NORMAL,EMAIL,3923,4,2026-01-08 18:42:21,2026-01-12 14:35:59,,REPAIR,1192.90,0.00,"1 x Isvidde Kilpis Eco Ski Poles 135 cm Moss Green returned by end customers: valve leaks, mat deflates overnight. Remaining stock put on hold in store.",Return window exceeded.
247,CL-2025-00246,365,3566,3686,MISSING_ITEMS,CLOSED,HIGH,PORTAL,658,3,2025-12-05 11:59:10,2025-12-15 17:56:08,2025-12-15,CREDIT,9834.32,9834.32,"Packing list shows 30 x Nordwald Hyrsky Pro Daypack 12L Midnight Blue, customer counted 0. 30 missing.","Replacement shipped, credit note for freight."
248,CL-2025-00247,2208,3582,3706,DAMAGED,RESOLVED,HIGH,EMAIL,3975,3,2025-12-01 14:39:06,2025-12-18 12:26:52,2025-12-11,REPLACEMENT,869.67,869.67,1 x Stig Pallas 2.0 Trail Cap Burnt Orange arrived with crushed cartons and torn packaging. Also affected: Jäkälä Fjord 2.0 Insulated Jacket XL Sand. Outer wrap was torn on arrival. Call back Noora on +358 40 108 2804.,"Return authorised, goods received back."
249,CL-2025-00248,1784,3583,3707,QUALITY_DEFECT,RESOLVED,NORMAL,EMAIL,3229,3,2025-12-18 12:30:02,2025-12-26 12:04:46,,REPLACEMENT,584.40,584.40,"3 x Nordvind Vuori Plus Hiking Shorts M Petrol returned by end customers: valve leaks, mat deflates overnight.",Repair completed by supplier.
250,CL-2025-00249,2054,3600,3722,MISSING_ITEMS,CLOSED,NORMAL,EMAIL,3715,5,2025-12-08 09:38:06,2025-12-11 17:50:22,,REDELIVERY,71.46,71.46,"Packing list shows 10 x Peilung Myrsky WP Liner Gloves XXL Moss Green, customer counted 8. 2 missing. Carton count on the pallet matched the label.","Redelivery completed, customer confirmed."
251,CL-2025-00250,629,3602,3724,PRICING_DISPUTE,CLOSED,LOW,EMAIL,1129,4,2025-11-13 12:29:33,2025-12-08 12:41:26,,CREDIT,15.43,15.43,Invoice price for Saimaa Polar Pro Map Case does not match the agreed price. Customer expected the promotion price.,Goodwill credit agreed with account manager.
252,CL-2025-00251,591,3605,3727,DAMAGED,CLOSED,NORMAL,PORTAL,1064,4,2025-12-08 16:35:12,2025-12-29 17:15:57,,REPLACEMENT,190.50,142.88,3 x Nietos Kaamos XT Snow Shovel Black on pallet 1 arrived with crushed cartons and torn packaging.,"Redelivery completed, customer confirmed."
253,CL-2025-00252,1535,3606,3728,LATE_DELIVERY,CLOSED,NORMAL,EMAIL,2765,5,2025-11-11 16:34:15,2025-11-20 08:55:46,,CREDIT,47.68,35.76,"Delivery promised 2025-11-07 arrived 2025-11-10 (3 days late). Second late delivery this quarter, customer escalates.","Replacement shipped, credit note for freight."
254,CL-2025-00253,1202,3625,3746,LATE_DELIVERY,CLOSED,NORMAL,EMAIL,2157,3,2025-11-21 09:46:46,2025-12-11 15:22:50,,CREDIT,434.68,434.68,"Delivery promised 2025-11-17 arrived 2025-11-20 (3 days late). Second late delivery this quarter, customer escalates.",Goodwill credit agreed with account manager.
255,CL-2025-00254,143,3657,3779,DAMAGED,CLOSED,NORMAL,EMAIL,255,4,2025-11-28 12:42:06,2025-12-01 09:31:26,,CREDIT,579.60,434.70,18 x Taiga Rauk XT Hiking Trousers S Forest arrived with crushed cartons and torn packaging. Photos attached.,"Replacement shipped, credit note for freight."
256,CL-2025-00255,2317,3661,3783,DAMAGED,CLOSED,NORMAL,EMAIL,4176,3,2025-12-05 17:55:42,2025-12-17 11:55:01,2025-12-12,CREDIT,243.60,243.60,4 x Gråsten Storm XT Hiking Sandal EU 40 Forest arrived with crushed cartons and torn packaging. Photos attached.,"Replacement shipped, credit note for freight."
257,CL-2025-00256,497,3688,3809,DAMAGED,CLOSED,NORMAL,EMAIL,894,4,2025-12-15 15:35:49,2025-12-22 13:58:14,,REPLACEMENT,654.50,490.88,5 x Fjellvind Pallas Pro Synthetic Sleeping Bag -10°C Sand on pallet 1 arrived with crushed cartons and torn packaging. Driver noted the damage on the CMR.,Credit note issued.
258,CL-2025-00257,1929,3692,3813,DAMAGED,CLOSED,NORMAL,EMAIL,3491,3,2025-12-10 12:47:02,2026-01-01 14:48:16,,REPLACEMENT,208.08,208.08,1 x Myrsky Storm Lite Hardshell Jacket XS Midnight Blue on pallet 1 arrived with crushed cartons and torn packaging. Also affected: Halla Vuori WP Map Case. Outer wrap was torn on arrival.,Goodwill credit agreed with account manager.
259,CL-2025-00258,873,3696,3818,WRONG_ITEM,REJECTED,NORMAL,EMAIL,1573,5,2025-11-10 07:36:21,2025-11-12 15:25:45,2025-11-17,CREDIT,949.90,0.00,Received a different variant instead of Halla Polar WP Hiking Trousers M Black (8 pcs). Customer asks for exchange.,Price matches the signed order confirmation.
260,CL-2025-00259,2130,3758,3885,PRICING_DISPUTE,CLOSED,LOW,EMAIL,3845,4,2025-12-15 13:40:17,2025-12-23 09:20:51,,CREDIT,47.88,47.88,Invoice price for Aurora Inari Lite Neck Gaiter Lichen does not match the agreed price. Customer expected the contract price.,"Redelivery completed, customer confirmed."
261,CL-2025-00260,2068,3767,3894,DAMAGED,CLOSED,URGENT,EMAIL,3741,3,2025-12-03 12:13:16,2025-12-15 13:28:37,2025-12-05,REPLACEMENT,61.50,30.75,1 x Halla Sylarna Merino Base Layer Bottom XS Deep Teal arrived with crushed cartons and torn packaging. Outer wrap was torn on arrival.,Goodwill credit agreed with account manager.
262,CL-2025-00261,46,3779,3908,LATE_DELIVERY,CLOSED,NORMAL,PORTAL,82,3,2025-12-08 18:31:34,2026-01-02 12:30:03,,CREDIT,1035.82,1035.82,Delivery promised 2025-11-24 arrived 2025-12-05 (11 days late). Customer requests compensation for the delay.,Credit note issued.
263,CL-2025-00262,1714,3799,3928,LATE_DELIVERY,CLOSED,NORMAL,PORTAL,3086,5,2025-11-21 16:26:29,2025-11-28 17:37:19,,CREDIT,1068.62,534.31,"Delivery promised 2025-11-19 arrived 2025-11-20 (1 days late). Second late delivery this quarter, customer escalates.","Replacement shipped, credit note for freight."
264,CL-2025-00263,1780,3812,3942,LATE_DELIVERY,RESOLVED,NORMAL,EMAIL,3221,4,2025-12-22 17:03:33,2025-12-30 17:21:32,,CREDIT,176.12,176.12,Delivery promised 2025-11-19 arrived 2025-12-19 (30 days late). Customer requests compensation for the delay.,Repair completed by supplier.
265,CL-2025-00264,364,3893,4025,LATE_DELIVERY,RESOLVED,NORMAL,EMAIL,655,5,2025-11-13 15:52:08,2025-12-04 14:51:50,,CREDIT,148.46,148.46,"Delivery promised 2025-11-07 arrived 2025-11-10 (3 days late). Second late delivery this quarter, customer escalates.","Redelivery completed, customer confirmed."
266,CL-2025-00265,1905,3948,4084,DAMAGED,CLOSED,NORMAL,PORTAL,3451,5,2025-11-27 18:25:08,2025-12-01 12:27:51,,REPLACEMENT,21.88,21.88,1 x Isbre Varanger II Beanie Lichen arrived with crushed cartons and torn packaging. Also affected: Aurora Summit Liner Gloves XXL Graphite. Driver noted the damage on the CMR.,Goodwill credit agreed with account manager.
267,CL-2025-00266,1063,3980,4117,DAMAGED,RESOLVED,NORMAL,EMAIL,1910,5,2025-12-01 07:48:11,2025-12-17 16:13:03,,CREDIT,222.00,111.00,2 x Nordvind Arctic Pro Insulated Jacket M Black arrived with crushed cartons and torn packaging. Photos attached. Call back Sofia on +46 70 963 28 96.,"Replacement shipped, credit note for freight."
268,CL-2025-00267,699,3987,4124,QUALITY_DEFECT,CLOSED,NORMAL,EMAIL,1254,3,2025-12-31 07:47:00,2026-01-05 11:01:50,,REPLACEMENT,74.64,37.32,3 x Nordwald Ylläs Footprint 2P Moss Green returned by end customers: buckle cracked in the cold. Customer asks whether the whole batch is affected.,"Return authorised, goods received back."
269,CL-2025-00268,1236,4008,4146,DAMAGED,RESOLVED,NORMAL,PORTAL,2217,4,2025-11-21 08:34:50,2025-11-26 15:00:18,2025-12-01,REPLACEMENT,36.10,18.05,10 x Baltic Selja Eco Neck Gaiter Graphite arrived with crushed cartons and torn packaging.,Goodwill credit agreed with account manager.
270,CL-2025-00269,419,4015,4154,MISSING_ITEMS,RESOLVED,NORMAL,EMAIL,758,5,2025-12-12 16:53:23,2025-12-26 10:39:29,2025-12-18,REDELIVERY,43.98,43.98,"Packing list shows 1 x Baltic Trail WP Hiking Shorts M Deep Teal, customer counted 0. 1 missing.",Goodwill credit agreed with account manager.
271,CL-2025-00270,126,4031,4169,MISSING_ITEMS,RESOLVED,URGENT,EMAIL,234,5,2025-12-08 12:07:38,2025-12-15 12:20:24,2025-12-10,REDELIVERY,130.90,130.90,"Packing list shows 3 x Fjellvind Pallas Pro Synthetic Sleeping Bag -10°C Sand, customer counted 2. 1 missing. Carton count on the pallet matched the label.","Return authorised, goods received back."
272,CL-2025-00271,1666,4034,4172,MISSING_ITEMS,CLOSED,NORMAL,PORTAL,2998,5,2025-12-11 09:27:54,2025-12-15 12:44:26,,REDELIVERY,719.40,359.70,"Packing list shows 12 x Fjellvind Tind Plus Daypack 28L Moss Green, customer counted 6. 6 missing. One carton short against the packing list.","Redelivery completed, customer confirmed."
273,CL-2025-00272,1998,4047,4186,DAMAGED,RESOLVED,NORMAL,EMAIL,3612,4,2025-12-16 11:12:06,2025-12-31 12:11:31,,REPLACEMENT,62.64,62.64,9 x Isbre Vuoma 2.0 Seam Sealer on pallet 1 arrived with crushed cartons and torn packaging.,Goodwill credit agreed with account manager.
274,CL-2025-00273,796,4048,4187,DAMAGED,REJECTED,HIGH,EMAIL,1433,3,2025-12-05 07:53:01,2025-12-15 17:01:28,,CREDIT,1183.50,0.00,3 x Jäkälä Nordic Plus Softshell Jacket XS Burnt Orange on pallet 1 arrived with crushed cartons and torn packaging. Also affected: Isvidde Tuuli Ski Goggles Slate Grey.,Damage not reported within 48 h of delivery.
275,CL-2025-00274,2001,4092,4234,QUALITY_DEFECT,CLOSED,HIGH,EMAIL,3617,5,2025-12-04 13:28:09,2025-12-05 08:44:05,,CREDIT,2496.46,2496.46,2 x Suvanto Fjord Pro Beanie Moss Green returned by end customers: stitching failed on the shoulder strap. Remaining stock put on hold in store.,Credit note issued.
276,CL-2026-00002,1289,4112,4255,QUALITY_DEFECT,CLOSED,NORMAL,PHONE,2320,3,2026-01-12 07:32:37,2026-01-29 13:07:58,,REPAIR,535.00,535.00,10 x Fjellvind Fjord Backpack 55L Lichen returned by end customers: stitching failed on the shoulder strap. Remaining stock put on hold in store.,Credit note issued.
277,CL-2025-00275,797,4114,4258,WRONG_ITEM,CLOSED,URGENT,PORTAL,1434,5,2025-11-21 09:06:32,2025-12-01 08:34:45,2025-11-24,REPLACEMENT,1738.80,1738.80,Received a different variant instead of Älv Tind Daypack 8L Midnight Blue (12 pcs). Customer asks for exchange. Call back Mikko on +358 40 532 3215.,"Redelivery completed, customer confirmed."
278,CL-2025-00276,1000,4127,4271,DAMAGED,RESOLVED,NORMAL,EMAIL,1797,5,2025-11-17 09:31:19,2025-11-24 13:17:19,2025-11-24,REPLACEMENT,124.90,124.90,1 x Stig Kaldo 2.0 Approach Shoe EU 38 Sand arrived with crushed cartons and torn packaging. Driver noted the damage on the CMR.,Credit note issued.
279,CL-2025-00277,170,4141,4284,QUALITY_DEFECT,CLOSED,NORMAL,PORTAL,301,3,2025-11-26 14:12:02,2025-12-08 08:11:53,,CREDIT,230.80,230.80,2 x Bergtatt Revontuli Daypack 8L Sunset Yellow returned by end customers: zip slider broke after a few uses.,Credit note issued.
280,CL-2025-00278,1661,4146,4289,DAMAGED,CLOSED,HIGH,EMAIL,2988,3,2025-11-26 17:15:18,2025-12-12 12:07:56,2025-12-08,REPLACEMENT,1111.04,1111.04,"18 x Jäkälä Glacier Lite Hiking Trousers L Graphite arrived with crushed cartons and torn packaging. Also affected: Kaamos Glacier WP Sleeping Mat Arctic White, Suvanto Kero Pro Repair Kit.","Replacement shipped, credit note for freight."
281,CL-2025-00279,748,4156,4298,QUALITY_DEFECT,CLOSED,NORMAL,PHONE,1355,3,2025-11-27 12:32:12,2025-12-18 13:07:41,,REPLACEMENT,171.00,171.00,"3 x Jäkälä Summit Eco Merino Base Layer Bottom S Sunset Yellow returned by end customers: valve leaks, mat deflates overnight. Customer asks whether the whole batch is affected.",Goodwill credit agreed with account manager.
282,CL-2025-00280,645,4169,4311,MISSING_ITEMS,CLOSED,NORMAL,EMAIL,1157,4,2025-11-10 13:59:59,2025-11-20 14:02:56,2025-11-17,CREDIT,424.07,424.07,"Packing list shows 2 x Loimu Nordvik XT Power Bank, customer counted 1. 1 missing. Carton count on the pallet matched the label.",Repair completed by supplier.
283,CL-2026-00003,381,4211,4353,QUALITY_DEFECT,CLOSED,NORMAL,PORTAL,689,3,2026-01-12 16:07:14,2026-02-03 12:38:43,,REPLACEMENT,109.89,109.89,3 x Peak Ultra Pro Shell Trousers L Slate Grey returned by end customers: zip slider broke after a few uses.,"Replacement shipped, credit note for freight."
284,CL-2025-00281,2122,4214,4355,DAMAGED,REJECTED,NORMAL,EMAIL,3834,4,2025-12-01 16:54:57,2025-12-19 13:24:36,,CREDIT,752.96,0.00,12 x Gråsten Skog XT Approach Shoe EU 41 Burnt Orange arrived with crushed cartons and torn packaging. Also affected: Skjærgård Glacier WP Trekking Poles 160 cm Black. Photos attached.,Delivered on the promised date per POD.
285,CL-2025-00282,1919,4222,4363,DAMAGED,CLOSED,NORMAL,EMAIL,3474,3,2025-11-12 08:10:51,2025-11-28 11:49:39,2025-11-17,CREDIT,101.84,50.92,"1 x Fjellvind Kero WP Hip Pack Sunset Yellow arrived with crushed cartons and torn packaging. Also affected: Vuoma Alpine Insulated Mat Moss Green, Skjærgård Ridge Lite Neck Gaiter Petrol. Outer wrap was torn on arrival.","Replacement shipped, credit note for freight."
286,CL-2025-00283,32,4242,4383,LATE_DELIVERY,CLOSED,HIGH,EMAIL,56,5,2025-12-15 11:56:28,2025-12-30 11:28:21,,CREDIT,2278.78,2278.78,"Delivery promised 2025-11-18 arrived 2025-12-10 (22 days late). Second late delivery this quarter, customer escalates.","Redelivery completed, customer confirmed."
287,CL-2025-00284,1840,4286,4429,WRONG_ITEM,CLOSED,NORMAL,EMAIL,3328,3,2025-11-07 15:01:17,2025-11-24 09:34:24,2025-11-17,REPLACEMENT,818.80,409.40,Received a different variant instead of Halla Tind Merino Base Layer Bottom L Lichen (20 pcs). Customer asks for exchange.,Credit note issued.
288,CL-2025-00285,1939,4319,4464,DAMAGED,CLOSED,URGENT,EMAIL,3513,3,2025-12-08 09:25:13,2025-12-17 10:53:51,2025-12-11,REPLACEMENT,5192.90,5192.90,18 x Isvidde Palsa Eco Snowshoes XXL Midnight Blue arrived with crushed cartons and torn packaging. Also affected: Nordwald Tind WP Tent 4P Ruby Red. Outer wrap was torn on arrival.,Goodwill credit agreed with account manager.
289,CL-2025-00286,2055,4369,4517,DAMAGED,REJECTED,NORMAL,EMAIL,3717,4,2025-11-17 14:54:03,2025-11-18 12:56:51,,REPLACEMENT,79.56,0.00,6 x Kaamos Selja 2.0 Headlamp Midnight Blue on pallet 1 arrived with crushed cartons and torn packaging.,Return window exceeded.
290,CL-2025-00287,628,4378,4526,LATE_DELIVERY,RESOLVED,NORMAL,EMAIL,1128,3,2025-12-08 16:46:03,2025-12-22 12:42:31,,CREDIT,767.07,767.07,Delivery promised 2025-11-17 arrived 2025-12-01 (14 days late). Store had to postpone its season opening display.,"Redelivery completed, customer confirmed."
291,CL-2025-00288,1796,4388,4535,LATE_DELIVERY,REJECTED,NORMAL,PORTAL,3247,4,2025-12-01 12:02:28,2025-12-25 12:04:17,,CREDIT,26.65,0.00,Delivery promised 2025-11-17 arrived 2025-11-19 (2 days late). Customer requests compensation for the delay.,Delivered on the promised date per POD.
292,CL-2025-00289,779,4419,4567,MISSING_ITEMS,CLOSED,NORMAL,EMAIL,1406,4,2025-12-10 12:01:26,2025-12-26 13:30:09,2025-12-18,CREDIT,45.40,45.40,"Packing list shows 2 x Loimu Hyrsky Lite Snow Shovel Forest, customer counted 0. 2 missing. Carton count on the pallet matched the label.","Redelivery completed, customer confirmed."
293,CL-2026-00004,789,4447,4594,QUALITY_DEFECT,RESOLVED,NORMAL,EMAIL,1422,5,2026-01-08 09:51:20,2026-01-26 10:38:53,,CREDIT,479.40,359.55,6 x Peak Bre XT Insulated Jacket S Ochre returned by end customers: pole segment split at the joint.,Repair completed by supplier.
294,CL-2025-00290,1626,4453,4601,PRICING_DISPUTE,RESOLVED,LOW,PHONE,2925,3,2025-12-25 13:07:42,2026-01-19 09:08:11,,CREDIT,616.32,616.32,Invoice price for Peilung Selja II Handheld GPS does not match the agreed price. Customer expected the pre-order price.,Repair completed by supplier.
295,CL-2025-00291,2326,4471,4619,MISSING_ITEMS,CLOSED,NORMAL,EMAIL,4195,5,2025-12-30 14:31:03,2026-01-12 16:12:35,,CREDIT,959.90,479.95,"Packing list shows 1 x Fjellvind Skare 2.0 Duffel 60L Sunset Yellow, customer counted 0. 1 missing.","Return authorised, goods received back."
296,CL-2025-00292,1777,4479,4627,QUALITY_DEFECT,CLOSED,NORMAL,EMAIL,3214,4,2025-12-29 07:21:08,2026-01-02 12:36:03,,CREDIT,511.18,383.38,5 x Polarlys Kallio 2.0 Power Bank returned by end customers: stitching failed on the shoulder strap.,"Redelivery completed, customer confirmed."
297,CL-2026-00005,1481,4506,4656,LATE_DELIVERY,CLOSED,NORMAL,EMAIL,2666,4,2026-01-26 13:23:53,2026-01-27 13:56:18,,CREDIT,810.89,810.89,"Delivery promised 2025-12-15 arrived 2026-01-19 (35 days late). Second late delivery this quarter, customer escalates.",Repair completed by supplier.
298,CL-2025-00293,165,4591,4745,LATE_DELIVERY,CLOSED,NORMAL,EMAIL,294,5,2025-12-17 07:35:54,2026-01-08 10:27:15,,CREDIT,238.11,119.06,Delivery promised 2025-12-15 arrived 2025-12-16 (1 days late). Customer missed a weekend campaign and requests a goodwill credit.,Credit note issued.
299,CL-2025-00294,983,4607,4762,MISSING_ITEMS,RESOLVED,NORMAL,EMAIL,1769,5,2025-12-22 18:27:59,2026-01-13 09:30:49,2025-12-29,CREDIT,235.00,176.25,"Packing list shows 4 x Nietos Myrsky 2.0 Avalanche Transceiver, customer counted 2. 2 missing.",Goodwill credit agreed with account manager.
300,CL-2025-00295,1926,4611,4766,DAMAGED,RESOLVED,NORMAL,PHONE,3484,5,2025-12-18 09:05:33,2025-12-29 13:06:31,2025-12-22,CREDIT,314.90,314.90,1 x Nietos Kaira Plus Avalanche Transceiver arrived with crushed cartons and torn packaging. Outer wrap was torn on arrival.,Goodwill credit agreed with account manager.
301,CL-2025-00296,1848,4612,4767,MISSING_ITEMS,RESOLVED,NORMAL,EMAIL,3341,3,2025-12-19 09:37:43,2025-12-23 12:46:07,,REDELIVERY,198.36,198.36,"Packing list shows 12 x Halla Nietos WP First Aid Kit XS Moss Green, customer counted 6. 6 missing. Carton count on the pallet matched the label.","Redelivery completed, customer confirmed."
302,CL-2026-00006,1551,4619,4774,QUALITY_DEFECT,RESOLVED,NORMAL,EMAIL,2797,4,2026-01-01 16:39:44,2026-01-23 14:38:03,,REPAIR,701.70,701.70,2 x Vuoma Suvanto Pro Bag Liner Slate Grey returned by end customers: seam tape peeling on the inside. Customer asks whether the whole batch is affected.,"Redelivery completed, customer confirmed."
303,CL-2025-00297,1896,4667,4823,WRONG_ITEM,RESOLVED,NORMAL,PORTAL,3430,4,2025-12-22 12:53:39,2025-12-30 10:59:19,,REPLACEMENT,113.88,113.88,Received a different variant instead of Aurora Suvanto XT Duffel 90L Slate Grey (3 pcs). Customer asks for exchange.,Goodwill credit agreed with account manager.
304,CL-2025-00298,612,4670,4826,DAMAGED,CLOSED,NORMAL,EMAIL,1098,5,2025-12-19 15:10:49,2025-12-25 17:40:09,,CREDIT,27.30,20.48,2 x Nordwald Ultra Lite Dry Bag 12L Ruby Red arrived with crushed cartons and torn packaging. Outer wrap was torn on arrival.,"Redelivery completed, customer confirmed."
305,CL-2026-00007,269,4673,4830,LATE_DELIVERY,CLOSED,NORMAL,PORTAL,475,3,2026-01-23 15:05:34,2026-02-02 17:10:33,,CREDIT,409.72,409.72,"Delivery promised 2025-12-25 arrived 2026-01-21 (27 days late). Second late delivery this quarter, customer escalates.",Repair completed by supplier.
306,CL-2026-00008,822,4705,4862,DAMAGED,CLOSED,NORMAL,PORTAL,1479,4,2026-01-05 15:36:39,2026-01-21 17:22:11,,CREDIT,7.21,7.21,1 x Aurora Tind 2.0 Dry Bag 12L Ruby Red on pallet 1 arrived with crushed cartons and torn packaging. Photos attached.,"Return authorised, goods received back."
307,CL-2025-00299,373,4711,4868,WRONG_ITEM,CLOSED,URGENT,PHONE,674,3,2025-12-12 09:46:22,2025-12-26 09:07:35,2025-12-15,CREDIT,1683.70,1683.70,Received a different variant instead of Baltic Pallas Lite Beanie Sand (6 pcs). Customer asks for exchange.,Credit note issued.
308,CL-2026-00009,134,4745,4901,MISSING_ITEMS,CLOSED,NORMAL,PORTAL,242,3,2026-01-19 07:02:43,2026-01-20 10:06:35,,CREDIT,72.72,54.54,"Packing list shows 1 x Saimaa Summit Lite Neck Gaiter Forest, customer counted 0. 1 missing.","Replacement shipped, credit note for freight."
309,CL-2026-00010,19,4781,4938,PRICING_DISPUTE,CLOSED,NORMAL,EMAIL,31,3,2026-01-19 18:17:36,2026-02-10 16:08:15,,CREDIT,13.25,9.94,Invoice price for Hygge Kaira Lite Gas Canister 100 g does not match the agreed price. Customer expected the contract price.,"Redelivery completed, customer confirmed."
310,CL-2025-00300,495,4792,4949,DAMAGED,CLOSED,NORMAL,EMAIL,890,4,2025-12-09 11:55:53,2025-12-29 12:09:50,,CREDIT,102.04,51.02,4 x Halla Loiste Plus Liner Gloves XL Sunset Yellow arrived with crushed cartons and torn packaging. Also affected: Loimu Inari Snowshoes XXL Forest.,"Replacement shipped, credit note for freight."
311,CL-2025-00301,1470,4807,4965,PRICING_DISPUTE,CLOSED,LOW,PHONE,2647,4,2025-12-30 12:14:54,2026-01-08 08:16:00,,CREDIT,22.55,22.55,"Invoice price for Baltic Kero WP Fleece Jacket XXL Moss Green does not match the agreed price. Customer expected the pre-order price. Customer contact: Silje Nygaard, +47 985 35 559.",Credit note issued.
312,CL-2025-00302,1894,4842,4999,MISSING_ITEMS,CLOSED,NORMAL,PORTAL,3427,4,2025-12-09 15:55:17,2025-12-15 12:34:01,2025-12-18,REDELIVERY,252.29,252.29,"Packing list shows 12 x Peak Kaamos Pro Hiking Sandal EU 46 Slate Grey, customer counted 9. 3 missing. Carton count on the pallet matched the label.","Replacement shipped, credit note for freight."
313,CL-2025-00303,42,4864,5021,PRICING_DISPUTE,RESOLVED,NORMAL,EMAIL,73,3,2025-12-23 13:04:16,2026-01-13 15:23:43,,CREDIT,53.96,53.96,Invoice price for Nietos Polar Eco Snowshoes S Deep Teal does not match the agreed price. Customer expected the pre-order price.,"Return authorised, goods received back."
314,CL-2026-00011,725,4871,5028,MISSING_ITEMS,CLOSED,NORMAL,EMAIL,1308,4,2026-01-05 10:37:00,2026-01-12 13:16:01,,REDELIVERY,475.25,356.44,"Packing list shows 30 x Suvanto Loiste Plus Beanie Burnt Orange, customer counted 15. 15 missing. One carton short against the packing list.",Repair completed by supplier.
315,CL-2025-00304,1551,4873,5030,DAMAGED,REJECTED,HIGH,EMAIL,2797,5,2025-12-25 10:57:22,2026-01-13 11:35:12,2025-12-29,REPLACEMENT,959.00,0.00,10 x Kaamos Glacier WP Sleeping Mat Forest on pallet 1 arrived with crushed cartons and torn packaging. Driver noted the damage on the CMR.,Delivered on the promised date per POD.
316,CL-2026-00012,1001,4877,5035,LATE_DELIVERY,CLOSED,NORMAL,PHONE,1798,5,2026-01-05 13:22:30,2026-01-12 10:10:05,,CREDIT,469.62,352.22,Delivery promised 2025-12-22 arrived 2026-01-05 (14 days late). Customer missed a weekend campaign and requests a goodwill credit.,"Return authorised, goods received back."
317,CL-2025-00305,412,4890,5047,MISSING_ITEMS,CLOSED,HIGH,EMAIL,745,5,2025-12-15 16:20:05,2026-01-09 12:29:31,,REDELIVERY,10857.11,10857.11,"Packing list shows 96 x Isbre Kilpis II Snowshoes XS Burnt Orange, customer counted 48. 48 missing. Carton count on the pallet matched the label.","Replacement shipped, credit note for freight."
318,CL-2025-00306,298,4904,5062,QUALITY_DEFECT,CLOSED,NORMAL,EMAIL,532,4,2025-12-25 17:48:18,2025-12-30 09:21:23,,REPLACEMENT,1290.00,967.50,15 x Peak Inari WP Winter Boot EU 46 Burnt Orange returned by end customers: sole separating from the upper.,Credit note issued.
319,CL-2025-00307,1877,4925,5084,DAMAGED,CLOSED,NORMAL,PORTAL,3389,3,2025-12-23 18:15:23,2026-01-15 11:49:03,,CREDIT,83.50,41.75,1 x Nordvind Åreskutan Eco Fleece Jacket XXL Graphite on pallet 2 arrived with crushed cartons and torn packaging. Photos attached.,Credit note issued.
320,CL-2025-00308,1659,4940,5098,PRICING_DISPUTE,CLOSED,NORMAL,EMAIL,2984,3,2025-12-22 18:41:51,2025-12-30 13:35:41,,CREDIT,149.66,149.66,Invoice price for Peak Trail WP Hiking Boot EU 38 Ochre does not match the agreed price. Customer expected the pre-order price.,"Redelivery completed, customer confirmed."
321,CL-2026-00013,1962,4950,5108,WRONG_ITEM,RESOLVED,NORMAL,PORTAL,3549,5,2026-01-06 14:47:41,2026-01-19 11:11:58,,REPLACEMENT,473.28,354.96,Received a different variant instead of Isvidde Kallio Touring Ski 170 cm Lichen (12 pcs). Customer asks for exchange.,Credit note issued.
322,CL-2025-00309,275,4974,5133,DAMAGED,CLOSED,NORMAL,PHONE,486,3,2025-12-17 13:20:59,2025-12-19 14:34:39,,REPLACEMENT,426.40,426.40,1 x Isvidde Pallas Pro Quickdraw 6-pack Ochre arrived with crushed cartons and torn packaging. Also affected: Isbre Polar 2.0 Trekking Poles 135 cm Sand. Outer wrap was torn on arrival.,Credit note issued.
323,CL-2025-00310,419,4975,5135,WRONG_ITEM,CLOSED,NORMAL,EMAIL,758,3,2025-12-15 08:48:37,2025-12-25 16:15:40,,REPLACEMENT,763.55,763.55,Received a different variant instead of Baltic Loiste Seam Sealer (5 pcs). Customer asks for exchange.,"Redelivery completed, customer confirmed."
324,CL-2026-00014,1282,4988,5148,QUALITY_DEFECT,CLOSED,NORMAL,EMAIL,2305,3,2026-01-05 09:21:55,2026-01-28 09:57:14,,REPAIR,11.18,11.18,1 x Aurora Ultra Eco Dry Bag 8L Burnt Orange returned by end customers: buckle cracked in the cold.,Goodwill credit agreed with account manager.
325,CL-2026-00015,748,4991,5151,QUALITY_DEFECT,CLOSED,NORMAL,EMAIL,1355,4,2026-01-07 10:31:01,2026-01-14 09:07:11,,REPLACEMENT,550.32,275.16,24 x Bergtatt Tuuli WP Dry Bag 12L Sunset Yellow returned by end customers: sole separating from the upper.,"Replacement shipped, credit note for freight."
326,CL-2026-00016,2335,5004,5165,LATE_DELIVERY,RESOLVED,NORMAL,EMAIL,4210,3,2026-01-15 17:47:11,2026-01-26 17:34:44,,CREDIT,396.16,198.08,Delivery promised 2025-12-29 arrived 2026-01-14 (16 days late). Customer requests compensation for the delay.,Goodwill credit agreed with account manager.
327,CL-2025-00311,588,5012,5173,LATE_DELIVERY,CLOSED,NORMAL,PORTAL,1059,4,2025-12-30 07:08:19,2026-01-15 10:50:18,,CREDIT,35.49,17.75,Delivery promised 2025-12-19 arrived 2025-12-23 (4 days late). Customer requests compensation for the delay. Reported by Tuomas Salo (tuomas.salo@hameenlinna.sport.fritid.example).,Credit note issued.
328,CL-2026-00017,155,5020,5181,DAMAGED,CLOSED,NORMAL,PORTAL,276,4,2026-01-12 18:49:34,2026-02-06 17:56:49,2026-01-20,CREDIT,17.04,17.04,3 x Hygge Aapa Gas Canister 230 g arrived with crushed cartons and torn packaging. Photos attached.,Credit note issued.
329,CL-2026-00018,83,5030,5192,DAMAGED,CLOSED,NORMAL,PORTAL,155,4,2026-01-06 07:07:36,2026-01-07 16:55:25,2026-01-12,REPLACEMENT,561.60,561.60,30 x Älv Ruska Eco Insulated Mug Slate Grey arrived with crushed cartons and torn packaging. Also affected: Taiga Skog XT Fleece Jacket S Ochre. Driver noted the damage on the CMR.,"Replacement shipped, credit note for freight."
330,CL-2026-00019,1001,5037,5200,DAMAGED,REJECTED,NORMAL,PORTAL,1798,3,2026-01-05 10:47:44,2026-01-26 15:29:32,2026-01-09,REPLACEMENT,211.60,0.00,4 x Fjellvind Vuoma Daypack 18L Lichen arrived with crushed cartons and torn packaging. Driver noted the damage on the CMR.,Damage not reported within 48 h of delivery.
331,CL-2026-00020,632,5055,5221,QUALITY_DEFECT,CLOSED,NORMAL,PORTAL,1132,5,2026-02-02 10:16:02,2026-02-04 11:41:17,,REPAIR,167.80,125.85,"2 x Skarv Ylläs 2.0 Climbing Helmet L Midnight Blue returned by end customers: valve leaks, mat deflates overnight.","Replacement shipped, credit note for freight."
332,CL-2026-00021,1449,5078,5245,LATE_DELIVERY,RESOLVED,HIGH,PHONE,2610,5,2026-02-16 12:15:02,2026-03-02 12:28:38,,CREDIT,2311.51,2311.51,Delivery promised 2026-01-08 arrived 2026-02-12 (35 days late). Customer missed a weekend campaign and requests a goodwill credit.,Credit note issued.
333,CL-2026-00022,2262,5105,5273,QUALITY_DEFECT,CLOSED,NORMAL,PORTAL,4075,4,2026-02-09 12:31:03,2026-03-04 09:17:14,,REPAIR,1150.80,1150.80,12 x Hygge Nietos Synthetic Sleeping Bag 0°C Black returned by end customers: seam tape peeling on the inside. Remaining stock put on hold in store.,"Return authorised, goods received back."
334,CL-2026-00023,649,5123,5294,LATE_DELIVERY,CLOSED,NORMAL,EMAIL,1164,4,2026-02-16 12:29:16,2026-02-19 17:33:49,,CREDIT,292.07,292.07,Delivery promised 2026-02-02 arrived 2026-02-09 (7 days late). Customer requests compensation for the delay.,"Replacement shipped, credit note for freight."
335,CL-2026-00024,1466,5145,5317,WRONG_ITEM,CLOSED,NORMAL,PORTAL,2639,5,2026-02-09 10:03:21,2026-02-10 12:55:22,,CREDIT,661.20,330.60,Received a different variant instead of Isbre Skog WP Repair Kit (5 pcs). Customer asks for exchange. Reported by Felix Wagner (felix.wagner@era.trekking.example).,"Replacement shipped, credit note for freight."
336,CL-2026-00025,1983,5162,5334,DAMAGED,CLOSED,HIGH,EMAIL,3587,5,2026-01-26 07:40:36,2026-02-13 11:57:36,2026-02-05,REPLACEMENT,830.30,415.15,1 x Vuoma Revontuli WP Synthetic Sleeping Bag +5°C Sand arrived with crushed cartons and torn packaging. Also affected: Hygge Joki Pro Footprint 4P Sand.,"Redelivery completed, customer confirmed."
337,CL-2026-00026,1474,5178,5351,MISSING_ITEMS,CLOSED,HIGH,PORTAL,2655,5,2026-01-19 16:11:01,2026-02-02 10:56:41,,REDELIVERY,5127.84,2563.92,"Packing list shows 12 x Aurora Tind 2.0 Dry Bag 12L Ruby Red, customer counted 6. 6 missing.",Goodwill credit agreed with account manager.
338,CL-2026-00027,815,5181,5354,MISSING_ITEMS,CLOSED,HIGH,EMAIL,1468,5,2026-02-03 08:58:43,2026-03-02 13:39:26,2026-02-09,REDELIVERY,2119.90,2119.90,"Packing list shows 20 x Skjærgård Palsa Hiking Shorts XS Forest, customer counted 0. 20 missing.","Replacement shipped, credit note for freight."
339,CL-2026-00028,672,5201,5373,QUALITY_DEFECT,CLOSED,HIGH,EMAIL,1207,4,2026-03-02 09:49:26,2026-03-12 17:17:34,,CREDIT,3718.20,3718.20,3 x Peilung Selja II Handheld GPS returned by end customers: buckle cracked in the cold. Customer asks whether the whole batch is affected.,"Replacement shipped, credit note for freight."
340,CL-2026-00029,2104,5204,5376,WRONG_ITEM,REJECTED,NORMAL,EMAIL,3801,4,2026-02-03 07:30:33,2026-02-04 11:47:32,2026-02-12,REPLACEMENT,1284.00,0.00,Received a different variant instead of Peilung Selja II Handheld GPS (6 pcs). Customer asks for exchange.,Return window exceeded.
341,CL-2026-00030,1754,5237,5410,DAMAGED,CLOSED,HIGH,EMAIL,3170,4,2026-01-27 17:06:51,2026-01-30 16:55:30,2026-02-02,CREDIT,876.20,876.20,3 x Skjærgård Palsa Hiking Shorts M Forest on pallet 1 arrived with crushed cartons and torn packaging. Also affected: Ruska Nuten XT Hiking Boot EU 42 Ruby Red.,"Return authorised, goods received back."
342,CL-2026-00031,422,5309,5487,DAMAGED,CLOSED,NORMAL,EMAIL,762,3,2026-01-19 17:52:09,2026-02-02 10:10:14,2026-01-27,REPLACEMENT,55.50,41.62,1 x Brenner Åreskutan Eco Cookset Deep Teal arrived with crushed cartons and torn packaging. Also affected: Älv Selkä 2.0 Duffel 60L Sunset Yellow. Photos attached.,Goodwill credit agreed with account manager.
343,CL-2026-00032,1157,5314,5492,LATE_DELIVERY,CLOSED,HIGH,EMAIL,2079,3,2026-02-09 16:28:29,2026-03-06 13:32:18,,CREDIT,2946.07,2946.07,Delivery promised 2026-01-29 arrived 2026-02-02 (4 days late). Customer missed a weekend campaign and requests a goodwill credit.,"Return authorised, goods received back."
344,CL-2026-00033,1642,5318,5496,MISSING_ITEMS,CLOSED,HIGH,PORTAL,2954,3,2026-01-19 07:26:32,2026-01-23 16:45:22,,REDELIVERY,2375.85,2375.85,"Packing list shows 6 x Suvanto Loiste Plus Beanie Burnt Orange, customer counted 5. 1 missing. Carton count on the pallet matched the label.",Repair completed by supplier.
345,CL-2026-00034,747,5323,5502,PRICING_DISPUTE,RESOLVED,NORMAL,EMAIL,1354,4,2026-01-30 10:52:51,2026-02-19 14:57:28,,CREDIT,60.48,60.48,Invoice price for Kelo Kero WP Water Filter Arctic White does not match the agreed price. Customer expected the promotion price.,"Redelivery completed, customer confirmed."
346,CL-2026-00035,571,5325,5504,QUALITY_DEFECT,CLOSED,NORMAL,EMAIL,1030,5,2026-02-09 10:06:52,2026-03-02 10:49:54,,REPLACEMENT,146.51,146.51,7 x Loimu Inari Snowshoes XL Forest returned by end customers: pole segment split at the joint.,"Redelivery completed, customer confirmed."
347,CL-2026-00036,2315,5342,5521,DAMAGED,CLOSED,URGENT,PORTAL,4171,4,2026-01-27 08:28:48,2026-02-06 11:52:43,2026-01-30,REPLACEMENT,31.35,31.35,3 x Fjellvind Kallio XT Hip Pack Sunset Yellow on pallet 1 arrived with crushed cartons and torn packaging.,"Redelivery completed, customer confirmed."
348,CL-2026-00037,1668,5400,5582,MISSING_ITEMS,RESOLVED,NORMAL,EMAIL,3002,5,2026-01-26 12:40:09,2026-02-03 15:14:58,,CREDIT,265.80,265.80,"Packing list shows 5 x Nordwald Kilpis Lite Tarp Forest, customer counted 3. 2 missing. One carton short against the packing list. Reported by Olli Nieminen (olli.nieminen@oulu.guides.example).","Redelivery completed, customer confirmed."
349,CL-2026-00038,1000,5440,5622,MISSING_ITEMS,CLOSED,NORMAL,PORTAL,1797,4,2026-02-03 10:17:29,2026-02-10 10:10:22,2026-02-09,CREDIT,198.00,99.00,"Packing list shows 1 x Halla Pallas Trekking Poles 150 cm Burnt Orange, customer counted 0. 1 missing. Carton count on the pallet matched the label.",Repair completed by supplier.
350,CL-2026-00039,1608,5453,5635,MISSING_ITEMS,CLOSED,NORMAL,EMAIL,2893,3,2026-01-26 18:04:35,2026-02-11 10:26:37,,CREDIT,2.47,1.85,"Packing list shows 2 x Saimaa Fjord Beanie Moss Green, customer counted 1. 1 missing. One carton short against the packing list.",Goodwill credit agreed with account manager.
351,CL-2026-00040,1288,5470,5653,MISSING_ITEMS,CLOSED,NORMAL,PORTAL,2318,3,2026-02-04 14:11:02,2026-02-20 17:32:13,,CREDIT,69.50,52.12,"Packing list shows 3 x Peak Tundra Plus Hiking Sandal EU 37 Arctic White, customer counted 2. 1 missing.","Redelivery completed, customer confirmed."
352,CL-2026-00041,909,5471,5654,RETURN_REQUEST,CLOSED,HIGH,EMAIL,1641,5,2026-02-09 17:25:25,2026-02-16 15:23:58,,RETURN_AUTHORISATION,5767.70,5767.70,"Customer wants to return 12 x Kaamos Elv Lite Tent 4P Burnt Orange, unsold season stock; asks for a return authorisation.","Redelivery completed, customer confirmed."
353,CL-2026-00042,684,5478,5661,QUALITY_DEFECT,CLOSED,NORMAL,PORTAL,1227,3,2026-02-18 18:55:15,2026-03-16 17:56:54,,REPAIR,45.45,45.45,1 x Nietos Fjord WP Ski Goggles Petrol returned by end customers: pole segment split at the joint. Customer asks whether the whole batch is affected.,"Return authorised, goods received back."
354,CL-2026-00043,849,5479,5662,MISSING_ITEMS,CLOSED,NORMAL,EMAIL,1531,3,2026-02-23 09:19:02,2026-02-25 17:49:06,2026-03-05,CREDIT,118.99,118.99,"Packing list shows 4 x Jäkälä Summit Eco Merino Base Layer Bottom S Sunset Yellow, customer counted 2. 2 missing. Carton count on the pallet matched the label.",Repair completed by supplier.
355,CL-2026-00044,2301,5483,5667,MISSING_ITEMS,RESOLVED,NORMAL,EMAIL,4148,3,2026-02-02 12:11:53,2026-02-13 15:46:38,,REDELIVERY,738.00,738.00,"Packing list shows 18 x Peak Kaamos Pro Hiking Sandal EU 46 Slate Grey, customer counted 9. 9 missing. Carton count on the pallet matched the label.","Return authorised, goods received back."
356,CL-2026-00045,983,5484,5668,LATE_DELIVERY,CLOSED,NORMAL,EMAIL,1769,3,2026-02-12 17:12:57,2026-02-20 13:43:49,,CREDIT,468.49,468.49,Delivery promised 2026-02-05 arrived 2026-02-09 (4 days late). Customer missed a weekend campaign and requests a goodwill credit.,Credit note issued.
357,CL-2026-00046,504,5491,5676,WRONG_ITEM,RESOLVED,NORMAL,PORTAL,906,4,2026-02-09 10:26:46,2026-03-03 10:24:40,,REPLACEMENT,11.72,11.72,Received a different variant instead of Baltic Nordvik 2.0 Hiking Socks 2-pack XL Forest (1 pcs). Customer asks for exchange.,"Return authorised, goods received back."
358,CL-2026-00047,606,5501,5688,DAMAGED,CLOSED,NORMAL,EMAIL,1089,5,2026-02-09 18:30:38,2026-02-12 15:51:13,2026-02-18,REPLACEMENT,775.00,581.25,"9 x Halla Kaira Merino Base Layer Top XL Midnight Blue arrived with crushed cartons and torn packaging. Also affected: Gråsten Hav II Winter Boot EU 37 Graphite, Älv Loiste Lite Daypack 18L Lichen. Outer wrap was torn on arrival.",Credit note issued.
359,CL-2026-00048,906,5524,5712,PRICING_DISPUTE,RESOLVED,LOW,EMAIL,1638,4,2026-02-02 07:53:52,2026-02-20 15:48:57,,CREDIT,79.92,79.92,Invoice price for Halla Summit XT Hiking Trousers L Deep Teal does not match the agreed price. Customer expected the promotion price.,Goodwill credit agreed with account manager.
360,CL-2026-00049,1869,5542,5730,QUALITY_DEFECT,CLOSED,HIGH,EMAIL,3379,5,2026-01-19 17:26:33,2026-01-20 14:38:21,,REPLACEMENT,2924.70,1462.35,3 x Nordwald Summit Tunnel Tent 3P Moss Green returned by end customers: pole segment split at the joint.,Goodwill credit agreed with account manager.
361,CL-2026-00050,456,5551,5738,WRONG_ITEM,REJECTED,NORMAL,PHONE,819,5,2026-01-21 12:40:16,2026-02-02 09:59:04,,REPLACEMENT,184.60,0.00,Received a different variant instead of Kaamos Ridge Eco Power Bank (20 pcs). Customer asks for exchange. Reported by Venla Hämäläinen (venla.hamalainen@rakka.outdoor.example).,Delivered on the promised date per POD.
362,CL-2026-00051,1958,5565,5754,DAMAGED,RESOLVED,NORMAL,PORTAL,3542,5,2026-02-06 08:12:59,2026-02-12 10:26:30,,REPLACEMENT,246.77,246.77,1 x Kaamos Kaldo Eco Sleeping Mat Graphite arrived with crushed cartons and torn packaging. Also affected: Jäkälä Elv Hiking Shorts XS Moss Green. Photos attached.,"Redelivery completed, customer confirmed."
363,CL-2026-00052,291,5567,5756,WRONG_ITEM,CLOSED,HIGH,PHONE,519,4,2026-01-23 16:03:22,2026-01-27 17:23:36,,CREDIT,4355.16,4355.16,Received a different variant instead of Baltic Trail WP Hiking Shorts M Deep Teal (2 pcs). Customer asks for exchange.,Repair completed by supplier.
364,CL-2026-00053,501,5571,5760,LATE_DELIVERY,RESOLVED,NORMAL,PHONE,902,5,2026-02-04 09:20:53,2026-02-17 09:18:11,,CREDIT,1307.16,1307.16,Delivery promised 2026-01-30 arrived 2026-02-02 (3 days late). Customer requests compensation for the delay.,"Replacement shipped, credit note for freight."
365,CL-2026-00054,1639,5587,5775,MISSING_ITEMS,RESOLVED,NORMAL,PHONE,2947,5,2026-01-14 08:57:35,2026-01-15 11:13:13,2026-01-21,REDELIVERY,97.50,73.12,"Packing list shows 4 x Halla Hyrsky II Merino Base Layer Top XL Lichen, customer counted 3. 1 missing. Carton count on the pallet matched the label.",Credit note issued.
366,CL-2026-00055,1424,5622,5810,WRONG_ITEM,CLOSED,HIGH,EMAIL,2563,3,2026-02-09 17:11:15,2026-03-06 15:55:34,2026-02-16,REPLACEMENT,2198.96,2198.96,Received a different variant instead of Stig Arctic Winter Boot EU 40 Burnt Orange (4 pcs). Customer asks for exchange.,Goodwill credit agreed with account manager.
367,CL-2026-00056,2080,5625,5813,MISSING_ITEMS,CLOSED,NORMAL,PORTAL,3760,3,2026-02-10 07:10:36,2026-03-02 16:46:14,,REDELIVERY,1806.52,1806.52,"Packing list shows 3 x Saimaa Åreskutan Eco Seam Sealer, customer counted 2. 1 missing. One carton short against the packing list.","Replacement shipped, credit note for freight."
368,CL-2026-00057,480,5630,5818,DAMAGED,RESOLVED,NORMAL,PORTAL,862,5,2026-02-11 10:27:43,2026-02-16 12:17:30,2026-02-19,CREDIT,525.00,525.00,10 x Peilung Nuten XT Trekking Poles 210 cm Sand arrived with crushed cartons and torn packaging.,Repair completed by supplier.
369,CL-2026-00058,953,5633,5822,DAMAGED,REJECTED,NORMAL,PORTAL,1719,3,2026-02-02 14:32:40,2026-02-20 16:02:13,2026-02-12,CREDIT,4.08,0.00,1 x Hygge Summit Plus Titanium Spork arrived with crushed cartons and torn packaging. Outer wrap was torn on arrival.,Damage not reported within 48 h of delivery.
370,CL-2026-00059,572,5644,5833,LATE_DELIVERY,RESOLVED,NORMAL,PHONE,1032,3,2026-01-28 07:16:27,2026-02-23 13:11:16,,CREDIT,55.42,55.42,Delivery promised 2026-01-23 arrived 2026-01-26 (3 days late). Customer requests compensation for the delay.,"Return authorised, goods received back."
371,CL-2026-00060,8,5645,5834,MISSING_ITEMS,RESOLVED,NORMAL,EMAIL,15,3,2026-01-08 14:21:59,2026-02-02 08:07:23,2026-01-13,CREDIT,1358.10,1358.10,"Packing list shows 18 x Hygge Fjell Lite Synthetic Sleeping Bag -20°C Burnt Orange, customer counted 9. 9 missing.","Return authorised, goods received back."
372,CL-2026-00061,1109,5655,5844,WRONG_ITEM,CLOSED,NORMAL,EMAIL,1994,4,2026-01-29 08:34:29,2026-02-20 14:18:59,,CREDIT,12.62,12.62,Received a different variant instead of Tundra Hyrsky 2.0 Neck Gaiter Lichen (2 pcs). Customer asks for exchange.,"Replacement shipped, credit note for freight."
373,CL-2026-00062,193,5667,5858,PRICING_DISPUTE,CLOSED,NORMAL,EMAIL,337,3,2026-01-29 11:12:29,2026-02-10 12:01:13,,CREDIT,136.20,136.20,Invoice price for Fjellvind Kallio Eco Bivy Forest does not match the agreed price. Customer expected the promotion price.,Goodwill credit agreed with account manager.
374,CL-2026-00063,1237,5677,5868,QUALITY_DEFECT,RESOLVED,NORMAL,PHONE,2218,5,2026-01-29 16:32:33,2026-02-23 17:06:03,,CREDIT,174.64,174.64,"3 x Fjellvind Sylarna WP Dry Bag 8L Lichen returned by end customers: valve leaks, mat deflates overnight. Remaining stock put on hold in store.","Replacement shipped, credit note for freight."
375,CL-2026-00064,2114,5683,5875,DAMAGED,CLOSED,NORMAL,EMAIL,3820,4,2026-02-02 12:54:56,2026-02-20 09:56:14,,REPLACEMENT,12.31,12.31,1 x Skjærgård Hyrsky XT Beanie Forest arrived with crushed cartons and torn packaging. Photos attached.,"Replacement shipped, credit note for freight."
376,CL-2026-00065,1877,5712,5903,QUALITY_DEFECT,RESOLVED,NORMAL,EMAIL,3389,3,2026-02-20 10:56:53,2026-03-06 17:51:33,,REPLACEMENT,192.60,192.60,"6 x Fjellvind Nordic XT Bag Liner Midnight Blue returned by end customers: valve leaks, mat deflates overnight. Customer asks whether the whole batch is affected.","Redelivery completed, customer confirmed."
377,CL-2026-00066,1451,5713,5904,DAMAGED,CLOSED,HIGH,PHONE,2613,4,2026-01-15 14:22:45,2026-01-20 08:08:24,2026-01-26,CREDIT,3872.80,2904.60,"5 x Peak Fjord Rain Jacket XS Moss Green on pallet 1 arrived with crushed cartons and torn packaging. Also affected: Ruska Revontuli WP Winter Boot EU 46 Burnt Orange, Kaamos Skog Tunnel Tent 1P Midnight Blue. Outer wrap was torn on arrival.","Return authorised, goods received back."
378,CL-2026-00067,1523,5722,5914,LATE_DELIVERY,CLOSED,NORMAL,EMAIL,2742,3,2026-03-02 14:40:29,2026-03-16 10:47:05,,CREDIT,1578.92,1578.92,Delivery promised 2026-01-16 arrived 2026-02-23 (38 days late). Store had to postpone its season opening display.,Goodwill credit agreed with account manager.
379,CL-2026-00068,1496,5727,5919,DAMAGED,CLOSED,HIGH,EMAIL,2693,5,2026-01-27 13:36:31,2026-02-16 15:49:18,,REPLACEMENT,1020.00,510.00,12 x Rondane Polar Synthetic Sleeping Bag -20°C Slate Grey arrived with crushed cartons and torn packaging.,Repair completed by supplier.
380,CL-2026-00069,714,5733,5925,LATE_DELIVERY,RESOLVED,NORMAL,EMAIL,1286,4,2026-02-03 12:04:34,2026-02-09 09:43:07,,CREDIT,88.35,88.35,"Delivery promised 2026-01-29 arrived 2026-02-02 (4 days late). Second late delivery this quarter, customer escalates.","Return authorised, goods received back."
381,CL-2026-00070,2005,5751,5944,DAMAGED,CLOSED,NORMAL,EMAIL,3627,5,2026-01-16 08:30:14,2026-02-04 13:55:07,2026-01-21,REPLACEMENT,5.75,5.75,1 x Aurora Selja II Map Case arrived with crushed cartons and torn packaging. Photos attached.,Credit note issued.
382,CL-2026-00071,2041,5788,5979,LATE_DELIVERY,CLOSED,NORMAL,EMAIL,3692,4,2026-02-23 11:59:41,2026-03-11 09:48:02,,CREDIT,102.04,102.04,Delivery promised 2026-02-16 arrived 2026-02-17 (1 days late). Store had to postpone its season opening display.,Repair completed by supplier.
383,CL-2026-00072,1121,5829,6022,QUALITY_DEFECT,CLOSED,HIGH,EMAIL,2015,3,2026-03-23 18:43:04,2026-04-13 14:50:41,,CREDIT,4306.05,3229.54,24 x Skarv Nietos Lite Dynamic Rope 8.9 mm 60 m returned by end customers: sole separating from the upper. Customer asks whether the whole batch is affected.,"Return authorised, goods received back."
384,CL-2026-00073,1334,5859,6051,WRONG_ITEM,CLOSED,NORMAL,EMAIL,2399,5,2026-02-10 11:21:33,2026-03-02 16:33:46,,REPLACEMENT,75.56,56.67,Received a different variant instead of Vuoma Myrsky Sleeping Mat Petrol (2 pcs). Customer asks for exchange.,"Redelivery completed, customer confirmed."
385,CL-2026-00074,1639,5864,6056,DAMAGED,RESOLVED,NORMAL,PHONE,2946,3,2026-02-23 18:55:14,2026-03-02 13:37:35,,CREDIT,117.80,117.80,2 x Vuoma Kulku Eco Footprint 3P Lichen arrived with crushed cartons and torn packaging. Outer wrap was torn on arrival.,Repair completed by supplier.
386,CL-2026-00075,114,5865,6057,RETURN_REQUEST,CLOSED,NORMAL,PORTAL,216,5,2026-02-10 07:06:47,2026-02-23 09:40:08,,RETURN_AUTHORISATION,662.85,662.85,"Customer wants to return 15 x Jäkälä Palsa Plus Merino Base Layer Bottom S Arctic White, unsold season stock; asks for a return authorisation.","Redelivery completed, customer confirmed."
387,CL-2026-00076,1210,5879,6071,LATE_DELIVERY,CLOSED,NORMAL,EMAIL,2169,5,2026-02-16 07:11:18,2026-03-04 11:08:53,,CREDIT,536.24,268.12,Delivery promised 2026-02-13 arrived 2026-02-16 (3 days late). Store had to postpone its season opening display.,"Return authorised, goods received back."
388,CL-2026-00077,785,5885,6077,LATE_DELIVERY,CLOSED,NORMAL,PORTAL,1415,3,2026-02-19 09:25:48,2026-03-02 13:43:54,,CREDIT,18.58,18.58,Delivery promised 2026-02-06 arrived 2026-02-12 (6 days late). Customer missed a weekend campaign and requests a goodwill credit.,"Replacement shipped, credit note for freight."
389,CL-2026-00078,1499,5896,6088,LATE_DELIVERY,CLOSED,NORMAL,PORTAL,2699,3,2026-03-09 17:34:14,2026-03-11 16:45:28,,CREDIT,21.31,15.98,Delivery promised 2026-02-27 arrived 2026-03-02 (3 days late). Store had to postpone its season opening display.,Credit note issued.
390,CL-2026-00079,2267,5899,6093,WRONG_ITEM,CLOSED,NORMAL,PHONE,4087,3,2026-03-02 08:52:51,2026-03-06 12:12:05,2026-03-10,REPLACEMENT,238.68,238.68,Received a different variant instead of Kaamos Selja 2.0 Headlamp Midnight Blue (18 pcs). Customer asks for exchange.,Repair completed by supplier.
391,CL-2026-00080,1140,5900,6094,RETURN_REQUEST,RESOLVED,LOW,PORTAL,2051,5,2026-02-18 18:03:56,2026-03-02 10:29:13,,RETURN_AUTHORISATION,346.60,346.60,"Customer wants to return 1 x Aurora Kaldo XT Backpack 75L Forest, unsold season stock; asks for a return authorisation.",Credit note issued.
392,CL-2026-00081,1097,5914,6108,MISSING_ITEMS,CLOSED,URGENT,EMAIL,1969,3,2026-02-23 08:50:12,2026-02-25 16:15:36,2026-02-25,REDELIVERY,426.96,426.96,"Packing list shows 24 x Taiga Suvanto Fleece Jacket XL Forest, customer counted 0. 24 missing. Carton count on the pallet matched the label.","Return authorised, goods received back."
393,CL-2026-00082,1647,5919,6113,PRICING_DISPUTE,CLOSED,NORMAL,EMAIL,2964,5,2026-02-23 10:20:59,2026-03-05 15:14:36,,CREDIT,90.72,68.04,Invoice price for Isbre Tundra Pro Climbing Skins 115 cm Midnight Blue does not match the agreed price. Customer expected the pre-order price.,Goodwill credit agreed with account manager.
394,CL-2026-00083,2030,5972,6168,DAMAGED,RESOLVED,NORMAL,PORTAL,3671,3,2026-03-16 12:55:36,2026-03-27 11:32:01,2026-03-23,REPLACEMENT,513.12,513.12,6 x Peilung Kulku Pro Trekking Poles 210 cm Midnight Blue on pallet 1 arrived with crushed cartons and torn packaging. Also affected: Loimu Glacier XT Compass. Outer wrap was torn on arrival.,Repair completed by supplier.
395,CL-2026-00084,679,6039,6237,RETURN_REQUEST,CLOSED,HIGH,EMAIL,1218,5,2026-03-06 09:53:32,2026-03-23 12:53:57,,RETURN_AUTHORISATION,6431.00,4823.25,"Customer wants to return 1 x Halla Skog II Fleece Jacket S Ochre, unsold season stock; asks for a return authorisation. Reported by Hanna Eriksson (hanna.eriksson@kalotti.trekking.example).","Redelivery completed, customer confirmed."
396,CL-2026-00085,1000,6087,6288,DAMAGED,CLOSED,NORMAL,EMAIL,1797,3,2026-03-09 12:10:56,2026-03-16 11:54:57,2026-03-19,REPLACEMENT,628.00,628.00,4 x Vuoma Storm II Synthetic Sleeping Bag -10°C Forest on pallet 1 arrived with crushed cartons and torn packaging. Outer wrap was torn on arrival.,Goodwill credit agreed with account manager.
397,CL-2026-00086,308,6091,6293,LATE_DELIVERY,REJECTED,NORMAL,EMAIL,549,5,2026-03-10 18:37:52,2026-03-16 12:49:21,,CREDIT,505.30,0.00,"Delivery promised 2026-02-05 arrived 2026-03-09 (32 days late). Second late delivery this quarter, customer escalates.",Price matches the signed order confirmation.
398,CL-2026-00087,992,6115,6319,DAMAGED,RESOLVED,NORMAL,EMAIL,1787,3,2026-03-17 13:56:15,2026-03-23 09:59:49,,CREDIT,155.90,155.90,1 x Peak Trail WP Hiking Boot EU 38 Ochre arrived with crushed cartons and torn packaging. Outer wrap was torn on arrival.,"Replacement shipped, credit note for freight."
399,CL-2026-00088,1827,6116,6320,WRONG_ITEM,CLOSED,NORMAL,PORTAL,3302,4,2026-03-05 07:30:50,2026-03-17 13:48:11,,REPLACEMENT,688.11,688.11,Received a different variant instead of Saimaa Loiste Neck Gaiter Deep Teal (1 pcs). Customer asks for exchange.,"Replacement shipped, credit note for freight."
400,CL-2026-00089,1150,6181,6386,DAMAGED,CLOSED,HIGH,PORTAL,2066,5,2026-02-20 13:27:44,2026-03-16 10:46:12,,REPLACEMENT,962.75,962.75,"2 x Fjord Alpine Plus SUP Board Ochre arrived with crushed cartons and torn packaging. Also affected: Ruska Sylarna 2.0 Trail Shoe EU 39 Ochre, Saimaa Myrsky WP Map Case. Photos attached.",Credit note issued.
401,CL-2026-00090,566,6206,6414,WRONG_ITEM,CLOSED,NORMAL,PHONE,1022,4,2026-02-23 16:11:59,2026-02-27 10:49:29,,REPLACEMENT,64.64,32.32,Received a different variant instead of Älv Fjord II Water Bottle Petrol (8 pcs). Customer asks for exchange.,"Replacement shipped, credit note for freight."
402,CL-2026-00091,453,6211,6421,WRONG_ITEM,RESOLVED,NORMAL,PHONE,814,3,2026-02-24 12:18:22,2026-03-02 16:02:01,,REPLACEMENT,1635.60,817.80,Received a different variant instead of Nietos Ridge Ski Goggles Black (6 pcs). Customer asks for exchange.,Repair completed by supplier.
403,CL-2026-00092,1061,6221,6432,QUALITY_DEFECT,CLOSED,HIGH,PORTAL,1908,5,2026-03-09 10:52:59,2026-03-13 17:47:22,,CREDIT,5082.85,5082.85,"20 x Kaamos Tind XT Bivy Petrol returned by end customers: valve leaks, mat deflates overnight. Customer asks whether the whole batch is affected.",Repair completed by supplier.
404,CL-2026-00093,1350,6226,6437,LATE_DELIVERY,CLOSED,NORMAL,PORTAL,2428,5,2026-03-09 09:21:35,2026-03-25 16:08:34,,CREDIT,170.87,170.87,Delivery promised 2026-02-17 arrived 2026-03-06 (17 days late). Customer requests compensation for the delay.,"Redelivery completed, customer confirmed."
405,CL-2026-00094,2353,6238,6451,DAMAGED,RESOLVED,URGENT,EMAIL,4244,5,2026-02-11 14:01:58,2026-03-06 17:34:27,2026-02-13,REPLACEMENT,2230.10,1672.57,"4 x Øresund Vuoma WP Pannier Pair 22L Sand arrived with crushed cartons and torn packaging. Also affected: Loimu Trail Lite Satellite Messenger, Hygge Ridge Lite Tent 2P Black. Driver noted the damage on the CMR.",Credit note issued.
406,CL-2026-00095,530,6245,6457,DAMAGED,RESOLVED,NORMAL,EMAIL,955,5,2026-02-24 11:49:10,2026-03-12 11:37:52,,CREDIT,101.90,101.90,1 x Fjellvind Skare 2.0 Duffel 60L Sunset Yellow arrived with crushed cartons and torn packaging. Driver noted the damage on the CMR.,Goodwill credit agreed with account manager.
407,CL-2026-00096,1375,6252,6464,LATE_DELIVERY,RESOLVED,NORMAL,EMAIL,2475,3,2026-02-23 18:14:31,2026-03-16 09:19:20,,CREDIT,18.64,18.64,Delivery promised 2026-02-05 arrived 2026-02-10 (5 days late). Customer missed a weekend campaign and requests a goodwill credit.,Goodwill credit agreed with account manager.
408,CL-2026-00097,332,6258,6471,QUALITY_DEFECT,REJECTED,NORMAL,EMAIL,589,4,2026-03-09 17:38:41,2026-03-19 16:29:29,,CREDIT,40.59,0.00,9 x Baltic Kaldo Eco Seam Sealer returned by end customers: sole separating from the upper. Remaining stock put on hold in store.,Damage not reported within 48 h of delivery.
409,CL-2026-00098,1814,6259,6472,LATE_DELIVERY,RESOLVED,NORMAL,EMAIL,3282,3,2026-02-23 14:21:44,2026-02-27 15:12:02,,CREDIT,1731.23,1731.23,"Delivery promised 2026-02-12 arrived 2026-02-16 (4 days late). Second late delivery this quarter, customer escalates.","Return authorised, goods received back."
410,CL-2026-00099,379,6260,6473,DAMAGED,CLOSED,HIGH,EMAIL,685,4,2026-03-04 17:44:21,2026-03-25 13:41:38,,REPLACEMENT,870.15,870.15,"3 x Isvidde Skog Snow Shovel Midnight Blue on pallet 1 arrived with crushed cartons and torn packaging. Also affected: Isbre Sylarna II Map Case, Ruska Åreskutan XT Approach Shoe EU 38 Midnight Blue. Outer wrap was torn on arrival.","Return authorised, goods received back."
411,CL-2026-00100,1497,6268,6481,RETURN_REQUEST,CLOSED,NORMAL,EMAIL,2695,4,2026-03-04 16:33:03,2026-03-25 11:44:23,,RETURN_AUTHORISATION,138.90,138.90,"Customer wants to return 1 x Jäkälä Kaira Lite Rain Jacket XXL Slate Grey, unsold season stock; asks for a return authorisation.","Replacement shipped, credit note for freight."
412,CL-2026-00101,1586,6315,6530,MISSING_ITEMS,REJECTED,NORMAL,PORTAL,2855,5,2026-02-16 08:32:34,2026-03-04 15:24:08,,REDELIVERY,22.69,0.00,"Packing list shows 2 x Kelo Alpine Pro Insulated Mug Ruby Red, customer counted 1. 1 missing.",Price matches the signed order confirmation.
413,CL-2026-00102,909,6350,6569,WRONG_ITEM,RESOLVED,HIGH,EMAIL,1642,5,2026-02-13 12:59:02,2026-02-23 11:12:19,,CREDIT,6942.40,6942.40,Received a different variant instead of Bergtatt Revontuli Backpack 35L Black (24 pcs). Customer asks for exchange.,"Redelivery completed, customer confirmed."
414,CL-2026-00103,1428,6371,6590,MISSING_ITEMS,RESOLVED,NORMAL,PORTAL,2569,3,2026-03-05 07:00:44,2026-03-12 09:00:54,,CREDIT,154.50,77.25,"Packing list shows 12 x Jäkälä Elv Hiking Shorts XXL Moss Green, customer counted 9. 3 missing. Carton count on the pallet matched the label.",Credit note issued.
415,CL-2026-00104,723,6455,6678,PRICING_DISPUTE,CLOSED,LOW,PORTAL,1302,5,2026-02-23 10:12:14,2026-02-25 12:30:33,,CREDIT,10.56,10.56,Invoice price for Baltic Trail WP Hiking Shorts M Deep Teal does not match the agreed price. Customer expected the contract price.,"Redelivery completed, customer confirmed."
416,CL-2026-00105,2383,6456,6679,QUALITY_DEFECT,CLOSED,NORMAL,PHONE,4293,5,2026-03-23 18:06:05,2026-04-06 17:41:21,,REPAIR,243.00,182.25,3 x Skjærgård Bre II Trekking Poles 170 cm Ochre returned by end customers: buckle cracked in the cold. Remaining stock put on hold in store.,Credit note issued.
417,CL-2026-00106,1986,6458,6681,QUALITY_DEFECT,CLOSED,NORMAL,EMAIL,3591,5,2026-03-12 08:02:25,2026-03-30 09:11:32,,CREDIT,1131.50,1131.50,1 x Fjellvind Kulku Pro Duffel 120L Moss Green returned by end customers: zip slider broke after a few uses. Call back Matti on +358 40 442 9276.,"Replacement shipped, credit note for freight."
418,CL-2026-00107,797,6475,6701,QUALITY_DEFECT,CLOSED,NORMAL,PHONE,1434,3,2026-03-09 10:54:33,2026-03-12 14:22:11,,REPAIR,230.28,230.28,36 x Älv Ruska Eco Insulated Mug Slate Grey returned by end customers: sole separating from the upper.,"Redelivery completed, customer confirmed."
419,CL-2026-00108,1784,6480,6706,LATE_DELIVERY,CLOSED,NORMAL,PORTAL,3229,3,2026-03-16 11:43:47,2026-03-19 08:54:39,,CREDIT,230.18,172.63,"Delivery promised 2026-03-02 arrived 2026-03-03 (1 days late). Second late delivery this quarter, customer escalates.",Repair completed by supplier.
420,CL-2026-00109,79,6488,6714,DAMAGED,CLOSED,NORMAL,EMAIL,147,4,2026-03-02 17:58:02,2026-03-20 16:36:37,,CREDIT,432.00,432.00,4 x Kaamos Selkä Lite Bivy Black arrived with crushed cartons and torn packaging. Photos attached.,"Return authorised, goods received back."
421,CL-2026-00110,1481,6513,6741,DAMAGED,CLOSED,NORMAL,PHONE,2666,5,2026-02-18 11:20:43,2026-02-19 14:53:08,,CREDIT,116.82,116.82,3 x Øresund Summit Camp Lantern Moss Green arrived with crushed cartons and torn packaging. Also affected: Isbre Sylarna II Map Case. Driver noted the damage on the CMR.,Repair completed by supplier.
422,CL-2026-00111,685,6579,6808,LATE_DELIVERY,CLOSED,NORMAL,EMAIL,1229,4,2026-04-01 08:35:39,2026-04-07 17:04:50,,CREDIT,869.75,434.88,"Delivery promised 2026-03-30 arrived 2026-04-01 (2 days late). Second late delivery this quarter, customer escalates.","Redelivery completed, customer confirmed."
423,CL-2026-00112,717,6581,6811,LATE_DELIVERY,CLOSED,NORMAL,PORTAL,1291,5,2026-04-20 10:17:39,2026-05-13 12:24:36,,CREDIT,74.23,74.23,Delivery promised 2026-03-27 arrived 2026-04-17 (21 days late). Customer missed a weekend campaign and requests a goodwill credit.,Goodwill credit agreed with account manager.
424,CL-2026-00113,669,6598,6828,PRICING_DISPUTE,REJECTED,NORMAL,PORTAL,1199,3,2026-03-30 16:44:05,2026-03-31 14:37:20,,CREDIT,27.00,0.00,Invoice price for Nordwald Rauk II Daypack 8L Sunset Yellow does not match the agreed price. Customer expected the contract price.,Damage not reported within 48 h of delivery.
425,CL-2026-00114,651,6615,6846,DAMAGED,CLOSED,HIGH,EMAIL,1167,3,2026-04-06 13:30:26,2026-04-13 15:22:52,,REPLACEMENT,5707.00,2853.50,1 x Nordwald Trail Plus Duffel 40L Sunset Yellow on pallet 1 arrived with crushed cartons and torn packaging. Also affected: Nordvind Kaldo Lite Insulated Jacket XXL Midnight Blue. Outer wrap was torn on arrival.,Repair completed by supplier.
426,CL-2026-00115,2044,6625,6859,LATE_DELIVERY,CLOSED,NORMAL,PORTAL,3695,3,2026-04-14 08:17:20,2026-05-04 16:55:44,,CREDIT,442.99,332.24,Delivery promised 2026-03-23 arrived 2026-04-13 (21 days late). Customer missed a weekend campaign and requests a goodwill credit.,"Replacement shipped, credit note for freight."
427,CL-2026-00116,2151,6629,6863,DAMAGED,REJECTED,HIGH,EMAIL,3885,5,2026-04-08 15:36:48,2026-04-15 15:31:52,,CREDIT,1133.80,0.00,10 x Tundra Summit WP Water Bottle Black arrived with crushed cartons and torn packaging. Also affected: Jäkälä Kaamos WP Hiking Trousers M Petrol. Driver noted the damage on the CMR.,Price matches the signed order confirmation.
428,CL-2026-00117,2146,6639,6874,LATE_DELIVERY,REJECTED,NORMAL,EMAIL,3874,5,2026-03-30 07:26:35,2026-04-22 16:34:09,,CREDIT,1643.32,0.00,"Delivery promised 2026-03-20 arrived 2026-03-23 (3 days late). Second late delivery this quarter, customer escalates.",Damage not reported within 48 h of delivery.
429,CL-2026-00118,479,6640,6875,DAMAGED,REJECTED,URGENT,PORTAL,861,5,2026-03-23 13:32:51,2026-04-10 12:04:39,2026-03-25,REPLACEMENT,1627.20,0.00,"3 x Taiga Suvanto Fleece Jacket XS Forest arrived with crushed cartons and torn packaging. Also affected: Skjærgård Tuuli Eco Trekking Poles 150 cm Burnt Orange, Øresund Nordvik Plus Compass. Photos attached.",Delivered on the promised date per POD.
430,CL-2026-00119,2054,6672,6912,DAMAGED,CLOSED,HIGH,EMAIL,3715,5,2026-04-13 08:14:54,2026-04-29 14:22:27,2026-04-21,REPLACEMENT,2428.20,1214.10,18 x Kaamos Aapa XT Handheld GPS on pallet 1 arrived with crushed cartons and torn packaging. Driver noted the damage on the CMR.,"Redelivery completed, customer confirmed."
431,CL-2026-00120,2054,6686,6927,WRONG_ITEM,CLOSED,HIGH,PHONE,3715,3,2026-03-17 18:16:37,2026-04-01 08:29:53,,REPLACEMENT,4634.88,4634.88,Received a different variant instead of Älv Selkä 2.0 Duffel 90L Sunset Yellow (96 pcs). Customer asks for exchange.,Repair completed by supplier.
432,CL-2026-00121,1128,6698,6937,MISSING_ITEMS,CLOSED,NORMAL,PHONE,2028,3,2026-03-27 09:02:30,2026-04-09 17:22:03,,CREDIT,266.70,266.70,"Packing list shows 6 x Skjærgård Bre II Trekking Poles 150 cm Ochre, customer counted 3. 3 missing. One carton short against the packing list.",Goodwill credit agreed with account manager.
433,CL-2026-00122,761,6708,6947,LATE_DELIVERY,CLOSED,HIGH,EMAIL,1379,5,2026-03-30 07:56:46,2026-04-23 13:09:36,,CREDIT,4909.91,2454.95,"Delivery promised 2026-03-12 arrived 2026-03-16 (4 days late). Second late delivery this quarter, customer escalates.",Goodwill credit agreed with account manager.
434,CL-2026-00123,634,6715,6954,DAMAGED,CLOSED,NORMAL,PHONE,1137,5,2026-03-26 17:52:49,2026-04-09 14:05:31,,REPLACEMENT,572.28,572.28,12 x Vuoma Alpine Insulated Mat Moss Green arrived with crushed cartons and torn packaging. Photos attached.,"Redelivery completed, customer confirmed."
435,CL-2026-00124,308,6721,6960,LATE_DELIVERY,CLOSED,NORMAL,PORTAL,549,4,2026-03-31 17:41:26,2026-04-16 08:08:23,,CREDIT,954.76,477.38,Delivery promised 2026-03-25 arrived 2026-03-30 (5 days late). Customer requests compensation for the delay.,Goodwill credit agreed with account manager.
436,CL-2026-00125,1253,6726,6966,LATE_DELIVERY,CLOSED,NORMAL,PHONE,2250,3,2026-04-24 16:05:35,2026-04-30 17:42:05,,CREDIT,1617.47,1213.10,Delivery promised 2026-03-27 arrived 2026-04-17 (21 days late). Store had to postpone its season opening display.,"Return authorised, goods received back."
437,CL-2026-00126,862,6754,6996,PRICING_DISPUTE,CLOSED,LOW,PORTAL,1553,4,2026-03-24 09:48:12,2026-04-06 14:28:58,,CREDIT,139.54,139.54,Invoice price for Gråsten Polar Hiking Boot EU 47 Slate Grey does not match the agreed price. Customer expected the pre-order price.,Goodwill credit agreed with account manager.
438,CL-2026-00127,1748,6758,7000,MISSING_ITEMS,CLOSED,NORMAL,EMAIL,3157,3,2026-03-23 16:39:32,2026-04-09 12:39:18,,REDELIVERY,285.50,285.50,"Packing list shows 2 x Fjellvind Tundra Lite Down Sleeping Bag -5°C Black, customer counted 1. 1 missing.",Credit note issued.
439,CL-2026-00128,700,6762,7004,WRONG_ITEM,REJECTED,HIGH,PORTAL,1257,4,2026-03-23 16:41:27,2026-04-17 13:29:35,,REPLACEMENT,5112.00,0.00,Received a different variant instead of Peak Arctic XT Winter Boot EU 46 Lichen (24 pcs). Customer asks for exchange.,Delivered on the promised date per POD.
440,CL-2026-00129,1980,6771,7013,MISSING_ITEMS,RESOLVED,NORMAL,PORTAL,3583,4,2026-03-06 17:25:15,2026-03-19 13:56:34,,REDELIVERY,400.72,400.72,"Packing list shows 6 x Fjellvind Skog Plus Camp Pillow Ruby Red, customer counted 0. 6 missing. Carton count on the pallet matched the label.",Repair completed by supplier.
441,CL-2026-00130,2017,6792,7034,PRICING_DISPUTE,CLOSED,LOW,EMAIL,3643,3,2026-03-31 11:45:13,2026-04-03 15:48:09,,CREDIT,18.71,14.03,Invoice price for Peak Trail WP Hiking Boot EU 38 Ochre does not match the agreed price. Customer expected the pre-order price.,Goodwill credit agreed with account manager.
442,CL-2026-00131,300,6799,7042,RETURN_REQUEST,RESOLVED,NORMAL,PORTAL,534,3,2026-03-30 08:50:24,2026-04-13 16:13:49,,RETURN_AUTHORISATION,178.60,178.60,"Customer wants to return 4 x Øresund Tind II Headlamp Sunset Yellow, unsold season stock; asks for a return authorisation.",Credit note issued.
443,CL-2026-00132,2273,6805,7048,WRONG_ITEM,CLOSED,NORMAL,PHONE,4097,3,2026-04-07 12:32:36,2026-04-30 14:52:52,,REPLACEMENT,16.16,16.16,Received a different variant instead of Älv Fjord II Water Bottle Petrol (2 pcs). Customer asks for exchange.,Credit note issued.
444,CL-2026-00133,1369,6827,7071,RETURN_REQUEST,CLOSED,NORMAL,EMAIL,2466,5,2026-03-23 12:09:52,2026-03-26 16:41:54,,RETURN_AUTHORISATION,1221.00,1221.00,"Customer wants to return 1 x Skjærgård Ridge 2.0 Trekking Poles 125 cm Lichen, unsold season stock; asks for a return authorisation.",Credit note issued.
445,CL-2026-00134,223,6835,7081,DAMAGED,CLOSED,HIGH,EMAIL,392,5,2026-04-01 14:06:22,2026-04-17 10:24:25,2026-04-06,REPLACEMENT,4184.04,4184.04,12 x Kelo Aapa Lite Gas Canister 230 g arrived with crushed cartons and torn packaging. Also affected: Ruska Åreskutan XT Approach Shoe EU 47 Midnight Blue.,Credit note issued.
446,CL-2026-00135,387,6836,7082,LATE_DELIVERY,CLOSED,NORMAL,EMAIL,701,3,2026-03-27 09:47:54,2026-04-01 12:52:05,,CREDIT,651.81,651.81,Delivery promised 2026-03-17 arrived 2026-03-20 (3 days late). Customer missed a weekend campaign and requests a goodwill credit.,Credit note issued.
447,CL-2026-00136,1375,6844,7090,DAMAGED,CLOSED,HIGH,EMAIL,2475,4,2026-04-06 17:51:58,2026-04-27 16:03:03,2026-04-13,CREDIT,2616.00,2616.00,"3 x Nordvind Joki Hiking Socks 2-pack XXL Black arrived with crushed cartons and torn packaging. Also affected: Kaamos Glacier Sleeping Mat Moss Green, Bergtatt Kuru Plus Dry Bag 12L Black. Driver noted the damage on the CMR.",Repair completed by supplier.
448,CL-2026-00137,370,6851,7096,WRONG_ITEM,REJECTED,NORMAL,PHONE,668,4,2026-03-16 07:02:03,2026-04-06 13:27:41,2026-03-20,REPLACEMENT,432.96,0.00,Received a different variant instead of Taiga Nordvik Pro Hiking Socks 2-pack M Black (24 pcs). Customer asks for exchange.,Damage not reported within 48 h of delivery.
449,CL-2026-00138,1138,6865,7111,RETURN_REQUEST,CLOSED,HIGH,EMAIL,2048,3,2026-03-20 17:08:48,2026-03-23 09:54:17,,RETURN_AUTHORISATION,2541.00,1905.75,"Customer wants to return 6 x Rondane Selkä Down Sleeping Bag -10°C Moss Green, unsold season stock; asks for a return authorisation.",Goodwill credit agreed with account manager.
450,CL-2026-00139,979,6866,7112,DAMAGED,REJECTED,NORMAL,PORTAL,1761,4,2026-03-06 17:34:50,2026-03-09 13:33:41,,REPLACEMENT,742.00,0.00,7 x Stig Storm 2.0 Winter Boot EU 37 Petrol arrived with crushed cartons and torn packaging. Photos attached.,Damage not reported within 48 h of delivery.
451,CL-2026-00140,1960,6874,7120,PRICING_DISPUTE,REJECTED,NORMAL,EMAIL,3547,5,2026-03-25 17:25:17,2026-04-01 10:53:27,,CREDIT,260.64,0.00,Invoice price for Peak Inari WP Winter Boot EU 46 Burnt Orange does not match the agreed price. Customer expected the contract price.,Delivered on the promised date per POD.
452,CL-2026-00141,2282,6900,7148,LATE_DELIVERY,CLOSED,NORMAL,EMAIL,4114,5,2026-04-13 18:34:17,2026-04-29 14:06:43,,CREDIT,13.54,13.54,Delivery promised 2026-03-27 arrived 2026-03-31 (4 days late). Store had to postpone its season opening display.,Repair completed by supplier.
453,CL-2026-00142,2355,6915,7164,MISSING_ITEMS,CLOSED,NORMAL,PORTAL,4248,4,2026-04-07 18:42:26,2026-04-17 09:43:14,2026-04-13,CREDIT,253.80,253.80,"Packing list shows 5 x Älv Revontuli Plus Backpack 75L Slate Grey, customer counted 3. 2 missing.",Credit note issued.
454,CL-2026-00143,663,6919,7168,DAMAGED,RESOLVED,NORMAL,EMAIL,1187,3,2026-03-17 13:45:39,2026-03-23 11:39:30,2026-03-25,REPLACEMENT,580.50,580.50,3 x Ruska Kulku Approach Shoe EU 42 Lichen arrived with crushed cartons and torn packaging. Photos attached.,"Return authorised, goods received back."
455,CL-2026-00144,1123,6920,7169,WRONG_ITEM,REJECTED,NORMAL,EMAIL,2019,3,2026-03-27 17:48:07,2026-04-02 09:20:18,,REPLACEMENT,771.86,0.00,Received a different variant instead of Tundra Hyrsky 2.0 Neck Gaiter Petrol (2 pcs). Customer asks for exchange.,Delivered on the promised date per POD.
456,CL-2026-00145,2155,6924,7173,DAMAGED,CLOSED,NORMAL,EMAIL,3892,4,2026-03-24 11:27:38,2026-04-17 15:50:21,2026-04-02,REPLACEMENT,64.62,64.62,9 x Skjærgård Ylläs WP Waterproofing Spray arrived with crushed cartons and torn packaging. Outer wrap was torn on arrival.,"Return authorised, goods received back."
457,CL-2026-00146,1437,6931,7181,WRONG_ITEM,CLOSED,NORMAL,EMAIL,2587,3,2026-03-31 13:10:04,2026-04-14 12:12:55,2026-04-08,REPLACEMENT,239.00,179.25,Received a different variant instead of Rondane Ylläs Synthetic Sleeping Bag +5°C Forest (2 pcs). Customer asks for exchange.,"Replacement shipped, credit note for freight."
458,CL-2026-00147,319,6936,7186,DAMAGED,CLOSED,NORMAL,EMAIL,567,4,2026-03-16 15:36:34,2026-03-30 16:51:52,,CREDIT,135.62,67.81,2 x Nordwald Varanger 2.0 Daypack 8L Burnt Orange arrived with crushed cartons and torn packaging. Also affected: Nordwald Trail II Waterproofing Spray. Outer wrap was torn on arrival.,Goodwill credit agreed with account manager.
459,CL-2026-00148,2320,7009,7262,MISSING_ITEMS,RESOLVED,URGENT,EMAIL,4184,5,2026-03-30 18:25:39,2026-04-20 12:42:51,2026-04-02,CREDIT,2336.92,2336.92,"Packing list shows 96 x Baltic Nordvik 2.0 Hiking Socks 2-pack XS Forest, customer counted 72. 24 missing.","Replacement shipped, credit note for freight."
460,CL-2026-00149,296,7011,7264,DAMAGED,RESOLVED,HIGH,PHONE,530,4,2026-04-07 16:46:25,2026-04-23 17:25:27,2026-04-13,REPLACEMENT,2320.30,1740.23,4 x Kaamos Polar 2.0 Tunnel Tent 2P Ochre on pallet 1 arrived with crushed cartons and torn packaging. Also affected: Aurora Ridge Backpack 55L Sand.,Credit note issued.
461,CL-2026-00150,1083,7015,7268,LATE_DELIVERY,RESOLVED,NORMAL,PORTAL,1946,3,2026-03-24 18:04:15,2026-04-07 10:59:33,,CREDIT,729.17,729.17,Delivery promised 2026-03-20 arrived 2026-03-23 (3 days late). Customer missed a weekend campaign and requests a goodwill credit. Call back Mathias on +47 925 84 965.,Goodwill credit agreed with account manager.
462,CL-2026-00151,1415,7033,7287,LATE_DELIVERY,RESOLVED,NORMAL,EMAIL,2546,5,2026-04-13 13:00:14,2026-04-28 09:59:36,,CREDIT,109.65,82.24,Delivery promised 2026-03-13 arrived 2026-03-30 (17 days late). Store had to postpone its season opening display.,"Redelivery completed, customer confirmed."
463,CL-2026-00152,1949,7035,7289,DAMAGED,CLOSED,NORMAL,PORTAL,3526,3,2026-03-27 09:24:47,2026-04-16 17:17:40,2026-04-06,REPLACEMENT,127.00,127.00,1 x Skjærgård Vinter XT Merino Base Layer Bottom S Midnight Blue arrived with crushed cartons and torn packaging. Also affected: Suvanto Fjord Pro Beanie Black. Outer wrap was torn on arrival.,Goodwill credit agreed with account manager.
464,CL-2026-00153,38,7041,7295,MISSING_ITEMS,RESOLVED,NORMAL,PHONE,67,5,2026-04-13 14:50:54,2026-04-14 17:00:47,,CREDIT,12.44,12.44,"Packing list shows 24 x Stig Kuru Running Socks M Petrol, customer counted 22. 2 missing.","Replacement shipped, credit note for freight."
465,CL-2026-00154,1813,7047,7302,LATE_DELIVERY,CLOSED,NORMAL,EMAIL,3281,3,2026-03-30 08:41:45,2026-04-01 10:58:47,,CREDIT,1178.06,883.54,Delivery promised 2026-03-18 arrived 2026-03-23 (5 days late). Store had to postpone its season opening display.,Goodwill credit agreed with account manager.
466,CL-2026-00155,530,7062,7318,LATE_DELIVERY,RESOLVED,NORMAL,EMAIL,955,5,2026-03-25 09:08:30,2026-04-07 12:24:59,,CREDIT,317.25,317.25,Delivery promised 2026-03-20 arrived 2026-03-23 (3 days late). Store had to postpone its season opening display.,Credit note issued.
467,CL-2026-00156,795,7086,7341,DAMAGED,CLOSED,NORMAL,EMAIL,1432,5,2026-03-30 14:45:09,2026-04-08 08:41:09,,CREDIT,180.98,180.98,2 x Tundra Selkä WP Cookset Arctic White on pallet 1 arrived with crushed cartons and torn packaging. Also affected: Ruska Nietos Eco Hiking Boot EU 43 Arctic White.,Repair completed by supplier.
468,CL-2026-00157,1546,7091,7346,QUALITY_DEFECT,RESOLVED,NORMAL,PORTAL,2789,4,2026-04-27 13:01:55,2026-05-18 10:54:55,,REPLACEMENT,10.09,10.09,1 x Isbre Varanger Neck Gaiter Arctic White returned by end customers: stitching failed on the shoulder strap. Call back Aino on +358 40 997 4845.,Goodwill credit agreed with account manager.
469,CL-2026-00158,2109,7137,7390,WRONG_ITEM,CLOSED,NORMAL,EMAIL,3810,4,2026-03-30 11:20:23,2026-04-22 08:24:07,,REPLACEMENT,24.88,24.88,Received a different variant instead of Nordwald Ylläs Footprint 2P Moss Green (1 pcs). Customer asks for exchange.,"Replacement shipped, credit note for freight."
470,CL-2026-00159,714,7155,7408,RETURN_REQUEST,CLOSED,LOW,EMAIL,1286,5,2026-03-11 16:24:41,2026-03-19 11:12:12,,RETURN_AUTHORISATION,1064.20,798.15,"Customer wants to return 5 x Aurora Tind 2.0 Dry Bag 12L Ruby Red, unsold season stock; asks for a return authorisation.",Credit note issued.
471,CL-2026-00160,1682,7156,7409,WRONG_ITEM,CLOSED,NORMAL,EMAIL,3030,4,2026-03-23 17:02:48,2026-03-26 13:48:52,,REPLACEMENT,6.78,6.78,Received a different variant instead of Aurora Nordvik Eco Neck Gaiter Sunset Yellow (3 pcs). Customer asks for exchange.,Repair completed by supplier.
472,CL-2026-00161,1521,7157,7410,RETURN_REQUEST,CLOSED,LOW,PORTAL,2737,4,2026-03-26 17:35:42,2026-04-06 17:58:26,,RETURN_AUTHORISATION,77.76,58.32,"Customer wants to return 6 x Aurora Ultra Eco Dry Bag 28L Burnt Orange, unsold season stock; asks for a return authorisation.","Replacement shipped, credit note for freight."
473,CL-2026-00162,263,7166,7420,DAMAGED,CLOSED,HIGH,EMAIL,462,4,2026-03-19 17:12:40,2026-04-01 14:03:22,,REPLACEMENT,1885.95,1885.95,24 x Halla Kaira Merino Base Layer Top XS Midnight Blue on pallet 1 arrived with crushed cartons and torn packaging. Also affected: Jäkälä Fjord XT Hiking Shorts L Ruby Red. Outer wrap was torn on arrival.,"Replacement shipped, credit note for freight."
474,CL-2026-00163,1764,7171,7425,PRICING_DISPUTE,CLOSED,LOW,PORTAL,3188,5,2026-03-25 08:57:38,2026-03-31 13:44:21,,CREDIT,12.36,12.36,Invoice price for Aurora Ylläs Eco Hip Pack Deep Teal does not match the agreed price. Customer expected the pre-order price.,Credit note issued.
475,CL-2026-00164,1659,7183,7438,LATE_DELIVERY,CLOSED,NORMAL,EMAIL,2984,4,2026-04-16 07:50:06,2026-04-22 09:21:06,,CREDIT,1578.65,1578.65,"Delivery promised 2026-03-13 arrived 2026-04-09 (27 days late). Second late delivery this quarter, customer escalates.",Repair completed by supplier.
476,CL-2026-00165,17,7208,7466,DAMAGED,RESOLVED,NORMAL,PORTAL,27,3,2026-03-20 08:22:04,2026-04-07 08:04:51,2026-03-25,REPLACEMENT,32.28,32.28,12 x Nordwald Vuori WP Map Case arrived with crushed cartons and torn packaging. Outer wrap was torn on arrival.,Goodwill credit agreed with account manager.
477,CL-2026-00166,710,7221,7480,MISSING_ITEMS,CLOSED,NORMAL,EMAIL,1279,4,2026-04-03 16:07:32,2026-04-10 08:14:49,,REDELIVERY,85.00,85.00,"Packing list shows 12 x Aurora Elv Eco Duffel 90L Sunset Yellow, customer counted 11. 1 missing.",Credit note issued.
478,CL-2026-00167,484,7237,7496,RETURN_REQUEST,CLOSED,NORMAL,PORTAL,869,4,2026-03-26 08:23:57,2026-04-20 10:29:14,,RETURN_AUTHORISATION,559.80,559.80,"Customer wants to return 2 x Aurora Kilpis WP Backpack 55L Sand, unsold season stock; asks for a return authorisation.",Goodwill credit agreed with account manager.
479,CL-2026-00168,1306,7239,7498,MISSING_ITEMS,CLOSED,HIGH,EMAIL,2356,3,2026-04-06 15:23:48,2026-04-29 16:07:15,2026-04-14,REDELIVERY,13085.56,9814.17,"Packing list shows 48 x Jäkälä Nordic Eco Hardshell Jacket XS Sunset Yellow, customer counted 0. 48 missing. Carton count on the pallet matched the label.","Redelivery completed, customer confirmed."
480,CL-2026-00169,1554,7258,7517,DAMAGED,CLOSED,HIGH,PORTAL,2803,5,2026-04-06 09:44:03,2026-04-13 14:20:52,,REPLACEMENT,2411.00,1205.50,12 x Skjærgård Bre II Trekking Poles 150 cm Ochre arrived with crushed cartons and torn packaging. Also affected: Peak Trail WP Hiking Boot EU 38 Ochre. Driver noted the damage on the CMR.,Repair completed by supplier.
481,CL-2026-00170,370,7280,7541,WRONG_ITEM,CLOSED,NORMAL,EMAIL,668,5,2026-03-24 12:51:13,2026-04-14 11:06:14,,REPLACEMENT,623.40,623.40,Received a different variant instead of Skjærgård Bre II Trekking Poles 170 cm Ochre (2 pcs). Customer asks for exchange.,"Return authorised, goods received back."
482,CL-2026-00171,813,7299,7563,MISSING_ITEMS,RESOLVED,NORMAL,EMAIL,1466,4,2026-04-09 17:06:10,2026-04-22 10:22:23,2026-04-20,CREDIT,479.70,359.77,"Packing list shows 6 x Isbre Tundra Pro Climbing Skins 220 cm Midnight Blue, customer counted 3. 3 missing.","Redelivery completed, customer confirmed."
483,CL-2026-00172,241,7308,7573,LATE_DELIVERY,CLOSED,NORMAL,EMAIL,423,4,2026-04-02 10:50:32,2026-04-03 14:33:12,,CREDIT,328.26,246.19,Delivery promised 2026-03-25 arrived 2026-03-26 (1 days late). Customer requests compensation for the delay.,Repair completed by supplier.
484,CL-2026-00173,860,7348,7613,DAMAGED,CLOSED,NORMAL,PHONE,1549,3,2026-03-30 11:37:55,2026-04-20 15:26:36,,CREDIT,441.60,331.20,24 x Halla Vuoma 2.0 Liner Gloves XL Forest arrived with crushed cartons and torn packaging. Driver noted the damage on the CMR. Reported by Elin Lundqvist (elin.lundqvist@ruskagear.example).,"Return authorised, goods received back."
485,CL-2026-00174,2049,7351,7616,MISSING_ITEMS,RESOLVED,NORMAL,PORTAL,3705,4,2026-03-17 08:00:03,2026-04-09 14:23:22,2026-03-27,REDELIVERY,1295.52,1295.52,"Packing list shows 48 x Tundra Nuten First Aid Kit S Lichen, customer counted 0. 48 missing. One carton short against the packing list. Customer contact: Matti Saarinen, +358 40 457 6794.","Redelivery completed, customer confirmed."
486,CL-2026-00175,862,7352,7617,QUALITY_DEFECT,REJECTED,NORMAL,EMAIL,1552,5,2026-04-10 13:28:34,2026-04-24 11:52:44,,REPLACEMENT,358.08,0.00,24 x Halla Trail WP Hiking Socks 2-pack M Deep Teal returned by end customers: colour bleeding after first wash. Customer asks whether the whole batch is affected.,Delivered on the promised date per POD.
487,CL-2026-00176,48,7391,7655,DAMAGED,REJECTED,URGENT,PORTAL,87,5,2026-04-01 18:45:00,2026-04-17 14:42:48,2026-04-03,CREDIT,351.50,0.00,4 x Vuoma Suvanto WP Insulated Mat Ochre arrived with crushed cartons and torn packaging. Also affected: Aurora Ultra 2.0 Beanie Graphite. Driver noted the damage on the CMR.,Damage not reported within 48 h of delivery.
488,CL-2026-00177,596,7400,7664,LATE_DELIVERY,CLOSED,NORMAL,EMAIL,1070,3,2026-03-24 16:27:58,2026-04-14 13:36:46,,CREDIT,72.71,54.53,"Delivery promised 2026-03-20 arrived 2026-03-23 (3 days late). Second late delivery this quarter, customer escalates.",Credit note issued.
489,CL-2026-00178,1146,7434,7700,DAMAGED,RESOLVED,NORMAL,EMAIL,2061,5,2026-03-17 09:19:07,2026-04-08 17:54:06,,REPLACEMENT,22.16,22.16,1 x Kaamos Ruska WP Camp Pillow Lichen on pallet 1 arrived with crushed cartons and torn packaging. Outer wrap was torn on arrival.,Credit note issued.
490,CL-2026-00179,935,7444,7710,PRICING_DISPUTE,RESOLVED,LOW,EMAIL,1686,5,2026-03-31 18:06:43,2026-04-23 10:27:34,,CREDIT,1519.20,1519.20,Invoice price for Nordvind Sylarna XT Hardshell Jacket S Ochre does not match the agreed price. Customer expected the contract price.,"Redelivery completed, customer confirmed."
491,CL-2026-00180,132,7461,7728,WRONG_ITEM,CLOSED,NORMAL,PORTAL,240,4,2026-03-09 16:38:36,2026-03-30 12:50:41,,REPLACEMENT,9.50,9.50,Received a different variant instead of Brenner Nietos XT Camp Stove Petrol (2 pcs). Customer asks for exchange. Call back Ingrid on +47 992 04 977.,"Return authorised, goods received back."
492,CL-2026-00181,1185,7486,7755,MISSING_ITEMS,CLOSED,NORMAL,PORTAL,2130,5,2026-05-11 09:13:58,2026-05-20 13:43:35,,REDELIVERY,642.00,321.00,"Packing list shows 6 x Peilung Selja II Handheld GPS, customer counted 3. 3 missing. Carton count on the pallet matched the label.","Replacement shipped, credit note for freight."
493,CL-2026-00182,1929,7489,7758,WRONG_ITEM,RESOLVED,NORMAL,EMAIL,3493,4,2026-04-14 11:42:26,2026-04-22 11:42:28,,REPLACEMENT,778.06,778.06,Received a different variant instead of Tundra Hyrsky 2.0 Neck Gaiter Lichen (10 pcs). Customer asks for exchange.,Credit note issued.
494,CL-2026-00183,1716,7497,7766,RETURN_REQUEST,RESOLVED,NORMAL,EMAIL,3091,5,2026-04-20 15:30:14,2026-04-29 10:21:26,,RETURN_AUTHORISATION,61.76,61.76,"Customer wants to return 2 x Halla Loiste XT Liner Gloves XL Moss Green, unsold season stock; asks for a return authorisation.","Replacement shipped, credit note for freight."
495,CL-2026-00184,381,7547,7820,LATE_DELIVERY,CLOSED,NORMAL,EMAIL,689,4,2026-04-28 18:48:37,2026-05-07 08:55:20,,CREDIT,102.50,102.50,Delivery promised 2026-04-08 arrived 2026-04-23 (15 days late). Customer missed a weekend campaign and requests a goodwill credit.,"Return authorised, goods received back."
496,CL-2026-00185,155,7556,7829,LATE_DELIVERY,CLOSED,NORMAL,EMAIL,276,4,2026-04-16 13:23:30,2026-04-27 10:50:07,,CREDIT,68.89,34.45,"Delivery promised 2026-04-10 arrived 2026-04-16 (6 days late). Second late delivery this quarter, customer escalates.",Goodwill credit agreed with account manager.
497,CL-2026-00186,1035,7560,7833,LATE_DELIVERY,RESOLVED,NORMAL,EMAIL,1860,4,2026-04-29 15:10:27,2026-05-13 14:17:11,,CREDIT,267.39,267.39,Delivery promised 2026-04-21 arrived 2026-04-27 (6 days late). Customer requests compensation for the delay.,Credit note issued.
498,CL-2026-00187,464,7592,7867,WRONG_ITEM,CLOSED,NORMAL,PHONE,834,3,2026-04-27 09:14:08,2026-04-30 13:11:47,2026-05-01,CREDIT,411.80,308.85,Received a different variant instead of Peak Ultra Pro Hardshell Jacket XL Deep Teal (2 pcs). Customer asks for exchange.,"Redelivery completed, customer confirmed."
499,CL-2026-00188,949,7608,7883,LATE_DELIVERY,RESOLVED,NORMAL,EMAIL,1712,4,2026-04-24 11:07:48,2026-05-12 13:32:00,,CREDIT,875.33,656.50,"Delivery promised 2026-04-22 arrived 2026-04-23 (1 days late). Second late delivery this quarter, customer escalates.","Redelivery completed, customer confirmed."
500,CL-2026-00189,1768,7632,7907,LATE_DELIVERY,CLOSED,NORMAL,PHONE,3193,4,2026-05-04 15:33:58,2026-05-27 09:14:51,,CREDIT,21.10,21.10,"Delivery promised 2026-04-16 arrived 2026-04-20 (4 days late). Second late delivery this quarter, customer escalates.",Credit note issued.
501,CL-2026-00190,1800,7645,7920,DAMAGED,RESOLVED,HIGH,EMAIL,3254,5,2026-05-07 08:24:40,2026-05-27 08:25:17,2026-05-11,CREDIT,3618.24,3618.24,96 x Nordvind Kuru Fleece Jacket S Moss Green arrived with crushed cartons and torn packaging. Outer wrap was torn on arrival.,Goodwill credit agreed with account manager.
502,CL-2026-00191,814,7653,7929,PRICING_DISPUTE,CLOSED,LOW,EMAIL,1467,4,2026-05-14 15:06:03,2026-06-08 13:19:19,,CREDIT,3.49,3.49,Invoice price for Peilung Palsa Plus Camp Lantern Black does not match the agreed price. Customer expected the pre-order price.,Repair completed by supplier.
503,CL-2026-00192,2145,7657,7933,MISSING_ITEMS,REJECTED,NORMAL,EMAIL,3873,3,2026-04-20 16:14:04,2026-04-23 17:31:18,,CREDIT,1730.70,0.00,"Packing list shows 36 x Fjellvind Kaamos Duffel 90L Lichen, customer counted 18. 18 missing. Carton count on the pallet matched the label.",Damage not reported within 48 h of delivery.
504,CL-2026-00193,291,7672,7950,LATE_DELIVERY,CLOSED,NORMAL,EMAIL,519,3,2026-05-06 15:51:12,2026-05-15 12:31:35,,CREDIT,544.91,272.45,"Delivery promised 2026-04-17 arrived 2026-04-24 (7 days late). Second late delivery this quarter, customer escalates. Reported by Venla Hämäläinen (venla.hamalainen@polarstore.example).",Credit note issued.
505,CL-2026-00194,627,7690,7968,DAMAGED,RESOLVED,NORMAL,EMAIL,1125,4,2026-04-13 07:38:01,2026-04-30 08:49:52,,REPLACEMENT,19.56,14.67,1 x Halla Pallas Hiking Socks 2-pack XS Black arrived with crushed cartons and torn packaging.,Repair completed by supplier.
506,CL-2026-00195,1772,7691,7969,QUALITY_DEFECT,CLOSED,NORMAL,EMAIL,3202,3,2026-05-11 10:02:37,2026-05-13 10:38:10,,REPAIR,11.58,11.58,"1 x Peilung Kilpis II Beanie Lichen returned by end customers: valve leaks, mat deflates overnight. Remaining stock put on hold in store.","Return authorised, goods received back."
507,CL-2026-00196,295,7692,7970,MISSING_ITEMS,CLOSED,HIGH,EMAIL,527,4,2026-04-27 15:09:50,2026-05-06 12:42:30,,REDELIVERY,4374.00,4374.00,"Packing list shows 36 x Suvanto Kaldo Quickdraw 6-pack Ruby Red, customer counted 27. 9 missing. Carton count on the pallet matched the label.",Repair completed by supplier.
508,CL-2026-00197,1233,7695,7973,MISSING_ITEMS,REJECTED,NORMAL,PORTAL,2213,4,2026-04-21 08:11:56,2026-05-08 12:04:04,2026-04-30,REDELIVERY,439.20,0.00,"Packing list shows 12 x Fjellvind Sylarna WP Dry Bag 8L Lichen, customer counted 0. 12 missing. Carton count on the pallet matched the label.",Damage not reported within 48 h of delivery.
509,CL-2026-00198,950,7718,7996,PRICING_DISPUTE,RESOLVED,NORMAL,PORTAL,1713,3,2026-05-20 12:42:01,2026-06-08 09:41:49,,CREDIT,1.24,1.24,Invoice price for Skjærgård Ridge Lite Neck Gaiter Moss Green does not match the agreed price. Customer expected the contract price.,"Replacement shipped, credit note for freight."
510,CL-2026-00199,1415,7723,8001,WRONG_ITEM,CLOSED,NORMAL,EMAIL,2546,3,2026-05-04 17:45:00,2026-05-12 12:25:59,,REPLACEMENT,395.60,197.80,Received a different variant instead of Isbre Varanger Neck Gaiter Burnt Orange (8 pcs). Customer asks for exchange.,Goodwill credit agreed with account manager.
511,CL-2026-00200,856,7727,8005,DAMAGED,CLOSED,NORMAL,EMAIL,1542,3,2026-05-11 17:04:51,2026-05-25 12:26:09,,CREDIT,97.89,97.89,"1 x Isbre Kaldo Pro Map Case arrived with crushed cartons and torn packaging. Also affected: Brenner Åreskutan Eco Cookset Black. Driver noted the damage on the CMR. Customer contact: Sindre Johansen, +47 945 41 821.",Credit note issued.
512,CL-2026-00201,184,7766,8047,DAMAGED,RESOLVED,HIGH,EMAIL,322,3,2026-04-09 10:27:02,2026-04-24 16:07:36,,REPLACEMENT,826.80,826.80,12 x Peak Kuru Lite Hiking Boot EU 39 Burnt Orange arrived with crushed cartons and torn packaging. Photos attached.,Goodwill credit agreed with account manager.
513,CL-2026-00202,1459,7782,8065,QUALITY_DEFECT,REJECTED,NORMAL,PORTAL,2628,5,2026-05-07 12:45:20,2026-05-19 15:13:29,,REPLACEMENT,429.72,0.00,"6 x Älv Ruska Eco Insulated Mug Slate Grey returned by end customers: valve leaks, mat deflates overnight.",Damage not reported within 48 h of delivery.
514,CL-2026-00203,1845,7790,8073,DAMAGED,CLOSED,URGENT,EMAIL,3336,4,2026-04-17 14:45:59,2026-04-30 14:40:20,2026-04-20,REPLACEMENT,56.60,56.60,5 x Brenner Arctic Water Bottle Ochre arrived with crushed cartons and torn packaging.,Goodwill credit agreed with account manager.
515,CL-2026-00204,2031,7830,8110,QUALITY_DEFECT,CLOSED,NORMAL,EMAIL,3674,4,2026-05-28 12:22:23,2026-06-08 17:35:49,,REPAIR,798.00,399.00,12 x Fjellvind Fjord Backpack 65L Lichen returned by end customers: zip slider broke after a few uses. Remaining stock put on hold in store.,Credit note issued.
516,CL-2026-00205,2261,7852,8134,WRONG_ITEM,CLOSED,HIGH,EMAIL,4070,5,2026-04-14 11:01:18,2026-04-23 15:10:42,2026-04-23,CREDIT,3570.00,2677.50,Received a different variant instead of Fjellvind Tundra Lite Down Sleeping Bag -10°C Black (12 pcs). Customer asks for exchange.,Credit note issued.
517,CL-2026-00206,903,7853,8135,RETURN_REQUEST,REJECTED,NORMAL,PORTAL,1632,3,2026-04-27 07:22:05,2026-05-07 15:42:03,,RETURN_AUTHORISATION,2.63,0.00,"Customer wants to return 1 x Baltic Aapa Lite Beanie Petrol, unsold season stock; asks for a return authorisation.",Price matches the signed order confirmation.
518,CL-2026-00207,110,7858,8140,DAMAGED,REJECTED,HIGH,PORTAL,208,4,2026-05-01 15:16:06,2026-05-25 14:35:00,,REPLACEMENT,1651.86,0.00,"12 x Hygge Fjell Footprint 4P Sand on pallet 1 arrived with crushed cartons and torn packaging. Also affected: Hygge Trail Water Filter Graphite, Skjærgård Kuru II Merino Base Layer Bottom XS Ochre. Outer wrap was torn on arrival.",Return window exceeded.
519,CL-2026-00208,2264,7890,8175,LATE_DELIVERY,RESOLVED,NORMAL,EMAIL,4079,5,2026-05-04 14:19:59,2026-05-11 11:20:04,,CREDIT,338.66,254.00,"Delivery promised 2026-04-20 arrived 2026-04-22 (2 days late). Second late delivery this quarter, customer escalates.",Goodwill credit agreed with account manager.
520,CL-2026-00209,1606,7906,8193,QUALITY_DEFECT,CLOSED,NORMAL,PORTAL,2890,4,2026-05-07 12:16:46,2026-06-01 17:26:13,,REPLACEMENT,563.01,563.01,4 x Fjellvind Nordvik Lite Duffel 60L Slate Grey returned by end customers: stitching failed on the shoulder strap. Remaining stock put on hold in store.,Goodwill credit agreed with account manager.
521,CL-2026-00210,3,7915,8202,DAMAGED,RESOLVED,HIGH,PHONE,5,5,2026-04-23 14:22:05,2026-05-04 14:41:17,2026-05-01,REPLACEMENT,1205.76,904.32,48 x Baltic Pallas II Hiking Socks 2-pack XL Ochre arrived with crushed cartons and torn packaging. Outer wrap was torn on arrival.,"Replacement shipped, credit note for freight."
522,CL-2026-00211,1905,7919,8207,WRONG_ITEM,RESOLVED,NORMAL,PHONE,3450,4,2026-05-04 16:12:03,2026-05-27 11:37:57,,CREDIT,31.92,15.96,Received a different variant instead of Baltic Tundra Trail Gaiters XL Forest (3 pcs). Customer asks for exchange.,Goodwill credit agreed with account manager.
523,CL-2026-00212,1027,7921,8210,WRONG_ITEM,RESOLVED,NORMAL,PORTAL,1846,4,2026-05-04 18:40:31,2026-05-11 13:29:36,2026-05-11,REPLACEMENT,20.35,15.26,"Received a different variant instead of Halla Kilpis II Repair Kit (5 pcs). Customer asks for exchange. Customer contact: Katri Hämäläinen, +358 40 122 7060.",Goodwill credit agreed with account manager.
524,CL-2026-00213,430,7922,8211,QUALITY_DEFECT,CLOSED,NORMAL,PORTAL,776,3,2026-06-22 10:38:42,2026-06-26 16:55:41,,REPLACEMENT,110.74,110.74,4 x Stig Vuori Running Vest 12L Arctic White returned by end customers: seam tape peeling on the inside. Remaining stock put on hold in store.,Repair completed by supplier.
525,CL-2026-00214,2222,7934,8223,LATE_DELIVERY,CLOSED,NORMAL,EMAIL,3998,4,2026-05-06 14:28:18,2026-05-20 10:52:34,,CREDIT,1422.25,1422.25,Delivery promised 2026-05-04 arrived 2026-05-05 (1 days late). Customer missed a weekend campaign and requests a goodwill credit.,Credit note issued.
526,CL-2026-00215,2371,7948,8236,MISSING_ITEMS,CLOSED,NORMAL,EMAIL,4278,4,2026-04-17 09:04:34,2026-05-12 13:33:29,,REDELIVERY,1857.04,1857.04,"Packing list shows 12 x Hygge Fjell Lite Synthetic Sleeping Bag -20°C Burnt Orange, customer counted 0. 12 missing. One carton short against the packing list.",Goodwill credit agreed with account manager.
527,CL-2026-00216,1302,7969,8258,DAMAGED,CLOSED,HIGH,PORTAL,2347,3,2026-05-18 07:03:25,2026-05-25 15:50:30,2026-05-25,REPLACEMENT,1089.80,817.35,2 x Isbre Tundra Pro Climbing Skins 220 cm Midnight Blue arrived with crushed cartons and torn packaging. Also affected: Gråsten Bre Trail Shoe EU 47 Lichen. Driver noted the damage on the CMR.,"Redelivery completed, customer confirmed."
528,CL-2026-00217,336,7979,8269,LATE_DELIVERY,CLOSED,NORMAL,EMAIL,598,3,2026-04-21 09:18:25,2026-05-05 13:04:22,,CREDIT,366.59,183.29,Delivery promised 2026-04-17 arrived 2026-04-20 (3 days late). Customer missed a weekend campaign and requests a goodwill credit.,Credit note issued.
529,CL-2026-00218,183,7997,8288,MISSING_ITEMS,RESOLVED,NORMAL,EMAIL,321,5,2026-04-24 17:28:15,2026-05-13 13:32:13,,REDELIVERY,827.33,827.33,"Packing list shows 5 x Aurora Varanger WP First Aid Kit L Sand, customer counted 4. 1 missing. One carton short against the packing list.","Redelivery completed, customer confirmed."
530,CL-2026-00219,1605,8000,8291,LATE_DELIVERY,RESOLVED,NORMAL,EMAIL,2889,3,2026-05-04 14:31:02,2026-05-06 15:55:07,,CREDIT,54.86,54.86,Delivery promised 2026-05-01 arrived 2026-05-04 (3 days late). Customer missed a weekend campaign and requests a goodwill credit.,Goodwill credit agreed with account manager.
531,CL-2026-00220,2222,8007,8298,DAMAGED,CLOSED,NORMAL,EMAIL,3998,5,2026-05-01 08:30:08,2026-05-08 14:01:39,,REPLACEMENT,11.53,11.53,1 x Peilung Bre XT Camp Lantern Petrol arrived with crushed cartons and torn packaging. Photos attached.,Goodwill credit agreed with account manager.
532,CL-2026-00221,150,8011,8302,DAMAGED,REJECTED,NORMAL,PORTAL,268,5,2026-04-13 13:35:51,2026-04-17 11:44:31,2026-04-23,CREDIT,133.00,0.00,2 x Fjellvind Fjord Backpack 65L Lichen arrived with crushed cartons and torn packaging. Driver noted the damage on the CMR.,Return window exceeded.
533,CL-2026-00222,685,8012,8303,LATE_DELIVERY,CLOSED,NORMAL,EMAIL,1228,3,2026-04-16 09:25:22,2026-04-27 09:35:29,,CREDIT,3.08,3.08,"Delivery promised 2026-04-09 arrived 2026-04-13 (4 days late). Second late delivery this quarter, customer escalates.",Repair completed by supplier.
534,CL-2026-00223,2316,8020,8311,LATE_DELIVERY,CLOSED,NORMAL,PORTAL,4174,5,2026-04-27 18:32:18,2026-05-11 08:12:52,,CREDIT,144.54,72.27,Delivery promised 2026-04-16 arrived 2026-04-22 (6 days late). Store had to postpone its season opening display.,"Replacement shipped, credit note for freight."
535,CL-2026-00224,1665,8025,8316,LATE_DELIVERY,REJECTED,NORMAL,EMAIL,2997,5,2026-04-22 17:26:18,2026-04-27 10:12:36,,CREDIT,1057.18,0.00,"Delivery promised 2026-04-13 arrived 2026-04-17 (4 days late). Second late delivery this quarter, customer escalates.",Delivered on the promised date per POD.
536,CL-2026-00225,2199,8069,8363,DAMAGED,CLOSED,URGENT,EMAIL,3962,5,2026-05-04 10:18:31,2026-05-06 12:22:46,2026-05-06,CREDIT,1747.26,1747.26,"3 x Fjellvind Tuuli Tunnel Tent 3P Slate Grey arrived with crushed cartons and torn packaging. Also affected: Skjærgård Bre II Trekking Poles 150 cm Ochre, Tundra Kallio II First Aid Kit XL Petrol. Photos attached.","Redelivery completed, customer confirmed."
537,CL-2026-00226,398,8075,8369,WRONG_ITEM,RESOLVED,NORMAL,EMAIL,723,4,2026-04-20 14:55:58,2026-05-12 08:47:49,,REPLACEMENT,51.45,51.45,Received a different variant instead of Skjærgård Tind Lite Liner Gloves XXL Forest (5 pcs). Customer asks for exchange.,Repair completed by supplier.
538,CL-2026-00227,678,8091,8386,DAMAGED,RESOLVED,NORMAL,PHONE,1217,3,2026-04-28 14:59:04,2026-05-13 15:51:44,2026-05-05,REPLACEMENT,221.60,221.60,1 x Nordwald Ultra Duffel 60L Forest arrived with crushed cartons and torn packaging. Also affected: Aurora Fjord Plus Seam Sealer. Photos attached.,"Redelivery completed, customer confirmed."
539,CL-2026-00228,2283,8106,8402,WRONG_ITEM,CLOSED,NORMAL,PHONE,4116,5,2026-04-17 13:07:50,2026-05-04 10:50:19,,CREDIT,8.95,6.71,Received a different variant instead of Baltic Pallas Lite Beanie Sand (1 pcs). Customer asks for exchange.,"Redelivery completed, customer confirmed."
540,CL-2026-00229,1222,8110,8406,QUALITY_DEFECT,AWAITING_CUSTOMER,HIGH,EMAIL,2192,3,2026-05-11 07:26:49,,,REPLACEMENT,8853.60,,24 x Nordwald Ridge WP Daypack 22L Petrol returned by end customers: seam tape peeling on the inside. Remaining stock put on hold in store.,
541,CL-2026-00230,1442,8141,8435,DAMAGED,CLOSED,NORMAL,EMAIL,2599,4,2026-04-13 11:37:44,2026-04-21 10:31:47,,REPLACEMENT,164.00,164.00,2 x Hygge Fjell Footprint 2P Sand arrived with crushed cartons and torn packaging. Driver noted the damage on the CMR.,"Redelivery completed, customer confirmed."
542,CL-2026-00231,859,8154,8448,MISSING_ITEMS,CLOSED,NORMAL,PORTAL,1547,5,2026-04-28 07:49:00,2026-05-01 11:57:04,,REDELIVERY,347.50,173.75,"Packing list shows 2 x Myrsky Revontuli Insulated Jacket M Black, customer counted 1. 1 missing. Carton count on the pallet matched the label.",Goodwill credit agreed with account manager.
543,CL-2026-00232,947,8155,8449,RETURN_REQUEST,CLOSED,NORMAL,EMAIL,1706,3,2026-05-01 15:18:57,2026-05-14 17:20:13,,RETURN_AUTHORISATION,127.56,63.78,"Customer wants to return 6 x Kelo Alpine Pro Insulated Mug Ochre, unsold season stock; asks for a return authorisation.","Replacement shipped, credit note for freight."
544,CL-2026-00233,808,8162,8456,WRONG_ITEM,RESOLVED,NORMAL,EMAIL,1456,5,2026-04-09 16:30:27,2026-04-10 10:36:40,,REPLACEMENT,431.20,431.20,Received a different variant instead of Peilung Nuten XT Trekking Poles 125 cm Sand (8 pcs). Customer asks for exchange.,"Redelivery completed, customer confirmed."
545,CL-2026-00234,964,8168,8463,MISSING_ITEMS,CLOSED,URGENT,EMAIL,1736,4,2026-04-21 08:05:42,2026-05-04 10:52:07,2026-04-23,REDELIVERY,642.00,642.00,"Packing list shows 30 x Peilung Selja II Handheld GPS, customer counted 27. 3 missing. One carton short against the packing list.","Return authorised, goods received back."
546,CL-2026-00235,550,8197,8490,LATE_DELIVERY,CLOSED,NORMAL,PORTAL,992,5,2026-04-20 10:24:09,2026-05-15 10:20:28,,CREDIT,115.44,86.58,Delivery promised 2026-04-16 arrived 2026-04-17 (1 days late). Store had to postpone its season opening display.,"Return authorised, goods received back."
547,CL-2026-00236,1082,8237,8533,LATE_DELIVERY,RESOLVED,NORMAL,EMAIL,1945,5,2026-06-04 11:40:06,2026-06-29 15:22:47,,CREDIT,172.02,172.02,Delivery promised 2026-04-28 arrived 2026-05-28 (30 days late). Store had to postpone its season opening display.,Goodwill credit agreed with account manager.
548,CL-2026-00237,421,8253,8551,DAMAGED,CLOSED,NORMAL,EMAIL,761,4,2026-06-01 10:33:54,2026-06-22 08:41:50,,REPLACEMENT,436.00,218.00,4 x Isbre Ylläs XT Climbing Skins 160 cm Petrol arrived with crushed cartons and torn packaging. Outer wrap was torn on arrival.,"Replacement shipped, credit note for freight."
549,CL-2026-00238,735,8260,8559,DAMAGED,RESOLVED,NORMAL,EMAIL,1326,3,2026-05-04 12:24:22,2026-05-22 16:44:05,,REPLACEMENT,248.90,248.90,1 x Ruska Revontuli Winter Boot EU 44 Graphite arrived with crushed cartons and torn packaging. Driver noted the damage on the CMR.,Goodwill credit agreed with account manager.
550,CL-2026-00239,1693,8268,8568,MISSING_ITEMS,CLOSED,NORMAL,PHONE,3048,5,2026-05-21 09:17:53,2026-06-08 14:06:27,,REDELIVERY,86.20,86.20,"Packing list shows 48 x Taiga Nordvik Pro Hiking Socks 2-pack L Black, customer counted 44. 4 missing. Carton count on the pallet matched the label.","Redelivery completed, customer confirmed."
551,CL-2026-00240,1772,8277,8577,DAMAGED,REJECTED,HIGH,PORTAL,3200,3,2026-04-20 09:51:17,2026-04-21 11:22:00,,REPLACEMENT,2040.25,0.00,"3 x Hygge Palsa Plus Bag Liner Ochre arrived with crushed cartons and torn packaging. Also affected: Halla Kilpis II Repair Kit, Vuoma Storm II Synthetic Sleeping Bag -10°C Forest. Photos attached.",Return window exceeded.
552,CL-2026-00241,4,8299,8601,DAMAGED,CLOSED,HIGH,EMAIL,7,4,2026-05-01 14:31:48,2026-05-04 08:52:56,2026-05-07,REPLACEMENT,2157.90,1618.43,1 x Gråsten Polar Hiking Boot EU 40 Slate Grey on pallet 1 arrived with crushed cartons and torn packaging. Also affected: Ruska Åreskutan XT Approach Shoe EU 47 Midnight Blue. Driver noted the damage on the CMR.,Repair completed by supplier.
553,CL-2026-00242,2228,8310,8613,LATE_DELIVERY,CLOSED,HIGH,PORTAL,4010,5,2026-05-18 08:45:44,2026-05-20 08:52:59,,CREDIT,2284.79,2284.79,Delivery promised 2026-04-13 arrived 2026-05-11 (28 days late). Customer requests compensation for the delay.,Goodwill credit agreed with account manager.
554,CL-2026-00243,2220,8325,8628,PRICING_DISPUTE,CLOSED,NORMAL,EMAIL,3995,3,2026-04-14 12:02:43,2026-04-27 17:20:11,,CREDIT,151.56,151.56,Invoice price for Peak Skog 2.0 Hiking Boot EU 37 Lichen does not match the agreed price. Customer expected the contract price.,"Return authorised, goods received back."
555,CL-2026-00244,786,8326,8629,MISSING_ITEMS,RESOLVED,NORMAL,EMAIL,1416,3,2026-04-27 17:45:42,2026-05-08 08:56:35,2026-05-06,REDELIVERY,14.31,10.73,"Packing list shows 3 x Hygge Elv 2.0 Insulated Mug Graphite, customer counted 2. 1 missing. Carton count on the pallet matched the label.",Repair completed by supplier.
556,CL-2026-00245,1940,8329,8632,DAMAGED,RESOLVED,NORMAL,PHONE,3514,3,2026-04-21 10:38:33,2026-05-08 09:09:23,,CREDIT,122.40,122.40,24 x Nordwald Joki II Repair Kit arrived with crushed cartons and torn packaging. Outer wrap was torn on arrival.,Repair completed by supplier.
557,CL-2026-00246,630,8334,8636,MISSING_ITEMS,CLOSED,NORMAL,PORTAL,1130,3,2026-04-20 15:16:49,2026-05-04 15:48:23,,REDELIVERY,32.61,32.61,"Packing list shows 6 x Älv Selkä XT Footprint 1P Lichen, customer counted 5. 1 missing. One carton short against the packing list.",Goodwill credit agreed with account manager.
558,CL-2026-00247,2101,8357,8658,MISSING_ITEMS,CLOSED,NORMAL,EMAIL,3796,3,2026-04-16 10:37:06,2026-05-04 15:24:01,,REDELIVERY,23.12,23.12,"Packing list shows 8 x Nordwald Rauk Plus Dry Bag 12L Ochre, customer counted 6. 2 missing. Carton count on the pallet matched the label.",Goodwill credit agreed with account manager.
559,CL-2026-00248,989,8366,8667,DAMAGED,CLOSED,URGENT,EMAIL,1779,4,2026-04-28 10:40:21,2026-05-22 09:30:27,2026-04-30,REPLACEMENT,5.15,3.86,1 x Skjærgård Ridge Lite Neck Gaiter Moss Green on pallet 1 arrived with crushed cartons and torn packaging. Photos attached.,Goodwill credit agreed with account manager.
560,CL-2026-00249,682,8376,8678,DAMAGED,CLOSED,HIGH,PORTAL,1223,3,2026-04-20 13:15:54,2026-05-05 17:53:17,,CREDIT,940.44,940.44,5 x Jäkälä Summit Shell Trousers XXL Graphite arrived with crushed cartons and torn packaging. Also affected: Øresund Arctic II Camp Lantern Forest. Outer wrap was torn on arrival.,Goodwill credit agreed with account manager.
561,CL-2026-00250,2264,8379,8682,DAMAGED,CLOSED,NORMAL,PORTAL,4079,4,2026-04-10 16:40:21,2026-04-16 13:08:02,,REPLACEMENT,149.76,112.32,3 x Brenner Nordic Cookset Ruby Red arrived with crushed cartons and torn packaging. Also affected: Tundra Selkä WP Cookset Arctic White. Outer wrap was torn on arrival.,Credit note issued.
562,CL-2026-00251,197,8394,8697,DAMAGED,RESOLVED,NORMAL,EMAIL,346,3,2026-04-21 09:21:01,2026-04-27 10:30:06,,REPLACEMENT,8.01,8.01,1 x Tundra Fjell Liner Gloves XS Black arrived with crushed cartons and torn packaging. Driver noted the damage on the CMR.,Credit note issued.
563,CL-2026-00252,1481,8419,8721,MISSING_ITEMS,CLOSED,NORMAL,PORTAL,2666,3,2026-04-09 13:49:29,2026-04-27 17:23:21,2026-04-13,REDELIVERY,298.44,149.22,"Packing list shows 48 x Tundra Kero Plus First Aid Kit S Petrol, customer counted 36. 12 missing. Carton count on the pallet matched the label.",Credit note issued.
564,CL-2026-00253,655,8421,8723,LATE_DELIVERY,CLOSED,NORMAL,PORTAL,1174,5,2026-05-11 16:59:56,2026-05-18 14:53:22,,CREDIT,447.95,447.95,Delivery promised 2026-05-04 arrived 2026-05-08 (4 days late). Customer missed a weekend campaign and requests a goodwill credit.,Repair completed by supplier.
565,CL-2026-00254,1552,8447,8753,MISSING_ITEMS,CLOSED,HIGH,PHONE,2799,3,2026-04-13 09:10:53,2026-04-30 16:33:02,2026-04-20,REDELIVERY,2955.00,1477.50,"Packing list shows 18 x Ruska Nuten XT Hiking Boot EU 37 Ruby Red, customer counted 9. 9 missing. One carton short against the packing list.",Credit note issued.
566,CL-2026-00255,1506,8450,8756,RETURN_REQUEST,CLOSED,LOW,PHONE,2708,5,2026-04-27 14:31:02,2026-05-20 12:01:42,,RETURN_AUTHORISATION,286.97,286.97,"Customer wants to return 5 x Taiga Storm Fleece Jacket XXL Sunset Yellow, unsold season stock; asks for a return authorisation.","Replacement shipped, credit note for freight."
567,CL-2026-00256,673,8466,8772,MISSING_ITEMS,CLOSED,NORMAL,EMAIL,1209,4,2026-05-07 13:49:24,2026-05-15 12:29:54,2026-05-15,REDELIVERY,72.95,72.95,"Packing list shows 48 x Brenner Aapa Water Bottle Sand, customer counted 36. 12 missing. Carton count on the pallet matched the label.",Credit note issued.
568,CL-2026-00257,1113,8482,8790,MISSING_ITEMS,RESOLVED,NORMAL,EMAIL,1999,3,2026-04-17 17:34:06,2026-05-04 14:34:49,2026-04-27,REDELIVERY,1181.28,590.64,"Packing list shows 36 x Fjellvind Nordic XT Bag Liner Sand, customer counted 0. 36 missing.","Redelivery completed, customer confirmed."
569,CL-2026-00258,2374,8502,8811,LATE_DELIVERY,REJECTED,HIGH,EMAIL,4281,5,2026-05-04 10:12:22,2026-05-27 12:09:02,,CREDIT,3492.96,0.00,Delivery promised 2026-04-24 arrived 2026-04-27 (3 days late). Customer missed a weekend campaign and requests a goodwill credit.,Damage not reported within 48 h of delivery.
570,CL-2026-00259,876,8512,8821,DAMAGED,CLOSED,NORMAL,EMAIL,1581,3,2026-06-01 10:47:31,2026-06-09 13:01:10,,REPLACEMENT,8.08,8.08,1 x Älv Fjord II Water Bottle Petrol arrived with crushed cartons and torn packaging.,Credit note issued.
571,CL-2026-00260,213,8528,8837,PRICING_DISPUTE,RESOLVED,LOW,PORTAL,377,4,2026-05-28 09:41:13,2026-06-02 12:34:00,,CREDIT,118.20,118.20,Invoice price for Jäkälä Alpine Hiking Trousers S Black does not match the agreed price. Customer expected the contract price.,Credit note issued.
572,CL-2026-00261,563,8555,8865,MISSING_ITEMS,RESOLVED,NORMAL,EMAIL,1017,4,2026-05-19 11:58:07,2026-05-25 14:38:43,,REDELIVERY,596.40,596.40,"Packing list shows 12 x Fjellvind Sylarna II Sleeping Mat Black, customer counted 11. 1 missing.","Redelivery completed, customer confirmed."
573,CL-2026-00262,632,8584,8895,PRICING_DISPUTE,CLOSED,NORMAL,PORTAL,1132,4,2026-05-19 11:28:00,2026-06-15 13:10:54,,CREDIT,115.06,115.06,Invoice price for Kaamos Glacier WP Sleeping Mat Arctic White does not match the agreed price. Customer expected the promotion price.,Repair completed by supplier.
574,CL-2026-00263,1629,8611,8921,RETURN_REQUEST,CLOSED,NORMAL,PHONE,2929,3,2026-05-28 08:10:16,2026-06-15 14:44:40,,RETURN_AUTHORISATION,293.08,219.81,"Customer wants to return 1 x Ruska Kulku Approach Shoe EU 39 Lichen, unsold season stock; asks for a return authorisation.","Return authorised, goods received back."
575,CL-2026-00264,747,8619,8929,QUALITY_DEFECT,CLOSED,NORMAL,EMAIL,1353,4,2026-06-15 11:02:09,2026-06-16 15:41:54,,REPAIR,65.28,65.28,24 x Älv Ruska Eco Insulated Mug Slate Grey returned by end customers: zip slider broke after a few uses. Remaining stock put on hold in store.,"Redelivery completed, customer confirmed."
576,CL-2026-00265,142,8622,8932,QUALITY_DEFECT,CLOSED,HIGH,PHONE,254,5,2026-06-08 10:52:15,2026-06-09 13:27:13,,REPLACEMENT,2369.40,2369.40,6 x Kaamos Polar 2.0 Tunnel Tent 3P Ochre returned by end customers: buckle cracked in the cold. Customer asks whether the whole batch is affected.,Goodwill credit agreed with account manager.
577,CL-2026-00266,1657,8680,8995,DAMAGED,REJECTED,NORMAL,PORTAL,2980,4,2026-05-25 13:39:24,2026-06-03 08:52:26,,CREDIT,266.85,0.00,15 x Taiga Suvanto Fleece Jacket XL Forest arrived with crushed cartons and torn packaging.,Damage not reported within 48 h of delivery.
578,CL-2026-00267,2286,8704,9022,PRICING_DISPUTE,CLOSED,NORMAL,PORTAL,4120,3,2026-05-18 15:52:41,2026-06-10 17:41:24,,CREDIT,22.32,22.32,Invoice price for Halla Nietos XT Merino Base Layer Bottom XXL Sand does not match the agreed price. Customer expected the pre-order price.,Credit note issued.
579,CL-2026-00268,1509,8753,9074,LATE_DELIVERY,REJECTED,HIGH,PORTAL,2711,3,2026-06-10 08:45:27,2026-07-03 14:33:03,,CREDIT,3357.02,0.00,Delivery promised 2026-05-22 arrived 2026-05-29 (7 days late). Customer requests compensation for the delay.,Damage not reported within 48 h of delivery.
580,CL-2026-00269,1398,8754,9075,LATE_DELIVERY,RESOLVED,NORMAL,EMAIL,2514,5,2026-05-19 14:27:19,2026-06-15 09:46:35,,CREDIT,48.15,48.15,Delivery promised 2026-05-07 arrived 2026-05-18 (11 days late). Customer missed a weekend campaign and requests a goodwill credit.,Credit note issued.
581,CL-2026-00270,1662,8763,9083,QUALITY_DEFECT,CLOSED,NORMAL,PORTAL,2990,4,2026-06-05 09:04:42,2026-06-08 08:32:23,,REPLACEMENT,103.86,103.86,"9 x Polarlys Selja WP Power Bank returned by end customers: valve leaks, mat deflates overnight. Remaining stock put on hold in store.","Return authorised, goods received back."
582,CL-2026-00271,869,8769,9089,QUALITY_DEFECT,UNDER_REVIEW,NORMAL,PORTAL,1565,4,2026-07-20 16:18:05,,,REPLACEMENT,580.00,,10 x Fjellvind Kuru Eco Footprint 3P Arctic White returned by end customers: seam tape peeling on the inside.,
583,CL-2026-00272,20,8775,9095,DAMAGED,RESOLVED,NORMAL,PORTAL,32,3,2026-06-01 14:36:13,2026-06-23 14:16:05,,REPLACEMENT,611.61,611.61,"2 x Gråsten Kaldo XT Winter Boot EU 42 Moss Green arrived with crushed cartons and torn packaging. Also affected: Rondane Trail Eco Camp Pillow Graphite, Tundra Summit WP Water Bottle Graphite.","Redelivery completed, customer confirmed."
584,CL-2026-00273,1038,8782,9102,LATE_DELIVERY,REJECTED,NORMAL,EMAIL,1865,5,2026-05-29 09:44:10,2026-06-15 13:24:16,,CREDIT,620.53,0.00,Delivery promised 2026-05-21 arrived 2026-05-28 (7 days late). Customer missed a weekend campaign and requests a goodwill credit.,Damage not reported within 48 h of delivery.
585,CL-2026-00274,1166,8794,9114,LATE_DELIVERY,CLOSED,NORMAL,EMAIL,2093,5,2026-06-05 13:09:07,2026-06-23 08:58:11,,CREDIT,86.74,86.74,"Delivery promised 2026-06-01 arrived 2026-06-04 (3 days late). Second late delivery this quarter, customer escalates.","Redelivery completed, customer confirmed."
586,CL-2026-00275,804,8819,9139,MISSING_ITEMS,CLOSED,NORMAL,EMAIL,1448,5,2026-06-05 13:40:58,2026-06-19 11:47:41,2026-06-15,CREDIT,205.56,205.56,"Packing list shows 36 x Tundra Revontuli Insulated Mug Midnight Blue, customer counted 18. 18 missing.","Redelivery completed, customer confirmed."
587,CL-2026-00276,1064,8832,9154,DAMAGED,CLOSED,NORMAL,EMAIL,1911,4,2026-05-18 18:09:34,2026-05-19 14:39:53,2026-05-25,REPLACEMENT,513.12,513.12,"24 x Velo Inari WP Pannier Pair 28L Black on pallet 1 arrived with crushed cartons and torn packaging. Photos attached. Customer contact: Eero Salo, +358 40 116 9596.","Replacement shipped, credit note for freight."
588,CL-2026-00277,2353,8869,9195,DAMAGED,RESOLVED,HIGH,EMAIL,4244,5,2026-05-21 14:57:03,2026-06-01 17:39:25,2026-06-01,CREDIT,1507.27,1130.45,"1 x Øresund Loiste Plus Frame Bag 12L Slate Grey arrived with crushed cartons and torn packaging. Also affected: Bergtatt Loiste II Dry Bag 22L Arctic White, Peak Fjord 2.0 Trail Shoe EU 47 Ruby Red. Photos attached.","Return authorised, goods received back."
589,CL-2026-00278,1201,8916,9243,LATE_DELIVERY,RESOLVED,NORMAL,PORTAL,2156,3,2026-05-19 12:58:57,2026-05-28 09:42:50,,CREDIT,848.79,848.79,Delivery promised 2026-05-13 arrived 2026-05-19 (6 days late). Store had to postpone its season opening display.,"Replacement shipped, credit note for freight."
590,CL-2026-00279,1958,8929,9256,MISSING_ITEMS,CLOSED,URGENT,EMAIL,3542,4,2026-06-01 11:36:34,2026-06-15 10:13:17,2026-06-03,REDELIVERY,12.66,12.66,"Packing list shows 1 x Skjærgård Kaira 2.0 Neck Gaiter Midnight Blue, customer counted 0. 1 missing. One carton short against the packing list.","Replacement shipped, credit note for freight."
591,CL-2026-00280,1670,8941,9268,WRONG_ITEM,CLOSED,NORMAL,PORTAL,3006,5,2026-05-14 12:08:42,2026-06-08 17:42:55,,REPLACEMENT,543.90,543.90,Received a different variant instead of Baltic Trail WP Hiking Shorts M Deep Teal (12 pcs). Customer asks for exchange.,"Replacement shipped, credit note for freight."
592,CL-2026-00281,1704,8953,9280,WRONG_ITEM,CLOSED,NORMAL,PORTAL,3067,4,2026-05-11 17:20:55,2026-06-01 13:50:40,,REPLACEMENT,1318.00,1318.00,Received a different variant instead of Halla Kaira Merino Base Layer Top XXL Midnight Blue (20 pcs). Customer asks for exchange.,Credit note issued.
593,CL-2026-00282,579,8961,9288,WRONG_ITEM,REJECTED,NORMAL,PHONE,1044,3,2026-05-14 17:21:40,2026-06-01 14:45:48,2026-05-18,REPLACEMENT,320.04,0.00,Received a different variant instead of Isbre Tundra Pro Climbing Skins 115 cm Midnight Blue (2 pcs). Customer asks for exchange.,Delivered on the promised date per POD.
594,CL-2026-00283,171,8969,9297,DAMAGED,RESOLVED,NORMAL,PORTAL,302,4,2026-06-08 15:58:14,2026-06-22 17:28:03,,REPLACEMENT,75.61,37.80,1 x Nordvind Glacier Eco Hiking Shorts XL Deep Teal arrived with crushed cartons and torn packaging. Also affected: Nordvind Kuru Fleece Jacket L Moss Green. Outer wrap was torn on arrival.,Repair completed by supplier.
595,CL-2026-00284,63,8974,9302,WRONG_ITEM,CLOSED,NORMAL,PORTAL,116,4,2026-06-15 14:13:57,2026-06-19 14:30:43,,REPLACEMENT,1163.76,872.82,Received a different variant instead of Saimaa Ruska Seam Sealer (5 pcs). Customer asks for exchange.,Goodwill credit agreed with account manager.
596,CL-2026-00285,209,8999,9328,DAMAGED,CLOSED,NORMAL,EMAIL,367,4,2026-05-29 11:40:35,2026-06-15 14:53:38,,REPLACEMENT,8.01,8.01,1 x Tundra Fjell Liner Gloves XS Black arrived with crushed cartons and torn packaging. Photos attached.,Credit note issued.
597,CL-2026-00286,1170,9002,9333,QUALITY_DEFECT,AWAITING_CUSTOMER,NORMAL,PORTAL,2100,4,2026-07-13 16:44:57,,,REPLACEMENT,41.64,,4 x Älv Aapa Insulated Mug Forest returned by end customers: sole separating from the upper.,
598,CL-2026-00287,1375,9014,9345,LATE_DELIVERY,CLOSED,NORMAL,EMAIL,2475,5,2026-06-12 13:11:51,2026-06-15 15:34:22,,CREDIT,68.85,68.85,Delivery promised 2026-06-05 arrived 2026-06-10 (5 days late). Customer missed a weekend campaign and requests a goodwill credit.,"Return authorised, goods received back."
599,CL-2026-00288,789,9019,9351,DAMAGED,RESOLVED,HIGH,EMAIL,1422,3,2026-06-01 16:42:04,2026-06-22 12:49:08,,REPLACEMENT,1254.96,941.22,15 x Hygge Sylarna Plus Camp Stove Sunset Yellow arrived with crushed cartons and torn packaging. Also affected: Peilung Hyrsky II Beanie Graphite. Driver noted the damage on the CMR.,Repair completed by supplier.
600,CL-2026-00289,2112,9026,9359,DAMAGED,CLOSED,URGENT,EMAIL,3815,3,2026-07-06 15:43:09,2026-07-13 08:36:33,2026-07-08,CREDIT,610.00,610.00,10 x Loimu Kilpis Plus Snow Shovel Ochre arrived with crushed cartons and torn packaging. Outer wrap was torn on arrival.,Repair completed by supplier.
601,CL-2026-00290,2277,9061,9395,QUALITY_DEFECT,REJECTED,NORMAL,EMAIL,4103,5,2026-07-01 13:34:50,2026-07-20 13:32:57,,CREDIT,1632.00,0.00,6 x Vuoma Kero Pro Sleeping Mat Petrol returned by end customers: stitching failed on the shoulder strap.,Delivered on the promised date per POD.
602,CL-2026-00291,1888,9062,9397,QUALITY_DEFECT,CLOSED,NORMAL,EMAIL,3413,5,2026-05-29 10:42:57,2026-06-03 14:29:16,,REPAIR,486.00,486.00,20 x Loimu Glacier WP Camp Lantern Forest returned by end customers: colour bleeding after first wash. Customer asks whether the whole batch is affected.,"Redelivery completed, customer confirmed."
603,CL-2026-00292,83,9078,9413,DAMAGED,RESOLVED,HIGH,PORTAL,155,4,2026-05-26 16:23:24,2026-06-22 17:12:56,,REPLACEMENT,5099.64,5099.64,"2 x Halla Trail WP Hiking Socks 2-pack M Deep Teal on pallet 1 arrived with crushed cartons and torn packaging. Also affected: Saimaa Hav WP SUP Board Ruby Red, Bergtatt Kaamos Daypack 12L Forest.","Redelivery completed, customer confirmed."
604,CL-2026-00293,1925,9087,9423,LATE_DELIVERY,CLOSED,NORMAL,EMAIL,3483,3,2026-05-12 14:34:32,2026-05-13 08:01:23,,CREDIT,1499.91,749.96,Delivery promised 2026-05-08 arrived 2026-05-11 (3 days late). Customer missed a weekend campaign and requests a goodwill credit.,Repair completed by supplier.
605,CL-2026-00294,1523,9100,9438,MISSING_ITEMS,REJECTED,NORMAL,EMAIL,2741,4,2026-05-18 15:41:51,2026-06-08 17:29:19,2026-05-22,CREDIT,114.00,0.00,"Packing list shows 5 x Jäkälä Summit Eco Merino Base Layer Bottom S Sunset Yellow, customer counted 3. 2 missing.",Price matches the signed order confirmation.
606,CL-2026-00295,299,9117,9455,LATE_DELIVERY,CLOSED,HIGH,PORTAL,533,4,2026-05-11 14:49:36,2026-05-26 13:23:13,,CREDIT,2556.16,2556.16,Delivery promised 2026-05-08 arrived 2026-05-11 (3 days late). Store had to postpone its season opening display.,"Return authorised, goods received back."
607,CL-2026-00296,1201,9139,9481,DAMAGED,RESOLVED,NORMAL,EMAIL,2156,4,2026-05-25 13:11:18,2026-06-04 17:40:15,,REPLACEMENT,305.80,305.80,2 x Kaamos Glacier Sleeping Mat Moss Green arrived with crushed cartons and torn packaging.,"Replacement shipped, credit note for freight."
608,CL-2026-00297,1461,9146,9489,QUALITY_DEFECT,CLOSED,NORMAL,PORTAL,2630,3,2026-05-21 10:39:51,2026-06-02 17:35:55,,REPAIR,377.80,377.80,2 x Fjellvind Revontuli 2.0 Backpack 55L Forest returned by end customers: seam tape peeling on the inside. Customer asks whether the whole batch is affected.,"Replacement shipped, credit note for freight."
609,CL-2026-00298,695,9147,9490,DAMAGED,CLOSED,HIGH,EMAIL,1245,3,2026-06-08 07:21:12,2026-06-22 15:57:17,,REPLACEMENT,870.90,870.90,6 x Bergtatt Suvanto Daypack 18L Moss Green arrived with crushed cartons and torn packaging. Also affected: Skjærgård Vinter XT Merino Base Layer Bottom L Midnight Blue. Photos attached.,"Return authorised, goods received back."
610,CL-2026-00299,1891,9152,9495,DAMAGED,CLOSED,HIGH,EMAIL,3420,4,2026-05-29 18:18:21,2026-06-22 16:39:06,,CREDIT,881.36,881.36,"1 x Älv Loiste Lite Daypack 18L Lichen on pallet 1 arrived with crushed cartons and torn packaging. Also affected: Fjord Vuori Touring Kayak Arctic White, Baltic Pallas Lite Beanie Moss Green. Driver noted the damage on the CMR.",Goodwill credit agreed with account manager.
611,CL-2026-00300,432,9162,9508,QUALITY_DEFECT,REJECTED,NORMAL,PORTAL,778,4,2026-06-17 14:16:23,2026-06-26 08:15:47,,REPAIR,24.03,0.00,9 x Kelo Aapa Lite Gas Canister 230 g returned by end customers: buckle cracked in the cold. Remaining stock put on hold in store.,Damage not reported within 48 h of delivery.
612,CL-2026-00301,901,9196,9543,DAMAGED,CLOSED,URGENT,PORTAL,1627,3,2026-06-15 16:56:40,2026-06-22 11:38:01,2026-06-17,CREDIT,142.95,107.21,1 x Peilung Kaira 2.0 First Aid Kit XS Ochre arrived with crushed cartons and torn packaging. Also affected: Brenner Ruska 2.0 Water Bottle Forest. Driver noted the damage on the CMR. Call back Niels on +45 86 11 05 49.,"Return authorised, goods received back."
613,CL-2026-00302,1077,9202,9550,DAMAGED,CLOSED,NORMAL,PHONE,1936,5,2026-05-15 08:12:57,2026-05-21 09:19:38,,CREDIT,13.31,13.31,1 x Jäkälä Kulku Pro Hiking Socks 2-pack M Ruby Red arrived with crushed cartons and torn packaging. Photos attached.,"Replacement shipped, credit note for freight."
614,CL-2026-00303,2193,9233,9580,WRONG_ITEM,CLOSED,NORMAL,EMAIL,3954,4,2026-05-25 08:41:05,2026-05-28 17:25:45,2026-06-01,CREDIT,1670.00,1670.00,Received a different variant instead of Hygge Selkä 2.0 Tunnel Tent 3P Graphite (2 pcs). Customer asks for exchange.,Credit note issued.
615,CL-2026-00304,1461,9234,9582,MISSING_ITEMS,CLOSED,NORMAL,EMAIL,2630,4,2026-05-28 10:26:30,2026-06-08 14:09:01,,REDELIVERY,74.55,74.55,"Packing list shows 30 x Brenner Åreskutan Eco Cookset Black, customer counted 23. 7 missing. One carton short against the packing list.",Goodwill credit agreed with account manager.
616,CL-2026-00305,1210,9237,9585,QUALITY_DEFECT,CLOSED,NORMAL,EMAIL,2169,4,2026-06-12 10:52:30,2026-06-22 16:50:50,,CREDIT,122.14,122.14,4 x Skjærgård Kaira 2.0 Neck Gaiter Midnight Blue returned by end customers: buckle cracked in the cold. Remaining stock put on hold in store.,Credit note issued.
617,CL-2026-00306,2355,9244,9592,DAMAGED,CLOSED,NORMAL,EMAIL,4249,3,2026-06-09 13:16:49,2026-06-29 16:53:35,,REPLACEMENT,574.66,574.66,12 x Jäkälä Glacier Lite Hiking Trousers L Graphite arrived with crushed cartons and torn packaging. Also affected: Øresund Loiste Plus Frame Bag 22L Slate Grey. Driver noted the damage on the CMR.,"Return authorised, goods received back."
618,CL-2026-00307,697,9270,9617,LATE_DELIVERY,REJECTED,NORMAL,PHONE,1250,3,2026-05-14 10:49:55,2026-05-25 10:48:55,,CREDIT,628.29,0.00,Delivery promised 2026-05-08 arrived 2026-05-11 (3 days late). Customer requests compensation for the delay. Call back Eero on +358 40 860 9282.,Damage not reported within 48 h of delivery.
619,CL-2026-00308,131,9279,9626,MISSING_ITEMS,RESOLVED,NORMAL,EMAIL,239,4,2026-05-14 17:46:09,2026-06-08 17:34:39,2026-05-18,CREDIT,88.80,88.80,"Packing list shows 8 x Peilung Bre Plus Compass, customer counted 0. 8 missing.","Return authorised, goods received back."
620,CL-2026-00309,1233,9280,9627,DAMAGED,RESOLVED,HIGH,EMAIL,2213,5,2026-05-12 12:04:10,2026-05-22 11:58:24,,REPLACEMENT,1290.48,645.24,24 x Skjærgård Palsa Hiking Shorts L Forest on pallet 1 arrived with crushed cartons and torn packaging. Also affected: Nordvind Myrsky Plus Fleece Jacket XS Sand.,Goodwill credit agreed with account manager.
621,CL-2026-00310,615,9301,9649,WRONG_ITEM,RESOLVED,NORMAL,PORTAL,1106,3,2026-05-11 12:26:30,2026-05-29 15:04:53,2026-05-18,REPLACEMENT,81.60,40.80,Received a different variant instead of Hygge Summit Plus Titanium Spork (20 pcs). Customer asks for exchange.,"Replacement shipped, credit note for freight."
622,CL-2026-00311,456,9307,9655,LATE_DELIVERY,CLOSED,NORMAL,EMAIL,819,4,2026-06-09 12:46:33,2026-06-12 17:02:55,,CREDIT,1286.77,1286.77,Delivery promised 2026-05-29 arrived 2026-06-02 (4 days late). Store had to postpone its season opening display.,Goodwill credit agreed with account manager.
623,CL-2026-00312,1423,9321,9669,MISSING_ITEMS,REJECTED,NORMAL,PORTAL,2560,5,2026-06-02 10:47:32,2026-06-08 14:00:05,,CREDIT,1793.65,0.00,"Packing list shows 12 x Kaamos Tind XT Bivy Ochre, customer counted 6. 6 missing. One carton short against the packing list.",Delivered on the promised date per POD.
624,CL-2026-00313,2090,9322,9670,WRONG_ITEM,RESOLVED,NORMAL,EMAIL,3777,3,2026-06-01 11:36:46,2026-06-11 13:19:23,2026-06-08,CREDIT,23.76,11.88,Received a different variant instead of Saimaa Ruska Seam Sealer (6 pcs). Customer asks for exchange.,Goodwill credit agreed with account manager.
625,CL-2026-00314,1323,9326,9677,LATE_DELIVERY,CLOSED,NORMAL,PORTAL,2382,3,2026-06-24 07:10:49,2026-06-29 08:15:15,,CREDIT,529.12,396.84,Delivery promised 2026-05-29 arrived 2026-06-22 (24 days late). Customer missed a weekend campaign and requests a goodwill credit.,Goodwill credit agreed with account manager.
626,CL-2026-00315,762,9329,9680,LATE_DELIVERY,RESOLVED,NORMAL,PORTAL,1381,5,2026-05-25 08:53:19,2026-06-12 08:56:08,,CREDIT,720.87,540.65,"Delivery promised 2026-05-08 arrived 2026-05-18 (10 days late). Second late delivery this quarter, customer escalates. Reported by Sanna Korhonen (sanna.korhonen@vaaragear.example).","Redelivery completed, customer confirmed."
627,CL-2026-00316,1551,9337,9688,MISSING_ITEMS,CLOSED,NORMAL,EMAIL,2797,5,2026-05-21 18:16:02,2026-05-22 09:29:07,2026-05-25,CREDIT,225.50,169.12,"Packing list shows 8 x Gråsten Kaldo XT Winter Boot EU 44 Moss Green, customer counted 7. 1 missing.","Replacement shipped, credit note for freight."
628,CL-2026-00317,2106,9353,9705,DAMAGED,RESOLVED,NORMAL,PHONE,3804,4,2026-06-03 09:52:57,2026-06-22 12:22:27,,REPLACEMENT,97.50,48.75,1 x Halla Hyrsky II Merino Base Layer Top XL Lichen arrived with crushed cartons and torn packaging. Outer wrap was torn on arrival.,Goodwill credit agreed with account manager.
629,CL-2026-00318,1662,9357,9709,WRONG_ITEM,CLOSED,NORMAL,EMAIL,2990,3,2026-05-08 11:54:22,2026-05-19 11:04:40,,REPLACEMENT,128.70,96.52,Received a different variant instead of Brenner Ruska 2.0 Water Bottle Ruby Red (6 pcs). Customer asks for exchange.,Credit note issued.
630,CL-2026-00319,119,9373,9723,MISSING_ITEMS,CLOSED,NORMAL,EMAIL,225,3,2026-05-25 08:52:57,2026-06-01 11:35:24,,REDELIVERY,282.78,282.78,"Packing list shows 24 x Isbre Glacier XT Trekking Poles 170 cm Sand, customer counted 18. 6 missing. One carton short against the packing list.","Return authorised, goods received back."
631,CL-2026-00320,2205,9389,9739,MISSING_ITEMS,RESOLVED,NORMAL,PORTAL,3970,4,2026-06-11 12:56:40,2026-07-06 17:24:04,2026-06-15,REDELIVERY,12.04,6.02,"Packing list shows 2 x Tundra Sylarna XT Water Bottle Burnt Orange, customer counted 1. 1 missing. One carton short against the packing list.",Goodwill credit agreed with account manager.
632,CL-2026-00321,1335,9405,9757,WRONG_ITEM,CLOSED,HIGH,EMAIL,2400,5,2026-05-22 10:03:31,2026-06-16 09:46:34,,REPLACEMENT,7146.20,7146.20,Received a different variant instead of Nordwald Nietos II Tent 4P Forest (12 pcs). Customer asks for exchange.,Goodwill credit agreed with account manager.
633,CL-2026-00322,1764,9407,9759,RETURN_REQUEST,CLOSED,HIGH,EMAIL,3188,4,2026-05-15 14:02:33,2026-06-03 10:40:37,,RETURN_AUTHORISATION,2205.00,2205.00,"Customer wants to return 30 x Nordvind Tundra 2.0 Merino Base Layer Top XL Midnight Blue, unsold season stock; asks for a return authorisation.","Replacement shipped, credit note for freight."
634,CL-2026-00323,2283,9408,9760,RETURN_REQUEST,REJECTED,LOW,PORTAL,4115,5,2026-06-08 10:13:46,2026-06-15 12:46:56,,RETURN_AUTHORISATION,9.14,0.00,"Customer wants to return 2 x Isbre Storm Eco Neck Gaiter Lichen, unsold season stock; asks for a return authorisation.",Delivered on the promised date per POD.
635,CL-2026-00324,2163,9409,9762,QUALITY_DEFECT,CLOSED,NORMAL,EMAIL,3905,4,2026-07-02 16:22:22,2026-07-17 09:09:17,,REPAIR,425.00,425.00,5 x Aurora Elv Eco Duffel 90L Sunset Yellow returned by end customers: colour bleeding after first wash. Customer asks whether the whole batch is affected.,Repair completed by supplier.
636,CL-2026-00325,93,9420,9774,WRONG_ITEM,CLOSED,URGENT,PORTAL,175,4,2026-06-01 15:15:51,2026-06-22 13:50:09,2026-06-04,REPLACEMENT,934.50,934.50,Received a different variant instead of Loimu Hav Pro Climbing Skins 220 cm Arctic White (5 pcs). Customer asks for exchange.,Goodwill credit agreed with account manager.
637,CL-2026-00326,359,9434,9787,QUALITY_DEFECT,RESOLVED,NORMAL,PORTAL,645,3,2026-06-15 16:36:32,2026-07-07 12:05:50,,REPLACEMENT,673.30,673.30,10 x Taiga Rauk XT Hiking Trousers M Forest returned by end customers: stitching failed on the shoulder strap. Customer asks whether the whole batch is affected.,Repair completed by supplier.
638,CL-2026-00327,685,9438,9791,DAMAGED,CLOSED,NORMAL,EMAIL,1229,3,2026-05-26 13:55:22,2026-06-12 15:16:57,,REPLACEMENT,465.00,348.75,6 x Kelo Kero WP Water Filter Sand arrived with crushed cartons and torn packaging. Photos attached.,"Replacement shipped, credit note for freight."
639,CL-2026-00328,8,9461,9815,LATE_DELIVERY,RESOLVED,HIGH,PORTAL,16,3,2026-06-02 11:03:45,2026-06-08 17:14:00,,CREDIT,2177.26,1088.63,"Delivery promised 2026-05-20 arrived 2026-05-26 (6 days late). Second late delivery this quarter, customer escalates.",Goodwill credit agreed with account manager.
640,CL-2026-00329,795,9465,9819,PRICING_DISPUTE,RESOLVED,NORMAL,PORTAL,1432,5,2026-06-01 09:43:54,2026-06-08 17:56:46,,CREDIT,639.36,479.52,Invoice price for Kajakk Palsa Buoyancy Aid XXL Arctic White does not match the agreed price. Customer expected the contract price.,Goodwill credit agreed with account manager.
641,CL-2026-00330,657,9466,9820,QUALITY_DEFECT,CLOSED,NORMAL,EMAIL,1178,4,2026-06-11 15:51:02,2026-06-18 13:21:50,,REPAIR,340.33,340.33,"1 x Hygge Vuori Lite Camp Stove Deep Teal returned by end customers: valve leaks, mat deflates overnight.",Goodwill credit agreed with account manager.
642,CL-2026-00331,1100,9467,9822,LATE_DELIVERY,CLOSED,NORMAL,PORTAL,1974,5,2026-06-11 17:37:35,2026-06-12 11:41:40,,CREDIT,16.70,16.70,Delivery promised 2026-06-08 arrived 2026-06-11 (3 days late). Customer requests compensation for the delay.,Repair completed by supplier.
643,CL-2026-00332,2218,9470,9825,QUALITY_DEFECT,RESOLVED,NORMAL,EMAIL,3990,4,2026-05-18 11:01:36,2026-06-05 11:44:36,,CREDIT,287.50,287.50,5 x Nordwald Rauk WP Trekking Poles 180 cm Ochre returned by end customers: sole separating from the upper.,"Replacement shipped, credit note for freight."
644,CL-2026-00333,2004,9497,9854,LATE_DELIVERY,CLOSED,NORMAL,PORTAL,3624,4,2026-05-14 12:37:46,2026-05-18 12:22:06,,CREDIT,10.05,10.05,"Delivery promised 2026-05-08 arrived 2026-05-11 (3 days late). Second late delivery this quarter, customer escalates.",Repair completed by supplier.
645,CL-2026-00334,136,9506,9864,WRONG_ITEM,CLOSED,HIGH,EMAIL,245,4,2026-05-25 18:24:37,2026-05-29 16:01:24,,REPLACEMENT,8358.72,8358.72,Received a different variant instead of Älv Ridge Cookset Graphite (12 pcs). Customer asks for exchange.,Goodwill credit agreed with account manager.
646,CL-2026-00335,812,9513,9873,DAMAGED,CLOSED,HIGH,EMAIL,1464,4,2026-06-15 12:04:50,2026-06-17 08:06:22,2026-06-22,CREDIT,2167.68,2167.68,48 x Jäkälä Palsa Plus Merino Base Layer Bottom M Arctic White arrived with crushed cartons and torn packaging.,Repair completed by supplier.
647,CL-2026-00336,2377,9517,9877,PRICING_DISPUTE,CLOSED,NORMAL,PORTAL,4284,4,2026-05-14 09:51:27,2026-05-18 15:13:48,,CREDIT,218.59,218.59,Invoice price for Nordvind Myrsky Plus Fleece Jacket XXL Sand does not match the agreed price. Customer expected the promotion price.,Credit note issued.
648,CL-2026-00337,1415,9559,9922,WRONG_ITEM,RESOLVED,NORMAL,PORTAL,2546,5,2026-05-11 18:06:55,2026-06-01 17:58:28,2026-05-18,REPLACEMENT,202.44,202.44,Received a different variant instead of Saimaa Myrsky WP Map Case (4 pcs). Customer asks for exchange.,"Replacement shipped, credit note for freight."
649,CL-2026-00338,2145,9563,9926,DAMAGED,RESOLVED,NORMAL,EMAIL,3872,3,2026-06-08 15:07:12,2026-06-18 12:59:33,2026-06-17,REPLACEMENT,205.80,205.80,2 x Aurora Kaldo XT Backpack 35L Forest on pallet 1 arrived with crushed cartons and torn packaging. Driver noted the damage on the CMR.,Goodwill credit agreed with account manager.
650,CL-2026-00339,1207,9569,9932,LATE_DELIVERY,CLOSED,NORMAL,PHONE,2164,5,2026-05-18 07:37:59,2026-06-04 09:36:13,,CREDIT,149.57,149.57,"Delivery promised 2026-05-11 arrived 2026-05-15 (4 days late). Second late delivery this quarter, customer escalates. Call back Håkon on +47 966 93 763.","Replacement shipped, credit note for freight."
651,CL-2026-00340,407,9583,9946,MISSING_ITEMS,REJECTED,HIGH,EMAIL,738,5,2026-06-03 09:02:27,2026-06-09 13:47:30,,REDELIVERY,5457.55,0.00,"Packing list shows 24 x Loimu Inari Power Bank, customer counted 12. 12 missing. Carton count on the pallet matched the label.",Delivered on the promised date per POD.
652,CL-2026-00341,2238,9587,9950,MISSING_ITEMS,CLOSED,NORMAL,EMAIL,4026,3,2026-06-01 18:05:27,2026-06-15 09:37:37,2026-06-05,CREDIT,33.95,33.95,"Packing list shows 5 x Fjellvind Summit Footprint 3P Petrol, customer counted 4. 1 missing. One carton short against the packing list.","Return authorised, goods received back."
653,CL-2026-00342,2371,9590,9953,MISSING_ITEMS,RESOLVED,HIGH,EMAIL,4278,5,2026-05-18 09:49:26,2026-05-21 13:30:27,,REDELIVERY,5626.90,5626.90,"Packing list shows 48 x Loimu Polar WP Snowshoes L Burnt Orange, customer counted 0. 48 missing.","Redelivery completed, customer confirmed."
654,CL-2026-00343,93,9646,10015,LATE_DELIVERY,CLOSED,NORMAL,EMAIL,175,5,2026-07-01 10:39:07,2026-07-20 10:38:42,,CREDIT,174.32,174.32,Delivery promised 2026-06-29 arrived 2026-06-30 (1 days late). Customer requests compensation for the delay.,Credit note issued.
655,CL-2026-00344,296,9673,10040,MISSING_ITEMS,CLOSED,NORMAL,PORTAL,530,4,2026-06-22 13:10:34,2026-07-06 08:43:10,,REDELIVERY,4.08,2.04,"Packing list shows 2 x Hygge Summit Plus Titanium Spork, customer counted 1. 1 missing. Carton count on the pallet matched the label.","Return authorised, goods received back."
656,CL-2026-00345,797,9674,10041,LATE_DELIVERY,CLOSED,NORMAL,EMAIL,1434,3,2026-07-08 16:33:09,2026-07-20 11:15:29,,CREDIT,337.32,252.99,Delivery promised 2026-07-03 arrived 2026-07-06 (3 days late). Customer requests compensation for the delay.,"Return authorised, goods received back."
657,CL-2026-00346,284,9678,10047,PRICING_DISPUTE,REJECTED,NORMAL,EMAIL,508,4,2026-07-16 13:23:48,2026-07-23 12:43:36,,CREDIT,32.59,0.00,Invoice price for Gråsten Storm XT Hiking Sandal EU 37 Forest does not match the agreed price. Customer expected the promotion price.,Damage not reported within 48 h of delivery.
658,CL-2026-00347,2206,9680,10049,DAMAGED,REJECTED,HIGH,EMAIL,3973,3,2026-07-28 15:04:38,2026-08-12 14:23:31,,CREDIT,974.70,0.00,3 x Älv Sylarna II Backpack 75L Ochre arrived with crushed cartons and torn packaging. Outer wrap was torn on arrival.,Delivered on the promised date per POD.
659,CL-2026-00348,2165,9692,10062,DAMAGED,CLOSED,NORMAL,EMAIL,3909,3,2026-06-19 18:03:41,2026-07-10 08:22:50,2026-06-25,CREDIT,519.00,519.00,6 x Isvidde Pallas Harness XL Petrol on pallet 1 arrived with crushed cartons and torn packaging. Photos attached.,Goodwill credit agreed with account manager.
660,CL-2026-00349,1384,9727,10100,MISSING_ITEMS,CLOSED,NORMAL,PORTAL,2489,4,2026-07-27 13:08:34,2026-08-21 10:29:41,,CREDIT,110.00,110.00,"Packing list shows 5 x Fjellvind Inari WP Backpack 55L Ochre, customer counted 3. 2 missing. Carton count on the pallet matched the label.",Goodwill credit agreed with account manager.
661,CL-2026-00350,1845,9749,10124,WRONG_ITEM,CLOSED,NORMAL,EMAIL,3336,3,2026-06-22 16:14:32,2026-06-30 14:12:34,,REPLACEMENT,1312.40,656.20,Received a different variant instead of Taiga Kaamos Fleece Jacket L Moss Green (10 pcs). Customer asks for exchange.,Goodwill credit agreed with account manager.
662,CL-2026-00351,966,9768,10146,LATE_DELIVERY,RESOLVED,NORMAL,PORTAL,1742,5,2026-06-25 10:12:20,2026-07-13 16:37:09,,CREDIT,113.72,85.29,Delivery promised 2026-06-19 arrived 2026-06-22 (3 days late). Customer requests compensation for the delay.,Repair completed by supplier.
663,CL-2026-00352,2331,9781,10163,DAMAGED,RESOLVED,NORMAL,EMAIL,4203,5,2026-07-16 09:41:20,2026-08-05 16:15:45,,REPLACEMENT,6.66,3.33,1 x Stig Kuru Running Socks XS Petrol arrived with crushed cartons and torn packaging.,"Return authorised, goods received back."
664,CL-2026-00353,763,9790,10172,PRICING_DISPUTE,RESOLVED,NORMAL,EMAIL,1383,4,2026-06-12 08:05:06,2026-07-06 16:23:52,,CREDIT,146.81,110.11,Invoice price for Nordwald Fjell Plus Bivy Black does not match the agreed price. Customer expected the pre-order price.,Goodwill credit agreed with account manager.
665,CL-2026-00354,600,9800,10183,DAMAGED,RESOLVED,URGENT,EMAIL,1076,4,2026-06-26 16:36:00,2026-07-16 08:12:03,2026-06-29,CREDIT,519.00,519.00,10 x Bergtatt Revontuli Daypack 8L Sunset Yellow arrived with crushed cartons and torn packaging. Outer wrap was torn on arrival.,Goodwill credit agreed with account manager.
666,CL-2026-00355,1185,9826,10212,WRONG_ITEM,REJECTED,NORMAL,PORTAL,2132,4,2026-06-16 17:49:37,2026-06-29 09:44:27,,REPLACEMENT,31.08,0.00,Received a different variant instead of Kelo Aapa Lite Gas Canister 100 g (12 pcs). Customer asks for exchange.,Delivered on the promised date per POD.
667,CL-2026-00356,2250,9830,10216,WRONG_ITEM,CLOSED,NORMAL,EMAIL,4051,3,2026-07-01 10:59:10,2026-07-27 08:12:45,,REPLACEMENT,56.58,56.58,Received a different variant instead of Nordwald Nuten XT Hip Pack Midnight Blue (6 pcs). Customer asks for exchange.,Credit note issued.
668,CL-2026-00357,381,9838,10224,QUALITY_DEFECT,RESOLVED,NORMAL,EMAIL,690,3,2026-07-10 11:00:02,2026-07-27 12:15:08,,CREDIT,70.47,35.23,"9 x Älv Selkä II Gas Canister 100 g returned by end customers: valve leaks, mat deflates overnight. Customer asks whether the whole batch is affected.",Repair completed by supplier.
669,CL-2026-00358,745,9848,10234,LATE_DELIVERY,CLOSED,NORMAL,EMAIL,1348,5,2026-06-22 15:22:11,2026-06-29 08:30:40,,CREDIT,390.09,195.04,Delivery promised 2026-06-18 arrived 2026-06-22 (4 days late). Store had to postpone its season opening display.,"Redelivery completed, customer confirmed."
670,CL-2026-00359,1562,9850,10236,DAMAGED,CLOSED,NORMAL,EMAIL,2815,4,2026-07-06 18:20:06,2026-07-15 08:28:19,,REPLACEMENT,574.90,574.90,1 x Hygge Ridge Lite Tent 4P Black on pallet 1 arrived with crushed cartons and torn packaging. Photos attached.,"Return authorised, goods received back."
671,CL-2026-00360,1134,9866,10254,LATE_DELIVERY,APPROVED,NORMAL,EMAIL,2038,5,2026-07-27 08:11:05,,,CREDIT,351.10,263.33,Delivery promised 2026-07-02 arrived 2026-07-27 (25 days late). Customer missed a weekend campaign and requests a goodwill credit.,
672,CL-2026-00361,1287,9880,10271,LATE_DELIVERY,CLOSED,NORMAL,EMAIL,2317,4,2026-07-16 16:14:23,2026-08-10 11:21:15,,CREDIT,860.55,430.27,Delivery promised 2026-06-30 arrived 2026-07-09 (9 days late). Customer missed a weekend campaign and requests a goodwill credit.,"Replacement shipped, credit note for freight."
673,CL-2026-00362,2012,9910,10299,LATE_DELIVERY,CLOSED,NORMAL,PORTAL,3634,3,2026-06-22 17:16:47,2026-07-01 12:31:27,,CREDIT,7.81,5.86,"Delivery promised 2026-06-16 arrived 2026-06-19 (3 days late). Second late delivery this quarter, customer escalates.","Replacement shipped, credit note for freight."
674,CL-2026-00363,1886,9913,10302,WRONG_ITEM,REJECTED,HIGH,EMAIL,3409,5,2026-06-18 09:50:15,2026-06-24 14:35:44,2026-06-22,REPLACEMENT,8253.70,0.00,Received a different variant instead of Halla Summit XT Hiking Trousers L Deep Teal (48 pcs). Customer asks for exchange.,Damage not reported within 48 h of delivery.
675,CL-2026-00364,1909,9933,10323,MISSING_ITEMS,CLOSED,NORMAL,PORTAL,3457,4,2026-06-24 16:04:03,2026-06-29 15:52:45,,REDELIVERY,135.80,67.90,"Packing list shows 2 x Nordvind Myrsky Plus Fleece Jacket M Sand, customer counted 0. 2 missing. Carton count on the pallet matched the label.",Goodwill credit agreed with account manager.
676,CL-2026-00365,1000,9936,10326,DAMAGED,CLOSED,NORMAL,PORTAL,1797,5,2026-07-13 13:08:57,2026-07-31 09:21:19,2026-07-21,REPLACEMENT,36.43,36.43,1 x Hygge Vuori Lite Camp Stove Slate Grey arrived with crushed cartons and torn packaging. Also affected: Hygge Nordic XT Gas Canister 230 g. Photos attached.,Goodwill credit agreed with account manager.
677,CL-2026-00366,1343,9946,10338,PRICING_DISPUTE,CLOSED,LOW,PHONE,2414,5,2026-07-06 18:41:30,2026-07-20 15:46:57,,CREDIT,3.54,1.77,Invoice price for Saimaa Pallas Lite Repair Kit does not match the agreed price. Customer expected the pre-order price.,"Replacement shipped, credit note for freight."
678,CL-2026-00367,1128,9957,10350,LATE_DELIVERY,CLOSED,NORMAL,PORTAL,2028,3,2026-07-08 16:51:36,2026-07-28 14:37:21,,CREDIT,238.42,238.42,Delivery promised 2026-06-26 arrived 2026-07-01 (5 days late). Customer missed a weekend campaign and requests a goodwill credit. Reported by Oskar Johansson (oskar.johansson@linkoping.sport.fritid.example).,Repair completed by supplier.
679,CL-2026-00368,1426,9964,10357,WRONG_ITEM,CLOSED,HIGH,EMAIL,2566,5,2026-06-11 12:06:49,2026-06-17 08:54:12,,REPLACEMENT,2847.00,2135.25,Received a different variant instead of Stig Storm 2.0 Winter Boot EU 43 Petrol (30 pcs). Customer asks for exchange.,"Return authorised, goods received back."
680,CL-2026-00369,2260,9967,10360,LATE_DELIVERY,RESOLVED,NORMAL,EMAIL,4069,3,2026-07-16 16:33:16,2026-07-20 09:15:09,,CREDIT,731.49,731.49,"Delivery promised 2026-07-06 arrived 2026-07-09 (3 days late). Second late delivery this quarter, customer escalates.","Return authorised, goods received back."
681,CL-2026-00370,836,10003,10399,LATE_DELIVERY,CLOSED,NORMAL,EMAIL,1506,3,2026-07-06 13:50:26,2026-07-09 13:21:10,,CREDIT,141.12,105.84,Delivery promised 2026-06-29 arrived 2026-07-02 (3 days late). Customer missed a weekend campaign and requests a goodwill credit.,"Replacement shipped, credit note for freight."
682,CL-2026-00371,51,10005,10401,MISSING_ITEMS,REJECTED,URGENT,PORTAL,94,3,2026-06-22 12:49:19,2026-06-30 12:35:24,2026-06-25,REDELIVERY,19.39,0.00,"Packing list shows 3 x Skjærgård Nuten Plus Hiking Socks 2-pack XS Slate Grey, customer counted 2. 1 missing. One carton short against the packing list.",Damage not reported within 48 h of delivery.
683,CL-2026-00372,1146,10013,10410,DAMAGED,CLOSED,HIGH,EMAIL,2061,4,2026-06-08 18:36:36,2026-06-23 17:34:14,,CREDIT,4809.30,4809.30,6 x Hygge Summit Eco Tunnel Tent 4P Forest arrived with crushed cartons and torn packaging. Also affected: Kaamos Kaldo Compass. Outer wrap was torn on arrival.,"Replacement shipped, credit note for freight."
684,CL-2026-00373,663,10025,10423,QUALITY_DEFECT,CLOSED,NORMAL,PHONE,1188,5,2026-07-27 18:18:53,2026-08-17 11:08:56,,REPLACEMENT,121.80,121.80,2 x Fjellvind Kuru Eco Footprint 1P Arctic White returned by end customers: colour bleeding after first wash. Customer asks whether the whole batch is affected.,Credit note issued.
685,CL-2026-00374,304,10032,10431,MISSING_ITEMS,CLOSED,NORMAL,EMAIL,543,3,2026-06-12 07:36:01,2026-06-29 09:17:03,,REDELIVERY,16.96,8.48,"Packing list shows 2 x Saimaa Trail II Kayak Paddle 210 cm Lichen, customer counted 1. 1 missing.","Return authorised, goods received back."
686,CL-2026-00375,432,10033,10433,LATE_DELIVERY,REJECTED,NORMAL,PORTAL,778,3,2026-07-27 17:44:44,2026-07-31 17:29:45,,CREDIT,389.21,0.00,Delivery promised 2026-06-25 arrived 2026-07-24 (29 days late). Customer requests compensation for the delay.,Price matches the signed order confirmation.
687,CL-2026-00376,685,10057,10459,LATE_DELIVERY,CLOSED,NORMAL,EMAIL,1229,5,2026-06-19 15:29:06,2026-07-14 16:37:25,,CREDIT,81.68,81.68,Delivery promised 2026-06-08 arrived 2026-06-12 (4 days late). Customer missed a weekend campaign and requests a goodwill credit.,Repair completed by supplier.
688,CL-2026-00377,1759,10089,10494,PRICING_DISPUTE,CLOSED,NORMAL,EMAIL,3179,5,2026-06-24 16:48:15,2026-07-15 14:07:05,,CREDIT,399.60,199.80,Invoice price for Halla Summit XT Hiking Trousers L Deep Teal does not match the agreed price. Customer expected the contract price.,"Return authorised, goods received back."
689,CL-2026-00378,1143,10090,10495,DAMAGED,CLOSED,NORMAL,EMAIL,2056,3,2026-07-09 09:29:26,2026-07-15 13:32:59,2026-07-20,REPLACEMENT,12.14,12.14,2 x Tundra Hyrsky 2.0 Neck Gaiter Petrol arrived with crushed cartons and torn packaging. Photos attached.,Repair completed by supplier.
690,CL-2026-00379,905,10101,10507,LATE_DELIVERY,RESOLVED,NORMAL,PORTAL,1635,5,2026-07-09 10:47:34,2026-07-16 11:59:34,,CREDIT,1414.51,1414.51,"Delivery promised 2026-06-08 arrived 2026-07-06 (28 days late). Second late delivery this quarter, customer escalates.",Credit note issued.
691,CL-2026-00380,1671,10123,10529,DAMAGED,AWAITING_CUSTOMER,NORMAL,EMAIL,3008,3,2026-07-06 08:59:44,,,REPLACEMENT,603.00,,6 x Baltic Ridge Plus Hiking Trousers L Moss Green arrived with crushed cartons and torn packaging.,
692,CL-2026-00381,150,10125,10531,LATE_DELIVERY,REJECTED,NORMAL,PHONE,268,5,2026-06-29 18:55:55,2026-07-07 10:31:16,,CREDIT,177.98,0.00,Delivery promised 2026-06-18 arrived 2026-06-22 (4 days late). Customer missed a weekend campaign and requests a goodwill credit.,Return window exceeded.
693,CL-2026-00382,1697,10137,10543,LATE_DELIVERY,RESOLVED,NORMAL,PHONE,3054,4,2026-07-08 16:02:20,2026-07-20 13:24:08,,CREDIT,941.24,470.62,"Delivery promised 2026-07-02 arrived 2026-07-08 (6 days late). Second late delivery this quarter, customer escalates.",Repair completed by supplier.
694,CL-2026-00383,808,10141,10547,DAMAGED,REJECTED,HIGH,PORTAL,1456,3,2026-06-26 17:43:29,2026-06-29 15:46:42,,REPLACEMENT,11271.00,0.00,18 x Kelo Vuoma Plus Camp Stove Slate Grey on pallet 1 arrived with crushed cartons and torn packaging. Also affected: Ruska Ylläs 2.0 Hiking Boot EU 43 Arctic White. Outer wrap was torn on arrival.,Price matches the signed order confirmation.
695,CL-2026-00384,799,10175,10584,PRICING_DISPUTE,CLOSED,LOW,EMAIL,1439,3,2026-06-15 12:26:05,2026-07-06 17:34:26,,CREDIT,7.67,7.67,Invoice price for Brenner Åreskutan Eco Cookset Black does not match the agreed price. Customer expected the contract price.,"Redelivery completed, customer confirmed."
696,CL-2026-00385,879,10186,10597,LATE_DELIVERY,CLOSED,HIGH,PORTAL,1584,4,2026-06-17 15:12:31,2026-06-22 16:06:44,,CREDIT,2563.18,1922.38,Delivery promised 2026-06-04 arrived 2026-06-05 (1 days late). Customer missed a weekend campaign and requests a goodwill credit.,"Replacement shipped, credit note for freight."
697,CL-2026-00386,521,10217,10626,QUALITY_DEFECT,REJECTED,NORMAL,EMAIL,937,5,2026-07-13 15:46:27,2026-07-27 11:24:32,,REPAIR,253.50,0.00,3 x Brenner Polar Camp Stove Black returned by end customers: sole separating from the upper. Remaining stock put on hold in store. Call back Hege on +47 978 63 811.,Delivered on the promised date per POD.
698,CL-2026-00387,128,10220,10630,LATE_DELIVERY,AWAITING_CUSTOMER,NORMAL,EMAIL,236,5,2026-07-27 11:48:17,,,CREDIT,1346.01,,"Delivery promised 2026-07-01 arrived 2026-07-22 (21 days late). Second late delivery this quarter, customer escalates.",
699,CL-2026-00388,1546,10225,10635,LATE_DELIVERY,CLOSED,NORMAL,PORTAL,2789,4,2026-06-26 12:14:52,2026-07-16 12:25:09,,CREDIT,218.37,109.19,Delivery promised 2026-06-24 arrived 2026-06-25 (1 days late). Customer missed a weekend campaign and requests a goodwill credit.,"Redelivery completed, customer confirmed."
700,CL-2026-00389,633,10241,10652,MISSING_ITEMS,RESOLVED,URGENT,EMAIL,1133,4,2026-06-17 16:00:17,2026-06-29 17:19:16,2026-06-19,CREDIT,56.00,28.00,"Packing list shows 20 x Baltic Kuru Trekking Poles 105 cm Deep Teal, customer counted 10. 10 missing.","Replacement shipped, credit note for freight."
701,CL-2026-00390,1334,10254,10665,DAMAGED,REJECTED,NORMAL,EMAIL,2399,4,2026-07-08 09:19:25,2026-07-20 14:43:05,2026-07-20,REPLACEMENT,702.00,0.00,"4 x Peak Arctic Plus Approach Shoe EU 41 Ochre on pallet 1 arrived with crushed cartons and torn packaging. Also affected: Fjellvind Tuuli Tunnel Tent 4P Slate Grey. Outer wrap was torn on arrival. Customer contact: Kaisa Virtanen, +358 40 975 1996.",Delivered on the promised date per POD.
702,CL-2026-00391,1498,10266,10679,DAMAGED,CLOSED,NORMAL,PORTAL,2696,3,2026-07-07 07:53:01,2026-07-20 11:48:01,2026-07-15,CREDIT,75.96,75.96,12 x Baltic Nordvik XT Trail Cap Sand arrived with crushed cartons and torn packaging. Outer wrap was torn on arrival. Call back Mette on +45 89 39 35 73.,Credit note issued.
703,CL-2026-00392,467,10292,10707,WRONG_ITEM,CLOSED,HIGH,PHONE,841,4,2026-06-23 17:27:07,2026-07-13 13:05:11,,CREDIT,4392.00,3294.00,Received a different variant instead of Isvidde Pallas Harness S Petrol (48 pcs). Customer asks for exchange.,Goodwill credit agreed with account manager.
704,CL-2026-00393,1849,10316,10731,LATE_DELIVERY,CLOSED,NORMAL,PORTAL,3342,3,2026-07-02 12:30:56,2026-07-27 13:59:35,,CREDIT,319.67,239.75,Delivery promised 2026-06-26 arrived 2026-07-01 (5 days late). Customer missed a weekend campaign and requests a goodwill credit.,"Return authorised, goods received back."
705,CL-2026-00394,2181,10336,10751,MISSING_ITEMS,RESOLVED,NORMAL,EMAIL,3937,5,2026-06-15 14:17:56,2026-07-06 16:35:03,,CREDIT,147.24,147.24,"Packing list shows 3 x Tundra Inari 2.0 Cookset Sunset Yellow, customer counted 0. 3 missing. One carton short against the packing list.","Replacement shipped, credit note for freight."
706,CL-2026-00395,693,10338,10753,DAMAGED,CLOSED,NORMAL,EMAIL,1241,4,2026-06-15 10:27:13,2026-07-02 15:29:46,2026-06-22,REPLACEMENT,222.07,222.07,2 x Fjellvind Hav Pro Duffel 60L Deep Teal arrived with crushed cartons and torn packaging. Also affected: Aurora Varanger WP First Aid Kit XS Sand. Photos attached.,"Return authorised, goods received back."
707,CL-2026-00396,1038,10346,10761,QUALITY_DEFECT,RESOLVED,NORMAL,EMAIL,1865,5,2026-08-17 16:41:32,2026-08-24 13:04:24,,CREDIT,122.40,122.40,30 x Halla Loiste Repair Kit returned by end customers: colour bleeding after first wash. Remaining stock put on hold in store.,"Replacement shipped, credit note for freight."
708,CL-2026-00397,1958,10371,10789,QUALITY_DEFECT,CLOSED,NORMAL,EMAIL,3544,5,2026-07-30 12:17:45,2026-08-10 10:08:29,,REPAIR,7.64,5.73,1 x Aurora Tind 2.0 Dry Bag 12L Ruby Red returned by end customers: buckle cracked in the cold.,Goodwill credit agreed with account manager.
709,CL-2026-00398,1845,10386,10805,LATE_DELIVERY,CLOSED,NORMAL,EMAIL,3335,3,2026-06-29 14:06:16,2026-07-17 16:07:04,,CREDIT,121.57,121.57,Delivery promised 2026-06-19 arrived 2026-06-22 (3 days late). Customer requests compensation for the delay.,Repair completed by supplier.
710,CL-2026-00399,1297,10387,10806,LATE_DELIVERY,CLOSED,NORMAL,EMAIL,2338,4,2026-06-22 14:13:40,2026-07-06 13:42:18,,CREDIT,36.49,18.25,"Delivery promised 2026-06-11 arrived 2026-06-15 (4 days late). Second late delivery this quarter, customer escalates. Customer contact: Sanna Heikkinen, +358 40 715 5374.","Replacement shipped, credit note for freight."
711,CL-2026-00400,2035,10403,10826,MISSING_ITEMS,CLOSED,NORMAL,PHONE,3683,3,2026-06-19 18:47:36,2026-07-13 12:19:05,2026-06-29,CREDIT,1591.70,1591.70,"Packing list shows 10 x Gråsten Selja Hiking Boot EU 45 Deep Teal, customer counted 5. 5 missing. Carton count on the pallet matched the label.","Return authorised, goods received back."
712,CL-2026-00401,1610,10408,10830,DAMAGED,RESOLVED,NORMAL,EMAIL,2898,4,2026-06-08 14:09:33,2026-06-22 12:06:15,,REPLACEMENT,44.81,44.81,9 x Aurora Ultra WP Waterproofing Spray arrived with crushed cartons and torn packaging. Also affected: Aurora Glacier Pro Daypack 8L Sand. Photos attached.,"Return authorised, goods received back."
713,CL-2026-00402,1929,10411,10834,MISSING_ITEMS,RESOLVED,NORMAL,PORTAL,3493,4,2026-06-15 07:06:38,2026-07-06 17:55:38,,CREDIT,15.45,7.72,"Packing list shows 6 x Skjærgård Ridge Lite Neck Gaiter Moss Green, customer counted 3. 3 missing. One carton short against the packing list.","Redelivery completed, customer confirmed."
714,CL-2026-00403,419,10424,10849,WRONG_ITEM,RESOLVED,NORMAL,EMAIL,758,3,2026-07-29 16:32:15,2026-08-06 10:10:14,2026-08-03,CREDIT,242.40,181.80,Received a different variant instead of Skjærgård Palsa Hiking Shorts M Forest (12 pcs). Customer asks for exchange.,"Return authorised, goods received back."
715,CL-2026-00404,71,10435,10859,WRONG_ITEM,RESOLVED,NORMAL,PORTAL,134,3,2026-06-17 12:28:22,2026-07-06 11:27:00,,REPLACEMENT,284.20,142.10,Received a different variant instead of Polarlys Vuoma Camp Lantern Lichen (10 pcs). Customer asks for exchange.,Repair completed by supplier.
716,CL-2026-00405,379,10436,10860,QUALITY_DEFECT,CLOSED,NORMAL,EMAIL,685,4,2026-08-05 13:59:35,2026-08-26 13:36:26,,CREDIT,1754.10,1754.10,"9 x Fjellvind Skog Synthetic Sleeping Bag 0°C Midnight Blue returned by end customers: valve leaks, mat deflates overnight. Customer asks whether the whole batch is affected.","Return authorised, goods received back."
717,CL-2026-00406,2282,10438,10862,MISSING_ITEMS,REJECTED,NORMAL,PHONE,4114,4,2026-06-24 07:52:09,2026-07-10 13:49:22,2026-07-03,REDELIVERY,384.50,0.00,"Packing list shows 5 x Nordvind Åreskutan Eco Fleece Jacket XS Graphite, customer counted 0. 5 missing. One carton short against the packing list.",Return window exceeded.
718,CL-2026-00407,134,10459,10884,LATE_DELIVERY,CLOSED,NORMAL,EMAIL,242,3,2026-06-26 09:22:04,2026-07-20 16:05:09,,CREDIT,211.34,158.50,Delivery promised 2026-06-22 arrived 2026-06-23 (1 days late). Customer missed a weekend campaign and requests a goodwill credit.,"Redelivery completed, customer confirmed."
719,CL-2026-00408,1645,10470,10895,MISSING_ITEMS,RESOLVED,NORMAL,PORTAL,2960,3,2026-07-03 16:50:03,2026-07-09 14:50:04,,REDELIVERY,418.90,418.90,"Packing list shows 6 x Myrsky Nuten Plus Hardshell Jacket L Ruby Red, customer counted 5. 1 missing.","Redelivery completed, customer confirmed."
720,CL-2026-00409,2229,10481,10908,QUALITY_DEFECT,CLOSED,NORMAL,PORTAL,4011,3,2026-06-22 13:40:17,2026-07-13 12:42:17,,REPLACEMENT,196.20,98.10,20 x Saimaa Myrsky WP Map Case returned by end customers: seam tape peeling on the inside. Customer asks whether the whole batch is affected.,Credit note issued.
721,CL-2026-00410,1475,10498,10925,MISSING_ITEMS,CLOSED,NORMAL,EMAIL,2656,4,2026-06-19 09:16:29,2026-07-08 09:54:24,2026-06-25,REDELIVERY,45.74,45.74,"Packing list shows 2 x Baltic Trail WP Hiking Shorts XXL Deep Teal, customer counted 1. 1 missing. One carton short against the packing list.","Redelivery completed, customer confirmed."
722,CL-2026-00411,1369,10509,10937,DAMAGED,RESOLVED,HIGH,EMAIL,2466,5,2026-06-29 13:21:28,2026-06-30 10:48:26,,REPLACEMENT,17275.20,17275.20,48 x Vuoma Fjord Plus Down Sleeping Bag -20°C Moss Green on pallet 1 arrived with crushed cartons and torn packaging.,"Replacement shipped, credit note for freight."
723,CL-2026-00412,994,10513,10941,MISSING_ITEMS,CLOSED,NORMAL,PHONE,1789,3,2026-06-18 16:40:13,2026-07-13 08:11:13,,REDELIVERY,158.50,158.50,"Packing list shows 3 x Baltic Summit 2.0 Trekking Poles 170 cm Moss Green, customer counted 2. 1 missing. Carton count on the pallet matched the label.",Goodwill credit agreed with account manager.
724,CL-2026-00413,206,10561,10997,LATE_DELIVERY,AWAITING_CUSTOMER,NORMAL,PHONE,363,4,2026-07-30 13:47:08,,,CREDIT,221.39,,Delivery promised 2026-07-23 arrived 2026-07-27 (4 days late). Customer missed a weekend campaign and requests a goodwill credit.,
725,CL-2026-00414,2113,10566,11004,LATE_DELIVERY,REJECTED,NORMAL,PORTAL,3816,4,2026-08-27 16:12:49,2026-08-31 16:47:26,,CREDIT,1882.12,0.00,Delivery promised 2026-07-23 arrived 2026-08-24 (32 days late). Customer missed a weekend campaign and requests a goodwill credit.,Delivered on the promised date per POD.
726,CL-2026-00415,2204,10598,11037,PRICING_DISPUTE,CLOSED,NORMAL,EMAIL,3969,3,2026-08-03 13:00:00,2026-08-17 16:31:11,,CREDIT,19.06,9.53,Invoice price for Loimu Loiste XT Compass does not match the agreed price. Customer expected the promotion price.,"Return authorised, goods received back."
727,CL-2026-00416,981,10645,11092,WRONG_ITEM,REJECTED,NORMAL,PORTAL,1765,5,2026-08-03 15:38:51,2026-08-04 17:22:03,2026-08-07,CREDIT,613.36,0.00,Received a different variant instead of Aurora Arctic Eco Hip Pack Burnt Orange (2 pcs). Customer asks for exchange.,Return window exceeded.
728,CL-2026-00417,2087,10658,11107,DAMAGED,CLOSED,URGENT,EMAIL,3771,5,2026-08-07 13:50:22,2026-08-31 14:06:23,2026-08-10,CREDIT,3567.00,2675.25,30 x Hygge Suvanto Sleeping Mat Sand arrived with crushed cartons and torn packaging. Driver noted the damage on the CMR.,"Return authorised, goods received back."
729,CL-2026-00418,1824,10665,11115,WRONG_ITEM,RESOLVED,NORMAL,EMAIL,3297,3,2026-08-10 18:56:50,2026-08-17 16:33:32,,CREDIT,311.80,311.80,Received a different variant instead of Peak Trail WP Hiking Boot EU 38 Ochre (2 pcs). Customer asks for exchange.,Repair completed by supplier.
730,CL-2026-00419,2111,10697,11151,MISSING_ITEMS,CLOSED,NORMAL,EMAIL,3812,5,2026-07-27 14:43:30,2026-07-30 13:22:09,,CREDIT,79.97,79.97,"Packing list shows 4 x Tundra Summit WP Water Bottle Graphite, customer counted 3. 1 missing. Carton count on the pallet matched the label.","Redelivery completed, customer confirmed."
731,CL-2026-00420,1545,10717,11175,MISSING_ITEMS,APPROVED,NORMAL,PORTAL,2787,4,2026-08-31 16:01:31,,,CREDIT,15.28,7.64,"Packing list shows 5 x Aurora Tind 2.0 Dry Bag 12L Ruby Red, customer counted 3. 2 missing. Carton count on the pallet matched the label.",
732,CL-2026-00421,1369,10737,11201,LATE_DELIVERY,APPROVED,HIGH,EMAIL,2466,5,2026-08-17 08:01:30,,,CREDIT,4931.53,2465.76,Delivery promised 2026-07-31 arrived 2026-08-03 (3 days late). Customer missed a weekend campaign and requests a goodwill credit.,
733,CL-2026-00422,2144,10749,11214,LATE_DELIVERY,NEW,NORMAL,EMAIL,3871,,2026-09-07 15:23:48,,,CREDIT,1083.20,,Delivery promised 2026-07-20 arrived 2026-08-25 (36 days late). Customer requests compensation for the delay.,
734,CL-2026-00423,2279,10769,11239,WRONG_ITEM,REJECTED,NORMAL,PHONE,4105,5,2026-08-10 18:43:21,2026-08-19 16:05:51,2026-08-20,REPLACEMENT,436.50,0.00,Received a different variant instead of Tundra Summit WP Water Bottle Graphite (12 pcs). Customer asks for exchange.,Delivered on the promised date per POD.
735,CL-2026-00424,1157,10770,11240,RETURN_REQUEST,REJECTED,NORMAL,EMAIL,2079,3,2026-07-17 07:18:35,2026-07-29 13:37:28,,RETURN_AUTHORISATION,488.50,0.00,"Customer wants to return 1 x Kaamos Hav Eco Tent 4P Forest, unsold season stock; asks for a return authorisation.",Damage not reported within 48 h of delivery.
736,CL-2026-00425,1570,10779,11249,QUALITY_DEFECT,CLOSED,NORMAL,EMAIL,2830,5,2026-07-29 11:22:05,2026-08-11 17:40:10,,REPLACEMENT,133.50,133.50,"1 x Bergtatt Suvanto Daypack 18L Moss Green returned by end customers: valve leaks, mat deflates overnight. Remaining stock put on hold in store. Reported by Frederik Sørensen (frederik.sorensen@nietosgear.example).","Replacement shipped, credit note for freight."
737,CL-2026-00426,2344,10789,11259,RETURN_REQUEST,RESOLVED,NORMAL,PORTAL,4226,3,2026-07-13 09:26:49,2026-08-03 10:12:42,,RETURN_AUTHORISATION,326.50,163.25,"Customer wants to return 2 x Kaamos Glacier Sleeping Mat Moss Green, unsold season stock; asks for a return authorisation.",Credit note issued.
738,CL-2026-00427,41,10823,11299,LATE_DELIVERY,AWAITING_CUSTOMER,NORMAL,EMAIL,72,5,2026-07-20 07:56:50,,,CREDIT,1622.98,,"Delivery promised 2026-07-09 arrived 2026-07-13 (4 days late). Second late delivery this quarter, customer escalates. Customer contact: Anni Hämäläinen, +358 40 080 9317.",
739,CL-2026-00428,235,10832,11309,LATE_DELIVERY,RESOLVED,NORMAL,EMAIL,414,4,2026-08-11 11:52:37,2026-08-31 14:50:39,,CREDIT,1014.01,507.00,Delivery promised 2026-08-05 arrived 2026-08-10 (5 days late). Store had to postpone its season opening display.,Goodwill credit agreed with account manager.
740,CL-2026-00429,1202,10855,11335,WRONG_ITEM,CLOSED,HIGH,PHONE,2157,4,2026-07-17 07:50:49,2026-07-28 09:56:41,2026-07-24,REPLACEMENT,5094.42,5094.42,Received a different variant instead of Stig Nordvik Eco Approach Shoe EU 41 Ochre (30 pcs). Customer asks for exchange.,"Redelivery completed, customer confirmed."
741,CL-2026-00430,1043,10882,11365,LATE_DELIVERY,CLOSED,NORMAL,EMAIL,1872,3,2026-07-15 12:03:46,2026-08-10 13:27:15,,CREDIT,403.29,403.29,Delivery promised 2026-07-08 arrived 2026-07-10 (2 days late). Customer missed a weekend campaign and requests a goodwill credit.,Repair completed by supplier.
742,CL-2026-00431,1035,10885,11369,QUALITY_DEFECT,CLOSED,NORMAL,PORTAL,1859,4,2026-08-11 16:11:44,2026-08-24 09:21:12,,REPAIR,78.45,58.84,3 x Peilung Rauk II Liner Gloves XS Black returned by end customers: stitching failed on the shoulder strap. Remaining stock put on hold in store.,Credit note issued.
743,CL-2026-00432,2310,10899,11383,MISSING_ITEMS,CLOSED,NORMAL,EMAIL,4161,5,2026-07-20 17:01:41,2026-07-27 10:14:22,,REDELIVERY,5.16,2.58,"Packing list shows 24 x Baltic Aapa Lite Beanie Lichen, customer counted 22. 2 missing.","Replacement shipped, credit note for freight."
744,CL-2026-00433,1308,10965,11455,MISSING_ITEMS,AWAITING_CUSTOMER,NORMAL,EMAIL,2359,5,2026-08-07 13:53:32,,2026-08-17,REDELIVERY,54.75,,"Packing list shows 10 x Tundra Fjord 2.0 Camp Stove Graphite, customer counted 5. 5 missing. One carton short against the packing list.",
745,CL-2026-00434,175,10970,11462,PRICING_DISPUTE,RESOLVED,NORMAL,PORTAL,308,3,2026-07-13 13:24:10,2026-08-05 10:14:50,,CREDIT,76.32,57.24,Invoice price for Vuoma Fjell Lite Footprint 1P Forest does not match the agreed price. Customer expected the contract price.,Repair completed by supplier.
746,CL-2026-00435,879,10988,11483,DAMAGED,REJECTED,URGENT,EMAIL,1584,5,2026-08-05 13:23:10,2026-08-25 16:12:25,2026-08-07,REPLACEMENT,71.94,0.00,"1 x Fjellvind Storm XT Bag Liner Black arrived with crushed cartons and torn packaging. Also affected: Saimaa Revontuli XT Neck Gaiter Burnt Orange, Jäkälä Skare Eco Merino Base Layer Bottom XS Sunset Yellow. Driver noted the damage on the CMR.",Return window exceeded.
747,CL-2026-00436,1523,10994,11489,DAMAGED,APPROVED,NORMAL,PORTAL,2741,3,2026-08-17 15:46:08,,,CREDIT,267.20,200.40,10 x Bergtatt Bre Dry Bag 28L Sunset Yellow on pallet 1 arrived with crushed cartons and torn packaging.,
748,CL-2026-00437,736,10995,11491,QUALITY_DEFECT,UNDER_REVIEW,NORMAL,PORTAL,1328,3,2026-08-14 12:39:55,,,REPLACEMENT,46.05,,1 x Suvanto Polar Trekking Poles 125 cm Slate Grey returned by end customers: sole separating from the upper.,
749,CL-2026-00438,1877,11002,11500,DAMAGED,CLOSED,NORMAL,EMAIL,3389,3,2026-08-03 11:39:15,2026-08-10 11:07:01,2026-08-13,REPLACEMENT,26.67,26.67,1 x Älv Fjell Lite Water Filter Forest arrived with crushed cartons and torn packaging. Outer wrap was torn on arrival.,Goodwill credit agreed with account manager.
750,CL-2026-00439,2330,11017,11517,DAMAGED,CLOSED,URGENT,EMAIL,4202,5,2026-07-14 15:43:37,2026-07-22 11:16:53,2026-07-17,REPLACEMENT,76.90,76.90,1 x Suvanto Ylläs Quickdraw 6-pack Slate Grey on pallet 1 arrived with crushed cartons and torn packaging. Outer wrap was torn on arrival.,Goodwill credit agreed with account manager.
751,CL-2026-00440,109,11023,11523,MISSING_ITEMS,RESOLVED,NORMAL,EMAIL,206,4,2026-07-09 10:26:22,2026-07-27 10:36:46,2026-07-13,REDELIVERY,514.04,514.04,"Packing list shows 1 x Halla Kuru XT Waterproofing Spray, customer counted 0. 1 missing.",Repair completed by supplier.
752,CL-2026-00441,1740,11047,11553,LATE_DELIVERY,CLOSED,NORMAL,EMAIL,3142,4,2026-08-10 16:24:37,2026-08-31 08:55:54,,CREDIT,619.51,619.51,"Delivery promised 2026-07-28 arrived 2026-08-07 (10 days late). Second late delivery this quarter, customer escalates.",Goodwill credit agreed with account manager.
753,CL-2026-00442,1851,11054,11562,WRONG_ITEM,RESOLVED,NORMAL,EMAIL,3348,5,2026-08-11 14:44:34,2026-08-24 16:28:08,,REPLACEMENT,43.18,32.38,Received a different variant instead of Skjærgård Tind Lite Liner Gloves XXL Forest (2 pcs). Customer asks for exchange.,"Replacement shipped, credit note for freight."
754,CL-2026-00443,2153,11055,11563,DAMAGED,CLOSED,HIGH,EMAIL,3887,4,2026-07-16 14:17:43,2026-08-03 11:24:40,2026-07-27,REPLACEMENT,1805.11,1353.83,1 x Baltic Tundra Trail Gaiters XL Forest on pallet 1 arrived with crushed cartons and torn packaging. Also affected: Hygge Tind Bivy Slate Grey.,Goodwill credit agreed with account manager.
755,CL-2026-00444,1822,11056,11564,LATE_DELIVERY,CLOSED,NORMAL,EMAIL,3295,3,2026-07-27 11:31:47,2026-08-10 12:41:17,,CREDIT,55.96,55.96,"Delivery promised 2026-07-15 arrived 2026-07-20 (5 days late). Second late delivery this quarter, customer escalates.","Replacement shipped, credit note for freight."
756,CL-2026-00445,291,11064,11575,DAMAGED,RESOLVED,NORMAL,EMAIL,520,5,2026-07-23 08:49:46,2026-08-12 09:40:22,,REPLACEMENT,271.40,271.40,2 x Nordwald Rauk II Daypack 8L Sunset Yellow on pallet 1 arrived with crushed cartons and torn packaging. Also affected: Tundra Ruska Camp Stove Sunset Yellow. Outer wrap was torn on arrival.,Goodwill credit agreed with account manager.
757,CL-2026-00446,1100,11086,11598,PRICING_DISPUTE,AWAITING_CUSTOMER,LOW,PORTAL,1974,3,2026-09-03 17:30:42,,,CREDIT,23.64,,Invoice price for Jäkälä Alpine Hiking Trousers S Black does not match the agreed price. Customer expected the promotion price.,
758,CL-2026-00447,466,11100,11612,QUALITY_DEFECT,APPROVED,NORMAL,EMAIL,839,5,2026-08-12 17:04:51,,,REPLACEMENT,545.70,545.70,3 x Vuoma Palsa 2.0 Tent 1P Sand returned by end customers: buckle cracked in the cold. Customer asks whether the whole batch is affected.,
759,CL-2026-00448,1535,11133,11652,DAMAGED,CLOSED,HIGH,EMAIL,2765,3,2026-08-03 10:03:51,2026-08-24 15:35:59,2026-08-10,CREDIT,1509.90,1509.90,1 x Gråsten Kallio Eco Winter Boot EU 41 Graphite on pallet 1 arrived with crushed cartons and torn packaging. Also affected: Peilung Selja II Handheld GPS. Outer wrap was torn on arrival.,"Return authorised, goods received back."
760,CL-2026-00449,2054,11142,11663,MISSING_ITEMS,CLOSED,NORMAL,EMAIL,3714,5,2026-07-10 09:05:19,2026-07-20 13:55:02,2026-07-20,CREDIT,16.48,12.36,"Packing list shows 8 x Brenner Ruska WP Titanium Spork, customer counted 0. 8 missing. One carton short against the packing list.","Return authorised, goods received back."
761,CL-2026-00450,258,11147,11671,LATE_DELIVERY,APPROVED,NORMAL,EMAIL,453,3,2026-09-03 07:50:41,,,CREDIT,154.04,154.04,Delivery promised 2026-08-03 arrived 2026-08-31 (28 days late). Customer requests compensation for the delay.,
762,CL-2026-00451,1998,11160,11686,RETURN_REQUEST,RESOLVED,NORMAL,PHONE,3612,5,2026-07-27 14:14:04,2026-08-21 16:22:10,,RETURN_AUTHORISATION,1184.64,888.48,"Customer wants to return 24 x Vuoma Alpine Insulated Mat Moss Green, unsold season stock; asks for a return authorisation.",Credit note issued.
763,CL-2026-00452,131,11164,11692,DAMAGED,REJECTED,NORMAL,PORTAL,239,5,2026-08-26 08:39:21,2026-09-07 09:03:30,,CREDIT,295.50,0.00,3 x Jäkälä Alpine Hiking Trousers S Black arrived with crushed cartons and torn packaging. Photos attached.,Return window exceeded.
764,CL-2026-00453,1961,11177,11707,LATE_DELIVERY,CLOSED,NORMAL,PHONE,3548,5,2026-08-03 08:46:17,2026-08-10 14:04:39,,CREDIT,4.91,4.91,Delivery promised 2026-07-23 arrived 2026-07-27 (4 days late). Store had to postpone its season opening display.,"Redelivery completed, customer confirmed."
765,CL-2026-00454,281,11197,11728,LATE_DELIVERY,RESOLVED,HIGH,EMAIL,500,5,2026-08-24 07:18:10,2026-09-07 13:49:48,,CREDIT,6660.58,3330.29,Delivery promised 2026-07-23 arrived 2026-08-11 (19 days late). Customer requests compensation for the delay.,"Return authorised, goods received back."
766,CL-2026-00455,1551,11200,11731,MISSING_ITEMS,RESOLVED,NORMAL,EMAIL,2796,3,2026-07-20 08:48:27,2026-08-10 08:45:02,2026-07-27,REDELIVERY,89.64,44.82,"Packing list shows 8 x Loimu Glacier WP Camp Lantern Ruby Red, customer counted 4. 4 missing. One carton short against the packing list.","Return authorised, goods received back."
767,CL-2026-00456,1642,11229,11763,LATE_DELIVERY,CLOSED,NORMAL,EMAIL,2954,5,2026-08-18 17:22:08,2026-08-31 13:21:04,,CREDIT,1.47,1.10,Delivery promised 2026-08-14 arrived 2026-08-17 (3 days late). Customer missed a weekend campaign and requests a goodwill credit.,"Replacement shipped, credit note for freight."
768,CL-2026-00457,1028,11246,11782,WRONG_ITEM,CLOSED,NORMAL,PORTAL,1848,5,2026-08-25 17:04:33,2026-09-04 11:50:47,2026-08-31,REPLACEMENT,1112.72,834.54,Received a different variant instead of Hygge Joki Pro Footprint 4P Sand (10 pcs). Customer asks for exchange.,"Redelivery completed, customer confirmed."
769,CL-2026-00458,191,11247,11783,DAMAGED,UNDER_REVIEW,NORMAL,EMAIL,334,4,2026-08-31 17:55:55,,,CREDIT,13.04,,1 x Skjærgård Kaira 2.0 Neck Gaiter Midnight Blue arrived with crushed cartons and torn packaging. Driver noted the damage on the CMR.,
770,CL-2026-00459,306,11267,11802,LATE_DELIVERY,NEW,NORMAL,PHONE,546,4,2026-09-01 17:21:56,,,CREDIT,220.10,,"Delivery promised 2026-08-31 arrived 2026-09-01 (1 days late). Second late delivery this quarter, customer escalates.",
771,CL-2026-00460,18,11274,11810,WRONG_ITEM,AWAITING_CUSTOMER,URGENT,EMAIL,29,4,2026-08-25 14:42:46,,2026-08-28,CREDIT,850.80,,Received a different variant instead of Myrsky Selja II Softshell Jacket L Deep Teal (12 pcs). Customer asks for exchange.,
772,CL-2026-00461,1551,11275,11811,WRONG_ITEM,REJECTED,NORMAL,PORTAL,2796,4,2026-08-20 11:57:39,2026-08-27 15:37:49,2026-08-28,CREDIT,608.90,0.00,Received a different variant instead of Nordwald Selkä Eco Repair Kit (30 pcs). Customer asks for exchange.,Price matches the signed order confirmation.
773,CL-2026-00462,1141,11286,11824,LATE_DELIVERY,RESOLVED,NORMAL,PHONE,2052,3,2026-09-02 12:26:01,2026-09-07 09:29:10,,CREDIT,1517.35,1517.35,"Delivery promised 2026-08-17 arrived 2026-08-21 (4 days late). Second late delivery this quarter, customer escalates.","Return authorised, goods received back."
774,CL-2026-00463,1361,11297,11835,DAMAGED,UNDER_REVIEW,NORMAL,EMAIL,2448,5,2026-08-20 10:47:42,,2026-08-24,REPLACEMENT,669.90,,1 x Nordvind Inari Hardshell Jacket M Slate Grey arrived with crushed cartons and torn packaging. Also affected: Suvanto Ylläs Quickdraw 6-pack Black. Driver noted the damage on the CMR.,
775,CL-2026-00464,1076,11299,11837,DAMAGED,UNDER_REVIEW,NORMAL,EMAIL,1935,3,2026-08-31 14:43:12,,2026-09-07,REPLACEMENT,73.50,,1 x Stig Kilpis II Approach Shoe EU 41 Arctic White arrived with crushed cartons and torn packaging. Outer wrap was torn on arrival.,
776,CL-2026-00465,2362,11300,11838,MISSING_ITEMS,NEW,HIGH,PHONE,4264,4,2026-08-31 16:59:19,,,REDELIVERY,2524.82,,"Packing list shows 6 x Nordwald Ylläs Footprint 2P Moss Green, customer counted 3. 3 missing. Carton count on the pallet matched the label.",
777,CL-2026-00466,1994,11310,11848,WRONG_ITEM,CLOSED,NORMAL,EMAIL,3604,4,2026-08-13 13:02:55,2026-09-07 13:42:06,2026-08-17,CREDIT,1198.24,599.12,Received a different variant instead of Halla Rauk XT Hiking Socks 2-pack XXL Burnt Orange (12 pcs). Customer asks for exchange.,Credit note issued.
778,CL-2026-00467,2092,11319,11856,DAMAGED,RESOLVED,NORMAL,EMAIL,3779,4,2026-08-24 12:29:03,2026-09-02 10:56:31,,REPLACEMENT,709.26,709.26,48 x Saimaa Ruska Eco Beanie Sand arrived with crushed cartons and torn packaging. Also affected: Skjærgård Vinter XT Merino Base Layer Bottom L Midnight Blue. Outer wrap was torn on arrival.,"Return authorised, goods received back."
779,CL-2026-00468,1111,11329,11867,MISSING_ITEMS,RESOLVED,NORMAL,EMAIL,1997,4,2026-08-26 07:42:54,2026-09-02 09:13:10,,CREDIT,780.80,780.80,"Packing list shows 10 x Loimu Trail Lite Satellite Messenger, customer counted 5. 5 missing. Customer contact: Lauri Järvinen, +358 40 067 5013.","Redelivery completed, customer confirmed."
780,CL-2026-00469,90,11330,11868,MISSING_ITEMS,UNDER_REVIEW,NORMAL,EMAIL,169,4,2026-09-02 11:00:18,,,REDELIVERY,272.40,,"Packing list shows 20 x Brenner Åreskutan Eco Cookset Deep Teal, customer counted 0. 20 missing. One carton short against the packing list.",
781,CL-2026-00470,17,11331,11869,LATE_DELIVERY,UNDER_REVIEW,NORMAL,PORTAL,27,4,2026-09-02 11:37:15,,,CREDIT,270.96,,Delivery promised 2026-08-31 arrived 2026-09-02 (2 days late). Customer missed a weekend campaign and requests a goodwill credit.,
782,CL-2026-00471,573,11334,11872,DAMAGED,REJECTED,NORMAL,PHONE,1034,5,2026-08-19 15:09:30,2026-08-31 12:29:51,2026-08-31,REPLACEMENT,215.90,0.00,2 x Baltic Nordic Merino Base Layer Top XXL Slate Grey arrived with crushed cartons and torn packaging. Also affected: Myrsky Selja II Softshell Jacket L Deep Teal. Outer wrap was torn on arrival.,Price matches the signed order confirmation.
783,CL-2026-00472,2394,11344,11882,LATE_DELIVERY,RESOLVED,NORMAL,PORTAL,4311,5,2026-08-26 14:43:53,2026-09-01 09:33:34,,CREDIT,243.94,182.95,Delivery promised 2026-08-24 arrived 2026-08-25 (1 days late). Store had to postpone its season opening display.,Repair completed by supplier.
784,CL-2026-00473,595,11348,11886,LATE_DELIVERY,UNDER_REVIEW,NORMAL,PORTAL,1069,5,2026-09-03 18:20:53,,,CREDIT,55.90,,"Delivery promised 2026-08-07 arrived 2026-08-31 (24 days late). Second late delivery this quarter, customer escalates.",
785,CL-2026-00474,353,11353,11891,LATE_DELIVERY,RESOLVED,NORMAL,EMAIL,630,3,2026-08-13 14:47:39,2026-08-24 13:13:51,,CREDIT,578.93,578.93,Delivery promised 2026-08-06 arrived 2026-08-10 (4 days late). Customer requests compensation for the delay.,"Redelivery completed, customer confirmed."
786,CL-2026-00475,828,11381,11919,WRONG_ITEM,UNDER_REVIEW,HIGH,PORTAL,1492,3,2026-08-21 08:26:29,,,REPLACEMENT,2538.00,,Received a different variant instead of Taiga Myrsky Eco Hiking Shorts XXL Lichen (60 pcs). Customer asks for exchange.,
787,CL-2026-00476,1824,11390,11928,DAMAGED,UNDER_REVIEW,NORMAL,EMAIL,3297,3,2026-08-25 08:31:53,,2026-09-02,REPLACEMENT,90.90,,1 x Jäkälä Pallas WP Hiking Trousers L Slate Grey arrived with crushed cartons and torn packaging.,
788,CL-2026-00477,1784,11391,11929,QUALITY_DEFECT,NEW,NORMAL,EMAIL,3229,,2026-09-07 18:44:23,,,REPLACEMENT,393.20,,1 x Stig Palsa Pro Winter Boot EU 42 Ochre returned by end customers: seam tape peeling on the inside. Remaining stock put on hold in store.,
789,CL-2026-00478,1100,11399,11938,LATE_DELIVERY,NEW,NORMAL,PORTAL,1974,4,2026-08-20 18:27:54,,,CREDIT,208.08,,Delivery promised 2026-08-17 arrived 2026-08-20 (3 days late). Customer requests compensation for the delay.,
790,CL-2026-00479,1203,11414,11952,MISSING_ITEMS,REJECTED,NORMAL,EMAIL,2159,4,2026-08-24 17:08:58,2026-08-28 08:45:54,2026-09-02,REDELIVERY,203.66,0.00,"Packing list shows 2 x Nordwald Ultra Duffel 60L Forest, customer counted 1. 1 missing.",Damage not reported within 48 h of delivery.
791,CL-2026-00480,1091,11423,11960,LATE_DELIVERY,REJECTED,NORMAL,PORTAL,1958,3,2026-08-13 11:00:46,2026-08-14 09:59:37,,CREDIT,278.76,0.00,Delivery promised 2026-08-10 arrived 2026-08-11 (1 days late). Customer missed a weekend campaign and requests a goodwill credit.,Delivered on the promised date per POD.
792,CL-2026-00481,124,11455,11994,RETURN_REQUEST,UNDER_REVIEW,LOW,PORTAL,232,5,2026-09-07 11:13:14,,,RETURN_AUTHORISATION,108.02,,"Customer wants to return 1 x Isbre Tuuli WP Trekking Poles 220 cm Ochre, unsold season stock; asks for a return authorisation.",
793,CL-2026-00482,1535,11467,12006,MISSING_ITEMS,RESOLVED,NORMAL,EMAIL,2765,5,2026-08-31 16:34:16,2026-09-01 08:21:02,,REDELIVERY,71.70,71.70,"Packing list shows 20 x Suvanto Kaamos WP Locking Carabiner Burnt Orange, customer counted 15. 5 missing. Carton count on the pallet matched the label. Call back Ville on +358 40 251 5578.",Credit note issued.
794,CL-2026-00483,1918,11474,12014,LATE_DELIVERY,RESOLVED,NORMAL,PORTAL,3473,3,2026-08-20 16:50:13,2026-08-31 14:07:52,,CREDIT,21.53,16.15,Delivery promised 2026-08-14 arrived 2026-08-17 (3 days late). Store had to postpone its season opening display.,"Return authorised, goods received back."
795,CL-2026-00484,1312,11498,12041,WRONG_ITEM,AWAITING_CUSTOMER,HIGH,PORTAL,2365,3,2026-08-31 08:27:07,,,CREDIT,2327.58,,Received a different variant instead of Stig Palsa Pro Winter Boot EU 42 Ochre (10 pcs). Customer asks for exchange.,
796,CL-2026-00485,645,11502,12045,LATE_DELIVERY,REJECTED,NORMAL,PORTAL,1157,5,2026-08-10 14:22:55,2026-08-27 12:53:21,,CREDIT,178.65,0.00,Delivery promised 2026-08-07 arrived 2026-08-10 (3 days late). Store had to postpone its season opening display.,Delivered on the promised date per POD.
797,CL-2026-00486,2199,11582,12131,PRICING_DISPUTE,APPROVED,LOW,EMAIL,3962,3,2026-08-21 17:29:04,,,CREDIT,7.82,7.82,Invoice price for Skjærgård Kaira 2.0 Neck Gaiter Midnight Blue does not match the agreed price. Customer expected the pre-order price.,
798,CL-2026-00487,2292,11649,12199,DAMAGED,UNDER_REVIEW,NORMAL,PORTAL,4133,4,2026-09-02 08:17:01,,2026-09-07,REPLACEMENT,712.28,,12 x Taiga Nordvik Pro Hiking Socks 2-pack M Black arrived with crushed cartons and torn packaging. Also affected: Øresund Bre Satellite Messenger.,
799,CL-2026-00488,174,11657,12206,LATE_DELIVERY,APPROVED,NORMAL,EMAIL,307,5,2026-08-24 10:25:16,,,CREDIT,439.80,439.80,"Delivery promised 2026-08-13 arrived 2026-08-19 (6 days late). Second late delivery this quarter, customer escalates.",
800,CL-2026-00489,2217,11707,12256,QUALITY_DEFECT,UNDER_REVIEW,NORMAL,PORTAL,3989,4,2026-09-03 16:32:37,,,REPAIR,1446.00,,12 x Fjellvind Pallas Pro Synthetic Sleeping Bag +5°C Sand returned by end customers: zip slider broke after a few uses. Remaining stock put on hold in store.,
801,CL-2026-00490,1416,11710,12259,RETURN_REQUEST,RESOLVED,LOW,EMAIL,2547,4,2026-08-14 12:26:37,2026-08-24 11:39:54,,RETURN_AUTHORISATION,4.30,3.22,"Customer wants to return 1 x Hygge Kulku II Camp Stove Arctic White, unsold season stock; asks for a return authorisation.",Repair completed by supplier.
802,CL-2026-00491,496,11733,12284,LATE_DELIVERY,AWAITING_CUSTOMER,NORMAL,EMAIL,893,3,2026-08-21 09:32:12,,,CREDIT,16.22,,Delivery promised 2026-08-14 arrived 2026-08-20 (6 days late). Customer requests compensation for the delay.,
803,CL-2026-00492,1684,11759,12312,LATE_DELIVERY,APPROVED,NORMAL,EMAIL,3033,5,2026-09-01 07:00:46,,,CREDIT,382.27,382.27,"Delivery promised 2026-08-27 arrived 2026-08-31 (4 days late). Second late delivery this quarter, customer escalates. Call back Kaisa on +358 40 149 2318.",
804,CL-2026-00493,117,11785,12340,LATE_DELIVERY,UNDER_REVIEW,NORMAL,EMAIL,220,4,2026-09-01 11:24:46,,,CREDIT,110.03,,Delivery promised 2026-08-28 arrived 2026-08-31 (3 days late). Store had to postpone its season opening display.,
805,CL-2026-00494,880,11794,12350,DAMAGED,UNDER_REVIEW,NORMAL,EMAIL,1587,4,2026-08-26 11:17:12,,,REPLACEMENT,379.60,,4 x Peak Palsa Hiking Boot EU 37 Graphite arrived with crushed cartons and torn packaging. Photos attached.,
806,CL-2026-00495,1005,11796,12352,MISSING_ITEMS,REJECTED,NORMAL,EMAIL,1804,4,2026-08-27 08:24:51,2026-08-31 15:26:28,,CREDIT,115.97,0.00,"Packing list shows 18 x Skjærgård Kaldo Hiking Socks 2-pack XL Black, customer counted 17. 1 missing. One carton short against the packing list.",Delivered on the promised date per POD.
807,CL-2026-00496,382,11808,12364,DAMAGED,APPROVED,HIGH,PORTAL,692,5,2026-08-18 18:54:44,,2026-08-27,REPLACEMENT,17925.16,8962.58,"2 x Skjærgård Hyrsky XT Beanie Deep Teal on pallet 1 arrived with crushed cartons and torn packaging. Also affected: Vuoma Fjord Plus Down Sleeping Bag -20°C Moss Green, Fjellvind Skare 2.0 Duffel 60L Sunset Yellow.",
808,CL-2026-00497,1883,11812,12368,MISSING_ITEMS,CLOSED,NORMAL,EMAIL,3401,3,2026-08-20 11:07:35,2026-08-24 10:26:26,2026-08-24,REDELIVERY,158.15,158.15,"Packing list shows 20 x Älv Selkä XT Footprint 1P Lichen, customer counted 15. 5 missing. One carton short against the packing list.",Repair completed by supplier.
809,CL-2026-00498,896,11822,12379,DAMAGED,AWAITING_CUSTOMER,NORMAL,PHONE,1618,5,2026-08-24 16:03:46,,2026-09-02,REPLACEMENT,394.90,,1 x Kaamos Polar 2.0 Tunnel Tent 3P Ochre arrived with crushed cartons and torn packaging. Outer wrap was torn on arrival.,
810,CL-2026-00499,19,11826,12383,RETURN_REQUEST,UNDER_REVIEW,NORMAL,PHONE,31,5,2026-09-03 10:55:04,,,RETURN_AUTHORISATION,714.48,,"Customer wants to return 24 x Älv Ruska Eco Insulated Mug Slate Grey, unsold season stock; asks for a return authorisation.",
811,CL-2026-00500,1325,11828,12385,WRONG_ITEM,UNDER_REVIEW,HIGH,PORTAL,2386,5,2026-09-04 15:34:48,,,CREDIT,5505.00,,Received a different variant instead of Ruska Åreskutan XT Approach Shoe EU 47 Midnight Blue (30 pcs). Customer asks for exchange.,
812,CL-2026-00501,1138,11831,12388,WRONG_ITEM,AWAITING_CUSTOMER,NORMAL,EMAIL,2047,5,2026-08-24 16:27:05,,,REPLACEMENT,112.32,,Received a different variant instead of Nordwald Ultra Eco Map Case (48 pcs). Customer asks for exchange. Reported by Mette Kjær (mette.kjaer@kerogear.example).,
813,CL-2026-00502,631,11832,12389,PRICING_DISPUTE,UNDER_REVIEW,LOW,PORTAL,1131,4,2026-09-01 08:12:59,,,CREDIT,66.22,,Invoice price for Nordwald Kero Eco Liner Gloves XS Arctic White does not match the agreed price. Customer expected the pre-order price.,
814,CL-2026-00503,770,11844,12400,LATE_DELIVERY,AWAITING_CUSTOMER,NORMAL,EMAIL,1392,4,2026-08-27 09:34:32,,,CREDIT,459.95,,Delivery promised 2026-08-21 arrived 2026-08-24 (3 days late). Customer requests compensation for the delay.,
815,CL-2026-00504,830,11858,12413,DAMAGED,RESOLVED,NORMAL,PORTAL,1496,3,2026-08-24 12:36:39,2026-09-07 13:32:33,,CREDIT,249.80,249.80,2 x Stig Kaldo 2.0 Approach Shoe EU 38 Sand arrived with crushed cartons and torn packaging. Photos attached.,Repair completed by supplier.
816,CL-2026-00505,295,11867,12424,LATE_DELIVERY,APPROVED,NORMAL,EMAIL,527,4,2026-08-18 15:03:27,,,CREDIT,361.95,180.97,Delivery promised 2026-08-10 arrived 2026-08-13 (3 days late). Customer missed a weekend campaign and requests a goodwill credit.,
817,CL-2026-00506,1946,11870,12427,PRICING_DISPUTE,UNDER_REVIEW,NORMAL,EMAIL,3521,4,2026-09-07 14:28:06,,,CREDIT,110.74,,Invoice price for Peak Nordvik Pro Hiking Sandal EU 47 Moss Green does not match the agreed price. Customer expected the pre-order price.,
818,CL-2026-00507,1599,11894,12453,LATE_DELIVERY,UNDER_REVIEW,NORMAL,EMAIL,2879,5,2026-09-02 09:52:41,,,CREDIT,245.70,,Delivery promised 2026-08-27 arrived 2026-08-31 (4 days late). Customer requests compensation for the delay.,
819,CL-2026-00508,1201,11934,12495,LATE_DELIVERY,AWAITING_CUSTOMER,NORMAL,EMAIL,2156,3,2026-08-12 13:52:04,,,CREDIT,105.96,,Delivery promised 2026-08-06 arrived 2026-08-11 (5 days late). Customer requests compensation for the delay.,
820,CL-2026-00509,1414,11944,12506,MISSING_ITEMS,RESOLVED,NORMAL,PORTAL,2545,4,2026-08-17 18:28:32,2026-08-26 09:03:57,2026-08-25,CREDIT,439.00,439.00,"Packing list shows 10 x Aurora Nietos 2.0 Backpack 55L Midnight Blue, customer counted 8. 2 missing. One carton short against the packing list.",Repair completed by supplier.
821,CL-2026-00510,843,11967,12529,LATE_DELIVERY,CLOSED,HIGH,EMAIL,1521,3,2026-08-11 08:20:42,2026-08-21 08:44:14,,CREDIT,3574.96,1787.48,"Delivery promised 2026-08-06 arrived 2026-08-10 (4 days late). Second late delivery this quarter, customer escalates.",Goodwill credit agreed with account manager.
822,CL-2026-00511,2222,11978,12541,RETURN_REQUEST,APPROVED,LOW,PHONE,3998,4,2026-08-18 16:37:50,,,RETURN_AUTHORISATION,333.79,250.34,"Customer wants to return 5 x Aurora Arctic Eco Hip Pack Burnt Orange, unsold season stock; asks for a return authorisation.",
823,CL-2026-00512,909,11983,12546,MISSING_ITEMS,CLOSED,NORMAL,PORTAL,1642,4,2026-08-12 17:45:26,2026-08-17 09:58:34,2026-08-24,REDELIVERY,18.35,18.35,"Packing list shows 1 x Taiga Suvanto Fleece Jacket XS Forest, customer counted 0. 1 missing.","Redelivery completed, customer confirmed."
824,CL-2026-00513,613,12013,12575,LATE_DELIVERY,AWAITING_CUSTOMER,NORMAL,EMAIL,1101,4,2026-08-20 16:22:26,,,CREDIT,567.49,,Delivery promised 2026-08-14 arrived 2026-08-19 (5 days late). Customer missed a weekend campaign and requests a goodwill credit.,
825,CL-2026-00514,2309,12015,12577,DAMAGED,AWAITING_CUSTOMER,NORMAL,EMAIL,4159,5,2026-09-04 12:16:54,,2026-09-11,CREDIT,86.41,,1 x Loimu Glacier WP Camp Lantern Ruby Red on pallet 1 arrived with crushed cartons and torn packaging. Also affected: Saimaa Aapa WP Trekking Poles 125 cm Arctic White. Outer wrap was torn on arrival.,
826,CL-2026-00515,668,12054,12616,DAMAGED,RESOLVED,HIGH,PHONE,1196,3,2026-08-26 16:20:19,2026-08-27 14:30:28,,REPLACEMENT,1311.00,655.50,6 x Kaamos Loiste Down Sleeping Bag -10°C Sand on pallet 1 arrived with crushed cartons and torn packaging.,Goodwill credit agreed with account manager.
827,CL-2026-00516,419,12056,12618,LATE_DELIVERY,UNDER_REVIEW,NORMAL,PORTAL,758,4,2026-08-31 18:26:57,,,CREDIT,187.99,,"Delivery promised 2026-08-20 arrived 2026-08-24 (4 days late). Second late delivery this quarter, customer escalates.",
828,CL-2026-00517,1089,12071,12633,DAMAGED,AWAITING_CUSTOMER,HIGH,PHONE,1956,4,2026-09-01 13:03:09,,,CREDIT,8412.00,,12 x Kaamos Bre Pro Tunnel Tent 4P Moss Green on pallet 1 arrived with crushed cartons and torn packaging. Driver noted the damage on the CMR.,
829,CL-2026-00518,385,12072,12634,LATE_DELIVERY,AWAITING_CUSTOMER,NORMAL,EMAIL,698,5,2026-08-24 07:49:05,,,CREDIT,33.72,,Delivery promised 2026-08-14 arrived 2026-08-19 (5 days late). Customer requests compensation for the delay.,
830,CL-2026-00519,1236,12084,12647,DAMAGED,REJECTED,NORMAL,EMAIL,2217,4,2026-08-26 16:54:03,2026-09-07 09:08:16,2026-08-31,CREDIT,617.40,0.00,6 x Ruska Nordic 2.0 Hiking Boot EU 40 Petrol arrived with crushed cartons and torn packaging. Driver noted the damage on the CMR.,Return window exceeded.
831,CL-2026-00520,1951,12092,12655,DAMAGED,AWAITING_CUSTOMER,HIGH,PORTAL,3530,5,2026-08-26 17:46:41,,,CREDIT,2230.75,,1 x Halla Ylläs II Liner Gloves M Slate Grey arrived with crushed cartons and torn packaging. Also affected: Aurora Kilpis WP Backpack 45L Sand. Outer wrap was torn on arrival.,
832,CL-2026-00521,45,12120,12684,MISSING_ITEMS,AWAITING_CUSTOMER,NORMAL,EMAIL,80,4,2026-09-01 18:17:40,,,REDELIVERY,874.58,,"Packing list shows 2 x Jäkälä Kaira 2.0 Insulated Jacket S Ruby Red, customer counted 1. 1 missing. Carton count on the pallet matched the label.",
833,CL-2026-00522,645,12126,12690,DAMAGED,UNDER_REVIEW,NORMAL,PORTAL,1158,5,2026-09-03 09:21:01,,2026-09-07,CREDIT,33.99,,1 x Jäkälä Skare Eco Merino Base Layer Bottom XS Sunset Yellow arrived with crushed cartons and torn packaging. Photos attached.,
834,CL-2026-00523,1481,12169,12735,DAMAGED,RESOLVED,NORMAL,EMAIL,2666,5,2026-08-10 17:23:53,2026-08-31 16:42:34,,REPLACEMENT,151.50,151.50,1 x Älv Kilpis Plus Duffel 60L Forest on pallet 1 arrived with crushed cartons and torn packaging. Driver noted the damage on the CMR.,"Return authorised, goods received back."
835,CL-2026-00524,2029,12215,12782,LATE_DELIVERY,UNDER_REVIEW,NORMAL,EMAIL,3669,5,2026-09-02 12:44:52,,,CREDIT,249.57,,Delivery promised 2026-08-31 arrived 2026-09-01 (1 days late). Customer missed a weekend campaign and requests a goodwill credit.,
836,CL-2026-00525,1316,12228,12796,LATE_DELIVERY,UNDER_REVIEW,NORMAL,EMAIL,2371,3,2026-08-31 17:32:06,,,CREDIT,32.50,,Delivery promised 2026-08-10 arrived 2026-08-27 (17 days late). Store had to postpone its season opening display.,
837,CL-2026-00526,1247,12235,12803,DAMAGED,REJECTED,URGENT,EMAIL,2239,3,2026-08-10 18:44:46,2026-08-18 13:04:55,2026-08-12,REPLACEMENT,3794.80,0.00,60 x Baltic Vuoma II Trekking Poles 150 cm Slate Grey arrived with crushed cartons and torn packaging. Also affected: Tundra Bre Beanie Lichen. Driver noted the damage on the CMR.,Return window exceeded.
838,CL-2026-00527,943,12236,12804,MISSING_ITEMS,AWAITING_CUSTOMER,HIGH,EMAIL,1701,5,2026-08-11 11:50:26,,2026-08-17,CREDIT,2245.40,,"Packing list shows 24 x Vuoma Loiste XT Bivy Graphite, customer counted 18. 6 missing. One carton short against the packing list.",
839,CL-2026-00528,1691,12242,12810,MISSING_ITEMS,NEW,NORMAL,PORTAL,3045,3,2026-09-07 12:07:26,,2026-09-16,CREDIT,61.90,,"Packing list shows 8 x Nordvind Vinter Shell Trousers XXL Black, customer counted 7. 1 missing. Carton count on the pallet matched the label.",
840,CL-2026-00529,598,12269,12836,DAMAGED,APPROVED,NORMAL,EMAIL,1072,3,2026-09-02 07:30:29,,,REPLACEMENT,35.44,35.44,4 x Fjellvind Hyrsky Dry Bag 28L Ruby Red arrived with crushed cartons and torn packaging. Driver noted the damage on the CMR.,
841,CL-2026-00530,119,12314,12883,LATE_DELIVERY,UNDER_REVIEW,HIGH,EMAIL,225,3,2026-08-31 12:07:45,,,CREDIT,2620.18,,Delivery promised 2026-08-06 arrived 2026-08-24 (18 days late). Store had to postpone its season opening display.,
842,CL-2026-00531,1201,12348,12917,DAMAGED,UNDER_REVIEW,HIGH,EMAIL,2156,4,2026-09-07 09:29:08,,,REPLACEMENT,1147.80,,"6 x Isbre Hyrsky Pro Trekking Poles 105 cm Ruby Red arrived with crushed cartons and torn packaging. Also affected: Fjellvind Skare 2.0 Duffel 60L Sunset Yellow, Loimu Trail Lite Satellite Messenger.",
843,CL-2026-00532,1958,12356,12925,LATE_DELIVERY,RESOLVED,NORMAL,PORTAL,3543,4,2026-08-13 16:52:16,2026-08-27 17:24:17,,CREDIT,6.98,6.98,"Delivery promised 2026-08-07 arrived 2026-08-10 (3 days late). Second late delivery this quarter, customer escalates.",Goodwill credit agreed with account manager.
844,CL-2026-00533,1659,12362,12930,DAMAGED,CLOSED,NORMAL,PORTAL,2985,3,2026-08-10 09:24:14,2026-08-26 10:54:45,,REPLACEMENT,749.00,374.50,10 x Kaamos Rauk Bag Liner Deep Teal on pallet 1 arrived with crushed cartons and torn packaging. Outer wrap was torn on arrival.,Goodwill credit agreed with account manager.
