id,customer_id,first_name,last_name,role,email,phone,is_primary,language,marketing_consent,consent_source,retention_until
1,1,Elina,Järvinen,Store Manager,elina.jarvinen@retkivakka.example,+358 40 424 0335,true,fi,true,WEBSITE,2028-09-06
2,1,Sanna,Kallio,Assistant Manager,sanna.kallio@retkivakka.example,+358 40 598 0609,false,fi,false,TRADE_FAIR,2031-09-06
3,2,Gustav,Strand,Store Manager,gustav.strand@vidderna.sport.example,+46 70 210 34 00,true,sv,false,WEBSITE,2028-09-06
4,2,Erik,Andersson,Buyer,erik.andersson@vidderna.sport.example,+46 70 313 12 41,false,sv,true,TRADE_FAIR,2029-09-06
5,3,Sofia,Johansson,Store Manager,sofia.johansson@stigfinnare.example,+46 70 252 27 27,true,sv,false,PORTAL,2031-09-06
6,4,Vegard,Olsen,Store Manager,vegard.olsen@fjellkroken.sport.example,+47 947 36 433,true,nb,true,ACCOUNT_MANAGER,2029-09-06
7,4,Anette,Berg,Buyer,anette.berg@fjellkroken.sport.example,+47 926 48 490,false,nb,true,TRADE_FAIR,2028-09-06
8,4,Vegard,Bakke,Assistant Manager,vegard.bakke@fjellkroken.sport.example,+47 953 98 804,false,nb,false,ACCOUNT_MANAGER,2031-09-06
9,5,Camilla,Madsen,Store Manager,camilla.madsen@kystlinje.sport.example,+45 39 10 96 67,true,da,true,PORTAL,2029-09-06
10,5,Jonas,Sørensen,Owner,jonas.sorensen@kystlinje.sport.example,+45 40 27 19 80,false,da,false,ACCOUNT_MANAGER,2029-09-06
11,6,Katri,Kallio,Store Manager,katri.kallio@suuntima.sport.example,+358 40 583 8907,true,fi,true,WEBSITE,2029-09-06
12,6,Laura,Salminen,Accounts Payable,laura.salminen@suuntima.sport.example,+358 40 117 5986,false,fi,true,WEBSITE,2028-09-06
13,7,Elina,Lehto,Store Manager,elina.lehto@retkivakka.example,+358 40 866 7133,true,fi,true,WEBSITE,2028-09-06
14,7,Matti,Korhonen,Accounts Payable,matti.korhonen@retkivakka.example,+358 40 767 2277,false,fi,false,WEBSITE,2028-09-06
15,8,Eero,Nieminen,Store Manager,eero.nieminen@retkivakka.example,+358 40 355 7630,true,fi,false,TRADE_FAIR,2031-09-06
16,8,Lauri,Virtanen,Accounts Payable,lauri.virtanen@retkivakka.example,+358 40 652 9556,false,fi,false,ACCOUNT_MANAGER,2029-09-06
17,9,Elina,Lehto,Store Manager,elina.lehto.vaasa@retkivakka.example,+358 40 784 1459,true,fi,false,WEBSITE,2031-09-06
18,10,Olli,Lehtonen,Store Manager,olli.lehtonen@retkivakka.example,+358 40 632 8986,true,fi,false,PORTAL,2028-09-06
19,11,Aino,Mäkinen,Store Manager,aino.makinen@retkivakka.example,+358 40 522 8927,true,fi,true,ACCOUNT_MANAGER,2028-09-06
20,12,Tuomas,Heikkinen,Store Manager,tuomas.heikkinen@retkivakka.example,+358 40 493 2923,true,fi,true,ACCOUNT_MANAGER,2028-09-06
21,13,Riikka,Salo,Store Manager,riikka.salo@retkivakka.example,+358 40 506 9146,true,fi,false,PORTAL,2031-09-06
22,14,Timo,Salo,Store Manager,timo.salo@retkivakka.example,+358 40 986 6328,true,fi,false,TRADE_FAIR,2029-09-06
23,15,Eero,Koskinen,Store Manager,eero.koskinen@retkivakka.example,+358 40 853 1358,true,fi,false,ACCOUNT_MANAGER,2029-09-06
24,15,Venla,Nieminen,Accounts Payable,venla.nieminen@retkivakka.example,+358 40 830 9492,false,fi,true,TRADE_FAIR,2028-09-06
25,15,Juhani,Niemi,Assistant Manager,juhani.niemi@retkivakka.example,+358 40 427 6421,false,fi,true,WEBSITE,2029-09-06
26,16,Katri,Lehto,Store Manager,katri.lehto@retkivakka.example,+358 40 064 8062,true,fi,true,TRADE_FAIR,2031-09-06
27,17,Jukka,Virtanen,Store Manager,jukka.virtanen@retkivakka.example,+358 40 639 0308,true,fi,false,ACCOUNT_MANAGER,2029-09-06
28,17,Laura,Korhonen,Warehouse,laura.korhonen@retkivakka.example,+358 40 446 8101,false,fi,true,ACCOUNT_MANAGER,2029-09-06
29,18,Jukka,Nieminen,Store Manager,jukka.nieminen@retkivakka.example,+358 40 483 3921,true,fi,false,ACCOUNT_MANAGER,2028-09-06
30,18,Helmi,Lehtonen,Purchasing,helmi.lehtonen@retkivakka.example,+358 40 175 9810,false,fi,false,PORTAL,2029-09-06
31,19,Maija,Koskinen,Store Manager,maija.koskinen@retkivakka.example,+358 40 715 9071,true,fi,true,ACCOUNT_MANAGER,2029-09-06
32,20,Noora,Virtanen,Store Manager,noora.virtanen@retkivakka.example,+358 40 219 5992,true,fi,false,ACCOUNT_MANAGER,2031-09-06
33,20,Elina,Koskinen,Warehouse,elina.koskinen@retkivakka.example,+358 40 019 0475,false,fi,true,ACCOUNT_MANAGER,2031-09-06
34,21,Noora,Rantanen,Store Manager,noora.rantanen@retkivakka.example,+358 40 301 9588,true,fi,true,TRADE_FAIR,2031-09-06
35,22,Juhani,Järvinen,Store Manager,juhani.jarvinen@retkivakka.example,+358 40 360 9603,true,fi,false,WEBSITE,2031-09-06
36,23,Aino,Virtanen,Store Manager,aino.virtanen@retkivakka.example,+358 40 297 6162,true,fi,true,TRADE_FAIR,2029-09-06
37,23,Riikka,Järvinen,Buyer,riikka.jarvinen@retkivakka.example,+358 40 611 3816,false,fi,false,PORTAL,2029-09-06
38,23,Laura,Virtanen,Assistant Manager,laura.virtanen@retkivakka.example,+358 40 091 0200,false,fi,true,PORTAL,2029-09-06
39,24,Sanna,Rantanen,Store Manager,sanna.rantanen@retkivakka.example,+358 40 559 0526,true,fi,true,WEBSITE,2029-09-06
40,24,Lauri,Koskinen,Owner,lauri.koskinen@retkivakka.example,+358 40 578 2657,false,fi,false,PORTAL,2031-09-06
41,25,Laura,Koskinen,Store Manager,laura.koskinen@retkivakka.example,+358 40 326 3168,true,fi,true,TRADE_FAIR,2031-09-06
42,25,Venla,Kallio,Warehouse,venla.kallio@retkivakka.example,+358 40 562 7863,false,fi,true,PORTAL,2031-09-06
43,26,Mikko,Kallio,Store Manager,mikko.kallio@retkivakka.example,+358 40 172 8280,true,fi,false,WEBSITE,2031-09-06
44,26,Anni,Virtanen,Assistant Manager,anni.virtanen@retkivakka.example,+358 40 097 6896,false,fi,true,ACCOUNT_MANAGER,2028-09-06
45,27,Riikka,Salminen,Store Manager,riikka.salminen@retkivakka.example,+358 40 970 2168,true,fi,true,ACCOUNT_MANAGER,2028-09-06
46,27,Elina,Saarinen,Owner,elina.saarinen@retkivakka.example,+358 40 523 8994,false,fi,true,PORTAL,2031-09-06
47,28,Sanna,Lehtonen,Store Manager,sanna.lehtonen@retkivakka.example,+358 40 009 3327,true,fi,false,ACCOUNT_MANAGER,2028-09-06
48,28,Kaisa,Koskinen,Purchasing,kaisa.koskinen@retkivakka.example,+358 40 979 5424,false,fi,true,TRADE_FAIR,2029-09-06
49,28,Antti,Laine,Buyer,antti.laine@retkivakka.example,+358 40 082 5775,false,fi,false,PORTAL,2031-09-06
50,29,Jukka,Lehtonen,Store Manager,jukka.lehtonen@retkivakka.example,+358 40 163 4811,true,fi,false,WEBSITE,2028-09-06
51,29,Riikka,Niemi,Accounts Payable,riikka.niemi@retkivakka.example,+358 40 206 1426,false,fi,false,TRADE_FAIR,2031-09-06
52,30,Noora,Rantanen,Store Manager,noora.rantanen.kokkola@retkivakka.example,+358 40 587 2869,true,fi,true,ACCOUNT_MANAGER,2031-09-06
53,30,Anni,Aho,Warehouse,anni.aho@retkivakka.example,+358 40 680 2138,false,fi,true,PORTAL,2028-09-06
54,31,Pekka,Korhonen,Store Manager,pekka.korhonen@retkivakka.example,+358 40 597 7255,true,fi,true,TRADE_FAIR,2028-09-06
55,31,Katri,Nieminen,Accounts Payable,katri.nieminen@retkivakka.example,+358 40 736 0540,false,fi,false,WEBSITE,2028-09-06
56,32,Katri,Koskinen,Store Manager,katri.koskinen@retkivakka.example,+358 40 926 8417,true,fi,true,WEBSITE,2028-09-06
57,33,Sanna,Rantanen,Store Manager,sanna.rantanen.jyvaskyla@retkivakka.example,+358 40 253 0807,true,fi,true,ACCOUNT_MANAGER,2031-09-06
58,34,Eero,Salminen,Store Manager,eero.salminen@retkivakka.example,+358 40 489 8304,true,fi,true,PORTAL,2031-09-06
59,34,Matti,Hämäläinen,Warehouse,matti.hamalainen@retkivakka.example,+358 40 020 0095,false,fi,true,TRADE_FAIR,2031-09-06
60,35,Helmi,Mäkinen,Store Manager,helmi.makinen@retkivakka.example,+358 40 093 0247,true,fi,true,WEBSITE,2029-09-06
61,35,Ville,Aho,Purchasing,ville.aho@retkivakka.example,+358 40 733 6258,false,fi,true,WEBSITE,2031-09-06
62,36,Mikko,Lehto,Store Manager,mikko.lehto@retkivakka.example,+358 40 139 1931,true,fi,false,ACCOUNT_MANAGER,2031-09-06
63,37,Juhani,Korhonen,Store Manager,juhani.korhonen@retkivakka.example,+358 40 301 7999,true,fi,true,ACCOUNT_MANAGER,2031-09-06
64,37,Anni,Virtanen,Assistant Manager,anni.virtanen.kuusamo@retkivakka.example,+358 40 330 7780,false,fi,true,WEBSITE,2028-09-06
65,38,Jukka,Niemi,Store Manager,jukka.niemi@retkivakka.example,+358 40 997 3780,true,fi,true,TRADE_FAIR,2029-09-06
66,38,Laura,Heikkinen,Purchasing,laura.heikkinen@retkivakka.example,+358 40 236 2005,false,fi,false,WEBSITE,2028-09-06
67,38,Katri,Lehto,Buyer,katri.lehto.vaasa@retkivakka.example,+358 40 955 9056,false,fi,true,PORTAL,2028-09-06
68,39,Kaisa,Mäkinen,Store Manager,kaisa.makinen@retkivakka.example,+358 40 315 0022,true,fi,true,TRADE_FAIR,2029-09-06
69,39,Aino,Koskinen,Purchasing,aino.koskinen@retkivakka.example,+358 40 615 3414,false,fi,true,WEBSITE,2031-09-06
70,40,Matti,Lehto,Store Manager,matti.lehto@retkivakka.example,+358 40 240 9139,true,fi,true,TRADE_FAIR,2031-09-06
71,41,Anni,Hämäläinen,Store Manager,anni.hamalainen@retkivakka.example,+358 40 080 9317,true,fi,false,PORTAL,2029-09-06
72,41,Tuomas,Saarinen,Assistant Manager,tuomas.saarinen@retkivakka.example,+358 40 402 1726,false,fi,true,ACCOUNT_MANAGER,2028-09-06
73,42,Jukka,Salminen,Store Manager,jukka.salminen@retkivakka.example,+358 40 582 4438,true,fi,false,WEBSITE,2028-09-06
74,43,Juhani,Virtanen,Store Manager,juhani.virtanen@retkivakka.example,+358 40 522 6377,true,fi,true,WEBSITE,2029-09-06
75,43,Riikka,Heikkinen,Buyer,riikka.heikkinen@retkivakka.example,+358 40 289 0983,false,fi,true,PORTAL,2028-09-06
76,43,Sanna,Mäkinen,Accounts Payable,sanna.makinen@retkivakka.example,+358 40 381 4149,false,fi,false,WEBSITE,2031-09-06
77,44,Jukka,Rantanen,Store Manager,jukka.rantanen@retkivakka.example,+358 40 144 6049,true,fi,false,WEBSITE,2028-09-06
78,44,Elina,Järvinen,Purchasing,elina.jarvinen.hameenlinna@retkivakka.example,+358 40 785 7339,false,fi,false,PORTAL,2029-09-06
79,44,Tuomas,Korhonen,Assistant Manager,tuomas.korhonen@retkivakka.example,+358 40 366 7122,false,fi,true,WEBSITE,2028-09-06
80,45,Johan,Johansson,Store Manager,johan.johansson@fjellkroken.sport.example,+46 70 457 91 01,true,sv,false,WEBSITE,2031-09-06
81,45,Hanna,Larsson,Buyer,hanna.larsson@fjellkroken.sport.example,+46 70 894 93 64,false,sv,true,WEBSITE,2029-09-06
82,46,Hanna,Svensson,Store Manager,hanna.svensson@fjellkroken.sport.example,+46 70 701 70 99,true,sv,false,ACCOUNT_MANAGER,2029-09-06
83,47,Torbjørn,Nilsen,Store Manager,torbjorn.nilsen@fjellkroken.sport.example,+47 922 89 822,true,nb,false,TRADE_FAIR,2029-09-06
84,47,Sindre,Berg,Warehouse,sindre.berg@fjellkroken.sport.example,+47 955 69 921,false,nb,true,PORTAL,2029-09-06
85,47,Torbjørn,Johansen,Owner,torbjorn.johansen@fjellkroken.sport.example,+47 926 02 681,false,nb,true,ACCOUNT_MANAGER,2031-09-06
86,48,Silje,Haugen,Store Manager,silje.haugen@fjellkroken.sport.example,+47 981 07 853,true,nb,true,TRADE_FAIR,2028-09-06
87,48,Marit,Johansen,Buyer,marit.johansen@fjellkroken.sport.example,+47 989 58 720,false,nb,true,TRADE_FAIR,2031-09-06
88,48,Torbjørn,Nilsen,Owner,torbjorn.nilsen.alesund@fjellkroken.sport.example,+47 997 45 257,false,nb,false,TRADE_FAIR,2028-09-06
89,49,Marit,Pedersen,Store Manager,marit.pedersen@fjellkroken.sport.example,+47 948 85 543,true,nb,true,PORTAL,2029-09-06
90,50,Nils,Andersson,Store Manager,nils.andersson@fjellkroken.sport.example,+46 70 218 27 83,true,sv,true,ACCOUNT_MANAGER,2029-09-06
91,50,Maja,Strand,Accounts Payable,maja.strand@fjellkroken.sport.example,+46 70 532 52 31,false,sv,true,TRADE_FAIR,2029-09-06
92,50,Linnea,Bergström,Accounts Payable,linnea.bergstrom@fjellkroken.sport.example,+46 70 937 79 25,false,sv,false,PORTAL,2028-09-06
93,51,Ebba,Karlsson,Store Manager,ebba.karlsson@fjellkroken.sport.example,+46 70 492 62 05,true,sv,false,WEBSITE,2028-09-06
94,51,Ulf,Larsson,Assistant Manager,ulf.larsson@fjellkroken.sport.example,+46 70 890 44 24,false,sv,false,WEBSITE,2029-09-06
95,51,Mattias,Svensson,Warehouse,mattias.svensson@fjellkroken.sport.example,+46 70 002 41 51,false,sv,false,ACCOUNT_MANAGER,2031-09-06
96,52,Elin,Svensson,Store Manager,elin.svensson@fjellkroken.sport.example,+46 70 530 16 44,true,sv,true,PORTAL,2028-09-06
97,53,Maja,Johansson,Store Manager,maja.johansson@fjellkroken.sport.example,+46 70 578 86 95,true,sv,false,PORTAL,2028-09-06
98,53,Frida,Lundqvist,Accounts Payable,frida.lundqvist@fjellkroken.sport.example,+46 70 207 92 25,false,sv,false,ACCOUNT_MANAGER,2031-09-06
99,54,Sofia,Eriksson,Store Manager,sofia.eriksson@fjellkroken.sport.example,+46 70 460 59 85,true,sv,true,TRADE_FAIR,2031-09-06
100,54,Gustav,Larsson,Assistant Manager,gustav.larsson@fjellkroken.sport.example,+46 70 390 82 53,false,sv,false,ACCOUNT_MANAGER,2029-09-06
101,55,Hanna,Bergström,Store Manager,hanna.bergstrom@fjellkroken.sport.example,+46 70 156 87 83,true,sv,false,ACCOUNT_MANAGER,2029-09-06
102,56,Sofia,Holm,Store Manager,sofia.holm@fjellkroken.sport.example,+46 70 598 95 49,true,sv,true,TRADE_FAIR,2029-09-06
103,56,Nils,Olsson,Owner,nils.olsson@fjellkroken.sport.example,+46 70 063 99 92,false,sv,true,PORTAL,2031-09-06
104,57,Per,Strand,Store Manager,per.strand@fjellkroken.sport.example,+46 70 332 67 42,true,sv,true,PORTAL,2031-09-06
105,58,Mathias,Nygaard,Store Manager,mathias.nygaard@fjellkroken.sport.example,+47 911 74 277,true,nb,false,WEBSITE,2031-09-06
106,58,Anette,Haugen,Assistant Manager,anette.haugen@fjellkroken.sport.example,+47 981 97 485,false,nb,true,TRADE_FAIR,2031-09-06
107,58,Kari,Moen,Accounts Payable,kari.moen@fjellkroken.sport.example,+47 998 23 480,false,nb,false,PORTAL,2028-09-06
108,59,Lars,Holm,Store Manager,lars.holm@fjellkroken.sport.example,+46 70 512 60 53,true,sv,true,ACCOUNT_MANAGER,2031-09-06
109,59,Henrik,Gustafsson,Warehouse,henrik.gustafsson@fjellkroken.sport.example,+46 70 001 01 95,false,sv,false,PORTAL,2028-09-06
110,59,Frida,Åberg,Buyer,frida.aberg@fjellkroken.sport.example,+46 70 509 52 57,false,sv,false,TRADE_FAIR,2031-09-06
111,60,Hanna,Åberg,Store Manager,hanna.aberg@fjellkroken.sport.example,+46 70 894 26 03,true,sv,false,TRADE_FAIR,2028-09-06
112,61,Kristian,Pedersen,Store Manager,kristian.pedersen@fjellkroken.sport.example,+47 960 36 254,true,nb,true,TRADE_FAIR,2028-09-06
113,61,Jørgen,Olsen,Assistant Manager,jorgen.olsen@fjellkroken.sport.example,+47 969 92 976,false,nb,true,TRADE_FAIR,2029-09-06
114,62,Sofia,Karlsson,Store Manager,sofia.karlsson@fjellkroken.sport.example,+46 70 623 72 46,true,sv,true,TRADE_FAIR,2028-09-06
115,62,Karin,Svensson,Owner,karin.svensson@fjellkroken.sport.example,+46 70 983 95 06,false,sv,true,ACCOUNT_MANAGER,2031-09-06
116,63,Magnus,Bergström,Store Manager,magnus.bergstrom@fjellkroken.sport.example,+46 70 914 42 40,true,sv,false,WEBSITE,2028-09-06
117,64,Mathias,Berg,Store Manager,mathias.berg@fjellkroken.sport.example,+47 941 12 902,true,nb,false,WEBSITE,2028-09-06
118,64,Nora,Nygaard,Purchasing,nora.nygaard@fjellkroken.sport.example,+47 900 32 097,false,nb,true,TRADE_FAIR,2028-09-06
119,65,Gustav,Lindberg,Store Manager,gustav.lindberg@fjellkroken.sport.example,+46 70 468 42 04,true,sv,true,ACCOUNT_MANAGER,2031-09-06
120,65,Per,Lundqvist,Assistant Manager,per.lundqvist@fjellkroken.sport.example,+46 70 173 75 26,false,sv,false,PORTAL,2031-09-06
121,65,Erik,Lundqvist,Buyer,erik.lundqvist@fjellkroken.sport.example,+46 70 173 89 25,false,sv,true,WEBSITE,2031-09-06
122,66,Håkon,Larsen,Store Manager,hakon.larsen@fjellkroken.sport.example,+47 980 96 965,true,nb,true,PORTAL,2029-09-06
123,66,Håkon,Hansen,Buyer,hakon.hansen@fjellkroken.sport.example,+47 983 24 689,false,nb,true,TRADE_FAIR,2029-09-06
124,67,Tone,Bakke,Store Manager,tone.bakke@fjellkroken.sport.example,+47 946 20 655,true,nb,true,WEBSITE,2031-09-06
125,67,Hege,Pedersen,Owner,hege.pedersen@fjellkroken.sport.example,+47 909 10 528,false,nb,true,WEBSITE,2029-09-06
126,68,Ingrid,Dahl,Store Manager,ingrid.dahl@fjellkroken.sport.example,+47 979 99 770,true,nb,true,PORTAL,2029-09-06
127,68,Kari,Olsen,Purchasing,kari.olsen@fjellkroken.sport.example,+47 992 26 310,false,nb,true,WEBSITE,2029-09-06
128,69,Björn,Gustafsson,Store Manager,bjorn.gustafsson@fjellkroken.sport.example,+46 70 508 37 62,true,sv,true,ACCOUNT_MANAGER,2028-09-06
129,69,Hanna,Johansson,Owner,hanna.johansson@fjellkroken.sport.example,+46 70 278 61 83,false,sv,true,PORTAL,2029-09-06
130,69,Elin,Andersson,Warehouse,elin.andersson@fjellkroken.sport.example,+46 70 432 86 59,false,sv,false,ACCOUNT_MANAGER,2029-09-06
131,70,Elin,Bergström,Store Manager,elin.bergstrom@fjellkroken.sport.example,+46 70 851 79 80,true,sv,false,WEBSITE,2028-09-06
132,70,Emma,Olsson,Assistant Manager,emma.olsson@fjellkroken.sport.example,+46 70 671 09 10,false,sv,true,PORTAL,2029-09-06
133,71,Kari,Pedersen,Store Manager,kari.pedersen@fjellkroken.sport.example,+47 976 80 553,true,nb,false,WEBSITE,2031-09-06
134,71,Tone,Hansen,Purchasing,tone.hansen@fjellkroken.sport.example,+47 973 93 379,false,nb,false,PORTAL,2028-09-06
135,71,Torbjørn,Johansen,Accounts Payable,torbjorn.johansen.oslo@fjellkroken.sport.example,+47 978 37 947,false,nb,true,PORTAL,2029-09-06
136,72,Silje,Dahl,Store Manager,silje.dahl@fjellkroken.sport.example,+47 989 96 454,true,nb,true,TRADE_FAIR,2031-09-06
137,73,Solveig,Moen,Store Manager,solveig.moen@fjellkroken.sport.example,+47 911 42 975,true,nb,true,TRADE_FAIR,2028-09-06
138,73,Sigrid,Kristiansen,Assistant Manager,sigrid.kristiansen@fjellkroken.sport.example,+47 967 13 325,false,nb,false,PORTAL,2029-09-06
139,74,Kristian,Larsen,Store Manager,kristian.larsen@fjellkroken.sport.example,+47 938 53 328,true,nb,false,ACCOUNT_MANAGER,2031-09-06
140,74,Eirik,Nygaard,Owner,eirik.nygaard@fjellkroken.sport.example,+47 961 05 823,false,nb,false,WEBSITE,2031-09-06
141,75,Anders,Holm,Store Manager,anders.holm@fjellkroken.sport.example,+46 70 566 24 95,true,sv,true,ACCOUNT_MANAGER,2029-09-06
142,75,Emma,Holm,Purchasing,emma.holm@fjellkroken.sport.example,+46 70 704 08 51,false,sv,false,ACCOUNT_MANAGER,2031-09-06
143,76,Jørgen,Olsen,Store Manager,jorgen.olsen.stavanger@fjellkroken.sport.example,+47 956 49 900,true,nb,false,ACCOUNT_MANAGER,2031-09-06
144,77,Oskar,Gustafsson,Store Manager,oskar.gustafsson@fjellkroken.sport.example,+46 70 079 10 41,true,sv,true,WEBSITE,2028-09-06
145,78,Anders,Svensson,Store Manager,anders.svensson@fjellkroken.sport.example,+46 70 299 87 67,true,sv,true,PORTAL,2029-09-06
146,78,Erik,Olsson,Assistant Manager,erik.olsson@fjellkroken.sport.example,+46 70 226 59 62,false,sv,true,PORTAL,2028-09-06
147,79,Gustav,Strand,Store Manager,gustav.strand@fjellkroken.sport.example,+46 70 009 70 81,true,sv,false,WEBSITE,2031-09-06
148,79,Elin,Gustafsson,Warehouse,elin.gustafsson@fjellkroken.sport.example,+46 70 788 62 44,false,sv,false,TRADE_FAIR,2028-09-06
149,80,Vegard,Haugen,Store Manager,vegard.haugen@fjellkroken.sport.example,+47 970 72 982,true,nb,true,PORTAL,2029-09-06
150,80,Hege,Nilsen,Accounts Payable,hege.nilsen@fjellkroken.sport.example,+47 949 80 403,false,nb,true,TRADE_FAIR,2029-09-06
151,80,Eirik,Haugen,Owner,eirik.haugen@fjellkroken.sport.example,+47 968 77 080,false,nb,false,ACCOUNT_MANAGER,2029-09-06
152,81,Anders,Åberg,Store Manager,anders.aberg@fjellkroken.sport.example,+46 70 688 32 91,true,sv,false,WEBSITE,2031-09-06
153,81,Gustav,Lundqvist,Buyer,gustav.lundqvist@fjellkroken.sport.example,+46 70 064 34 78,false,sv,true,ACCOUNT_MANAGER,2029-09-06
154,82,Ingrid,Larsen,Store Manager,ingrid.larsen@fjellkroken.sport.example,+47 967 11 019,true,nb,true,PORTAL,2028-09-06
155,83,Sigrid,Karlsen,Store Manager,sigrid.karlsen@fjellkroken.sport.example,+47 922 89 861,true,nb,true,TRADE_FAIR,2029-09-06
156,83,Kari,Berg,Buyer,kari.berg@fjellkroken.sport.example,+47 925 38 211,false,nb,true,TRADE_FAIR,2029-09-06
157,84,Kari,Pedersen,Store Manager,kari.pedersen.drammen@fjellkroken.sport.example,+47 900 42 456,true,nb,true,ACCOUNT_MANAGER,2028-09-06
158,85,Henrik,Olsson,Store Manager,henrik.olsson@fjellkroken.sport.example,+46 70 641 85 17,true,sv,false,PORTAL,2029-09-06
159,85,Mattias,Åberg,Accounts Payable,mattias.aberg@fjellkroken.sport.example,+46 70 248 37 05,false,sv,true,ACCOUNT_MANAGER,2029-09-06
160,86,Sofia,Holm,Store Manager,sofia.holm.sundsvall@fjellkroken.sport.example,+46 70 965 57 35,true,sv,true,TRADE_FAIR,2029-09-06
161,87,Ingrid,Hansen,Store Manager,ingrid.hansen@fjellkroken.sport.example,+47 968 36 757,true,nb,true,WEBSITE,2029-09-06
162,87,Anette,Olsen,Accounts Payable,anette.olsen@fjellkroken.sport.example,+47 974 75 463,false,nb,true,ACCOUNT_MANAGER,2028-09-06
163,88,Magnus,Larsson,Store Manager,magnus.larsson@fjellkroken.sport.example,+46 70 851 94 12,true,sv,false,ACCOUNT_MANAGER,2029-09-06
164,88,Sara,Nilsson,Assistant Manager,sara.nilsson@fjellkroken.sport.example,+46 70 220 14 83,false,sv,true,PORTAL,2029-09-06
165,89,Eirik,Larsen,Store Manager,eirik.larsen@fjellkroken.sport.example,+47 948 67 735,true,nb,false,WEBSITE,2029-09-06
166,89,Hege,Kristiansen,Assistant Manager,hege.kristiansen@fjellkroken.sport.example,+47 952 20 026,false,nb,true,WEBSITE,2029-09-06
167,89,Hege,Berg,Accounts Payable,hege.berg@fjellkroken.sport.example,+47 998 62 351,false,nb,false,WEBSITE,2028-09-06
168,90,Magnus,Olsson,Store Manager,magnus.olsson@fjellkroken.sport.example,+46 70 755 33 66,true,sv,true,WEBSITE,2029-09-06
169,90,Sofia,Strand,Warehouse,sofia.strand@fjellkroken.sport.example,+46 70 725 99 49,false,sv,true,WEBSITE,2029-09-06
170,91,Rasmus,Jørgensen,Store Manager,rasmus.jorgensen@stigfinnare.example,+45 29 63 48 82,true,da,false,PORTAL,2029-09-06
171,91,Frederik,Thomsen,Warehouse,frederik.thomsen@stigfinnare.example,+45 52 69 66 71,false,da,false,PORTAL,2031-09-06
172,91,Jonas,Madsen,Purchasing,jonas.madsen@stigfinnare.example,+45 41 81 67 18,false,da,true,PORTAL,2031-09-06
173,92,Astrid,Holm,Store Manager,astrid.holm@stigfinnare.example,+46 70 024 53 46,true,sv,true,ACCOUNT_MANAGER,2031-09-06
174,92,Ebba,Nilsson,Assistant Manager,ebba.nilsson@stigfinnare.example,+46 70 232 85 59,false,sv,false,TRADE_FAIR,2028-09-06
175,93,Louise,Sørensen,Store Manager,louise.sorensen@stigfinnare.example,+45 19 96 60 49,true,da,true,ACCOUNT_MANAGER,2028-09-06
176,94,Ida,Poulsen,Store Manager,ida.poulsen@stigfinnare.example,+45 36 06 29 15,true,da,true,WEBSITE,2028-09-06
177,94,Ida,Nielsen,Warehouse,ida.nielsen@stigfinnare.example,+45 25 52 17 62,false,da,false,TRADE_FAIR,2028-09-06
178,95,Rasmus,Kjær,Store Manager,rasmus.kjaer@stigfinnare.example,+45 63 05 41 38,true,da,false,WEBSITE,2029-09-06
179,96,Freja,Jensen,Store Manager,freja.jensen@stigfinnare.example,+45 93 59 10 58,true,da,true,WEBSITE,2031-09-06
180,96,Mette,Nielsen,Assistant Manager,mette.nielsen@stigfinnare.example,+45 39 79 85 01,false,da,false,WEBSITE,2028-09-06
181,97,Johan,Persson,Store Manager,johan.persson@stigfinnare.example,+46 70 715 38 83,true,sv,true,WEBSITE,2028-09-06
182,98,Rasmus,Madsen,Store Manager,rasmus.madsen@stigfinnare.example,+45 53 60 40 35,true,da,false,PORTAL,2029-09-06
183,98,Niels,Madsen,Owner,niels.madsen@stigfinnare.example,+45 44 62 06 21,false,da,true,ACCOUNT_MANAGER,2028-09-06
184,99,Morten,Thomsen,Store Manager,morten.thomsen@stigfinnare.example,+45 87 82 21 32,true,da,false,ACCOUNT_MANAGER,2031-09-06
185,99,Pernille,Thomsen,Owner,pernille.thomsen@stigfinnare.example,+45 94 68 16 76,false,da,false,WEBSITE,2028-09-06
186,100,Louise,Thomsen,Store Manager,louise.thomsen@stigfinnare.example,+45 86 40 29 07,true,da,true,ACCOUNT_MANAGER,2031-09-06
187,100,Niels,Thomsen,Buyer,niels.thomsen@stigfinnare.example,+45 20 59 05 00,false,da,true,TRADE_FAIR,2031-09-06
188,101,Louise,Rasmussen,Store Manager,louise.rasmussen@stigfinnare.example,+45 22 18 28 70,true,da,true,ACCOUNT_MANAGER,2028-09-06
189,101,Pernille,Rasmussen,Buyer,pernille.rasmussen@stigfinnare.example,+45 91 82 89 00,false,da,true,PORTAL,2028-09-06
190,102,Emma,Larsson,Store Manager,emma.larsson@stigfinnare.example,+46 70 208 47 99,true,sv,true,TRADE_FAIR,2031-09-06
191,102,Oskar,Åberg,Assistant Manager,oskar.aberg@stigfinnare.example,+46 70 516 22 27,false,sv,false,TRADE_FAIR,2028-09-06
192,102,Lars,Persson,Accounts Payable,lars.persson@stigfinnare.example,+46 70 439 98 72,false,sv,false,WEBSITE,2029-09-06
193,103,Emma,Åberg,Store Manager,emma.aberg@stigfinnare.example,+46 70 166 43 03,true,sv,true,WEBSITE,2028-09-06
194,103,Hanna,Strand,Accounts Payable,hanna.strand@stigfinnare.example,+46 70 935 62 97,false,sv,true,PORTAL,2031-09-06
195,104,Elin,Olsson,Store Manager,elin.olsson@stigfinnare.example,+46 70 102 48 87,true,sv,false,WEBSITE,2029-09-06
196,104,Henrik,Nilsson,Assistant Manager,henrik.nilsson@stigfinnare.example,+46 70 709 99 68,false,sv,true,WEBSITE,2031-09-06
197,105,Mette,Nielsen,Store Manager,mette.nielsen.roskilde@stigfinnare.example,+45 80 20 18 22,true,da,false,ACCOUNT_MANAGER,2031-09-06
198,105,Freja,Christensen,Owner,freja.christensen@stigfinnare.example,+45 61 20 72 96,false,da,true,PORTAL,2028-09-06
199,106,Hanna,Lundqvist,Store Manager,hanna.lundqvist@stigfinnare.example,+46 70 245 44 04,true,sv,true,TRADE_FAIR,2028-09-06
200,106,Lars,Johansson,Warehouse,lars.johansson@stigfinnare.example,+46 70 803 25 39,false,sv,true,TRADE_FAIR,2029-09-06
201,107,Louise,Madsen,Store Manager,louise.madsen@stigfinnare.example,+45 07 54 22 75,true,da,true,TRADE_FAIR,2028-09-06
202,107,Frederik,Kjær,Assistant Manager,frederik.kjaer@stigfinnare.example,+45 78 88 66 13,false,da,true,WEBSITE,2029-09-06
203,107,Jonas,Madsen,Owner,jonas.madsen.esbjerg@stigfinnare.example,+45 16 39 06 92,false,da,true,TRADE_FAIR,2031-09-06
204,108,Lars,Åberg,Store Manager,lars.aberg@stigfinnare.example,+46 70 435 99 98,true,sv,true,WEBSITE,2028-09-06
205,108,Erik,Lindberg,Owner,erik.lindberg@stigfinnare.example,+46 70 487 22 77,false,sv,true,ACCOUNT_MANAGER,2029-09-06
206,109,Mette,Poulsen,Store Manager,mette.poulsen@stigfinnare.example,+45 87 80 89 56,true,da,false,ACCOUNT_MANAGER,2028-09-06
207,109,Frederik,Jensen,Purchasing,frederik.jensen@stigfinnare.example,+45 78 38 83 58,false,da,false,TRADE_FAIR,2031-09-06
208,110,Niels,Kjær,Store Manager,niels.kjaer@stigfinnare.example,+45 01 61 86 43,true,da,true,WEBSITE,2029-09-06
209,111,Mattias,Åberg,Store Manager,mattias.aberg@stigfinnare.example,+46 70 623 36 79,true,sv,true,PORTAL,2028-09-06
210,111,Maja,Karlsson,Warehouse,maja.karlsson@stigfinnare.example,+46 70 470 07 60,false,sv,false,WEBSITE,2031-09-06
211,112,Ulf,Strand,Store Manager,ulf.strand@stigfinnare.example,+46 70 645 62 17,true,sv,true,WEBSITE,2028-09-06
212,112,Ebba,Andersson,Accounts Payable,ebba.andersson@stigfinnare.example,+46 70 398 96 14,false,sv,false,TRADE_FAIR,2028-09-06
213,112,Karin,Gustafsson,Accounts Payable,karin.gustafsson@stigfinnare.example,+46 70 279 69 75,false,sv,true,PORTAL,2028-09-06
214,113,Linnea,Holm,Store Manager,linnea.holm@stigfinnare.example,+46 70 921 73 53,true,sv,false,TRADE_FAIR,2028-09-06
215,114,Sara,Nilsson,Store Manager,sara.nilsson@stigfinnare.example,+46 70 094 81 76,true,sv,false,WEBSITE,2029-09-06
216,114,Erik,Olsson,Warehouse,erik.olsson@stigfinnare.example,+46 70 223 11 25,false,sv,false,TRADE_FAIR,2028-09-06
217,115,Karin,Strand,Store Manager,karin.strand@stigfinnare.example,+46 70 624 58 18,true,sv,false,TRADE_FAIR,2031-09-06
218,116,Morten,Thomsen,Store Manager,morten.thomsen.esbjerg@stigfinnare.example,+45 30 15 74 97,true,da,false,ACCOUNT_MANAGER,2028-09-06
219,116,Mads,Sørensen,Purchasing,mads.sorensen@stigfinnare.example,+45 73 83 77 45,false,da,false,TRADE_FAIR,2029-09-06
220,117,Ida,Madsen,Store Manager,ida.madsen@stigfinnare.example,+45 14 66 07 79,true,da,false,TRADE_FAIR,2029-09-06
221,118,Morten,Christensen,Store Manager,morten.christensen@stigfinnare.example,+45 35 16 40 45,true,da,false,PORTAL,2031-09-06
222,118,Rasmus,Madsen,Purchasing,rasmus.madsen.odense@stigfinnare.example,+45 53 87 36 97,false,da,true,PORTAL,2029-09-06
223,119,Camilla,Nielsen,Store Manager,camilla.nielsen@stigfinnare.example,+45 64 93 05 46,true,da,true,TRADE_FAIR,2031-09-06
224,119,Freja,Kjær,Warehouse,freja.kjaer@stigfinnare.example,+45 33 79 98 17,false,da,false,WEBSITE,2028-09-06
225,119,Ida,Rasmussen,Owner,ida.rasmussen@stigfinnare.example,+45 50 39 51 41,false,da,true,ACCOUNT_MANAGER,2029-09-06
226,120,Per,Andersson,Store Manager,per.andersson@stigfinnare.example,+46 70 900 56 00,true,sv,true,ACCOUNT_MANAGER,2028-09-06
227,121,Ulf,Åberg,Store Manager,ulf.aberg@stigfinnare.example,+46 70 952 38 94,true,sv,true,ACCOUNT_MANAGER,2029-09-06
228,121,Frida,Eriksson,Owner,frida.eriksson@stigfinnare.example,+46 70 190 23 84,false,sv,false,WEBSITE,2029-09-06
229,122,Johan,Karlsson,Store Manager,johan.karlsson@stigfinnare.example,+46 70 312 01 30,true,sv,true,WEBSITE,2031-09-06
230,122,Lovisa,Larsson,Buyer,lovisa.larsson@stigfinnare.example,+46 70 580 51 73,false,sv,true,ACCOUNT_MANAGER,2028-09-06
231,123,Astrid,Lindberg,Store Manager,astrid.lindberg@stigfinnare.example,+46 70 450 78 59,true,sv,false,ACCOUNT_MANAGER,2028-09-06
232,124,Lærke,Madsen,Store Manager,laerke.madsen@stigfinnare.example,+45 30 95 88 46,true,da,false,WEBSITE,2029-09-06
233,125,Mathias,Nilsen,Store Manager,mathias.nilsen@brevidde.friluft.example,+47 931 12 795,true,nb,true,TRADE_FAIR,2028-09-06
234,126,Kari,Karlsen,Store Manager,kari.karlsen@brevidde.friluft.example,+47 976 50 997,true,nb,false,WEBSITE,2029-09-06
235,127,Eirik,Karlsen,Store Manager,eirik.karlsen@brevidde.friluft.example,+47 970 13 043,true,nb,true,ACCOUNT_MANAGER,2028-09-06
236,128,Solveig,Kristiansen,Store Manager,solveig.kristiansen@brevidde.friluft.example,+47 994 81 172,true,nb,true,WEBSITE,2028-09-06
237,129,Torbjørn,Pedersen,Store Manager,torbjorn.pedersen@brevidde.friluft.example,+47 916 88 972,true,nb,false,TRADE_FAIR,2031-09-06
238,130,Vegard,Pedersen,Store Manager,vegard.pedersen@brevidde.friluft.example,+47 939 85 456,true,nb,false,TRADE_FAIR,2031-09-06
239,131,Eirik,Berg,Store Manager,eirik.berg@brevidde.friluft.example,+47 955 45 561,true,nb,false,WEBSITE,2028-09-06
240,132,Ingrid,Bakke,Store Manager,ingrid.bakke@brevidde.friluft.example,+47 992 04 977,true,nb,false,TRADE_FAIR,2028-09-06
241,133,Nora,Kristiansen,Store Manager,nora.kristiansen@brevidde.friluft.example,+47 913 44 814,true,nb,true,PORTAL,2031-09-06
242,134,Bjørn,Hansen,Store Manager,bjorn.hansen@brevidde.friluft.example,+47 966 16 489,true,nb,true,TRADE_FAIR,2029-09-06
243,135,Anette,Berg,Store Manager,anette.berg@brevidde.friluft.example,+47 912 84 069,true,nb,true,TRADE_FAIR,2029-09-06
244,136,Sindre,Larsen,Store Manager,sindre.larsen@brevidde.friluft.example,+47 958 27 487,true,nb,false,PORTAL,2031-09-06
245,136,Mathias,Dahl,Purchasing,mathias.dahl@brevidde.friluft.example,+47 952 05 668,false,nb,false,ACCOUNT_MANAGER,2028-09-06
246,137,Kristian,Berg,Store Manager,kristian.berg@brevidde.friluft.example,+47 948 78 172,true,nb,true,ACCOUNT_MANAGER,2029-09-06
247,137,Anette,Johansen,Purchasing,anette.johansen@brevidde.friluft.example,+47 938 81 827,false,nb,true,TRADE_FAIR,2031-09-06
248,138,Tone,Moen,Store Manager,tone.moen@brevidde.friluft.example,+47 928 86 977,true,nb,false,TRADE_FAIR,2029-09-06
249,138,Jørgen,Nilsen,Buyer,jorgen.nilsen@brevidde.friluft.example,+47 968 76 926,false,nb,true,TRADE_FAIR,2029-09-06
250,139,Kristian,Hansen,Store Manager,kristian.hansen@brevidde.friluft.example,+47 937 86 404,true,nb,true,ACCOUNT_MANAGER,2028-09-06
251,140,Bjørn,Kristiansen,Store Manager,bjorn.kristiansen@brevidde.friluft.example,+47 937 58 439,true,nb,true,TRADE_FAIR,2031-09-06
252,140,Hege,Hansen,Purchasing,hege.hansen@brevidde.friluft.example,+47 915 45 303,false,nb,true,TRADE_FAIR,2028-09-06
253,141,Tone,Hansen,Store Manager,tone.hansen@brevidde.friluft.example,+47 905 17 693,true,nb,false,WEBSITE,2029-09-06
254,142,Marit,Moen,Store Manager,marit.moen@brevidde.friluft.example,+47 918 82 700,true,nb,false,PORTAL,2028-09-06
255,143,Marit,Johansen,Store Manager,marit.johansen@brevidde.friluft.example,+47 960 61 372,true,nb,true,ACCOUNT_MANAGER,2029-09-06
256,144,Jørgen,Hansen,Store Manager,jorgen.hansen@brevidde.friluft.example,+47 942 21 147,true,nb,true,PORTAL,2028-09-06
257,144,Sigrid,Haugen,Assistant Manager,sigrid.haugen@brevidde.friluft.example,+47 981 54 575,false,nb,true,TRADE_FAIR,2028-09-06
258,145,Ole,Hansen,Store Manager,ole.hansen@brevidde.friluft.example,+47 989 68 987,true,nb,false,TRADE_FAIR,2031-09-06
259,146,Eirik,Berg,Store Manager,eirik.berg.hamar@brevidde.friluft.example,+47 902 62 599,true,nb,false,ACCOUNT_MANAGER,2031-09-06
260,146,Hege,Moen,Assistant Manager,hege.moen@brevidde.friluft.example,+47 964 74 515,false,nb,false,ACCOUNT_MANAGER,2029-09-06
261,146,Mathias,Berg,Warehouse,mathias.berg@brevidde.friluft.example,+47 962 95 061,false,nb,true,ACCOUNT_MANAGER,2028-09-06
262,147,Juhani,Koskinen,Store Manager,juhani.koskinen@suuntima.sport.example,+358 40 497 3814,true,fi,true,ACCOUNT_MANAGER,2029-09-06
263,147,Juhani,Saarinen,Warehouse,juhani.saarinen@suuntima.sport.example,+358 40 174 5842,false,fi,true,PORTAL,2029-09-06
264,148,Antti,Virtanen,Store Manager,antti.virtanen@suuntima.sport.example,+358 40 514 1137,true,fi,true,ACCOUNT_MANAGER,2028-09-06
265,149,Laura,Salminen,Store Manager,laura.salminen.seinajoki@suuntima.sport.example,+358 40 128 2563,true,fi,true,PORTAL,2031-09-06
266,149,Sanna,Rantanen,Warehouse,sanna.rantanen@suuntima.sport.example,+358 40 914 9886,false,fi,true,PORTAL,2031-09-06
267,149,Juhani,Heikkinen,Warehouse,juhani.heikkinen@suuntima.sport.example,+358 40 588 7408,false,fi,false,PORTAL,2028-09-06
268,150,Matti,Lehtonen,Store Manager,matti.lehtonen@suuntima.sport.example,+358 40 994 3677,true,fi,true,TRADE_FAIR,2029-09-06
269,150,Noora,Koskinen,Buyer,noora.koskinen@suuntima.sport.example,+358 40 008 8481,false,fi,true,TRADE_FAIR,2029-09-06
270,151,Mikko,Laine,Store Manager,mikko.laine@suuntima.sport.example,+358 40 523 7387,true,fi,true,ACCOUNT_MANAGER,2029-09-06
271,152,Venla,Nieminen,Store Manager,venla.nieminen@suuntima.sport.example,+358 40 474 7017,true,fi,true,PORTAL,2029-09-06
272,153,Jukka,Hämäläinen,Store Manager,jukka.hamalainen@suuntima.sport.example,+358 40 563 3235,true,fi,false,WEBSITE,2031-09-06
273,154,Aino,Lehtonen,Store Manager,aino.lehtonen@suuntima.sport.example,+358 40 582 1745,true,fi,true,TRADE_FAIR,2031-09-06
274,154,Laura,Lehto,Purchasing,laura.lehto@suuntima.sport.example,+358 40 917 0970,false,fi,true,PORTAL,2028-09-06
275,154,Venla,Salo,Owner,venla.salo@suuntima.sport.example,+358 40 757 2117,false,fi,false,TRADE_FAIR,2028-09-06
276,155,Riikka,Lehto,Store Manager,riikka.lehto@suuntima.sport.example,+358 40 980 0918,true,fi,false,PORTAL,2028-09-06
277,155,Elina,Järvinen,Owner,elina.jarvinen@suuntima.sport.example,+358 40 644 8654,false,fi,true,WEBSITE,2028-09-06
278,156,Riikka,Järvinen,Store Manager,riikka.jarvinen@suuntima.sport.example,+358 40 279 0477,true,fi,true,PORTAL,2029-09-06
279,156,Mikko,Koskinen,Buyer,mikko.koskinen@suuntima.sport.example,+358 40 997 9248,false,fi,false,PORTAL,2028-09-06
280,157,Antti,Lehtonen,Store Manager,antti.lehtonen@suuntima.sport.example,+358 40 829 9586,true,fi,false,PORTAL,2031-09-06
281,157,Katri,Järvinen,Warehouse,katri.jarvinen@suuntima.sport.example,+358 40 193 0200,false,fi,true,WEBSITE,2031-09-06
282,158,Juhani,Kallio,Store Manager,juhani.kallio@suuntima.sport.example,+358 40 682 8724,true,fi,false,ACCOUNT_MANAGER,2029-09-06
283,158,Timo,Laine,Assistant Manager,timo.laine@suuntima.sport.example,+358 40 775 1101,false,fi,true,WEBSITE,2028-09-06
284,159,Matti,Hämäläinen,Store Manager,matti.hamalainen@suuntima.sport.example,+358 40 188 7671,true,fi,false,WEBSITE,2029-09-06
285,159,Noora,Heikkinen,Owner,noora.heikkinen@suuntima.sport.example,+358 40 225 6363,false,fi,true,TRADE_FAIR,2028-09-06
286,160,Noora,Kallio,Store Manager,noora.kallio@suuntima.sport.example,+358 40 231 6477,true,fi,true,WEBSITE,2029-09-06
287,160,Matti,Hämäläinen,Purchasing,matti.hamalainen.kuopio@suuntima.sport.example,+358 40 572 8737,false,fi,true,WEBSITE,2031-09-06
288,161,Elina,Koskinen,Store Manager,elina.koskinen@suuntima.sport.example,+358 40 475 3214,true,fi,true,WEBSITE,2029-09-06
289,162,Maija,Korhonen,Store Manager,maija.korhonen@suuntima.sport.example,+358 40 191 1725,true,fi,false,PORTAL,2029-09-06
290,162,Jari,Lehtonen,Accounts Payable,jari.lehtonen@suuntima.sport.example,+358 40 555 5154,false,fi,true,ACCOUNT_MANAGER,2031-09-06
291,163,Anni,Koskinen,Store Manager,anni.koskinen@suuntima.sport.example,+358 40 099 4141,true,fi,false,PORTAL,2028-09-06
292,164,Maija,Salo,Store Manager,maija.salo@suuntima.sport.example,+358 40 609 3165,true,fi,false,ACCOUNT_MANAGER,2028-09-06
293,164,Venla,Niemi,Purchasing,venla.niemi@suuntima.sport.example,+358 40 620 9356,false,fi,true,PORTAL,2028-09-06
294,165,Olli,Mäkinen,Store Manager,olli.makinen@suuntima.sport.example,+358 40 074 8554,true,fi,true,ACCOUNT_MANAGER,2028-09-06
295,166,Helmi,Rantanen,Store Manager,helmi.rantanen@suuntima.sport.example,+358 40 798 6745,true,fi,false,WEBSITE,2028-09-06
296,166,Maija,Lehto,Accounts Payable,maija.lehto@suuntima.sport.example,+358 40 769 6088,false,fi,true,TRADE_FAIR,2029-09-06
297,167,Timo,Hämäläinen,Store Manager,timo.hamalainen@suuntima.sport.example,+358 40 115 0058,true,fi,true,ACCOUNT_MANAGER,2031-09-06
298,168,Pekka,Järvinen,Store Manager,pekka.jarvinen@suuntima.sport.example,+358 40 142 0706,true,fi,true,ACCOUNT_MANAGER,2029-09-06
299,168,Aino,Virtanen,Assistant Manager,aino.virtanen@suuntima.sport.example,+358 40 827 5979,false,fi,true,ACCOUNT_MANAGER,2028-09-06
300,169,Jari,Rantanen,Store Manager,jari.rantanen@suuntima.sport.example,+358 40 277 1594,true,fi,false,PORTAL,2028-09-06
301,170,Timo,Salo,Store Manager,timo.salo@suuntima.sport.example,+358 40 441 4026,true,fi,true,PORTAL,2028-09-06
302,171,Ville,Koskinen,Store Manager,ville.koskinen@suuntima.sport.example,+358 40 100 3956,true,fi,false,TRADE_FAIR,2031-09-06
303,171,Katri,Järvinen,Purchasing,katri.jarvinen.kittila@suuntima.sport.example,+358 40 490 6230,false,fi,false,WEBSITE,2028-09-06
304,172,Timo,Korhonen,Store Manager,timo.korhonen@suuntima.sport.example,+358 40 281 9714,true,fi,true,TRADE_FAIR,2031-09-06
305,173,Antti,Aho,Store Manager,antti.aho@suuntima.sport.example,+358 40 264 2287,true,fi,false,ACCOUNT_MANAGER,2031-09-06
306,173,Pekka,Salo,Buyer,pekka.salo@suuntima.sport.example,+358 40 483 5617,false,fi,true,PORTAL,2031-09-06
307,174,Jonas,Rasmussen,Store Manager,jonas.rasmussen@kystlinje.sport.example,+45 07 77 39 38,true,da,true,TRADE_FAIR,2029-09-06
308,175,Louise,Poulsen,Store Manager,louise.poulsen@kystlinje.sport.example,+45 38 71 27 36,true,da,true,ACCOUNT_MANAGER,2029-09-06
309,176,Jonas,Jørgensen,Store Manager,jonas.jorgensen@kystlinje.sport.example,+45 55 75 24 99,true,da,true,ACCOUNT_MANAGER,2028-09-06
310,176,Camilla,Sørensen,Accounts Payable,camilla.sorensen@kystlinje.sport.example,+45 24 23 99 91,false,da,true,ACCOUNT_MANAGER,2031-09-06
311,177,Camilla,Thomsen,Store Manager,camilla.thomsen@kystlinje.sport.example,+45 67 91 53 99,true,da,true,ACCOUNT_MANAGER,2031-09-06
312,178,Frederik,Nielsen,Store Manager,frederik.nielsen@kystlinje.sport.example,+45 43 74 95 78,true,da,false,PORTAL,2028-09-06
313,178,Louise,Jensen,Purchasing,louise.jensen@kystlinje.sport.example,+45 01 63 22 87,false,da,false,ACCOUNT_MANAGER,2031-09-06
314,179,Signe,Nielsen,Store Manager,signe.nielsen@kystlinje.sport.example,+45 37 53 37 87,true,da,false,WEBSITE,2029-09-06
315,179,Mette,Thomsen,Accounts Payable,mette.thomsen@kystlinje.sport.example,+45 82 19 89 04,false,da,false,ACCOUNT_MANAGER,2029-09-06
316,180,Frederik,Christensen,Store Manager,frederik.christensen@kystlinje.sport.example,+45 07 36 85 31,true,da,true,PORTAL,2031-09-06
317,181,Pernille,Kjær,Store Manager,pernille.kjaer@kystlinje.sport.example,+45 74 48 89 82,true,da,false,WEBSITE,2031-09-06
318,182,Ida,Madsen,Store Manager,ida.madsen@kystlinje.sport.example,+45 52 95 43 81,true,da,true,WEBSITE,2031-09-06
319,182,Rasmus,Kjær,Owner,rasmus.kjaer@kystlinje.sport.example,+45 23 60 72 55,false,da,true,WEBSITE,2028-09-06
320,182,Mads,Kjær,Owner,mads.kjaer@kystlinje.sport.example,+45 73 52 55 53,false,da,true,ACCOUNT_MANAGER,2031-09-06
321,183,Camilla,Rasmussen,Store Manager,camilla.rasmussen@kystlinje.sport.example,+45 06 17 31 87,true,da,false,PORTAL,2028-09-06
322,184,Pernille,Thomsen,Store Manager,pernille.thomsen@kystlinje.sport.example,+45 59 27 30 67,true,da,true,ACCOUNT_MANAGER,2031-09-06
323,185,Ida,Sørensen,Store Manager,ida.sorensen@kystlinje.sport.example,+45 43 39 37 67,true,da,false,PORTAL,2029-09-06
324,185,Pernille,Thomsen,Owner,pernille.thomsen.esbjerg@kystlinje.sport.example,+45 85 90 43 85,false,da,true,PORTAL,2028-09-06
325,186,Lærke,Nielsen,Store Manager,laerke.nielsen@kystlinje.sport.example,+45 55 83 18 33,true,da,true,TRADE_FAIR,2029-09-06
326,187,Morten,Madsen,Store Manager,morten.madsen@kystlinje.sport.example,+45 72 03 01 67,true,da,false,PORTAL,2029-09-06
327,188,Morten,Kjær,Store Manager,morten.kjaer@kystlinje.sport.example,+45 50 52 67 55,true,da,false,PORTAL,2031-09-06
328,188,Niels,Thomsen,Owner,niels.thomsen@kystlinje.sport.example,+45 07 56 38 98,false,da,true,TRADE_FAIR,2029-09-06
329,188,Morten,Rasmussen,Assistant Manager,morten.rasmussen@kystlinje.sport.example,+45 14 60 63 42,false,da,true,TRADE_FAIR,2029-09-06
330,189,Per,Johansson,Store Manager,per.johansson@vidderna.sport.example,+46 70 944 72 91,true,sv,false,ACCOUNT_MANAGER,2029-09-06
331,189,Frida,Andersson,Buyer,frida.andersson@vidderna.sport.example,+46 70 261 80 09,false,sv,false,TRADE_FAIR,2029-09-06
332,190,Ebba,Olsson,Store Manager,ebba.olsson@vidderna.sport.example,+46 70 098 98 92,true,sv,true,PORTAL,2031-09-06
333,190,Sofia,Lindberg,Assistant Manager,sofia.lindberg@vidderna.sport.example,+46 70 818 34 05,false,sv,false,WEBSITE,2031-09-06
334,191,Henrik,Andersson,Store Manager,henrik.andersson@vidderna.sport.example,+46 70 430 82 19,true,sv,true,ACCOUNT_MANAGER,2028-09-06
335,192,Johan,Strand,Store Manager,johan.strand@vidderna.sport.example,+46 70 974 59 32,true,sv,true,PORTAL,2031-09-06
336,192,Björn,Lindberg,Buyer,bjorn.lindberg@vidderna.sport.example,+46 70 553 65 81,false,sv,true,PORTAL,2029-09-06
337,193,Frida,Gustafsson,Store Manager,frida.gustafsson@vidderna.sport.example,+46 70 247 12 64,true,sv,true,WEBSITE,2031-09-06
338,194,Linnea,Eriksson,Store Manager,linnea.eriksson@vidderna.sport.example,+46 70 932 42 73,true,sv,true,ACCOUNT_MANAGER,2031-09-06
339,194,Johan,Strand,Owner,johan.strand.lulea@vidderna.sport.example,+46 70 880 18 36,false,sv,true,TRADE_FAIR,2031-09-06
340,194,Lovisa,Lundqvist,Accounts Payable,lovisa.lundqvist@vidderna.sport.example,+46 70 981 09 38,false,sv,true,WEBSITE,2029-09-06
341,195,Astrid,Larsson,Store Manager,astrid.larsson@vidderna.sport.example,+46 70 003 01 92,true,sv,true,ACCOUNT_MANAGER,2031-09-06
342,195,Per,Lindberg,Owner,per.lindberg@vidderna.sport.example,+46 70 732 39 56,false,sv,true,PORTAL,2031-09-06
343,196,Karin,Persson,Store Manager,karin.persson@vidderna.sport.example,+46 70 237 88 89,true,sv,false,ACCOUNT_MANAGER,2031-09-06
344,197,Johan,Svensson,Store Manager,johan.svensson@vidderna.sport.example,+46 70 235 94 49,true,sv,false,TRADE_FAIR,2029-09-06
345,197,Mattias,Larsson,Assistant Manager,mattias.larsson@vidderna.sport.example,+46 70 102 10 88,false,sv,false,WEBSITE,2031-09-06
346,197,Hanna,Karlsson,Assistant Manager,hanna.karlsson@vidderna.sport.example,+46 70 826 35 52,false,sv,true,ACCOUNT_MANAGER,2031-09-06
347,198,Mattias,Olsson,Store Manager,mattias.olsson@vidderna.sport.example,+46 70 165 72 54,true,sv,false,WEBSITE,2028-09-06
348,198,Hanna,Lundqvist,Accounts Payable,hanna.lundqvist@vidderna.sport.example,+46 70 691 82 58,false,sv,true,WEBSITE,2031-09-06
349,198,Hanna,Johansson,Accounts Payable,hanna.johansson@vidderna.sport.example,+46 70 280 51 77,false,sv,false,WEBSITE,2028-09-06
350,199,Gustav,Larsson,Store Manager,gustav.larsson@vidderna.sport.example,+46 70 827 91 53,true,sv,true,WEBSITE,2028-09-06
351,200,Björn,Andersson,Store Manager,bjorn.andersson@vidderna.sport.example,+46 70 387 80 90,true,sv,true,ACCOUNT_MANAGER,2029-09-06
352,200,Gustav,Olsson,Assistant Manager,gustav.olsson@vidderna.sport.example,+46 70 777 54 84,false,sv,true,ACCOUNT_MANAGER,2028-09-06
353,201,Hanna,Larsson,Store Manager,hanna.larsson@vidderna.sport.example,+46 70 180 83 79,true,sv,true,PORTAL,2028-09-06
354,201,Lovisa,Lundqvist,Assistant Manager,lovisa.lundqvist.stockholm@vidderna.sport.example,+46 70 390 26 50,false,sv,false,TRADE_FAIR,2029-09-06
355,202,Lovisa,Johansson,Store Manager,lovisa.johansson@vidderna.sport.example,+46 70 418 23 48,true,sv,true,TRADE_FAIR,2029-09-06
356,202,Nils,Strand,Purchasing,nils.strand@vidderna.sport.example,+46 70 489 98 97,false,sv,false,ACCOUNT_MANAGER,2029-09-06
357,203,Mattias,Svensson,Store Manager,mattias.svensson@vidderna.sport.example,+46 70 600 95 81,true,sv,true,ACCOUNT_MANAGER,2029-09-06
358,203,Frida,Persson,Purchasing,frida.persson@vidderna.sport.example,+46 70 719 67 17,false,sv,true,ACCOUNT_MANAGER,2028-09-06
359,203,Anders,Karlsson,Warehouse,anders.karlsson@vidderna.sport.example,+46 70 964 79 90,false,sv,true,ACCOUNT_MANAGER,2029-09-06
360,204,Johan,Gustafsson,Store Manager,johan.gustafsson@vidderna.sport.example,+46 70 864 25 46,true,sv,true,ACCOUNT_MANAGER,2029-09-06
361,205,Elin,Johansson,Store Manager,elin.johansson@vidderna.sport.example,+46 70 248 59 00,true,sv,true,WEBSITE,2028-09-06
362,206,Oskar,Nilsson,Store Manager,oskar.nilsson@vidderna.sport.example,+46 70 400 59 81,true,sv,false,WEBSITE,2028-09-06
363,206,Lars,Gustafsson,Assistant Manager,lars.gustafsson@vidderna.sport.example,+46 70 496 48 89,false,sv,true,ACCOUNT_MANAGER,2029-09-06
364,207,Anders,Persson,Store Manager,anders.persson@vidderna.sport.example,+46 70 488 34 32,true,sv,true,PORTAL,2029-09-06
365,207,Karin,Nilsson,Warehouse,karin.nilsson@vidderna.sport.example,+46 70 380 86 57,false,sv,true,PORTAL,2029-09-06
366,208,Jukka,Lehtonen,Store Manager,jukka.lehtonen@kairankulma.example,+358 40 161 2971,true,fi,false,TRADE_FAIR,2029-09-06
367,209,Katri,Rantanen,Store Manager,katri.rantanen@kairankulma.example,+358 40 795 9529,true,fi,true,WEBSITE,2031-09-06
368,209,Noora,Korhonen,Accounts Payable,noora.korhonen@kairankulma.example,+358 40 365 2073,false,fi,false,PORTAL,2028-09-06
369,210,Timo,Koskinen,Store Manager,timo.koskinen@kairankulma.example,+358 40 890 8673,true,fi,true,TRADE_FAIR,2029-09-06
370,210,Noora,Heikkinen,Accounts Payable,noora.heikkinen@kairankulma.example,+358 40 611 9135,false,fi,false,PORTAL,2031-09-06
371,210,Olli,Heikkinen,Purchasing,olli.heikkinen@kairankulma.example,+358 40 409 6231,false,fi,false,WEBSITE,2029-09-06
372,211,Sanna,Mäkinen,Store Manager,sanna.makinen@kairankulma.example,+358 40 298 0043,true,fi,true,ACCOUNT_MANAGER,2029-09-06
373,211,Pekka,Salo,Accounts Payable,pekka.salo@kairankulma.example,+358 40 106 6004,false,fi,false,TRADE_FAIR,2028-09-06
374,212,Ville,Mäkinen,Store Manager,ville.makinen@kairankulma.example,+358 40 688 1310,true,fi,false,PORTAL,2028-09-06
375,212,Laura,Rantanen,Buyer,laura.rantanen@kairankulma.example,+358 40 970 4065,false,fi,true,PORTAL,2028-09-06
376,213,Elina,Niemi,Store Manager,elina.niemi@kairankulma.example,+358 40 351 5124,true,fi,false,ACCOUNT_MANAGER,2029-09-06
377,213,Aino,Nieminen,Buyer,aino.nieminen@kairankulma.example,+358 40 155 6987,false,fi,true,TRADE_FAIR,2028-09-06
378,214,Jari,Kallio,Store Manager,jari.kallio@kairankulma.example,+358 40 638 2749,true,fi,true,TRADE_FAIR,2029-09-06
379,215,Laura,Korhonen,Store Manager,laura.korhonen@kairankulma.example,+358 40 702 1903,true,fi,false,ACCOUNT_MANAGER,2031-09-06
380,216,Anni,Korhonen,Store Manager,anni.korhonen@kairankulma.example,+358 40 242 9968,true,fi,true,PORTAL,2028-09-06
381,217,Pekka,Kallio,Store Manager,pekka.kallio@kairankulma.example,+358 40 535 7333,true,fi,false,WEBSITE,2031-09-06
382,217,Mikko,Lehtonen,Buyer,mikko.lehtonen@kairankulma.example,+358 40 348 4740,false,fi,true,TRADE_FAIR,2031-09-06
383,218,Anni,Nieminen,Store Manager,anni.nieminen@kairankulma.example,+358 40 947 6516,true,fi,false,PORTAL,2028-09-06
384,218,Ville,Virtanen,Warehouse,ville.virtanen@kairankulma.example,+358 40 325 6490,false,fi,true,PORTAL,2028-09-06
385,218,Timo,Lehto,Warehouse,timo.lehto@kairankulma.example,+358 40 583 4785,false,fi,true,PORTAL,2029-09-06
386,219,Tuomas,Aho,Store Manager,tuomas.aho@kairankulma.example,+358 40 542 2426,true,fi,true,WEBSITE,2029-09-06
387,220,Henrik,Karlsson,Store Manager,henrik.karlsson@ostersund.scouts.example,+46 70 378 99 42,true,sv,false,TRADE_FAIR,2028-09-06
388,221,Eero,Lehtonen,Store Manager,eero.lehtonen@trail.sport.fritid.example,+358 40 857 5127,true,fi,true,WEBSITE,2029-09-06
389,221,Antti,Virtanen,Accounts Payable,antti.virtanen@trail.sport.fritid.example,+358 40 401 0823,false,fi,true,ACCOUNT_MANAGER,2029-09-06
390,222,Katharina,Koch,Store Manager,katharina.koch@schmidt.friluft.example,+49 40 9860490,true,de,false,PORTAL,2029-09-06
391,222,Markus,Wagner,Owner,markus.wagner@schmidt.friluft.example,+49 40 6749322,false,de,true,TRADE_FAIR,2028-09-06
392,223,Torbjørn,Nygaard,Store Manager,torbjorn.nygaard@vaara24.example,+47 993 10 728,true,nb,true,TRADE_FAIR,2028-09-06
393,223,Nora,Nygaard,Assistant Manager,nora.nygaard@vaara24.example,+47 923 00 343,false,nb,true,TRADE_FAIR,2029-09-06
394,224,Pernille,Jensen,Store Manager,pernille.jensen@aarhus.retki.example,+45 67 47 31 38,true,da,true,TRADE_FAIR,2029-09-06
395,225,Lena,Becker,Store Manager,lena.becker@berlin.outfitters.example,+49 40 3800975,true,de,false,PORTAL,2028-09-06
396,225,Tobias,Fischer,Warehouse,tobias.fischer@berlin.outfitters.example,+49 40 4136394,false,de,true,PORTAL,2029-09-06
397,226,Maija,Salo,Store Manager,maija.salo@metsa.sport.example,+358 40 041 9562,true,fi,true,ACCOUNT_MANAGER,2029-09-06
398,226,Sanna,Salo,Purchasing,sanna.salo@metsa.sport.example,+358 40 240 4686,false,fi,true,TRADE_FAIR,2028-09-06
399,226,Antti,Kallio,Assistant Manager,antti.kallio@metsa.sport.example,+358 40 865 6160,false,fi,true,WEBSITE,2029-09-06
400,227,Lauri,Hämäläinen,Store Manager,lauri.hamalainen@loiste.friluft.example,+358 40 032 0955,true,fi,false,WEBSITE,2028-09-06
401,227,Antti,Mäkinen,Assistant Manager,antti.makinen@loiste.friluft.example,+358 40 053 2720,false,fi,true,PORTAL,2031-09-06
402,228,Lovisa,Persson,Store Manager,lovisa.persson@johansson.outdoor.example,+46 70 465 90 45,true,sv,true,PORTAL,2028-09-06
403,228,Anders,Andersson,Purchasing,anders.andersson@johansson.outdoor.example,+46 70 546 90 96,false,sv,false,TRADE_FAIR,2031-09-06
404,229,Nora,Larsen,Store Manager,nora.larsen@ridge24.example,+47 902 56 551,true,nb,false,TRADE_FAIR,2029-09-06
405,229,Marit,Johansen,Assistant Manager,marit.johansen@ridge24.example,+47 956 67 122,false,nb,true,WEBSITE,2028-09-06
406,230,Marit,Olsen,Store Manager,marit.olsen@vinter.trekking.example,+47 924 35 588,true,nb,true,ACCOUNT_MANAGER,2028-09-06
407,231,Elin,Andersson,Store Manager,elin.andersson@falun.rental.example,+46 70 892 81 12,true,sv,true,ACCOUNT_MANAGER,2028-09-06
408,231,Björn,Holm,Assistant Manager,bjorn.holm@falun.rental.example,+46 70 135 58 59,false,sv,false,TRADE_FAIR,2031-09-06
409,232,Eero,Heikkinen,Store Manager,eero.heikkinen@seinajoki.urheilu.example,+358 40 879 3480,true,fi,true,PORTAL,2031-09-06
410,233,Marit,Haugen,Store Manager,marit.haugen@stavanger.guides.example,+47 929 85 080,true,nb,false,PORTAL,2028-09-06
411,234,Jonas,Becker,Store Manager,jonas.becker@rakka.fritid.example,+49 40 4263140,true,de,false,TRADE_FAIR,2028-09-06
412,234,Petra,Weber,Buyer,petra.weber@rakka.fritid.example,+49 40 4750097,false,de,false,PORTAL,2029-09-06
413,235,Anders,Persson,Store Manager,anders.persson@aapagear.example,+46 70 608 20 71,true,sv,true,TRADE_FAIR,2028-09-06
414,235,Nils,Andersson,Warehouse,nils.andersson@aapagear.example,+46 70 184 52 28,false,sv,true,TRADE_FAIR,2028-09-06
415,236,Sindre,Bakke,Store Manager,sindre.bakke@nietos.retki.example,+47 903 25 305,true,nb,false,PORTAL,2028-09-06
416,237,Hege,Moen,Store Manager,hege.moen@kristiansen.urheilu.example,+47 909 23 409,true,nb,true,PORTAL,2029-09-06
417,238,Ingrid,Nilsen,Store Manager,ingrid.nilsen@larsen.urheilu.example,+47 976 94 452,true,nb,false,PORTAL,2029-09-06
418,239,Anni,Järvinen,Store Manager,anni.jarvinen@kittila.expeditions.example,+358 40 327 1433,true,fi,false,TRADE_FAIR,2031-09-06
419,239,Lauri,Virtanen,Buyer,lauri.virtanen@kittila.expeditions.example,+358 40 206 2429,false,fi,true,PORTAL,2029-09-06
420,239,Olli,Laine,Owner,olli.laine@kittila.expeditions.example,+358 40 316 8473,false,fi,true,PORTAL,2028-09-06
421,240,Nils,Lindberg,Store Manager,nils.lindberg@lindberg.outdoor.example,+46 70 714 45 41,true,sv,false,ACCOUNT_MANAGER,2028-09-06
422,240,Magnus,Johansson,Purchasing,magnus.johansson@lindberg.outdoor.example,+46 70 173 41 53,false,sv,true,ACCOUNT_MANAGER,2028-09-06
423,241,Helmi,Järvinen,Store Manager,helmi.jarvinen@kuopio.guides.example,+358 40 857 8048,true,fi,true,WEBSITE,2029-09-06
424,242,Noora,Niemi,Store Manager,noora.niemi@kaira.outfitters.example,+358 40 871 3414,true,fi,true,PORTAL,2028-09-06
425,242,Sanna,Virtanen,Accounts Payable,sanna.virtanen@kaira.outfitters.example,+358 40 585 7653,false,fi,true,TRADE_FAIR,2031-09-06
426,243,Katharina,Weber,Store Manager,katharina.weber@trail.adventure.example,+49 40 9689625,true,de,false,WEBSITE,2028-09-06
427,243,Petra,Hoffmann,Owner,petra.hoffmann@trail.adventure.example,+49 40 7160494,false,de,true,TRADE_FAIR,2029-09-06
428,244,Søren,Nielsen,Store Manager,soren.nielsen@copenhagen.urheilu.example,+45 10 69 26 42,true,da,false,TRADE_FAIR,2028-09-06
429,244,Signe,Christensen,Accounts Payable,signe.christensen@copenhagen.urheilu.example,+45 06 04 56 69,false,da,false,WEBSITE,2031-09-06
430,244,Frederik,Kjær,Warehouse,frederik.kjaer@copenhagen.urheilu.example,+45 48 09 57 49,false,da,true,TRADE_FAIR,2028-09-06
431,245,Timo,Virtanen,Store Manager,timo.virtanen@kayak.fritid.example,+358 40 702 4675,true,fi,false,PORTAL,2029-09-06
432,246,Per,Johansson,Store Manager,per.johansson@uppsala.outdoor.example,+46 70 803 82 96,true,sv,true,WEBSITE,2028-09-06
433,247,Sara,Andersson,Store Manager,sara.andersson@aberg.outdoor.example,+46 70 562 93 93,true,sv,true,WEBSITE,2028-09-06
434,247,Lars,Lindberg,Buyer,lars.lindberg@aberg.outdoor.example,+46 70 309 87 26,false,sv,false,WEBSITE,2031-09-06
435,248,Juhani,Järvinen,Store Manager,juhani.jarvinen@helsinki.guides.example,+358 40 475 7705,true,fi,false,ACCOUNT_MANAGER,2031-09-06
436,248,Jari,Virtanen,Purchasing,jari.virtanen@helsinki.guides.example,+358 40 758 7295,false,fi,false,ACCOUNT_MANAGER,2029-09-06
437,249,Bjørn,Hansen,Store Manager,bjorn.hansen@aapa.trekking.example,+47 902 81 073,true,nb,true,TRADE_FAIR,2028-09-06
438,249,Jørgen,Berg,Purchasing,jorgen.berg@aapa.trekking.example,+47 962 03 072,false,nb,false,TRADE_FAIR,2031-09-06
439,250,Laura,Lehtonen,Store Manager,laura.lehtonen@nietosgear.example,+358 40 666 8969,true,fi,true,PORTAL,2029-09-06
440,250,Jukka,Heikkinen,Purchasing,jukka.heikkinen@nietosgear.example,+358 40 791 1094,false,fi,true,ACCOUNT_MANAGER,2028-09-06
441,251,Henrik,Larsson,Store Manager,henrik.larsson@falun.retki.example,+46 70 331 60 33,true,sv,true,WEBSITE,2029-09-06
442,252,Ida,Madsen,Store Manager,ida.madsen@forest.sports.example,+45 70 79 00 36,true,da,false,TRADE_FAIR,2028-09-06
443,253,Ole,Pedersen,Store Manager,ole.pedersen@oslo.adventures.example,+47 970 70 471,true,nb,true,TRADE_FAIR,2028-09-06
444,254,Timo,Hämäläinen,Store Manager,timo.hamalainen@rakka.urheilu.example,+358 40 717 5204,true,fi,false,TRADE_FAIR,2029-09-06
445,255,Katri,Mäkinen,Store Manager,katri.makinen@ridge.outfitters.example,+358 40 119 0226,true,fi,true,TRADE_FAIR,2028-09-06
446,256,Astrid,Olsson,Store Manager,astrid.olsson@karlsson.friluft.example,+46 70 776 21 97,true,sv,false,WEBSITE,2031-09-06
447,256,Sofia,Bergström,Warehouse,sofia.bergstrom@karlsson.friluft.example,+46 70 879 65 98,false,sv,true,TRADE_FAIR,2031-09-06
448,256,Hanna,Holm,Assistant Manager,hanna.holm@karlsson.friluft.example,+46 70 260 10 18,false,sv,false,ACCOUNT_MANAGER,2029-09-06
449,257,Juhani,Kallio,Store Manager,juhani.kallio@kalotti.camping.example,+358 40 565 0013,true,fi,false,ACCOUNT_MANAGER,2031-09-06
450,257,Maija,Rantanen,Buyer,maija.rantanen@kalotti.camping.example,+358 40 084 5912,false,fi,false,WEBSITE,2029-09-06
451,258,Tobias,Hoffmann,Store Manager,tobias.hoffmann@hoffmann.friluft.example,+49 40 1152837,true,de,true,PORTAL,2028-09-06
452,258,Petra,Weber,Buyer,petra.weber@hoffmann.friluft.example,+49 40 9648559,false,de,false,PORTAL,2029-09-06
453,258,Markus,Koch,Buyer,markus.koch@hoffmann.friluft.example,+49 40 9353677,false,de,false,WEBSITE,2031-09-06
454,259,Mette,Jørgensen,Store Manager,mette.jorgensen@vidde.urheilu.example,+45 73 12 48 02,true,da,true,PORTAL,2031-09-06
455,259,Mette,Jensen,Warehouse,mette.jensen@vidde.urheilu.example,+45 15 78 12 25,false,da,true,ACCOUNT_MANAGER,2028-09-06
456,259,Frederik,Rasmussen,Accounts Payable,frederik.rasmussen@vidde.urheilu.example,+45 72 95 48 56,false,da,false,WEBSITE,2031-09-06
457,260,Ville,Salminen,Store Manager,ville.salminen@jyvaskyla.outdoor.school.example,+358 40 642 0986,true,fi,true,TRADE_FAIR,2029-09-06
458,260,Helmi,Heikkinen,Buyer,helmi.heikkinen@jyvaskyla.outdoor.school.example,+358 40 126 5947,false,fi,true,PORTAL,2028-09-06
459,260,Tuomas,Aho,Owner,tuomas.aho@jyvaskyla.outdoor.school.example,+358 40 707 8584,false,fi,false,PORTAL,2029-09-06
460,261,Lars,Lundqvist,Store Manager,lars.lundqvist@orebro.sports.example,+46 70 465 84 22,true,sv,false,ACCOUNT_MANAGER,2031-09-06
461,262,Torbjørn,Dahl,Store Manager,torbjorn.dahl@nietosgear.example,+47 998 04 362,true,nb,true,TRADE_FAIR,2031-09-06
462,263,Emma,Svensson,Store Manager,emma.svensson@viddegear.example,+46 70 132 59 02,true,sv,false,WEBSITE,2029-09-06
463,263,Lovisa,Olsson,Accounts Payable,lovisa.olsson@viddegear.example,+46 70 545 25 28,false,sv,true,PORTAL,2031-09-06
464,263,Linnea,Eriksson,Assistant Manager,linnea.eriksson@viddegear.example,+46 70 605 72 91,false,sv,true,ACCOUNT_MANAGER,2028-09-06
465,264,Venla,Rantanen,Store Manager,venla.rantanen@kuopio.adventures.example,+358 40 974 7864,true,fi,false,ACCOUNT_MANAGER,2029-09-06
466,264,Ville,Hämäläinen,Purchasing,ville.hamalainen@kuopio.adventures.example,+358 40 298 4459,false,fi,true,WEBSITE,2029-09-06
467,265,Ole,Dahl,Store Manager,ole.dahl@kristiansen.friluft.example,+47 901 30 608,true,nb,true,WEBSITE,2031-09-06
468,265,Torbjørn,Andersen,Assistant Manager,torbjorn.andersen@kristiansen.friluft.example,+47 958 22 529,false,nb,true,ACCOUNT_MANAGER,2029-09-06
469,266,Priit,Sepp,Store Manager,priit.sepp@ilves.sport.example,+372 5222 5947,true,et,true,WEBSITE,2029-09-06
470,266,Kristjan,Mägi,Warehouse,kristjan.magi@ilves.sport.example,+372 5079 6574,false,et,false,WEBSITE,2028-09-06
471,267,Katharina,Becker,Store Manager,katharina.becker@viddestore.example,+49 40 1131877,true,de,false,TRADE_FAIR,2028-09-06
472,268,Tone,Johansen,Store Manager,tone.johansen@summit24.example,+47 967 05 965,true,nb,true,PORTAL,2031-09-06
473,268,Torbjørn,Andersen,Assistant Manager,torbjorn.andersen@summit24.example,+47 921 26 858,false,nb,false,ACCOUNT_MANAGER,2031-09-06
474,268,Sindre,Bakke,Warehouse,sindre.bakke@summit24.example,+47 912 80 523,false,nb,true,ACCOUNT_MANAGER,2028-09-06
475,269,Rasmus,Rasmussen,Store Manager,rasmus.rasmussen@kaira24.example,+45 29 95 08 02,true,da,false,WEBSITE,2029-09-06
476,269,Lærke,Sørensen,Assistant Manager,laerke.sorensen@kaira24.example,+45 88 96 33 19,false,da,true,WEBSITE,2028-09-06
477,270,Lena,Weber,Store Manager,lena.weber@flensburg.outdoor.example,+49 40 3903900,true,de,false,TRADE_FAIR,2031-09-06
478,271,Venla,Heikkinen,Store Manager,venla.heikkinen@kokkola.urheilu.example,+358 40 662 9957,true,fi,true,TRADE_FAIR,2031-09-06
479,272,Marit,Larsen,Store Manager,marit.larsen@arcticstore.example,+47 973 08 550,true,nb,true,ACCOUNT_MANAGER,2028-09-06
480,272,Sindre,Moen,Warehouse,sindre.moen@arcticstore.example,+47 989 20 024,false,nb,true,ACCOUNT_MANAGER,2029-09-06
481,273,Elin,Svensson,Store Manager,elin.svensson@ostersund.guides.example,+46 70 695 59 27,true,sv,false,ACCOUNT_MANAGER,2031-09-06
482,273,Ebba,Johansson,Owner,ebba.johansson@ostersund.guides.example,+46 70 984 49 19,false,sv,true,WEBSITE,2031-09-06
483,273,Astrid,Andersson,Purchasing,astrid.andersson@ostersund.guides.example,+46 70 733 44 05,false,sv,true,PORTAL,2028-09-06
484,274,Riikka,Nieminen,Store Manager,riikka.nieminen@jyvaskyla.turutstyr.example,+358 40 085 0150,true,fi,false,WEBSITE,2028-09-06
485,275,Ingrid,Nilsen,Store Manager,ingrid.nilsen@vidde.sports.example,+47 926 45 272,true,nb,false,ACCOUNT_MANAGER,2029-09-06
486,275,Kari,Kristiansen,Owner,kari.kristiansen@vidde.sports.example,+47 930 63 396,false,nb,true,WEBSITE,2029-09-06
487,276,Morten,Jensen,Store Manager,morten.jensen@rakka.turutstyr.example,+45 58 97 06 95,true,da,true,WEBSITE,2029-09-06
488,276,Camilla,Sørensen,Purchasing,camilla.sorensen@rakka.turutstyr.example,+45 92 84 12 10,false,da,true,WEBSITE,2028-09-06
489,276,Louise,Kjær,Accounts Payable,louise.kjaer@rakka.turutstyr.example,+45 01 88 29 26,false,da,true,ACCOUNT_MANAGER,2028-09-06
490,277,Morten,Kjær,Store Manager,morten.kjaer@aarhus.sports.example,+45 34 99 18 16,true,da,false,TRADE_FAIR,2029-09-06
491,277,Freja,Kjær,Assistant Manager,freja.kjaer@aarhus.sports.example,+45 32 30 01 70,false,da,false,WEBSITE,2029-09-06
492,277,Lærke,Jensen,Assistant Manager,laerke.jensen@aarhus.sports.example,+45 48 45 91 59,false,da,true,TRADE_FAIR,2028-09-06
493,278,Anni,Koskinen,Store Manager,anni.koskinen@trail.adventure.example,+358 40 877 5211,true,fi,false,TRADE_FAIR,2028-09-06
494,278,Maija,Mäkinen,Accounts Payable,maija.makinen@trail.adventure.example,+358 40 919 3611,false,fi,true,ACCOUNT_MANAGER,2029-09-06
495,279,Tone,Hansen,Store Manager,tone.hansen@metsa.friluft.example,+47 994 02 196,true,nb,false,ACCOUNT_MANAGER,2028-09-06
496,279,Nora,Johansen,Warehouse,nora.johansen@metsa.friluft.example,+47 909 10 072,false,nb,true,PORTAL,2028-09-06
497,280,Maija,Niemi,Store Manager,maija.niemi@seinajoki.guides.example,+358 40 754 5274,true,fi,true,PORTAL,2031-09-06
498,280,Elina,Saarinen,Warehouse,elina.saarinen@seinajoki.guides.example,+358 40 976 3280,false,fi,false,TRADE_FAIR,2031-09-06
499,280,Jari,Niemi,Owner,jari.niemi@seinajoki.guides.example,+358 40 463 5410,false,fi,true,ACCOUNT_MANAGER,2029-09-06
500,281,Aino,Koskinen,Store Manager,aino.koskinen@kayak.urheilu.example,+358 40 059 9906,true,fi,true,TRADE_FAIR,2031-09-06
501,281,Riikka,Mäkinen,Assistant Manager,riikka.makinen@kayak.urheilu.example,+358 40 154 7708,false,fi,true,WEBSITE,2029-09-06
502,282,Kaisa,Niemi,Store Manager,kaisa.niemi@kuopio.urheilu.example,+358 40 353 3665,true,fi,false,ACCOUNT_MANAGER,2028-09-06
503,282,Antti,Virtanen,Buyer,antti.virtanen@kuopio.urheilu.example,+358 40 241 3956,false,fi,false,TRADE_FAIR,2031-09-06
504,283,Lærke,Madsen,Store Manager,laerke.madsen@compass.sport.example,+45 97 05 60 18,true,da,true,PORTAL,2031-09-06
505,283,Camilla,Thomsen,Buyer,camilla.thomsen@compass.sport.example,+45 94 34 85 83,false,da,true,ACCOUNT_MANAGER,2029-09-06
506,283,Jonas,Jørgensen,Buyer,jonas.jorgensen@compass.sport.example,+45 96 18 74 01,false,da,true,PORTAL,2029-09-06
507,284,Sofia,Bergström,Store Manager,sofia.bergstrom@nietos.outfitters.example,+46 70 224 34 49,true,sv,false,PORTAL,2028-09-06
508,284,Frida,Bergström,Assistant Manager,frida.bergstrom@nietos.outfitters.example,+46 70 444 71 96,false,sv,true,PORTAL,2028-09-06
509,285,Per,Lundqvist,Store Manager,per.lundqvist@olsson.sport.example,+46 70 531 55 87,true,sv,false,WEBSITE,2029-09-06
510,285,Karin,Åberg,Accounts Payable,karin.aberg@olsson.sport.example,+46 70 686 50 33,false,sv,true,PORTAL,2031-09-06
511,286,Anette,Berg,Store Manager,anette.berg@tromso.urheilu.example,+47 916 12 796,true,nb,true,TRADE_FAIR,2031-09-06
512,286,Mathias,Bakke,Accounts Payable,mathias.bakke@tromso.urheilu.example,+47 907 40 421,false,nb,false,ACCOUNT_MANAGER,2029-09-06
513,287,Aino,Heikkinen,Store Manager,aino.heikkinen@kuopio.rental.example,+358 40 802 6133,true,fi,true,WEBSITE,2028-09-06
514,288,Sara,Lundqvist,Store Manager,sara.lundqvist@are.rental.example,+46 70 341 78 74,true,sv,true,ACCOUNT_MANAGER,2028-09-06
515,288,Ulf,Karlsson,Buyer,ulf.karlsson@are.rental.example,+46 70 539 46 44,false,sv,true,TRADE_FAIR,2029-09-06
516,288,Linnea,Holm,Owner,linnea.holm@are.rental.example,+46 70 063 25 16,false,sv,false,WEBSITE,2028-09-06
517,289,Louise,Sørensen,Store Manager,louise.sorensen@roskilde.expeditions.example,+45 14 40 00 19,true,da,true,TRADE_FAIR,2028-09-06
518,290,Per,Johansson,Store Manager,per.johansson@lulea.outdoor.example,+46 70 638 62 46,true,sv,true,WEBSITE,2031-09-06
519,291,Eero,Laine,Store Manager,eero.laine@polarstore.example,+358 40 794 2279,true,fi,true,PORTAL,2028-09-06
520,291,Venla,Hämäläinen,Assistant Manager,venla.hamalainen@polarstore.example,+358 40 621 7497,false,fi,true,WEBSITE,2031-09-06
521,292,Morten,Christensen,Store Manager,morten.christensen@esbjerg.urheilu.example,+45 20 51 25 59,true,da,true,TRADE_FAIR,2028-09-06
522,293,Rasmus,Jensen,Store Manager,rasmus.jensen@nielsen.outdoor.example,+45 46 85 08 98,true,da,true,ACCOUNT_MANAGER,2031-09-06
523,293,Morten,Rasmussen,Warehouse,morten.rasmussen@nielsen.outdoor.example,+45 56 38 25 62,false,da,false,TRADE_FAIR,2028-09-06
524,293,Søren,Poulsen,Purchasing,soren.poulsen@nielsen.outdoor.example,+45 57 89 07 34,false,da,false,ACCOUNT_MANAGER,2031-09-06
525,294,Camilla,Nielsen,Store Manager,camilla.nielsen@loiste.camping.example,+45 85 12 36 76,true,da,true,ACCOUNT_MANAGER,2029-09-06
526,294,Jonas,Christensen,Buyer,jonas.christensen@loiste.camping.example,+45 93 38 67 17,false,da,true,ACCOUNT_MANAGER,2031-09-06
527,295,Vegard,Nygaard,Store Manager,vegard.nygaard@loistestore.example,+47 919 38 534,true,nb,false,PORTAL,2029-09-06
528,296,Jukka,Aho,Store Manager,jukka.aho@lahti.expeditions.example,+358 40 538 2868,true,fi,true,ACCOUNT_MANAGER,2029-09-06
529,296,Maija,Heikkinen,Warehouse,maija.heikkinen@lahti.expeditions.example,+358 40 391 0747,false,fi,true,PORTAL,2028-09-06
530,296,Olli,Saarinen,Warehouse,olli.saarinen@lahti.expeditions.example,+358 40 134 1557,false,fi,true,ACCOUNT_MANAGER,2028-09-06
531,297,Bjørn,Moen,Store Manager,bjorn.moen@alesund.alpine.club.example,+47 967 12 386,true,nb,true,ACCOUNT_MANAGER,2031-09-06
532,298,Laura,Hämäläinen,Store Manager,laura.hamalainen@rakka.turutstyr.example,+358 40 783 6002,true,fi,true,WEBSITE,2031-09-06
533,299,Jørgen,Berg,Store Manager,jorgen.berg@bakke.outdoor.example,+47 998 94 777,true,nb,true,WEBSITE,2028-09-06
534,300,Erik,Holm,Store Manager,erik.holm@rakkastore.example,+46 70 908 36 52,true,sv,false,PORTAL,2031-09-06
535,301,Laura,Lehto,Store Manager,laura.lehto@koskinen.sport.example,+358 40 054 8334,true,fi,true,PORTAL,2029-09-06
536,301,Timo,Aho,Warehouse,timo.aho@koskinen.sport.example,+358 40 666 2187,false,fi,true,TRADE_FAIR,2029-09-06
537,301,Jukka,Salminen,Owner,jukka.salminen@koskinen.sport.example,+358 40 738 4551,false,fi,false,ACCOUNT_MANAGER,2031-09-06
538,302,Antti,Korhonen,Store Manager,antti.korhonen@salminen.sport.example,+358 40 271 9011,true,fi,true,PORTAL,2031-09-06
539,303,Katri,Mäkinen,Store Manager,katri.makinen@rovaniemi.adventures.example,+358 40 778 2576,true,fi,false,TRADE_FAIR,2029-09-06
540,303,Anni,Nieminen,Warehouse,anni.nieminen@rovaniemi.adventures.example,+358 40 489 5369,false,fi,true,ACCOUNT_MANAGER,2029-09-06
541,303,Pekka,Nieminen,Accounts Payable,pekka.nieminen@rovaniemi.adventures.example,+358 40 798 9551,false,fi,false,PORTAL,2031-09-06
542,304,Henrik,Nilsson,Store Manager,henrik.nilsson@vinter.urheilu.example,+46 70 281 83 52,true,sv,true,TRADE_FAIR,2029-09-06
543,304,Emma,Holm,Accounts Payable,emma.holm@vinter.urheilu.example,+46 70 598 60 00,false,sv,true,WEBSITE,2028-09-06
544,305,Kaisa,Lehto,Store Manager,kaisa.lehto@niemi.sport.example,+358 40 365 9487,true,fi,false,ACCOUNT_MANAGER,2028-09-06
545,306,Håkon,Moen,Store Manager,hakon.moen@trondheim.adventures.example,+47 953 63 692,true,nb,true,WEBSITE,2029-09-06
546,306,Mathias,Moen,Purchasing,mathias.moen@trondheim.adventures.example,+47 929 50 846,false,nb,false,WEBSITE,2031-09-06
547,307,Sofia,Eriksson,Store Manager,sofia.eriksson@era.urheilu.example,+46 70 093 76 11,true,sv,true,ACCOUNT_MANAGER,2031-09-06
548,307,Björn,Karlsson,Owner,bjorn.karlsson@era.urheilu.example,+46 70 845 70 46,false,sv,true,WEBSITE,2029-09-06
549,308,Elin,Olsson,Store Manager,elin.olsson@arctic.fritid.example,+46 70 618 77 37,true,sv,true,TRADE_FAIR,2031-09-06
550,309,Riikka,Kallio,Store Manager,riikka.kallio@aurora.sport.fritid.example,+358 40 420 6513,true,fi,false,WEBSITE,2028-09-06
551,310,Laura,Heikkinen,Store Manager,laura.heikkinen@turku.adventures.example,+358 40 048 2601,true,fi,true,TRADE_FAIR,2031-09-06
552,310,Juhani,Saarinen,Assistant Manager,juhani.saarinen@turku.adventures.example,+358 40 538 7942,false,fi,true,ACCOUNT_MANAGER,2031-09-06
553,310,Venla,Lehtonen,Purchasing,venla.lehtonen@turku.adventures.example,+358 40 625 8900,false,fi,false,PORTAL,2029-09-06
554,311,Nils,Holm,Store Manager,nils.holm@nordlys.friluft.example,+46 70 467 45 96,true,sv,true,ACCOUNT_MANAGER,2031-09-06
555,311,Magnus,Bergström,Assistant Manager,magnus.bergstrom@nordlys.friluft.example,+46 70 618 59 29,false,sv,false,TRADE_FAIR,2031-09-06
556,312,Nora,Johansen,Store Manager,nora.johansen@stavanger.friluft.example,+47 986 63 809,true,nb,false,TRADE_FAIR,2028-09-06
557,313,Laura,Salo,Store Manager,laura.salo@trail.friluft.example,+358 40 870 5675,true,fi,false,ACCOUNT_MANAGER,2028-09-06
558,313,Riikka,Laine,Warehouse,riikka.laine@trail.friluft.example,+358 40 181 1233,false,fi,false,WEBSITE,2029-09-06
559,314,Maja,Olsson,Store Manager,maja.olsson@hikers.outfitters.example,+46 70 330 27 95,true,sv,true,WEBSITE,2028-09-06
560,315,Søren,Sørensen,Store Manager,soren.sorensen@trail.sport.example,+45 20 34 68 11,true,da,true,PORTAL,2031-09-06
561,315,Pernille,Jørgensen,Purchasing,pernille.jorgensen@trail.sport.example,+45 41 10 83 56,false,da,true,PORTAL,2029-09-06
562,316,Johan,Johansson,Store Manager,johan.johansson@aurora.turutstyr.example,+46 70 537 40 30,true,sv,false,WEBSITE,2031-09-06
563,317,Aino,Hämäläinen,Store Manager,aino.hamalainen@lehtonen.urheilu.example,+358 40 306 5157,true,fi,true,PORTAL,2028-09-06
564,318,Kari,Pedersen,Store Manager,kari.pedersen@forest.urheilu.example,+47 902 45 924,true,nb,true,PORTAL,2028-09-06
565,319,Johan,Strand,Store Manager,johan.strand@kalottistore.example,+46 70 031 50 62,true,sv,false,WEBSITE,2028-09-06
566,319,Sara,Andersson,Assistant Manager,sara.andersson@kalottistore.example,+46 70 641 33 90,false,sv,false,PORTAL,2031-09-06
567,319,Sofia,Olsson,Buyer,sofia.olsson@kalottistore.example,+46 70 980 97 49,false,sv,true,TRADE_FAIR,2028-09-06
568,320,Anna,Müller,Store Manager,anna.muller@munich.guides.example,+49 40 3199220,true,de,false,TRADE_FAIR,2031-09-06
569,320,Katharina,Müller,Purchasing,katharina.muller@munich.guides.example,+49 40 3893625,false,de,true,ACCOUNT_MANAGER,2028-09-06
570,320,Markus,Wagner,Accounts Payable,markus.wagner@munich.guides.example,+49 40 6610159,false,de,false,ACCOUNT_MANAGER,2029-09-06
571,321,Sara,Gustafsson,Store Manager,sara.gustafsson@aurorashop.example,+46 70 160 31 45,true,sv,true,ACCOUNT_MANAGER,2031-09-06
572,321,Ulf,Andersson,Owner,ulf.andersson@aurorashop.example,+46 70 411 13 50,false,sv,true,ACCOUNT_MANAGER,2028-09-06
573,322,Louise,Rasmussen,Store Manager,louise.rasmussen@roskilde.alpine.club.example,+45 55 65 92 04,true,da,true,TRADE_FAIR,2031-09-06
574,322,Louise,Madsen,Owner,louise.madsen@roskilde.alpine.club.example,+45 16 26 42 31,false,da,true,ACCOUNT_MANAGER,2031-09-06
575,323,Linnea,Lindberg,Store Manager,linnea.lindberg@kalotti.camping.example,+46 70 000 00 02,true,sv,false,PORTAL,2028-09-06
576,323,Erik,Johansson,Warehouse,erik.johansson@kalotti.camping.example,+46 70 482 11 54,false,sv,true,PORTAL,2029-09-06
577,324,Håkon,Karlsen,Store Manager,hakon.karlsen@johansen.outdoor.example,+47 902 29 211,true,nb,true,ACCOUNT_MANAGER,2028-09-06
578,325,Pernille,Poulsen,Store Manager,pernille.poulsen@nietos.urheilu.example,+45 02 57 40 86,true,da,true,WEBSITE,2028-09-06
579,325,Signe,Poulsen,Purchasing,signe.poulsen@nietos.urheilu.example,+45 69 18 95 78,false,da,false,WEBSITE,2029-09-06
580,326,Ida,Kjær,Store Manager,ida.kjaer@madsen.sport.example,+45 24 92 84 97,true,da,true,PORTAL,2028-09-06
581,327,Anni,Rantanen,Store Manager,anni.rantanen@espoo.friluft.example,+358 40 191 7608,true,fi,false,PORTAL,2028-09-06
582,328,Oskar,Strand,Store Manager,oskar.strand@kalotti.outdoor.example,+46 70 839 38 02,true,sv,false,WEBSITE,2031-09-06
583,329,Jukka,Heikkinen,Store Manager,jukka.heikkinen@seinajoki.outdoor.school.example,+358 40 809 5052,true,fi,true,ACCOUNT_MANAGER,2029-09-06
584,329,Maija,Kallio,Warehouse,maija.kallio@seinajoki.outdoor.school.example,+358 40 616 6006,false,fi,false,TRADE_FAIR,2031-09-06
585,330,Jonas,Poulsen,Store Manager,jonas.poulsen@aalborg.adventures.example,+45 83 18 24 07,true,da,true,WEBSITE,2029-09-06
586,330,Frederik,Jensen,Buyer,frederik.jensen@aalborg.adventures.example,+45 75 33 62 60,false,da,true,ACCOUNT_MANAGER,2028-09-06
587,330,Lærke,Sørensen,Assistant Manager,laerke.sorensen@aalborg.adventures.example,+45 76 41 98 18,false,da,true,TRADE_FAIR,2031-09-06
588,331,Eero,Saarinen,Store Manager,eero.saarinen@arctic.urheilu.example,+358 40 582 5934,true,fi,true,WEBSITE,2031-09-06
589,332,Sindre,Johansen,Store Manager,sindre.johansen@haugen.outdoor.example,+47 946 04 287,true,nb,false,PORTAL,2031-09-06
590,332,Torbjørn,Kristiansen,Assistant Manager,torbjorn.kristiansen@haugen.outdoor.example,+47 974 11 536,false,nb,true,PORTAL,2028-09-06
591,333,Linnea,Karlsson,Store Manager,linnea.karlsson@gavle.camping.example,+46 70 265 15 84,true,sv,false,ACCOUNT_MANAGER,2029-09-06
592,333,Oskar,Strand,Assistant Manager,oskar.strand@gavle.camping.example,+46 70 125 44 68,false,sv,false,TRADE_FAIR,2029-09-06
593,333,Hanna,Johansson,Accounts Payable,hanna.johansson@gavle.camping.example,+46 70 846 42 57,false,sv,true,WEBSITE,2029-09-06
594,334,Helmi,Korhonen,Store Manager,helmi.korhonen@hameenlinna.adventures.example,+358 40 989 8626,true,fi,false,TRADE_FAIR,2029-09-06
595,335,Emma,Gustafsson,Store Manager,emma.gustafsson@goteborg.sport.example,+46 70 419 03 33,true,sv,true,TRADE_FAIR,2031-09-06
596,335,Emma,Eriksson,Accounts Payable,emma.eriksson@goteborg.sport.example,+46 70 607 61 34,false,sv,false,ACCOUNT_MANAGER,2029-09-06
597,335,Astrid,Holm,Owner,astrid.holm@goteborg.sport.example,+46 70 450 63 05,false,sv,false,ACCOUNT_MANAGER,2028-09-06
598,336,Henrik,Åberg,Store Manager,henrik.aberg@stockholm.scouts.example,+46 70 639 59 78,true,sv,false,PORTAL,2028-09-06
599,337,Morten,Sørensen,Store Manager,morten.sorensen@rasmussen.urheilu.example,+45 86 93 98 25,true,da,false,TRADE_FAIR,2028-09-06
600,337,Ida,Poulsen,Accounts Payable,ida.poulsen@rasmussen.urheilu.example,+45 01 21 60 81,false,da,false,ACCOUNT_MANAGER,2028-09-06
601,337,Pernille,Jørgensen,Buyer,pernille.jorgensen@rasmussen.urheilu.example,+45 57 01 39 50,false,da,false,ACCOUNT_MANAGER,2031-09-06
602,338,Anders,Svensson,Store Manager,anders.svensson@gavle.fritid.example,+46 70 138 53 29,true,sv,true,WEBSITE,2031-09-06
603,338,Emma,Nilsson,Purchasing,emma.nilsson@gavle.fritid.example,+46 70 043 70 20,false,sv,true,PORTAL,2029-09-06
604,338,Elin,Strand,Accounts Payable,elin.strand@gavle.fritid.example,+46 70 171 57 74,false,sv,true,PORTAL,2029-09-06
605,339,Mette,Nielsen,Store Manager,mette.nielsen@roskilde.camping.example,+45 93 91 52 04,true,da,false,PORTAL,2029-09-06
606,339,Signe,Jensen,Purchasing,signe.jensen@roskilde.camping.example,+45 42 93 82 79,false,da,true,WEBSITE,2031-09-06
607,340,Magnus,Strand,Store Manager,magnus.strand@karlsson.urheilu.example,+46 70 837 67 72,true,sv,false,TRADE_FAIR,2031-09-06
608,340,Per,Andersson,Buyer,per.andersson@karlsson.urheilu.example,+46 70 442 93 51,false,sv,false,WEBSITE,2029-09-06
609,340,Karin,Strand,Assistant Manager,karin.strand@karlsson.urheilu.example,+46 70 804 80 31,false,sv,true,TRADE_FAIR,2031-09-06
610,341,Anders,Olsson,Store Manager,anders.olsson@lulea.scouts.example,+46 70 399 30 55,true,sv,true,WEBSITE,2028-09-06
611,341,Johan,Johansson,Assistant Manager,johan.johansson@lulea.scouts.example,+46 70 170 72 12,false,sv,true,PORTAL,2028-09-06
612,342,Maja,Eriksson,Store Manager,maja.eriksson@kaamos.fritid.example,+46 70 271 41 59,true,sv,false,WEBSITE,2031-09-06
613,342,Astrid,Larsson,Owner,astrid.larsson@kaamos.fritid.example,+46 70 710 58 29,false,sv,false,WEBSITE,2031-09-06
614,343,Frederik,Nielsen,Store Manager,frederik.nielsen@thomsen.sport.example,+45 23 06 62 54,true,da,true,PORTAL,2028-09-06
615,343,Lærke,Christensen,Warehouse,laerke.christensen@thomsen.sport.example,+45 45 38 08 57,false,da,true,PORTAL,2031-09-06
616,344,Lukas,Müller,Store Manager,lukas.muller@berlin.retki.example,+49 40 7410561,true,de,true,ACCOUNT_MANAGER,2031-09-06
617,344,Julia,Koch,Accounts Payable,julia.koch@berlin.retki.example,+49 40 1082120,false,de,true,ACCOUNT_MANAGER,2028-09-06
618,344,Anna,Müller,Buyer,anna.muller@berlin.retki.example,+49 40 3281903,false,de,true,TRADE_FAIR,2029-09-06
619,345,Kari,Dahl,Store Manager,kari.dahl@alesund.adventures.example,+47 978 75 549,true,nb,false,PORTAL,2028-09-06
620,345,Tone,Andersen,Purchasing,tone.andersen@alesund.adventures.example,+47 978 82 928,false,nb,true,TRADE_FAIR,2028-09-06
621,346,Sigrid,Johansen,Store Manager,sigrid.johansen@kristiansen.outdoor.example,+47 909 21 092,true,nb,false,ACCOUNT_MANAGER,2029-09-06
622,347,Maija,Korhonen,Store Manager,maija.korhonen@virtanen.urheilu.example,+358 40 686 3823,true,fi,true,ACCOUNT_MANAGER,2031-09-06
623,348,Frida,Strand,Store Manager,frida.strand@holm.outdoor.example,+46 70 131 31 24,true,sv,false,ACCOUNT_MANAGER,2031-09-06
624,349,Frederik,Poulsen,Store Manager,frederik.poulsen@lakestore.example,+45 08 80 04 99,true,da,false,ACCOUNT_MANAGER,2031-09-06
625,350,Morten,Kjær,Store Manager,morten.kjaer@roskilde.turutstyr.example,+45 67 06 55 54,true,da,false,TRADE_FAIR,2029-09-06
626,351,Lovisa,Strand,Store Manager,lovisa.strand@nordlysshop.example,+46 70 674 81 58,true,sv,false,ACCOUNT_MANAGER,2028-09-06
627,351,Lovisa,Johansson,Assistant Manager,lovisa.johansson@nordlysshop.example,+46 70 281 08 32,false,sv,false,ACCOUNT_MANAGER,2031-09-06
628,352,Niels,Nielsen,Store Manager,niels.nielsen@copenhagen.scouts.example,+45 71 60 16 45,true,da,true,WEBSITE,2028-09-06
629,353,Laura,Koskinen,Store Manager,laura.koskinen@seinajoki.adventures.example,+358 40 064 9862,true,fi,false,WEBSITE,2028-09-06
630,353,Mikko,Heikkinen,Warehouse,mikko.heikkinen@seinajoki.adventures.example,+358 40 131 1086,false,fi,true,WEBSITE,2029-09-06
631,354,Noora,Heikkinen,Store Manager,noora.heikkinen@kuusamo.adventure.example,+358 40 400 3964,true,fi,false,ACCOUNT_MANAGER,2031-09-06
632,354,Jukka,Aho,Warehouse,jukka.aho@kuusamo.adventure.example,+358 40 158 6749,false,fi,false,WEBSITE,2029-09-06
633,355,Mattias,Larsson,Store Manager,mattias.larsson@fjallshop.example,+46 70 562 94 68,true,sv,false,TRADE_FAIR,2031-09-06
634,355,Gustav,Gustafsson,Warehouse,gustav.gustafsson@fjallshop.example,+46 70 666 67 71,false,sv,true,PORTAL,2031-09-06
635,356,Marit,Karlsen,Store Manager,marit.karlsen@trondheim.retki.example,+47 995 61 175,true,nb,true,TRADE_FAIR,2031-09-06
636,356,Torbjørn,Olsen,Buyer,torbjorn.olsen@trondheim.retki.example,+47 950 71 564,false,nb,true,TRADE_FAIR,2029-09-06
637,356,Mathias,Nilsen,Warehouse,mathias.nilsen@trondheim.retki.example,+47 961 87 315,false,nb,false,WEBSITE,2028-09-06
638,357,Juhani,Koskinen,Store Manager,juhani.koskinen@ruska.sport.example,+358 40 100 1595,true,fi,true,TRADE_FAIR,2028-09-06
639,357,Riikka,Laine,Purchasing,riikka.laine@ruska.sport.example,+358 40 942 0464,false,fi,true,ACCOUNT_MANAGER,2029-09-06
640,357,Olli,Lehto,Warehouse,olli.lehto@ruska.sport.example,+358 40 202 8645,false,fi,true,PORTAL,2031-09-06
641,358,Sara,Holm,Store Manager,sara.holm@linkoping.outfitters.example,+46 70 525 13 31,true,sv,false,TRADE_FAIR,2031-09-06
642,358,Sofia,Andersson,Purchasing,sofia.andersson@linkoping.outfitters.example,+46 70 929 81 95,false,sv,true,WEBSITE,2029-09-06
643,359,Tanel,Kask,Store Manager,tanel.kask@kalotti.outdoor.example,+372 5434 2693,true,et,true,PORTAL,2029-09-06
644,359,Liis,Sepp,Accounts Payable,liis.sepp@kalotti.outdoor.example,+372 5632 2719,false,et,true,TRADE_FAIR,2028-09-06
645,359,Priit,Ilves,Assistant Manager,priit.ilves@kalotti.outdoor.example,+372 5259 6315,false,et,true,TRADE_FAIR,2028-09-06
646,360,Katharina,Koch,Store Manager,katharina.koch@koch.outdoor.example,+49 40 5459985,true,de,false,WEBSITE,2029-09-06
647,360,Markus,Koch,Buyer,markus.koch@koch.outdoor.example,+49 40 8966244,false,de,true,WEBSITE,2029-09-06
648,361,Mette,Nielsen,Store Manager,mette.nielsen@poulsen.friluft.example,+45 96 96 18 91,true,da,false,WEBSITE,2029-09-06
649,361,Lærke,Christensen,Buyer,laerke.christensen@poulsen.friluft.example,+45 57 60 38 78,false,da,false,PORTAL,2029-09-06
650,361,Morten,Christensen,Assistant Manager,morten.christensen@poulsen.friluft.example,+45 56 35 41 31,false,da,false,WEBSITE,2029-09-06
651,362,Sindre,Moen,Store Manager,sindre.moen@alta.alpine.club.example,+47 946 01 354,true,nb,true,ACCOUNT_MANAGER,2028-09-06
652,362,Jørgen,Dahl,Buyer,jorgen.dahl@alta.alpine.club.example,+47 964 41 736,false,nb,false,ACCOUNT_MANAGER,2031-09-06
653,363,Ulf,Olsson,Store Manager,ulf.olsson@falun.fritid.example,+46 70 648 44 84,true,sv,true,ACCOUNT_MANAGER,2029-09-06
654,363,Björn,Johansson,Purchasing,bjorn.johansson@falun.fritid.example,+46 70 305 85 05,false,sv,true,ACCOUNT_MANAGER,2029-09-06
655,364,Sara,Bergström,Store Manager,sara.bergstrom@era.adventure.example,+46 70 345 17 03,true,sv,true,ACCOUNT_MANAGER,2028-09-06
656,364,Ulf,Olsson,Owner,ulf.olsson@era.adventure.example,+46 70 998 94 61,false,sv,false,ACCOUNT_MANAGER,2028-09-06
657,364,Sofia,Karlsson,Accounts Payable,sofia.karlsson@era.adventure.example,+46 70 786 96 35,false,sv,true,ACCOUNT_MANAGER,2031-09-06
658,365,Johan,Lundqvist,Store Manager,johan.lundqvist@forestgear.example,+46 70 562 70 94,true,sv,true,TRADE_FAIR,2029-09-06
659,366,Ville,Nieminen,Store Manager,ville.nieminen@nietos.outdoor.example,+358 40 564 8125,true,fi,false,PORTAL,2031-09-06
660,366,Katri,Koskinen,Buyer,katri.koskinen@nietos.outdoor.example,+358 40 065 3115,false,fi,false,WEBSITE,2028-09-06
661,367,Søren,Nielsen,Store Manager,soren.nielsen@kerostore.example,+45 11 23 52 32,true,da,true,TRADE_FAIR,2029-09-06
662,367,Rasmus,Christensen,Warehouse,rasmus.christensen@kerostore.example,+45 35 67 79 28,false,da,false,PORTAL,2028-09-06
663,368,Marit,Karlsen,Store Manager,marit.karlsen@skog.trekking.example,+47 967 96 027,true,nb,true,PORTAL,2031-09-06
664,368,Kari,Bakke,Assistant Manager,kari.bakke@skog.trekking.example,+47 984 12 580,false,nb,false,ACCOUNT_MANAGER,2028-09-06
665,369,Marit,Johansen,Store Manager,marit.johansen@selka.sport.fritid.example,+47 925 17 368,true,nb,true,WEBSITE,2031-09-06
666,369,Hege,Karlsen,Warehouse,hege.karlsen@selka.sport.fritid.example,+47 998 34 014,false,nb,true,TRADE_FAIR,2031-09-06
667,369,Sindre,Haugen,Accounts Payable,sindre.haugen@selka.sport.fritid.example,+47 927 09 033,false,nb,false,ACCOUNT_MANAGER,2031-09-06
668,370,Lærke,Jensen,Store Manager,laerke.jensen@fjord24.example,+45 31 71 74 28,true,da,false,PORTAL,2028-09-06
669,370,Morten,Sørensen,Owner,morten.sorensen@fjord24.example,+45 57 70 82 28,false,da,false,ACCOUNT_MANAGER,2029-09-06
670,370,Louise,Sørensen,Assistant Manager,louise.sorensen@fjord24.example,+45 80 09 96 03,false,da,false,ACCOUNT_MANAGER,2031-09-06
671,371,Aino,Hämäläinen,Store Manager,aino.hamalainen@vaara.camping.example,+358 40 087 5999,true,fi,true,TRADE_FAIR,2031-09-06
672,371,Laura,Mäkinen,Owner,laura.makinen@vaara.camping.example,+358 40 924 0214,false,fi,false,PORTAL,2029-09-06
673,372,Oskar,Andersson,Store Manager,oskar.andersson@are.fritid.example,+46 70 152 26 21,true,sv,true,PORTAL,2028-09-06
674,373,Mattias,Holm,Store Manager,mattias.holm@ruska.camping.example,+46 70 382 23 52,true,sv,true,ACCOUNT_MANAGER,2029-09-06
675,374,Astrid,Holm,Store Manager,astrid.holm@fjall.sport.example,+46 70 053 17 34,true,sv,false,PORTAL,2028-09-06
676,374,Frida,Holm,Assistant Manager,frida.holm@fjall.sport.example,+46 70 810 92 00,false,sv,true,WEBSITE,2031-09-06
677,375,Silje,Nygaard,Store Manager,silje.nygaard@hikers.friluft.example,+47 984 51 139,true,nb,false,TRADE_FAIR,2031-09-06
678,375,Sindre,Nilsen,Accounts Payable,sindre.nilsen@hikers.friluft.example,+47 936 37 033,false,nb,false,WEBSITE,2028-09-06
679,376,Emma,Persson,Store Manager,emma.persson@ostersund.turutstyr.example,+46 70 372 24 75,true,sv,false,TRADE_FAIR,2029-09-06
680,377,Solveig,Dahl,Store Manager,solveig.dahl@kristiansand.scouts.example,+47 998 03 968,true,nb,true,ACCOUNT_MANAGER,2031-09-06
681,377,Sindre,Karlsen,Owner,sindre.karlsen@kristiansand.scouts.example,+47 997 61 640,false,nb,false,TRADE_FAIR,2028-09-06
682,378,Camilla,Kjær,Store Manager,camilla.kjaer@ruska.sport.example,+45 31 31 60 20,true,da,true,ACCOUNT_MANAGER,2031-09-06
683,378,Signe,Jensen,Warehouse,signe.jensen@ruska.sport.example,+45 34 19 09 70,false,da,false,PORTAL,2029-09-06
684,378,Niels,Christensen,Assistant Manager,niels.christensen@ruska.sport.example,+45 92 71 67 18,false,da,false,ACCOUNT_MANAGER,2031-09-06
685,379,Niels,Jørgensen,Store Manager,niels.jorgensen@kolding.fritid.example,+45 36 42 26 91,true,da,true,TRADE_FAIR,2029-09-06
686,379,Frederik,Nielsen,Buyer,frederik.nielsen@kolding.fritid.example,+45 38 72 77 45,false,da,false,TRADE_FAIR,2029-09-06
687,380,Ebba,Lundqvist,Store Manager,ebba.lundqvist@orebro.outdoor.school.example,+46 70 488 19 85,true,sv,false,ACCOUNT_MANAGER,2028-09-06
688,380,Sofia,Persson,Accounts Payable,sofia.persson@orebro.outdoor.school.example,+46 70 639 38 19,false,sv,true,ACCOUNT_MANAGER,2028-09-06
689,381,Antti,Mäkinen,Store Manager,antti.makinen@compassshop.example,+358 40 491 8850,true,fi,true,TRADE_FAIR,2031-09-06
690,381,Tuomas,Rantanen,Accounts Payable,tuomas.rantanen@compassshop.example,+358 40 809 2911,false,fi,true,ACCOUNT_MANAGER,2029-09-06
691,382,Tanel,Kukk,Store Manager,tanel.kukk@tartu.sports.example,+372 5610 4477,true,et,true,ACCOUNT_MANAGER,2031-09-06
692,382,Kadri,Ilves,Purchasing,kadri.ilves@tartu.sports.example,+372 5367 6777,false,et,false,PORTAL,2029-09-06
693,383,Sigrid,Pedersen,Store Manager,sigrid.pedersen@hamar.expeditions.example,+47 939 34 276,true,nb,true,TRADE_FAIR,2031-09-06
694,383,Tone,Kristiansen,Buyer,tone.kristiansen@hamar.expeditions.example,+47 965 45 873,false,nb,true,TRADE_FAIR,2028-09-06
695,383,Mathias,Berg,Owner,mathias.berg@hamar.expeditions.example,+47 968 15 933,false,nb,false,ACCOUNT_MANAGER,2029-09-06
696,384,Sanna,Niemi,Store Manager,sanna.niemi@fjall.sports.example,+358 40 340 9480,true,fi,true,PORTAL,2031-09-06
697,384,Matti,Laine,Accounts Payable,matti.laine@fjall.sports.example,+358 40 496 8499,false,fi,false,WEBSITE,2029-09-06
698,385,Solveig,Larsen,Store Manager,solveig.larsen@aurorashop.example,+47 920 78 698,true,nb,true,PORTAL,2028-09-06
699,386,Noora,Salminen,Store Manager,noora.salminen@jyvaskyla.alpine.club.example,+358 40 724 2034,true,fi,true,WEBSITE,2031-09-06
700,387,Nora,Bakke,Store Manager,nora.bakke@trailshop.example,+47 902 10 040,true,nb,false,WEBSITE,2029-09-06
701,387,Ole,Andersen,Warehouse,ole.andersen@trailshop.example,+47 929 52 951,false,nb,false,ACCOUNT_MANAGER,2031-09-06
702,387,Mathias,Andersen,Purchasing,mathias.andersen@trailshop.example,+47 969 23 440,false,nb,false,WEBSITE,2029-09-06
703,388,Maarja,Ilves,Store Manager,maarja.ilves@tartu.outdoor.school.example,+372 5366 0907,true,et,true,TRADE_FAIR,2028-09-06
704,388,Priit,Ilves,Assistant Manager,priit.ilves@tartu.outdoor.school.example,+372 5072 9311,false,et,true,ACCOUNT_MANAGER,2028-09-06
705,389,Vegard,Haugen,Store Manager,vegard.haugen@olsen.urheilu.example,+47 951 99 777,true,nb,true,WEBSITE,2028-09-06
706,390,Anette,Pedersen,Store Manager,anette.pedersen@hamar.friluft.example,+47 987 07 962,true,nb,false,WEBSITE,2029-09-06
707,391,Pernille,Jensen,Store Manager,pernille.jensen@roskilde.rental.example,+45 63 44 28 20,true,da,true,ACCOUNT_MANAGER,2028-09-06
708,391,Mads,Rasmussen,Purchasing,mads.rasmussen@roskilde.rental.example,+45 70 80 48 35,false,da,true,TRADE_FAIR,2031-09-06
709,391,Pernille,Christensen,Owner,pernille.christensen@roskilde.rental.example,+45 23 59 00 28,false,da,true,PORTAL,2031-09-06
710,392,Ole,Olsen,Store Manager,ole.olsen@bergen.guides.example,+47 940 14 477,true,nb,true,PORTAL,2029-09-06
711,393,Sanna,Järvinen,Store Manager,sanna.jarvinen@kayak.retki.example,+358 40 008 1133,true,fi,false,WEBSITE,2028-09-06
712,393,Lauri,Laine,Purchasing,lauri.laine@kayak.retki.example,+358 40 921 3745,false,fi,false,ACCOUNT_MANAGER,2031-09-06
713,393,Anni,Salo,Accounts Payable,anni.salo@kayak.retki.example,+358 40 642 5480,false,fi,false,TRADE_FAIR,2031-09-06
714,394,Juhani,Korhonen,Store Manager,juhani.korhonen@ridge.friluft.example,+358 40 843 9695,true,fi,true,WEBSITE,2028-09-06
715,394,Eero,Rantanen,Assistant Manager,eero.rantanen@ridge.friluft.example,+358 40 757 7850,false,fi,false,TRADE_FAIR,2031-09-06
716,394,Venla,Mäkinen,Purchasing,venla.makinen@ridge.friluft.example,+358 40 070 1825,false,fi,false,WEBSITE,2029-09-06
717,395,Kristian,Nilsen,Store Manager,kristian.nilsen@stavanger.expeditions.example,+47 942 55 248,true,nb,true,PORTAL,2029-09-06
718,396,Sigrid,Andersen,Store Manager,sigrid.andersen@kristiansand.camping.example,+47 955 67 135,true,nb,false,WEBSITE,2028-09-06
719,396,Ingrid,Johansen,Assistant Manager,ingrid.johansen@kristiansand.camping.example,+47 942 56 414,false,nb,true,WEBSITE,2031-09-06
720,397,Lauri,Saarinen,Store Manager,lauri.saarinen@summit.turutstyr.example,+358 40 450 4958,true,fi,true,TRADE_FAIR,2028-09-06
721,397,Jukka,Aho,Warehouse,jukka.aho@summit.turutstyr.example,+358 40 840 5920,false,fi,true,TRADE_FAIR,2031-09-06
722,398,Kristjan,Kukk,Store Manager,kristjan.kukk@nietos.camping.example,+372 5526 2493,true,et,false,ACCOUNT_MANAGER,2031-09-06
723,398,Tanel,Sepp,Accounts Payable,tanel.sepp@nietos.camping.example,+372 5867 7676,false,et,true,PORTAL,2028-09-06
724,399,Tone,Karlsen,Store Manager,tone.karlsen@tromso.expeditions.example,+47 938 87 767,true,nb,false,WEBSITE,2028-09-06
725,400,Sofia,Holm,Store Manager,sofia.holm@lundqvist.outdoor.example,+46 70 108 76 82,true,sv,true,WEBSITE,2029-09-06
726,401,Eero,Aho,Store Manager,eero.aho@korhonen.friluft.example,+358 40 223 2000,true,fi,true,ACCOUNT_MANAGER,2028-09-06
727,402,Freja,Sørensen,Store Manager,freja.sorensen@loiste.sport.example,+45 31 14 85 29,true,da,false,TRADE_FAIR,2028-09-06
728,403,Jukka,Järvinen,Store Manager,jukka.jarvinen@kuusamo.camping.example,+358 40 807 6515,true,fi,false,ACCOUNT_MANAGER,2031-09-06
729,403,Aino,Salo,Owner,aino.salo@kuusamo.camping.example,+358 40 391 8716,false,fi,false,ACCOUNT_MANAGER,2029-09-06
730,403,Maija,Rantanen,Buyer,maija.rantanen@kuusamo.camping.example,+358 40 928 6783,false,fi,true,TRADE_FAIR,2029-09-06
731,404,Timo,Mäkinen,Store Manager,timo.makinen@helsinki.camping.example,+358 40 391 6945,true,fi,false,PORTAL,2028-09-06
732,404,Elina,Mäkinen,Buyer,elina.makinen@helsinki.camping.example,+358 40 031 1947,false,fi,false,TRADE_FAIR,2031-09-06
733,404,Mikko,Rantanen,Purchasing,mikko.rantanen@helsinki.camping.example,+358 40 632 7184,false,fi,false,TRADE_FAIR,2031-09-06
734,405,Ebba,Svensson,Store Manager,ebba.svensson@gustafsson.urheilu.example,+46 70 674 08 40,true,sv,false,TRADE_FAIR,2031-09-06
735,406,Mattias,Holm,Store Manager,mattias.holm@andersson.urheilu.example,+46 70 909 25 63,true,sv,false,WEBSITE,2028-09-06
736,407,Lovisa,Holm,Store Manager,lovisa.holm@polarstore.example,+46 70 962 67 13,true,sv,false,WEBSITE,2029-09-06
737,407,Sara,Olsson,Buyer,sara.olsson@polarstore.example,+46 70 232 92 16,false,sv,true,TRADE_FAIR,2029-09-06
738,407,Elin,Persson,Buyer,elin.persson@polarstore.example,+46 70 485 37 78,false,sv,false,ACCOUNT_MANAGER,2029-09-06
739,408,Kadri,Saar,Store Manager,kadri.saar@parnu.outdoor.school.example,+372 5666 0759,true,et,true,WEBSITE,2028-09-06
740,408,Priit,Tamm,Accounts Payable,priit.tamm@parnu.outdoor.school.example,+372 5193 4540,false,et,true,TRADE_FAIR,2031-09-06
741,409,Laura,Kallio,Store Manager,laura.kallio@joensuu.retki.example,+358 40 114 3112,true,fi,false,PORTAL,2029-09-06
742,410,Karin,Eriksson,Store Manager,karin.eriksson@kayakgear.example,+46 70 349 69 27,true,sv,false,WEBSITE,2029-09-06
743,410,Gustav,Bergström,Warehouse,gustav.bergstrom@kayakgear.example,+46 70 991 45 95,false,sv,true,PORTAL,2031-09-06
744,411,Ida,Kjær,Store Manager,ida.kjaer@christensen.friluft.example,+45 29 44 25 32,true,da,true,TRADE_FAIR,2029-09-06
745,412,Maija,Niemi,Store Manager,maija.niemi@rantanen.sport.example,+358 40 183 1868,true,fi,false,WEBSITE,2028-09-06
746,413,Mattias,Lindberg,Store Manager,mattias.lindberg@svensson.sport.example,+46 70 585 22 86,true,sv,true,TRADE_FAIR,2028-09-06
747,414,Niels,Sørensen,Store Manager,niels.sorensen@loiste.turutstyr.example,+45 91 14 70 47,true,da,true,TRADE_FAIR,2029-09-06
748,414,Lærke,Madsen,Accounts Payable,laerke.madsen@loiste.turutstyr.example,+45 18 84 90 76,false,da,true,TRADE_FAIR,2028-09-06
749,414,Rasmus,Kjær,Owner,rasmus.kjaer@loiste.turutstyr.example,+45 33 81 53 74,false,da,true,WEBSITE,2028-09-06
750,415,Antti,Heikkinen,Store Manager,antti.heikkinen@lahti.guides.example,+358 40 320 6068,true,fi,true,TRADE_FAIR,2029-09-06
751,415,Venla,Saarinen,Purchasing,venla.saarinen@lahti.guides.example,+358 40 629 6786,false,fi,true,WEBSITE,2028-09-06
752,415,Juhani,Virtanen,Purchasing,juhani.virtanen@lahti.guides.example,+358 40 113 5244,false,fi,true,WEBSITE,2031-09-06
753,416,Johan,Åberg,Store Manager,johan.aberg@eriksson.outdoor.example,+46 70 431 60 74,true,sv,true,PORTAL,2031-09-06
754,416,Ulf,Strand,Owner,ulf.strand@eriksson.outdoor.example,+46 70 621 94 65,false,sv,false,PORTAL,2031-09-06
755,416,Magnus,Karlsson,Warehouse,magnus.karlsson@eriksson.outdoor.example,+46 70 236 92 05,false,sv,true,WEBSITE,2029-09-06
756,417,Ulf,Eriksson,Store Manager,ulf.eriksson@linkoping.expeditions.example,+46 70 231 47 37,true,sv,false,PORTAL,2031-09-06
757,418,Oskar,Gustafsson,Store Manager,oskar.gustafsson@karlstad.guides.example,+46 70 367 79 84,true,sv,false,TRADE_FAIR,2028-09-06
758,419,Eero,Laine,Store Manager,eero.laine@kairagear.example,+358 40 134 8965,true,fi,true,ACCOUNT_MANAGER,2028-09-06
759,420,Silje,Dahl,Store Manager,silje.dahl@oslo.sport.example,+47 917 64 931,true,nb,false,ACCOUNT_MANAGER,2028-09-06
760,420,Eirik,Nilsen,Buyer,eirik.nilsen@oslo.sport.example,+47 998 32 410,false,nb,true,PORTAL,2029-09-06
761,421,Kristjan,Ilves,Store Manager,kristjan.ilves@tartu.camping.example,+372 5985 8201,true,et,false,WEBSITE,2028-09-06
762,422,Olli,Salo,Store Manager,olli.salo@lehtonen.friluft.example,+358 40 599 9571,true,fi,false,TRADE_FAIR,2028-09-06
763,422,Tuomas,Nieminen,Assistant Manager,tuomas.nieminen@lehtonen.friluft.example,+358 40 070 1081,false,fi,false,TRADE_FAIR,2029-09-06
764,423,Anni,Lehtonen,Store Manager,anni.lehtonen@nordlys.friluft.example,+358 40 373 6530,true,fi,true,PORTAL,2031-09-06
765,423,Juhani,Virtanen,Accounts Payable,juhani.virtanen@nordlys.friluft.example,+358 40 906 6136,false,fi,false,ACCOUNT_MANAGER,2028-09-06
766,424,Mart,Tamm,Store Manager,mart.tamm@vidde.sport.example,+372 5154 6472,true,et,false,WEBSITE,2029-09-06
767,425,Markus,Schmidt,Store Manager,markus.schmidt@polar.trekking.example,+49 40 5221614,true,de,true,WEBSITE,2031-09-06
768,425,Julia,Hoffmann,Purchasing,julia.hoffmann@polar.trekking.example,+49 40 7129669,false,de,false,PORTAL,2031-09-06
769,426,Henrik,Karlsson,Store Manager,henrik.karlsson@falun.alpine.club.example,+46 70 892 93 60,true,sv,true,TRADE_FAIR,2031-09-06
770,426,Elin,Andersson,Buyer,elin.andersson@falun.alpine.club.example,+46 70 522 88 33,false,sv,true,PORTAL,2029-09-06
771,427,Oskar,Andersson,Store Manager,oskar.andersson@stockholm.expeditions.example,+46 70 126 55 73,true,sv,false,ACCOUNT_MANAGER,2029-09-06
772,428,Gustav,Gustafsson,Store Manager,gustav.gustafsson@umea.sport.fritid.example,+46 70 933 69 54,true,sv,true,ACCOUNT_MANAGER,2028-09-06
773,428,Sara,Larsson,Warehouse,sara.larsson@umea.sport.fritid.example,+46 70 724 45 74,false,sv,false,ACCOUNT_MANAGER,2028-09-06
774,428,Elin,Karlsson,Purchasing,elin.karlsson@umea.sport.fritid.example,+46 70 204 36 29,false,sv,true,WEBSITE,2029-09-06
775,429,Juhani,Järvinen,Store Manager,juhani.jarvinen@compass.sport.fritid.example,+358 40 572 5125,true,fi,true,TRADE_FAIR,2028-09-06
776,430,Aino,Hämäläinen,Store Manager,aino.hamalainen@espoo.outfitters.example,+358 40 102 6362,true,fi,false,PORTAL,2028-09-06
777,431,Nils,Svensson,Store Manager,nils.svensson@basecampshop.example,+46 70 594 77 38,true,sv,true,PORTAL,2031-09-06
778,432,Frida,Gustafsson,Store Manager,frida.gustafsson@trail24.example,+46 70 191 92 40,true,sv,true,ACCOUNT_MANAGER,2028-09-06
779,433,Ebba,Lindberg,Store Manager,ebba.lindberg@karlstad.outdoor.example,+46 70 812 59 13,true,sv,false,TRADE_FAIR,2029-09-06
780,434,Solveig,Moen,Store Manager,solveig.moen@summit.camping.example,+47 983 96 900,true,nb,true,TRADE_FAIR,2031-09-06
781,435,Linnea,Eriksson,Store Manager,linnea.eriksson@kayakstore.example,+46 70 661 76 39,true,sv,false,PORTAL,2029-09-06
782,435,Sofia,Karlsson,Buyer,sofia.karlsson@kayakstore.example,+46 70 851 58 46,false,sv,false,PORTAL,2029-09-06
783,436,Torbjørn,Hansen,Store Manager,torbjorn.hansen@trondheim.hiking.association.example,+47 920 27 584,true,nb,true,WEBSITE,2028-09-06
784,437,Julia,Müller,Store Manager,julia.muller@suvantostore.example,+49 40 0614651,true,de,false,TRADE_FAIR,2031-09-06
785,437,Lukas,Müller,Assistant Manager,lukas.muller@suvantostore.example,+49 40 4992931,false,de,true,WEBSITE,2028-09-06
786,438,Maarja,Kask,Store Manager,maarja.kask@tallinn.expeditions.example,+372 5721 1235,true,et,true,PORTAL,2031-09-06
787,438,Triin,Kask,Owner,triin.kask@tallinn.expeditions.example,+372 5883 3050,false,et,false,TRADE_FAIR,2029-09-06
788,439,Erik,Strand,Store Manager,erik.strand@vinter.sport.example,+46 70 697 89 01,true,sv,false,PORTAL,2031-09-06
789,439,Astrid,Karlsson,Warehouse,astrid.karlsson@vinter.sport.example,+46 70 268 90 17,false,sv,true,ACCOUNT_MANAGER,2031-09-06
790,440,Riikka,Mäkinen,Store Manager,riikka.makinen@lahti.rental.example,+358 40 417 9791,true,fi,false,PORTAL,2029-09-06
791,440,Laura,Salminen,Owner,laura.salminen@lahti.rental.example,+358 40 154 8103,false,fi,true,WEBSITE,2028-09-06
792,441,Anna,Hoffmann,Store Manager,anna.hoffmann@koch.friluft.example,+49 40 3281611,true,de,true,PORTAL,2028-09-06
793,442,Bjørn,Haugen,Store Manager,bjorn.haugen@kalotti.friluft.example,+47 990 55 548,true,nb,true,PORTAL,2028-09-06
794,442,Jørgen,Bakke,Warehouse,jorgen.bakke@kalotti.friluft.example,+47 939 38 291,false,nb,false,ACCOUNT_MANAGER,2029-09-06
795,443,Lena,Fischer,Store Manager,lena.fischer@aurora.turutstyr.example,+49 40 0063127,true,de,true,PORTAL,2029-09-06
796,444,Søren,Madsen,Store Manager,soren.madsen@odense.rental.example,+45 58 01 88 74,true,da,true,ACCOUNT_MANAGER,2028-09-06
797,444,Rasmus,Madsen,Purchasing,rasmus.madsen@odense.rental.example,+45 20 97 19 09,false,da,true,WEBSITE,2031-09-06
798,445,Björn,Åberg,Store Manager,bjorn.aberg@trailgear.example,+46 70 127 77 15,true,sv,false,WEBSITE,2028-09-06
799,445,Johan,Lundqvist,Accounts Payable,johan.lundqvist@trailgear.example,+46 70 791 87 94,false,sv,true,TRADE_FAIR,2028-09-06
800,445,Maja,Nilsson,Accounts Payable,maja.nilsson@trailgear.example,+46 70 450 79 91,false,sv,true,TRADE_FAIR,2029-09-06
801,446,Pekka,Salo,Store Manager,pekka.salo@vinter.sport.fritid.example,+358 40 731 9308,true,fi,true,PORTAL,2031-09-06
802,447,Lukas,Hoffmann,Store Manager,lukas.hoffmann@ruska.sports.example,+49 40 0255039,true,de,true,WEBSITE,2031-09-06
803,448,Liis,Sepp,Store Manager,liis.sepp@vinter24.example,+372 5635 8535,true,et,false,PORTAL,2029-09-06
804,448,Liis,Rebane,Assistant Manager,liis.rebane@vinter24.example,+372 5185 8481,false,et,false,TRADE_FAIR,2028-09-06
805,449,Lars,Karlsson,Store Manager,lars.karlsson@compassgear.example,+46 70 804 42 13,true,sv,false,TRADE_FAIR,2028-09-06
806,449,Magnus,Gustafsson,Accounts Payable,magnus.gustafsson@compassgear.example,+46 70 488 71 40,false,sv,false,WEBSITE,2028-09-06
807,450,Lovisa,Olsson,Store Manager,lovisa.olsson@are.outdoor.school.example,+46 70 719 49 64,true,sv,false,TRADE_FAIR,2028-09-06
808,450,Karin,Persson,Buyer,karin.persson@are.outdoor.school.example,+46 70 340 59 34,false,sv,true,WEBSITE,2028-09-06
809,450,Sara,Persson,Assistant Manager,sara.persson@are.outdoor.school.example,+46 70 919 10 27,false,sv,false,ACCOUNT_MANAGER,2031-09-06
810,451,Mette,Kjær,Store Manager,mette.kjaer@nielsen.sport.example,+45 59 66 97 87,true,da,false,TRADE_FAIR,2028-09-06
811,452,Kristian,Pedersen,Store Manager,kristian.pedersen@bodo.hiking.association.example,+47 953 10 327,true,nb,true,TRADE_FAIR,2029-09-06
812,452,Anette,Bakke,Warehouse,anette.bakke@bodo.hiking.association.example,+47 955 93 723,false,nb,false,ACCOUNT_MANAGER,2028-09-06
813,452,Marit,Berg,Assistant Manager,marit.berg@bodo.hiking.association.example,+47 931 07 128,false,nb,true,PORTAL,2028-09-06
814,453,Ingrid,Bakke,Store Manager,ingrid.bakke@ridgestore.example,+47 937 01 858,true,nb,false,WEBSITE,2029-09-06
815,454,Magnus,Larsson,Store Manager,magnus.larsson@kairashop.example,+46 70 686 34 14,true,sv,true,TRADE_FAIR,2028-09-06
816,454,Magnus,Lindberg,Accounts Payable,magnus.lindberg@kairashop.example,+46 70 603 28 33,false,sv,true,PORTAL,2029-09-06
817,455,Jørgen,Kristiansen,Store Manager,jorgen.kristiansen@hamar.turutstyr.example,+47 966 44 543,true,nb,false,TRADE_FAIR,2028-09-06
818,455,Ingrid,Haugen,Assistant Manager,ingrid.haugen@hamar.turutstyr.example,+47 924 08 115,false,nb,false,ACCOUNT_MANAGER,2028-09-06
819,456,Venla,Hämäläinen,Store Manager,venla.hamalainen@rakka.outdoor.example,+358 40 572 4631,true,fi,true,WEBSITE,2031-09-06
820,457,Olli,Virtanen,Store Manager,olli.virtanen@espoo.turutstyr.example,+358 40 021 1986,true,fi,true,PORTAL,2029-09-06
821,457,Katri,Korhonen,Assistant Manager,katri.korhonen@espoo.turutstyr.example,+358 40 863 8150,false,fi,false,ACCOUNT_MANAGER,2031-09-06
822,458,Hanna,Lundqvist,Store Manager,hanna.lundqvist@kiruna.alpine.club.example,+46 70 055 73 19,true,sv,true,WEBSITE,2031-09-06
823,458,Linnea,Eriksson,Buyer,linnea.eriksson@kiruna.alpine.club.example,+46 70 604 40 50,false,sv,true,TRADE_FAIR,2031-09-06
824,459,Riikka,Aho,Store Manager,riikka.aho@vidde.sport.example,+358 40 182 3931,true,fi,false,WEBSITE,2031-09-06
825,459,Jukka,Virtanen,Accounts Payable,jukka.virtanen@vidde.sport.example,+358 40 260 9216,false,fi,true,PORTAL,2029-09-06
826,460,Bjørn,Karlsen,Store Manager,bjorn.karlsen@bergen.alpine.club.example,+47 953 38 067,true,nb,true,PORTAL,2028-09-06
827,460,Kari,Nygaard,Accounts Payable,kari.nygaard@bergen.alpine.club.example,+47 935 22 070,false,nb,false,ACCOUNT_MANAGER,2031-09-06
828,461,Nora,Nygaard,Store Manager,nora.nygaard@basecampgear.example,+47 966 85 510,true,nb,true,TRADE_FAIR,2028-09-06
829,462,Louise,Kjær,Store Manager,louise.kjaer@copenhagen.expeditions.example,+45 93 70 71 93,true,da,true,PORTAL,2031-09-06
830,462,Rasmus,Rasmussen,Accounts Payable,rasmus.rasmussen@copenhagen.expeditions.example,+45 76 84 24 80,false,da,true,ACCOUNT_MANAGER,2031-09-06
831,463,Marit,Nilsen,Store Manager,marit.nilsen@fjord.fritid.example,+47 922 18 901,true,nb,true,ACCOUNT_MANAGER,2029-09-06
832,463,Solveig,Hansen,Assistant Manager,solveig.hansen@fjord.fritid.example,+47 976 90 603,false,nb,true,WEBSITE,2029-09-06
833,464,Felix,Weber,Store Manager,felix.weber@fischer.sport.example,+49 40 7994543,true,de,true,TRADE_FAIR,2028-09-06
834,464,Jonas,Koch,Accounts Payable,jonas.koch@fischer.sport.example,+49 40 9405871,false,de,false,ACCOUNT_MANAGER,2029-09-06
835,465,Johan,Lundqvist,Store Manager,johan.lundqvist@vinter24.example,+46 70 867 96 39,true,sv,false,TRADE_FAIR,2029-09-06
836,465,Hanna,Lundqvist,Buyer,hanna.lundqvist@vinter24.example,+46 70 462 78 14,false,sv,true,PORTAL,2029-09-06
837,465,Henrik,Eriksson,Owner,henrik.eriksson@vinter24.example,+46 70 349 23 48,false,sv,true,PORTAL,2028-09-06
838,466,Eero,Aho,Store Manager,eero.aho@tampere.expeditions.example,+358 40 383 0919,true,fi,false,ACCOUNT_MANAGER,2028-09-06
839,466,Noora,Kallio,Buyer,noora.kallio@tampere.expeditions.example,+358 40 683 2773,false,fi,true,WEBSITE,2031-09-06
840,467,Hanna,Lindberg,Store Manager,hanna.lindberg@kaira.camping.example,+46 70 017 14 88,true,sv,true,WEBSITE,2029-09-06
841,467,Emma,Eriksson,Purchasing,emma.eriksson@kaira.camping.example,+46 70 299 16 14,false,sv,false,ACCOUNT_MANAGER,2028-09-06
842,468,Sofia,Olsson,Store Manager,sofia.olsson@lulea.guides.example,+46 70 555 65 00,true,sv,false,TRADE_FAIR,2029-09-06
843,468,Gustav,Andersson,Purchasing,gustav.andersson@lulea.guides.example,+46 70 806 89 12,false,sv,true,WEBSITE,2029-09-06
844,469,Marit,Andersen,Store Manager,marit.andersen@oslo.alpine.club.example,+47 955 23 161,true,nb,true,WEBSITE,2029-09-06
845,469,Nora,Karlsen,Buyer,nora.karlsen@oslo.alpine.club.example,+47 910 14 978,false,nb,true,ACCOUNT_MANAGER,2028-09-06
846,469,Jørgen,Pedersen,Assistant Manager,jorgen.pedersen@oslo.alpine.club.example,+47 965 33 299,false,nb,true,ACCOUNT_MANAGER,2031-09-06
847,470,Lauri,Järvinen,Store Manager,lauri.jarvinen@salo.urheilu.example,+358 40 055 0533,true,fi,true,ACCOUNT_MANAGER,2031-09-06
848,470,Katri,Järvinen,Owner,katri.jarvinen@salo.urheilu.example,+358 40 071 8426,false,fi,false,PORTAL,2031-09-06
849,471,Torbjørn,Nygaard,Store Manager,torbjorn.nygaard@aapagear.example,+47 930 10 326,true,nb,true,ACCOUNT_MANAGER,2029-09-06
850,471,Ole,Karlsen,Purchasing,ole.karlsen@aapagear.example,+47 966 49 829,false,nb,true,ACCOUNT_MANAGER,2028-09-06
851,472,Mikko,Salo,Store Manager,mikko.salo@kaamos24.example,+358 40 131 6780,true,fi,false,ACCOUNT_MANAGER,2028-09-06
852,473,Anders,Gustafsson,Store Manager,anders.gustafsson@trail.turutstyr.example,+46 70 903 07 44,true,sv,false,ACCOUNT_MANAGER,2031-09-06
853,474,Kristian,Andersen,Store Manager,kristian.andersen@larsen.sport.example,+47 944 55 046,true,nb,false,PORTAL,2029-09-06
854,475,Nils,Karlsson,Store Manager,nils.karlsson@lulea.adventure.example,+46 70 132 15 80,true,sv,false,WEBSITE,2028-09-06
855,475,Erik,Gustafsson,Purchasing,erik.gustafsson@lulea.adventure.example,+46 70 875 89 18,false,sv,true,WEBSITE,2028-09-06
856,476,Kristian,Bakke,Store Manager,kristian.bakke@kaamos.retki.example,+47 976 25 282,true,nb,true,TRADE_FAIR,2029-09-06
857,476,Sigrid,Moen,Purchasing,sigrid.moen@kaamos.retki.example,+47 964 67 404,false,nb,true,WEBSITE,2031-09-06
858,476,Bjørn,Kristiansen,Owner,bjorn.kristiansen@kaamos.retki.example,+47 922 37 013,false,nb,false,PORTAL,2029-09-06
859,477,Gustav,Gustafsson,Store Manager,gustav.gustafsson@umea.expeditions.example,+46 70 506 25 00,true,sv,true,TRADE_FAIR,2028-09-06
860,478,Gustav,Larsson,Store Manager,gustav.larsson@lulea.hiking.association.example,+46 70 967 24 19,true,sv,true,PORTAL,2029-09-06
861,479,Jukka,Lehtonen,Store Manager,jukka.lehtonen@kittila.outdoor.example,+358 40 997 8417,true,fi,false,ACCOUNT_MANAGER,2029-09-06
862,480,Sindre,Johansen,Store Manager,sindre.johansen@aapa.outdoor.example,+47 939 52 041,true,nb,false,WEBSITE,2029-09-06
863,481,Maija,Järvinen,Store Manager,maija.jarvinen@kittila.hiking.association.example,+358 40 221 4351,true,fi,true,TRADE_FAIR,2029-09-06
864,481,Maija,Aho,Purchasing,maija.aho@kittila.hiking.association.example,+358 40 646 7530,false,fi,true,WEBSITE,2029-09-06
865,482,Venla,Aho,Store Manager,venla.aho@joensuu.sport.fritid.example,+358 40 039 5347,true,fi,false,PORTAL,2028-09-06
866,482,Laura,Järvinen,Owner,laura.jarvinen@joensuu.sport.fritid.example,+358 40 896 5072,false,fi,false,TRADE_FAIR,2028-09-06
867,483,Frederik,Madsen,Store Manager,frederik.madsen@aalborg.adventure.example,+45 53 71 54 29,true,da,false,WEBSITE,2029-09-06
868,483,Lærke,Jørgensen,Owner,laerke.jorgensen@aalborg.adventure.example,+45 56 65 42 90,false,da,true,TRADE_FAIR,2028-09-06
869,484,Laura,Aho,Store Manager,laura.aho@vuoma.outfitters.example,+358 40 802 4434,true,fi,true,TRADE_FAIR,2028-09-06
870,485,Sofia,Larsson,Store Manager,sofia.larsson@gustafsson.outdoor.example,+46 70 621 10 00,true,sv,true,TRADE_FAIR,2029-09-06
871,486,Ville,Lehto,Store Manager,ville.lehto@kokkola.outdoor.example,+358 40 265 0477,true,fi,false,TRADE_FAIR,2029-09-06
872,486,Pekka,Hämäläinen,Warehouse,pekka.hamalainen@kokkola.outdoor.example,+358 40 172 8228,false,fi,false,PORTAL,2028-09-06
873,487,Linnea,Nilsson,Store Manager,linnea.nilsson@suvantoshop.example,+46 70 401 37 65,true,sv,false,WEBSITE,2028-09-06
874,488,Kari,Johansen,Store Manager,kari.johansen@stavanger.hiking.association.example,+47 992 15 575,true,nb,false,TRADE_FAIR,2029-09-06
875,489,Maja,Johansson,Store Manager,maja.johansson@strand.sport.example,+46 70 913 30 15,true,sv,true,PORTAL,2031-09-06
876,490,Anders,Gustafsson,Store Manager,anders.gustafsson@aberg.sport.example,+46 70 097 09 55,true,sv,false,WEBSITE,2028-09-06
877,490,Elin,Johansson,Buyer,elin.johansson@aberg.sport.example,+46 70 923 72 01,false,sv,false,WEBSITE,2029-09-06
878,490,Maja,Olsson,Purchasing,maja.olsson@aberg.sport.example,+46 70 574 48 68,false,sv,false,ACCOUNT_MANAGER,2029-09-06
879,491,Ulf,Andersson,Store Manager,ulf.andersson@kiruna.guides.example,+46 70 855 76 80,true,sv,true,TRADE_FAIR,2029-09-06
880,491,Linnea,Åberg,Assistant Manager,linnea.aberg@kiruna.guides.example,+46 70 717 09 48,false,sv,true,ACCOUNT_MANAGER,2028-09-06
881,492,Felix,Wagner,Store Manager,felix.wagner@kiel.alpine.club.example,+49 40 6649722,true,de,false,TRADE_FAIR,2028-09-06
882,492,Julia,Schmidt,Buyer,julia.schmidt@kiel.alpine.club.example,+49 40 6699402,false,de,false,PORTAL,2031-09-06
883,492,Lena,Weber,Warehouse,lena.weber@kiel.alpine.club.example,+49 40 6203690,false,de,true,TRADE_FAIR,2028-09-06
884,493,Antti,Aho,Store Manager,antti.aho@nietos.adventure.example,+358 40 929 5356,true,fi,false,WEBSITE,2028-09-06
885,493,Juhani,Laine,Accounts Payable,juhani.laine@nietos.adventure.example,+358 40 978 7530,false,fi,true,TRADE_FAIR,2028-09-06
886,493,Katri,Nieminen,Owner,katri.nieminen@nietos.adventure.example,+358 40 604 1625,false,fi,false,PORTAL,2029-09-06
887,494,Johan,Persson,Store Manager,johan.persson@are.camping.example,+46 70 627 20 22,true,sv,true,PORTAL,2028-09-06
888,494,Lovisa,Olsson,Assistant Manager,lovisa.olsson@are.camping.example,+46 70 457 13 33,false,sv,false,ACCOUNT_MANAGER,2029-09-06
889,495,Anna,Wagner,Store Manager,anna.wagner@suvanto.outfitters.example,+49 40 4358629,true,de,false,TRADE_FAIR,2028-09-06
890,495,Lukas,Becker,Owner,lukas.becker@suvanto.outfitters.example,+49 40 7551992,false,de,false,PORTAL,2031-09-06
891,495,Petra,Hoffmann,Assistant Manager,petra.hoffmann@suvanto.outfitters.example,+49 40 0223725,false,de,true,TRADE_FAIR,2029-09-06
892,496,Sigrid,Andersen,Store Manager,sigrid.andersen@kristiansand.rental.example,+47 948 76 770,true,nb,false,WEBSITE,2028-09-06
893,496,Mathias,Larsen,Owner,mathias.larsen@kristiansand.rental.example,+47 917 96 320,false,nb,false,ACCOUNT_MANAGER,2029-09-06
894,497,Astrid,Strand,Store Manager,astrid.strand@karlsson.outdoor.example,+46 70 171 58 20,true,sv,false,WEBSITE,2031-09-06
895,498,Vegard,Haugen,Store Manager,vegard.haugen@vaaragear.example,+47 936 51 290,true,nb,false,TRADE_FAIR,2029-09-06
896,499,Kari,Kristiansen,Store Manager,kari.kristiansen@fjallgear.example,+47 907 20 785,true,nb,false,WEBSITE,2028-09-06
897,499,Vegard,Andersen,Purchasing,vegard.andersen@fjallgear.example,+47 912 66 045,false,nb,false,PORTAL,2028-09-06
898,500,Jørgen,Olsen,Store Manager,jorgen.olsen@summit.adventure.example,+47 939 34 567,true,nb,true,PORTAL,2029-09-06
899,500,Anette,Moen,Buyer,anette.moen@summit.adventure.example,+47 937 51 404,false,nb,false,WEBSITE,2028-09-06
900,500,Tone,Pedersen,Accounts Payable,tone.pedersen@summit.adventure.example,+47 920 44 357,false,nb,false,TRADE_FAIR,2031-09-06
901,501,Lærke,Nielsen,Store Manager,laerke.nielsen@compassshop.example,+45 90 68 59 16,true,da,false,PORTAL,2031-09-06
902,501,Freja,Sørensen,Purchasing,freja.sorensen@compassshop.example,+45 21 81 53 63,false,da,true,ACCOUNT_MANAGER,2028-09-06
903,502,Marit,Larsen,Store Manager,marit.larsen@johansen.urheilu.example,+47 972 16 134,true,nb,false,TRADE_FAIR,2029-09-06
904,503,Riikka,Saarinen,Store Manager,riikka.saarinen@vaasa.adventure.example,+358 40 824 6586,true,fi,true,TRADE_FAIR,2029-09-06
905,503,Noora,Mäkinen,Assistant Manager,noora.makinen@vaasa.adventure.example,+358 40 905 3958,false,fi,true,TRADE_FAIR,2031-09-06
906,504,Elin,Nilsson,Store Manager,elin.nilsson@goteborg.urheilu.example,+46 70 358 31 44,true,sv,true,PORTAL,2031-09-06
907,504,Lars,Olsson,Warehouse,lars.olsson@goteborg.urheilu.example,+46 70 090 94 31,false,sv,true,WEBSITE,2028-09-06
908,505,Kari,Haugen,Store Manager,kari.haugen@skog.friluft.example,+47 944 44 193,true,nb,true,PORTAL,2028-09-06
909,506,Lena,Wagner,Store Manager,lena.wagner@berlin.sport.example,+49 40 7982245,true,de,false,ACCOUNT_MANAGER,2031-09-06
910,506,Petra,Müller,Purchasing,petra.muller@berlin.sport.example,+49 40 0221915,false,de,false,TRADE_FAIR,2029-09-06
911,506,Tobias,Weber,Purchasing,tobias.weber@berlin.sport.example,+49 40 7692458,false,de,false,ACCOUNT_MANAGER,2029-09-06
912,507,Elina,Rantanen,Store Manager,elina.rantanen@vidde.outfitters.example,+358 40 150 3640,true,fi,true,WEBSITE,2028-09-06
913,508,Sigrid,Andersen,Store Manager,sigrid.andersen@ruska.fritid.example,+47 940 43 366,true,nb,false,PORTAL,2031-09-06
914,508,Håkon,Pedersen,Purchasing,hakon.pedersen@ruska.fritid.example,+47 909 44 683,false,nb,false,TRADE_FAIR,2028-09-06
915,509,Eero,Saarinen,Store Manager,eero.saarinen@rantanen.urheilu.example,+358 40 782 2782,true,fi,true,ACCOUNT_MANAGER,2031-09-06
916,510,Elin,Eriksson,Store Manager,elin.eriksson@umea.camping.example,+46 70 074 07 17,true,sv,true,PORTAL,2028-09-06
917,511,Sindre,Johansen,Store Manager,sindre.johansen@bakke.urheilu.example,+47 919 72 603,true,nb,false,WEBSITE,2028-09-06
918,511,Silje,Nygaard,Purchasing,silje.nygaard@bakke.urheilu.example,+47 988 41 352,false,nb,true,WEBSITE,2028-09-06
919,512,Astrid,Karlsson,Store Manager,astrid.karlsson@kiruna.sports.example,+46 70 771 72 15,true,sv,false,TRADE_FAIR,2028-09-06
920,512,Magnus,Larsson,Buyer,magnus.larsson@kiruna.sports.example,+46 70 106 65 01,false,sv,true,WEBSITE,2028-09-06
921,513,Maja,Olsson,Store Manager,maja.olsson@malmo.rental.example,+46 70 684 30 45,true,sv,true,TRADE_FAIR,2028-09-06
922,513,Gustav,Lundqvist,Owner,gustav.lundqvist@malmo.rental.example,+46 70 971 16 70,false,sv,true,PORTAL,2029-09-06
923,513,Magnus,Olsson,Owner,magnus.olsson@malmo.rental.example,+46 70 870 71 50,false,sv,false,TRADE_FAIR,2031-09-06
924,514,Triin,Ilves,Store Manager,triin.ilves@tallinn.sport.example,+372 5148 5918,true,et,false,TRADE_FAIR,2029-09-06
925,514,Triin,Rebane,Owner,triin.rebane@tallinn.sport.example,+372 5895 1315,false,et,true,WEBSITE,2029-09-06
926,515,Ingrid,Andersen,Store Manager,ingrid.andersen@nygaard.sport.example,+47 938 73 406,true,nb,true,WEBSITE,2029-09-06
927,516,Aino,Heikkinen,Store Manager,aino.heikkinen@espoo.scouts.example,+358 40 994 3946,true,fi,false,PORTAL,2028-09-06
928,517,Eero,Aho,Store Manager,eero.aho@saarinen.urheilu.example,+358 40 300 5773,true,fi,true,ACCOUNT_MANAGER,2029-09-06
929,517,Pekka,Nieminen,Assistant Manager,pekka.nieminen@saarinen.urheilu.example,+358 40 428 3209,false,fi,false,TRADE_FAIR,2028-09-06
930,518,Silje,Dahl,Store Manager,silje.dahl@tromso.rental.example,+47 909 93 608,true,nb,true,PORTAL,2028-09-06
931,519,Erik,Persson,Store Manager,erik.persson@uppsala.retki.example,+46 70 778 82 14,true,sv,true,TRADE_FAIR,2028-09-06
932,519,Frida,Holm,Accounts Payable,frida.holm@uppsala.retki.example,+46 70 885 06 30,false,sv,true,PORTAL,2028-09-06
933,519,Astrid,Nilsson,Warehouse,astrid.nilsson@uppsala.retki.example,+46 70 011 39 41,false,sv,false,WEBSITE,2029-09-06
934,520,Tobias,Koch,Store Manager,tobias.koch@hamburg.sport.example,+49 40 2613863,true,de,false,PORTAL,2028-09-06
935,520,Petra,Hoffmann,Accounts Payable,petra.hoffmann@hamburg.sport.example,+49 40 3236438,false,de,false,ACCOUNT_MANAGER,2031-09-06
936,521,Sigrid,Berg,Store Manager,sigrid.berg@pedersen.urheilu.example,+47 949 64 647,true,nb,true,ACCOUNT_MANAGER,2029-09-06
937,521,Mathias,Haugen,Assistant Manager,mathias.haugen@pedersen.urheilu.example,+47 980 74 066,false,nb,true,PORTAL,2028-09-06
938,521,Hege,Nilsen,Owner,hege.nilsen@pedersen.urheilu.example,+47 978 63 811,false,nb,false,ACCOUNT_MANAGER,2031-09-06
939,522,Tanel,Saar,Store Manager,tanel.saar@parnu.alpine.club.example,+372 5527 3327,true,et,true,PORTAL,2031-09-06
940,523,Håkon,Kristiansen,Store Manager,hakon.kristiansen@oslo.hiking.association.example,+47 962 26 562,true,nb,false,ACCOUNT_MANAGER,2031-09-06
941,523,Tone,Johansen,Warehouse,tone.johansen@oslo.hiking.association.example,+47 943 62 736,false,nb,false,ACCOUNT_MANAGER,2031-09-06
942,523,Hege,Bakke,Accounts Payable,hege.bakke@oslo.hiking.association.example,+47 907 40 491,false,nb,true,WEBSITE,2028-09-06
943,524,Torbjørn,Kristiansen,Store Manager,torbjorn.kristiansen@nilsen.outdoor.example,+47 909 85 890,true,nb,false,ACCOUNT_MANAGER,2029-09-06
944,524,Mathias,Johansen,Accounts Payable,mathias.johansen@nilsen.outdoor.example,+47 978 17 648,false,nb,true,WEBSITE,2029-09-06
945,524,Torbjørn,Andersen,Owner,torbjorn.andersen@nilsen.outdoor.example,+47 983 29 520,false,nb,true,PORTAL,2028-09-06
946,525,Olli,Kallio,Store Manager,olli.kallio@hamalainen.urheilu.example,+358 40 767 6658,true,fi,true,PORTAL,2031-09-06
947,526,Pekka,Rantanen,Store Manager,pekka.rantanen@seinajoki.rental.example,+358 40 467 9246,true,fi,false,PORTAL,2031-09-06
948,526,Katri,Lehtonen,Owner,katri.lehtonen@seinajoki.rental.example,+358 40 094 4772,false,fi,false,ACCOUNT_MANAGER,2028-09-06
949,526,Eero,Mäkinen,Owner,eero.makinen@seinajoki.rental.example,+358 40 097 9992,false,fi,false,ACCOUNT_MANAGER,2029-09-06
950,527,Linnea,Holm,Store Manager,linnea.holm@kiruna.outdoor.school.example,+46 70 170 80 20,true,sv,true,ACCOUNT_MANAGER,2029-09-06
951,528,Maija,Niemi,Store Manager,maija.niemi@polar.friluft.example,+358 40 271 3567,true,fi,false,TRADE_FAIR,2029-09-06
952,528,Mikko,Aho,Warehouse,mikko.aho@polar.friluft.example,+358 40 247 1510,false,fi,true,WEBSITE,2029-09-06
953,528,Olli,Saarinen,Purchasing,olli.saarinen@polar.friluft.example,+358 40 130 9350,false,fi,false,TRADE_FAIR,2031-09-06
954,529,Maija,Rantanen,Store Manager,maija.rantanen@fjord.retki.example,+358 40 893 7848,true,fi,false,PORTAL,2028-09-06
955,530,Eirik,Johansen,Store Manager,eirik.johansen@trail.fritid.example,+47 941 05 120,true,nb,true,WEBSITE,2031-09-06
956,531,Olli,Lehtonen,Store Manager,olli.lehtonen@kaamos.trekking.example,+358 40 954 3261,true,fi,false,WEBSITE,2029-09-06
957,531,Sanna,Koskinen,Warehouse,sanna.koskinen@kaamos.trekking.example,+358 40 297 6694,false,fi,true,ACCOUNT_MANAGER,2031-09-06
958,532,Pekka,Saarinen,Store Manager,pekka.saarinen@oulu.scouts.example,+358 40 816 2687,true,fi,false,TRADE_FAIR,2028-09-06
959,532,Sanna,Laine,Owner,sanna.laine@oulu.scouts.example,+358 40 293 7769,false,fi,true,ACCOUNT_MANAGER,2031-09-06
960,532,Aino,Hämäläinen,Buyer,aino.hamalainen@oulu.scouts.example,+358 40 920 0465,false,fi,true,TRADE_FAIR,2028-09-06
961,533,Kristian,Nygaard,Store Manager,kristian.nygaard@bodo.scouts.example,+47 908 93 346,true,nb,true,WEBSITE,2031-09-06
962,534,Kaisa,Niemi,Store Manager,kaisa.niemi@kuopio.sports.example,+358 40 609 0407,true,fi,true,TRADE_FAIR,2029-09-06
963,535,Lena,Koch,Store Manager,lena.koch@ridge24.example,+49 40 6975633,true,de,true,TRADE_FAIR,2031-09-06
964,535,Felix,Müller,Purchasing,felix.muller@ridge24.example,+49 40 8245829,false,de,true,WEBSITE,2028-09-06
965,535,Lena,Hoffmann,Buyer,lena.hoffmann@ridge24.example,+49 40 9524649,false,de,true,ACCOUNT_MANAGER,2029-09-06
966,536,Antti,Lehtonen,Store Manager,antti.lehtonen@vidde.urheilu.example,+358 40 569 7080,true,fi,false,PORTAL,2028-09-06
967,536,Maija,Salminen,Purchasing,maija.salminen@vidde.urheilu.example,+358 40 148 4686,false,fi,true,PORTAL,2028-09-06
968,537,Jonas,Rasmussen,Store Manager,jonas.rasmussen@skogshop.example,+45 42 60 13 92,true,da,false,TRADE_FAIR,2031-09-06
969,537,Louise,Jensen,Buyer,louise.jensen@skogshop.example,+45 37 49 31 38,false,da,false,ACCOUNT_MANAGER,2031-09-06
970,538,Håkon,Berg,Store Manager,hakon.berg@hamar.guides.example,+47 916 58 335,true,nb,true,TRADE_FAIR,2031-09-06
971,539,Freja,Rasmussen,Store Manager,freja.rasmussen@lake24.example,+45 51 04 85 21,true,da,true,PORTAL,2029-09-06
972,539,Mads,Thomsen,Accounts Payable,mads.thomsen@lake24.example,+45 77 25 10 81,false,da,false,TRADE_FAIR,2031-09-06
973,540,Elin,Gustafsson,Store Manager,elin.gustafsson@fjord.outdoor.example,+46 70 591 56 51,true,sv,false,ACCOUNT_MANAGER,2028-09-06
974,540,Anders,Åberg,Buyer,anders.aberg@fjord.outdoor.example,+46 70 551 98 86,false,sv,true,ACCOUNT_MANAGER,2031-09-06
975,541,Venla,Koskinen,Store Manager,venla.koskinen@hameenlinna.sport.example,+358 40 586 3580,true,fi,false,ACCOUNT_MANAGER,2031-09-06
976,542,Elin,Persson,Store Manager,elin.persson@stockholm.adventures.example,+46 70 437 92 08,true,sv,false,WEBSITE,2028-09-06
977,542,Linnea,Eriksson,Owner,linnea.eriksson@stockholm.adventures.example,+46 70 060 80 42,false,sv,true,WEBSITE,2031-09-06
978,543,Maja,Svensson,Store Manager,maja.svensson@lulea.rental.example,+46 70 810 65 98,true,sv,false,TRADE_FAIR,2031-09-06
979,544,Tuomas,Laine,Store Manager,tuomas.laine@kuopio.friluft.example,+358 40 211 0838,true,fi,false,ACCOUNT_MANAGER,2031-09-06
980,544,Ville,Heikkinen,Warehouse,ville.heikkinen@kuopio.friluft.example,+358 40 383 1046,false,fi,false,TRADE_FAIR,2031-09-06
981,544,Laura,Lehtonen,Purchasing,laura.lehtonen@kuopio.friluft.example,+358 40 981 0786,false,fi,true,TRADE_FAIR,2031-09-06
982,545,Juhani,Virtanen,Store Manager,juhani.virtanen@hameenlinna.rental.example,+358 40 185 1615,true,fi,true,ACCOUNT_MANAGER,2029-09-06
983,545,Sanna,Heikkinen,Purchasing,sanna.heikkinen@hameenlinna.rental.example,+358 40 426 1426,false,fi,false,TRADE_FAIR,2028-09-06
984,546,Lovisa,Bergström,Store Manager,lovisa.bergstrom@arctic.turutstyr.example,+46 70 073 07 54,true,sv,false,WEBSITE,2028-09-06
985,546,Astrid,Larsson,Buyer,astrid.larsson@arctic.turutstyr.example,+46 70 341 51 08,false,sv,true,ACCOUNT_MANAGER,2029-09-06
986,547,Emma,Johansson,Store Manager,emma.johansson@kiruna.expeditions.example,+46 70 046 14 79,true,sv,true,TRADE_FAIR,2028-09-06
987,548,Maija,Mäkinen,Store Manager,maija.makinen@espoo.camping.example,+358 40 538 5224,true,fi,false,ACCOUNT_MANAGER,2029-09-06
988,548,Jukka,Aho,Purchasing,jukka.aho@espoo.camping.example,+358 40 371 5515,false,fi,true,TRADE_FAIR,2028-09-06
989,548,Mikko,Aho,Warehouse,mikko.aho@espoo.camping.example,+358 40 086 0162,false,fi,true,TRADE_FAIR,2029-09-06
990,549,Timo,Hämäläinen,Store Manager,timo.hamalainen@trailshop.example,+358 40 783 5337,true,fi,false,PORTAL,2029-09-06
991,549,Lauri,Kallio,Assistant Manager,lauri.kallio@trailshop.example,+358 40 656 6338,false,fi,true,ACCOUNT_MANAGER,2029-09-06
992,550,Hanna,Lindberg,Store Manager,hanna.lindberg@goteborg.scouts.example,+46 70 766 44 07,true,sv,true,PORTAL,2029-09-06
993,551,Venla,Lehto,Store Manager,venla.lehto@vaasa.sports.example,+358 40 822 1018,true,fi,true,TRADE_FAIR,2029-09-06
994,551,Mikko,Mäkinen,Buyer,mikko.makinen@vaasa.sports.example,+358 40 021 3977,false,fi,true,ACCOUNT_MANAGER,2031-09-06
995,551,Tuomas,Nieminen,Warehouse,tuomas.nieminen@vaasa.sports.example,+358 40 947 7191,false,fi,false,TRADE_FAIR,2028-09-06
996,552,Torbjørn,Karlsen,Store Manager,torbjorn.karlsen@fjord.outdoor.example,+47 991 65 846,true,nb,false,PORTAL,2031-09-06
997,553,Olli,Virtanen,Store Manager,olli.virtanen@skog.sports.example,+358 40 461 2244,true,fi,true,ACCOUNT_MANAGER,2028-09-06
998,554,Anette,Hansen,Store Manager,anette.hansen@selkastore.example,+47 935 08 769,true,nb,true,WEBSITE,2031-09-06
999,555,Elin,Andersson,Store Manager,elin.andersson@lindberg.friluft.example,+46 70 158 71 85,true,sv,true,ACCOUNT_MANAGER,2028-09-06
1000,555,Sara,Åberg,Assistant Manager,sara.aberg@lindberg.friluft.example,+46 70 450 83 50,false,sv,false,ACCOUNT_MANAGER,2029-09-06
1001,555,Astrid,Johansson,Buyer,astrid.johansson@lindberg.friluft.example,+46 70 218 87 47,false,sv,false,TRADE_FAIR,2028-09-06
1002,556,Per,Nilsson,Store Manager,per.nilsson@andersson.friluft.example,+46 70 578 50 02,true,sv,false,PORTAL,2029-09-06
1003,556,Elin,Persson,Owner,elin.persson@andersson.friluft.example,+46 70 200 32 01,false,sv,false,WEBSITE,2029-09-06
1004,557,Solveig,Kristiansen,Store Manager,solveig.kristiansen@vidde.friluft.example,+47 979 58 350,true,nb,true,WEBSITE,2029-09-06
1005,557,Sindre,Johansen,Owner,sindre.johansen@vidde.friluft.example,+47 979 70 140,false,nb,false,TRADE_FAIR,2029-09-06
1006,557,Ingrid,Kristiansen,Assistant Manager,ingrid.kristiansen@vidde.friluft.example,+47 938 71 767,false,nb,true,WEBSITE,2029-09-06
1007,558,Nora,Kristiansen,Store Manager,nora.kristiansen@ridge.friluft.example,+47 972 15 327,true,nb,false,ACCOUNT_MANAGER,2028-09-06
1008,558,Marit,Moen,Accounts Payable,marit.moen@ridge.friluft.example,+47 966 39 114,false,nb,true,PORTAL,2031-09-06
1009,558,Solveig,Larsen,Purchasing,solveig.larsen@ridge.friluft.example,+47 924 77 539,false,nb,true,TRADE_FAIR,2028-09-06
1010,559,Elin,Johansson,Store Manager,elin.johansson@ruska.sport.example,+46 70 581 10 92,true,sv,true,TRADE_FAIR,2031-09-06
1011,560,Ulf,Andersson,Store Manager,ulf.andersson@sundsvall.retki.example,+46 70 699 44 99,true,sv,true,WEBSITE,2031-09-06
1012,561,Søren,Nielsen,Store Manager,soren.nielsen@ridgeshop.example,+45 87 91 77 20,true,da,true,TRADE_FAIR,2028-09-06
1013,561,Camilla,Kjær,Buyer,camilla.kjaer@ridgeshop.example,+45 20 14 20 94,false,da,false,ACCOUNT_MANAGER,2028-09-06
1014,562,Aino,Korhonen,Store Manager,aino.korhonen@summit.fritid.example,+358 40 270 2313,true,fi,false,ACCOUNT_MANAGER,2029-09-06
1015,562,Elina,Kallio,Accounts Payable,elina.kallio@summit.fritid.example,+358 40 176 6759,false,fi,false,PORTAL,2028-09-06
1016,562,Noora,Kallio,Buyer,noora.kallio@summit.fritid.example,+358 40 052 9198,false,fi,false,ACCOUNT_MANAGER,2028-09-06
1017,563,Hanna,Persson,Store Manager,hanna.persson@gustafsson.sport.example,+46 70 812 35 93,true,sv,true,ACCOUNT_MANAGER,2031-09-06
1018,564,Sanna,Koskinen,Store Manager,sanna.koskinen@makinen.sport.example,+358 40 812 8206,true,fi,true,ACCOUNT_MANAGER,2029-09-06
1019,564,Maija,Korhonen,Buyer,maija.korhonen@makinen.sport.example,+358 40 204 9706,false,fi,true,WEBSITE,2028-09-06
1020,564,Riikka,Hämäläinen,Assistant Manager,riikka.hamalainen@makinen.sport.example,+358 40 821 8779,false,fi,false,TRADE_FAIR,2028-09-06
1021,565,Emma,Åberg,Store Manager,emma.aberg@ostersund.sports.example,+46 70 908 54 31,true,sv,true,WEBSITE,2029-09-06
1022,566,Søren,Madsen,Store Manager,soren.madsen@kayak24.example,+45 20 39 83 74,true,da,false,TRADE_FAIR,2031-09-06
1023,567,Bjørn,Johansen,Store Manager,bjorn.johansen@selka.sport.example,+47 933 73 364,true,nb,true,TRADE_FAIR,2029-09-06
1024,567,Kari,Berg,Assistant Manager,kari.berg@selka.sport.example,+47 929 92 974,false,nb,true,PORTAL,2028-09-06
1025,568,Venla,Aho,Store Manager,venla.aho@kittila.scouts.example,+358 40 151 9061,true,fi,true,WEBSITE,2031-09-06
1026,569,Tuomas,Lehto,Store Manager,tuomas.lehto@nieminen.urheilu.example,+358 40 265 8633,true,fi,true,TRADE_FAIR,2029-09-06
1027,570,Ebba,Olsson,Store Manager,ebba.olsson@metsa.camping.example,+46 70 741 43 95,true,sv,true,ACCOUNT_MANAGER,2029-09-06
1028,570,Elin,Karlsson,Warehouse,elin.karlsson@metsa.camping.example,+46 70 239 33 06,false,sv,true,PORTAL,2028-09-06
1029,570,Erik,Olsson,Assistant Manager,erik.olsson@metsa.camping.example,+46 70 089 07 88,false,sv,true,PORTAL,2029-09-06
1030,571,Emma,Karlsson,Store Manager,emma.karlsson@linkoping.camping.example,+46 70 742 98 91,true,sv,false,ACCOUNT_MANAGER,2031-09-06
1031,571,Johan,Karlsson,Buyer,johan.karlsson@linkoping.camping.example,+46 70 777 41 20,false,sv,true,TRADE_FAIR,2028-09-06
1032,572,Sara,Eriksson,Store Manager,sara.eriksson@ostersund.outfitters.example,+46 70 449 22 78,true,sv,true,ACCOUNT_MANAGER,2028-09-06
1033,573,Antti,Heikkinen,Store Manager,antti.heikkinen@aurorastore.example,+358 40 059 0636,true,fi,true,PORTAL,2031-09-06
1034,573,Katri,Aho,Buyer,katri.aho@aurorastore.example,+358 40 569 1340,false,fi,true,ACCOUNT_MANAGER,2029-09-06
1035,573,Antti,Järvinen,Accounts Payable,antti.jarvinen@aurorastore.example,+358 40 467 7692,false,fi,true,ACCOUNT_MANAGER,2028-09-06
1036,574,Ida,Thomsen,Store Manager,ida.thomsen@esbjerg.sport.fritid.example,+45 60 85 11 06,true,da,false,ACCOUNT_MANAGER,2029-09-06
1037,575,Johan,Persson,Store Manager,johan.persson@kero.camping.example,+46 70 667 93 96,true,sv,false,ACCOUNT_MANAGER,2031-09-06
1038,576,Tone,Karlsen,Store Manager,tone.karlsen@aapa.adventure.example,+47 958 93 037,true,nb,true,ACCOUNT_MANAGER,2029-09-06
1039,577,Juhani,Järvinen,Store Manager,juhani.jarvinen@kuusamo.outdoor.school.example,+358 40 906 1860,true,fi,false,PORTAL,2028-09-06
1040,577,Jukka,Hämäläinen,Accounts Payable,jukka.hamalainen@kuusamo.outdoor.school.example,+358 40 748 8200,false,fi,true,TRADE_FAIR,2028-09-06
1041,578,Oskar,Lindberg,Store Manager,oskar.lindberg@malmo.guides.example,+46 70 110 14 70,true,sv,true,TRADE_FAIR,2029-09-06
1042,578,Erik,Olsson,Owner,erik.olsson@malmo.guides.example,+46 70 662 29 15,false,sv,true,PORTAL,2028-09-06
1043,579,Björn,Persson,Store Manager,bjorn.persson@uppsala.sport.example,+46 70 673 54 58,true,sv,true,PORTAL,2029-09-06
1044,579,Frida,Lindberg,Warehouse,frida.lindberg@uppsala.sport.example,+46 70 609 51 32,false,sv,false,PORTAL,2031-09-06
1045,580,Sanna,Hämäläinen,Store Manager,sanna.hamalainen@loiste.fritid.example,+358 40 632 8996,true,fi,false,TRADE_FAIR,2028-09-06
1046,580,Timo,Saarinen,Assistant Manager,timo.saarinen@loiste.fritid.example,+358 40 567 7347,false,fi,true,ACCOUNT_MANAGER,2029-09-06
1047,581,Lovisa,Strand,Store Manager,lovisa.strand@umea.adventures.example,+46 70 921 33 91,true,sv,true,ACCOUNT_MANAGER,2031-09-06
1048,581,Linnea,Gustafsson,Buyer,linnea.gustafsson@umea.adventures.example,+46 70 763 96 35,false,sv,false,WEBSITE,2029-09-06
1049,582,Triin,Mägi,Store Manager,triin.magi@tallinn.adventures.example,+372 5064 8715,true,et,true,PORTAL,2031-09-06
1050,583,Rasmus,Christensen,Store Manager,rasmus.christensen@vaara.sport.example,+45 84 55 97 24,true,da,false,TRADE_FAIR,2031-09-06
1051,584,Niels,Thomsen,Store Manager,niels.thomsen@kayak.fritid.example,+45 82 65 04 85,true,da,true,TRADE_FAIR,2028-09-06
1052,584,Signe,Nielsen,Owner,signe.nielsen@kayak.fritid.example,+45 10 82 73 28,false,da,true,PORTAL,2028-09-06
1053,584,Rasmus,Rasmussen,Accounts Payable,rasmus.rasmussen@kayak.fritid.example,+45 60 69 74 31,false,da,false,PORTAL,2028-09-06
1054,585,Jari,Lehto,Store Manager,jari.lehto@joensuu.adventures.example,+358 40 137 2739,true,fi,true,WEBSITE,2031-09-06
1055,586,Sara,Eriksson,Store Manager,sara.eriksson@goteborg.guides.example,+46 70 300 78 40,true,sv,true,TRADE_FAIR,2031-09-06
1056,586,Frida,Karlsson,Purchasing,frida.karlsson@goteborg.guides.example,+46 70 277 52 68,false,sv,false,TRADE_FAIR,2029-09-06
1057,587,Gustav,Persson,Store Manager,gustav.persson@selka.sport.example,+46 70 003 25 26,true,sv,true,WEBSITE,2029-09-06
1058,587,Sofia,Lindberg,Warehouse,sofia.lindberg@selka.sport.example,+46 70 443 87 16,false,sv,true,WEBSITE,2028-09-06
1059,588,Tuomas,Salo,Store Manager,tuomas.salo@hameenlinna.sport.fritid.example,+358 40 645 9180,true,fi,true,TRADE_FAIR,2031-09-06
1060,589,Juhani,Saarinen,Store Manager,juhani.saarinen@oulu.rental.example,+358 40 243 7819,true,fi,true,PORTAL,2029-09-06
1061,589,Jukka,Korhonen,Assistant Manager,jukka.korhonen@oulu.rental.example,+358 40 105 4696,false,fi,true,ACCOUNT_MANAGER,2028-09-06
1062,589,Sanna,Kallio,Assistant Manager,sanna.kallio@oulu.rental.example,+358 40 895 8286,false,fi,true,ACCOUNT_MANAGER,2031-09-06
1063,590,Sanna,Koskinen,Store Manager,sanna.koskinen@arctic.fritid.example,+358 40 981 8892,true,fi,false,WEBSITE,2028-09-06
1064,591,Gustav,Persson,Store Manager,gustav.persson@kayakshop.example,+46 70 684 90 39,true,sv,true,ACCOUNT_MANAGER,2031-09-06
1065,592,Elin,Gustafsson,Store Manager,elin.gustafsson@summitstore.example,+46 70 565 29 81,true,sv,true,TRADE_FAIR,2028-09-06
1066,593,Helmi,Rantanen,Store Manager,helmi.rantanen@joensuu.rental.example,+358 40 172 3345,true,fi,false,TRADE_FAIR,2029-09-06
1067,594,Olli,Rantanen,Store Manager,olli.rantanen@ridge.urheilu.example,+358 40 606 3927,true,fi,false,TRADE_FAIR,2031-09-06
1068,595,Magnus,Johansson,Store Manager,magnus.johansson@vuoma.trekking.example,+46 70 790 26 71,true,sv,true,PORTAL,2031-09-06
1069,595,Frida,Lundqvist,Warehouse,frida.lundqvist@vuoma.trekking.example,+46 70 753 41 09,false,sv,false,TRADE_FAIR,2031-09-06
1070,596,Riikka,Aho,Store Manager,riikka.aho@saarinen.sport.example,+358 40 567 3153,true,fi,true,ACCOUNT_MANAGER,2029-09-06
1071,597,Venla,Mäkinen,Store Manager,venla.makinen@hikers.sport.fritid.example,+358 40 420 1640,true,fi,false,WEBSITE,2028-09-06
1072,598,Lovisa,Lundqvist,Store Manager,lovisa.lundqvist@hikers24.example,+46 70 952 21 71,true,sv,true,PORTAL,2031-09-06
1073,598,Johan,Johansson,Warehouse,johan.johansson@hikers24.example,+46 70 803 66 57,false,sv,true,WEBSITE,2031-09-06
1074,598,Oskar,Lindberg,Owner,oskar.lindberg@hikers24.example,+46 70 196 52 15,false,sv,false,PORTAL,2031-09-06
1075,599,Lauri,Virtanen,Store Manager,lauri.virtanen@basecamp.sports.example,+358 40 671 8329,true,fi,true,TRADE_FAIR,2031-09-06
1076,600,Sindre,Olsen,Store Manager,sindre.olsen@johansen.friluft.example,+47 965 94 939,true,nb,true,TRADE_FAIR,2028-09-06
1077,600,Tone,Hansen,Warehouse,tone.hansen@johansen.friluft.example,+47 916 53 067,false,nb,false,PORTAL,2029-09-06
1078,601,Frederik,Poulsen,Store Manager,frederik.poulsen@aalborg.friluft.example,+45 54 00 23 00,true,da,true,ACCOUNT_MANAGER,2029-09-06
1079,601,Pernille,Christensen,Owner,pernille.christensen@aalborg.friluft.example,+45 53 96 62 11,false,da,true,TRADE_FAIR,2028-09-06
1080,602,Kari,Moen,Store Manager,kari.moen@hikers24.example,+47 966 51 295,true,nb,false,ACCOUNT_MANAGER,2029-09-06
1081,602,Marit,Andersen,Accounts Payable,marit.andersen@hikers24.example,+47 939 65 023,false,nb,true,ACCOUNT_MANAGER,2031-09-06
1082,602,Tone,Karlsen,Purchasing,tone.karlsen@hikers24.example,+47 956 79 369,false,nb,true,ACCOUNT_MANAGER,2029-09-06
1083,603,Gustav,Åberg,Store Manager,gustav.aberg@linkoping.scouts.example,+46 70 313 64 19,true,sv,true,TRADE_FAIR,2031-09-06
1084,603,Erik,Persson,Owner,erik.persson@linkoping.scouts.example,+46 70 937 61 43,false,sv,true,PORTAL,2028-09-06
1085,604,Erik,Strand,Store Manager,erik.strand@ostersund.adventure.example,+46 70 406 05 23,true,sv,true,PORTAL,2028-09-06
1086,605,Morten,Poulsen,Store Manager,morten.poulsen@summit.trekking.example,+45 07 57 43 62,true,da,true,ACCOUNT_MANAGER,2029-09-06
1087,605,Mads,Jørgensen,Owner,mads.jorgensen@summit.trekking.example,+45 78 82 84 17,false,da,false,WEBSITE,2031-09-06
1088,605,Mette,Christensen,Accounts Payable,mette.christensen@summit.trekking.example,+45 51 21 54 60,false,da,true,PORTAL,2029-09-06
1089,606,Jari,Aho,Store Manager,jari.aho@nordlys.trekking.example,+358 40 060 1676,true,fi,false,ACCOUNT_MANAGER,2028-09-06
1090,607,Camilla,Sørensen,Store Manager,camilla.sorensen@aarhus.friluft.example,+45 64 06 85 10,true,da,false,WEBSITE,2028-09-06
1091,607,Mads,Jørgensen,Owner,mads.jorgensen@aarhus.friluft.example,+45 35 03 21 27,false,da,true,PORTAL,2029-09-06
1092,608,Linnea,Bergström,Store Manager,linnea.bergstrom@nordlys.fritid.example,+46 70 105 97 36,true,sv,true,ACCOUNT_MANAGER,2031-09-06
1093,609,Jonas,Koch,Store Manager,jonas.koch@kiel.hiking.association.example,+49 40 4902172,true,de,true,ACCOUNT_MANAGER,2028-09-06
1094,609,Petra,Koch,Purchasing,petra.koch@kiel.hiking.association.example,+49 40 4759613,false,de,true,TRADE_FAIR,2028-09-06
1095,609,Anna,Weber,Warehouse,anna.weber@kiel.hiking.association.example,+49 40 6245747,false,de,false,TRADE_FAIR,2031-09-06
1096,610,Bjørn,Nilsen,Store Manager,bjorn.nilsen@andersen.outdoor.example,+47 983 23 565,true,nb,false,TRADE_FAIR,2029-09-06
1097,611,Bjørn,Pedersen,Store Manager,bjorn.pedersen@era.trekking.example,+47 910 40 532,true,nb,true,PORTAL,2028-09-06
1098,612,Matti,Saarinen,Store Manager,matti.saarinen@hikers.sports.example,+358 40 154 8005,true,fi,true,ACCOUNT_MANAGER,2029-09-06
1099,612,Mikko,Mäkinen,Purchasing,mikko.makinen@hikers.sports.example,+358 40 162 8100,false,fi,true,WEBSITE,2031-09-06
1100,613,Maja,Holm,Store Manager,maja.holm@svensson.outdoor.example,+46 70 198 52 60,true,sv,false,ACCOUNT_MANAGER,2028-09-06
1101,613,Johan,Svensson,Owner,johan.svensson@svensson.outdoor.example,+46 70 616 43 29,false,sv,true,PORTAL,2028-09-06
1102,614,Gustav,Karlsson,Store Manager,gustav.karlsson@lulea.fritid.example,+46 70 190 20 37,true,sv,false,TRADE_FAIR,2028-09-06
1103,614,Hanna,Lundqvist,Accounts Payable,hanna.lundqvist@lulea.fritid.example,+46 70 152 24 77,false,sv,false,WEBSITE,2029-09-06
1104,615,Kaisa,Salminen,Store Manager,kaisa.salminen@oulu.outfitters.example,+358 40 789 6747,true,fi,true,TRADE_FAIR,2029-09-06
1105,615,Mikko,Aho,Buyer,mikko.aho@oulu.outfitters.example,+358 40 916 5368,false,fi,false,WEBSITE,2028-09-06
1106,615,Kaisa,Järvinen,Accounts Payable,kaisa.jarvinen@oulu.outfitters.example,+358 40 392 7770,false,fi,false,ACCOUNT_MANAGER,2031-09-06
1107,616,Matti,Laine,Store Manager,matti.laine@fjord.sport.example,+358 40 789 3014,true,fi,true,WEBSITE,2031-09-06
1108,617,Katri,Kallio,Store Manager,katri.kallio@hikersgear.example,+358 40 068 0993,true,fi,false,WEBSITE,2029-09-06
1109,617,Jukka,Nieminen,Buyer,jukka.nieminen@hikersgear.example,+358 40 689 9652,false,fi,true,WEBSITE,2031-09-06
1110,618,Astrid,Johansson,Store Manager,astrid.johansson@kiruna.urheilu.example,+46 70 232 94 13,true,sv,false,ACCOUNT_MANAGER,2028-09-06
1111,618,Lovisa,Åberg,Warehouse,lovisa.aberg@kiruna.urheilu.example,+46 70 665 10 19,false,sv,true,TRADE_FAIR,2031-09-06
1112,619,Karin,Svensson,Store Manager,karin.svensson@nilsson.urheilu.example,+46 70 961 00 24,true,sv,false,PORTAL,2031-09-06
1113,620,Sara,Karlsson,Store Manager,sara.karlsson@uppsala.turutstyr.example,+46 70 164 82 87,true,sv,true,TRADE_FAIR,2031-09-06
1114,621,Aino,Koskinen,Store Manager,aino.koskinen@aapagear.example,+358 40 647 0220,true,fi,true,WEBSITE,2028-09-06
1115,621,Antti,Järvinen,Buyer,antti.jarvinen@aapagear.example,+358 40 814 2199,false,fi,false,ACCOUNT_MANAGER,2031-09-06
1116,622,Sigrid,Bakke,Store Manager,sigrid.bakke@vaara.sports.example,+47 900 92 636,true,nb,false,TRADE_FAIR,2031-09-06
1117,623,Kristjan,Sepp,Store Manager,kristjan.sepp@parnu.urheilu.example,+372 5721 7560,true,et,true,ACCOUNT_MANAGER,2031-09-06
1118,623,Mart,Saar,Accounts Payable,mart.saar@parnu.urheilu.example,+372 5299 1568,false,et,false,ACCOUNT_MANAGER,2028-09-06
1119,624,Ole,Larsen,Store Manager,ole.larsen@bergen.sport.fritid.example,+47 989 98 869,true,nb,false,PORTAL,2031-09-06
1120,624,Nora,Andersen,Purchasing,nora.andersen@bergen.sport.fritid.example,+47 950 68 146,false,nb,true,TRADE_FAIR,2029-09-06
1121,625,Astrid,Lindberg,Store Manager,astrid.lindberg@karlstad.trekking.example,+46 70 235 24 53,true,sv,false,WEBSITE,2031-09-06
1122,625,Nils,Andersson,Owner,nils.andersson@karlstad.trekking.example,+46 70 952 98 04,false,sv,true,WEBSITE,2031-09-06
1123,626,Louise,Jørgensen,Store Manager,louise.jorgensen@rakkashop.example,+45 27 10 23 62,true,da,false,TRADE_FAIR,2029-09-06
1124,626,Jonas,Thomsen,Buyer,jonas.thomsen@rakkashop.example,+45 26 60 39 28,false,da,true,TRADE_FAIR,2031-09-06
1125,627,Torbjørn,Dahl,Store Manager,torbjorn.dahl@karlsen.outdoor.example,+47 911 28 269,true,nb,true,TRADE_FAIR,2028-09-06
1126,628,Lovisa,Olsson,Store Manager,lovisa.olsson@trail.friluft.example,+46 70 004 33 37,true,sv,true,WEBSITE,2028-09-06
1127,628,Gustav,Persson,Buyer,gustav.persson@trail.friluft.example,+46 70 351 53 94,false,sv,false,ACCOUNT_MANAGER,2031-09-06
1128,628,Hanna,Holm,Purchasing,hanna.holm@trail.friluft.example,+46 70 471 22 08,false,sv,false,WEBSITE,2028-09-06
1129,629,Ingrid,Kristiansen,Store Manager,ingrid.kristiansen@compassshop.example,+47 984 33 280,true,nb,true,TRADE_FAIR,2031-09-06
1130,630,Oskar,Holm,Store Manager,oskar.holm@malmo.friluft.example,+46 70 769 85 20,true,sv,true,ACCOUNT_MANAGER,2028-09-06
1131,631,Freja,Sørensen,Store Manager,freja.sorensen@madsen.friluft.example,+45 04 91 30 03,true,da,false,TRADE_FAIR,2031-09-06
1132,632,Anni,Hämäläinen,Store Manager,anni.hamalainen@jyvaskyla.urheilu.example,+358 40 685 6789,true,fi,false,WEBSITE,2028-09-06
1133,633,Sara,Larsson,Store Manager,sara.larsson@uppsala.friluft.example,+46 70 427 22 61,true,sv,true,TRADE_FAIR,2031-09-06
1134,633,Linnea,Larsson,Buyer,linnea.larsson@uppsala.friluft.example,+46 70 809 28 60,false,sv,false,PORTAL,2031-09-06
1135,633,Sara,Nilsson,Owner,sara.nilsson@uppsala.friluft.example,+46 70 800 36 00,false,sv,false,TRADE_FAIR,2029-09-06
1136,634,Jonas,Fischer,Store Manager,jonas.fischer@berlin.scouts.example,+49 40 8712604,true,de,false,WEBSITE,2031-09-06
1137,634,Katharina,Schmidt,Assistant Manager,katharina.schmidt@berlin.scouts.example,+49 40 7526737,false,de,false,TRADE_FAIR,2031-09-06
1138,635,Maja,Johansson,Store Manager,maja.johansson@orebro.retki.example,+46 70 281 98 44,true,sv,false,ACCOUNT_MANAGER,2028-09-06
1139,635,Lars,Andersson,Owner,lars.andersson@orebro.retki.example,+46 70 236 03 46,false,sv,false,TRADE_FAIR,2028-09-06
1140,635,Karin,Svensson,Owner,karin.svensson@orebro.retki.example,+46 70 556 54 83,false,sv,true,WEBSITE,2029-09-06
1141,636,Pekka,Rantanen,Store Manager,pekka.rantanen@seinajoki.outfitters.example,+358 40 776 4239,true,fi,false,PORTAL,2029-09-06
1142,636,Matti,Kallio,Owner,matti.kallio@seinajoki.outfitters.example,+358 40 536 8558,false,fi,false,PORTAL,2029-09-06
1143,636,Mikko,Kallio,Purchasing,mikko.kallio@seinajoki.outfitters.example,+358 40 619 4399,false,fi,false,ACCOUNT_MANAGER,2029-09-06
1144,637,Erik,Strand,Store Manager,erik.strand@kiruna.outdoor.example,+46 70 999 03 05,true,sv,true,ACCOUNT_MANAGER,2031-09-06
1145,637,Elin,Lundqvist,Purchasing,elin.lundqvist@kiruna.outdoor.example,+46 70 940 60 04,false,sv,false,TRADE_FAIR,2028-09-06
1146,638,Lauri,Hämäläinen,Store Manager,lauri.hamalainen@vaasa.urheilu.example,+358 40 585 0649,true,fi,true,WEBSITE,2028-09-06
1147,638,Aino,Mäkinen,Warehouse,aino.makinen@vaasa.urheilu.example,+358 40 673 3521,false,fi,true,PORTAL,2029-09-06
1148,638,Laura,Saarinen,Warehouse,laura.saarinen@vaasa.urheilu.example,+358 40 150 4675,false,fi,false,TRADE_FAIR,2028-09-06
1149,639,Ingrid,Berg,Store Manager,ingrid.berg@rakka.retki.example,+47 999 06 555,true,nb,false,ACCOUNT_MANAGER,2031-09-06
1150,640,Lovisa,Persson,Store Manager,lovisa.persson@metsastore.example,+46 70 033 17 15,true,sv,false,PORTAL,2031-09-06
1151,641,Hege,Larsen,Store Manager,hege.larsen@suvanto.outfitters.example,+47 976 67 532,true,nb,false,WEBSITE,2031-09-06
1152,641,Kristian,Nygaard,Assistant Manager,kristian.nygaard@suvanto.outfitters.example,+47 939 44 941,false,nb,false,ACCOUNT_MANAGER,2031-09-06
1153,642,Sara,Lundqvist,Store Manager,sara.lundqvist@sundsvall.expeditions.example,+46 70 439 82 32,true,sv,false,WEBSITE,2031-09-06
1154,642,Nils,Karlsson,Owner,nils.karlsson@sundsvall.expeditions.example,+46 70 561 29 81,false,sv,false,TRADE_FAIR,2029-09-06
1155,643,Johan,Karlsson,Store Manager,johan.karlsson@kayak.sport.example,+46 70 419 42 56,true,sv,true,PORTAL,2028-09-06
1156,644,Louise,Thomsen,Store Manager,louise.thomsen@suvanto.friluft.example,+45 57 50 16 67,true,da,true,TRADE_FAIR,2031-09-06
1157,645,Rasmus,Christensen,Store Manager,rasmus.christensen@nietosstore.example,+45 58 62 20 78,true,da,false,TRADE_FAIR,2028-09-06
1158,645,Pernille,Sørensen,Accounts Payable,pernille.sorensen@nietosstore.example,+45 92 00 07 50,false,da,true,TRADE_FAIR,2031-09-06
1159,646,Pekka,Niemi,Store Manager,pekka.niemi@helsinki.outfitters.example,+358 40 143 2879,true,fi,false,PORTAL,2028-09-06
1160,647,Petra,Müller,Store Manager,petra.muller@hoffmann.urheilu.example,+49 40 8824047,true,de,true,PORTAL,2031-09-06
1161,647,Katharina,Schmidt,Purchasing,katharina.schmidt@hoffmann.urheilu.example,+49 40 8087901,false,de,true,TRADE_FAIR,2029-09-06
1162,647,Lukas,Weber,Accounts Payable,lukas.weber@hoffmann.urheilu.example,+49 40 6988765,false,de,false,TRADE_FAIR,2028-09-06
1163,648,Jonas,Schmidt,Store Manager,jonas.schmidt@lake.sport.example,+49 40 4753875,true,de,true,ACCOUNT_MANAGER,2029-09-06
1164,649,Rasmus,Kjær,Store Manager,rasmus.kjaer@summit.outfitters.example,+45 33 40 55 51,true,da,false,TRADE_FAIR,2029-09-06
1165,650,Sofia,Bergström,Store Manager,sofia.bergstrom@aurora24.example,+46 70 635 66 35,true,sv,true,TRADE_FAIR,2031-09-06
1166,651,Mattias,Lundqvist,Store Manager,mattias.lundqvist@fjord.friluft.example,+46 70 370 00 74,true,sv,true,WEBSITE,2031-09-06
1167,651,Linnea,Åberg,Assistant Manager,linnea.aberg@fjord.friluft.example,+46 70 066 43 83,false,sv,true,TRADE_FAIR,2031-09-06
1168,652,Astrid,Åberg,Store Manager,astrid.aberg@sundsvall.guides.example,+46 70 194 43 09,true,sv,false,ACCOUNT_MANAGER,2031-09-06
1169,652,Maja,Olsson,Buyer,maja.olsson@sundsvall.guides.example,+46 70 415 01 09,false,sv,true,WEBSITE,2031-09-06
1170,653,Henrik,Lundqvist,Store Manager,henrik.lundqvist@kero.retki.example,+46 70 769 76 56,true,sv,true,TRADE_FAIR,2031-09-06
1171,653,Astrid,Lindberg,Assistant Manager,astrid.lindberg@kero.retki.example,+46 70 242 32 48,false,sv,false,PORTAL,2031-09-06
1172,653,Astrid,Eriksson,Purchasing,astrid.eriksson@kero.retki.example,+46 70 638 81 64,false,sv,false,TRADE_FAIR,2028-09-06
1173,654,Jukka,Niemi,Store Manager,jukka.niemi@summit.trekking.example,+358 40 839 9125,true,fi,true,ACCOUNT_MANAGER,2031-09-06
1174,655,Vegard,Karlsen,Store Manager,vegard.karlsen@alta.scouts.example,+47 903 63 745,true,nb,true,WEBSITE,2028-09-06
1175,655,Vegard,Nilsen,Buyer,vegard.nilsen@alta.scouts.example,+47 954 05 302,false,nb,true,PORTAL,2029-09-06
1176,656,Kristjan,Tamm,Store Manager,kristjan.tamm@tallinn.hiking.association.example,+372 5660 9504,true,et,true,WEBSITE,2028-09-06
1177,656,Kadri,Saar,Owner,kadri.saar@tallinn.hiking.association.example,+372 5057 7033,false,et,false,PORTAL,2028-09-06
1178,657,Mathias,Dahl,Store Manager,mathias.dahl@bergen.fritid.example,+47 944 75 134,true,nb,true,TRADE_FAIR,2031-09-06
1179,657,Sigrid,Berg,Assistant Manager,sigrid.berg@bergen.fritid.example,+47 977 47 040,false,nb,true,PORTAL,2031-09-06
1180,657,Ole,Nygaard,Owner,ole.nygaard@bergen.fritid.example,+47 912 59 994,false,nb,true,TRADE_FAIR,2029-09-06
1181,658,Per,Eriksson,Store Manager,per.eriksson@loiste.turutstyr.example,+46 70 648 81 73,true,sv,true,TRADE_FAIR,2029-09-06
1182,659,Olli,Aho,Store Manager,olli.aho@fjord.friluft.example,+358 40 486 9478,true,fi,false,WEBSITE,2029-09-06
1183,660,Erik,Svensson,Store Manager,erik.svensson@ridge.trekking.example,+46 70 899 90 66,true,sv,false,PORTAL,2028-09-06
1184,661,Hege,Kristiansen,Store Manager,hege.kristiansen@rakka.urheilu.example,+47 918 15 892,true,nb,false,TRADE_FAIR,2031-09-06
1185,662,Elin,Lindberg,Store Manager,elin.lindberg@aapashop.example,+46 70 201 16 84,true,sv,false,WEBSITE,2028-09-06
1186,663,Juhani,Nieminen,Store Manager,juhani.nieminen@kayakgear.example,+358 40 229 8813,true,fi,true,WEBSITE,2029-09-06
1187,663,Jari,Saarinen,Buyer,jari.saarinen@kayakgear.example,+358 40 131 3427,false,fi,true,TRADE_FAIR,2029-09-06
1188,663,Aino,Virtanen,Buyer,aino.virtanen@kayakgear.example,+358 40 759 5895,false,fi,true,ACCOUNT_MANAGER,2028-09-06
1189,664,Mette,Poulsen,Store Manager,mette.poulsen@kjaer.sport.example,+45 47 92 15 29,true,da,true,TRADE_FAIR,2028-09-06
1190,664,Rasmus,Poulsen,Warehouse,rasmus.poulsen@kjaer.sport.example,+45 33 62 22 28,false,da,false,TRADE_FAIR,2029-09-06
1191,664,Louise,Poulsen,Accounts Payable,louise.poulsen@kjaer.sport.example,+45 43 79 84 40,false,da,false,TRADE_FAIR,2031-09-06
1192,665,Maja,Åberg,Store Manager,maja.aberg@falun.guides.example,+46 70 285 69 70,true,sv,false,ACCOUNT_MANAGER,2031-09-06
1193,665,Maja,Strand,Purchasing,maja.strand@falun.guides.example,+46 70 826 80 66,false,sv,false,ACCOUNT_MANAGER,2029-09-06
1194,666,Ingrid,Bakke,Store Manager,ingrid.bakke@hansen.outdoor.example,+47 915 34 156,true,nb,true,TRADE_FAIR,2031-09-06
1195,667,Anni,Niemi,Store Manager,anni.niemi@kalotti.sport.example,+358 40 086 6684,true,fi,false,PORTAL,2029-09-06
1196,668,Ville,Mäkinen,Store Manager,ville.makinen@vuoma24.example,+358 40 925 8190,true,fi,true,TRADE_FAIR,2029-09-06
1197,668,Noora,Mäkinen,Owner,noora.makinen@vuoma24.example,+358 40 855 0686,false,fi,true,ACCOUNT_MANAGER,2028-09-06
1198,669,Freja,Kjær,Store Manager,freja.kjaer@polargear.example,+45 74 99 77 44,true,da,false,PORTAL,2029-09-06
1199,669,Rasmus,Rasmussen,Purchasing,rasmus.rasmussen@polargear.example,+45 81 47 41 72,false,da,true,ACCOUNT_MANAGER,2028-09-06
1200,669,Mads,Rasmussen,Accounts Payable,mads.rasmussen@polargear.example,+45 31 30 19 58,false,da,false,ACCOUNT_MANAGER,2029-09-06
1201,670,Tone,Dahl,Store Manager,tone.dahl@bodo.outdoor.example,+47 929 91 481,true,nb,true,TRADE_FAIR,2031-09-06
1202,670,Solveig,Nilsen,Buyer,solveig.nilsen@bodo.outdoor.example,+47 990 53 767,false,nb,true,PORTAL,2031-09-06
1203,670,Hege,Olsen,Warehouse,hege.olsen@bodo.outdoor.example,+47 920 63 074,false,nb,false,WEBSITE,2029-09-06
1204,671,Silje,Dahl,Store Manager,silje.dahl@trondheim.outdoor.example,+47 974 77 203,true,nb,true,WEBSITE,2028-09-06
1205,671,Eirik,Hansen,Warehouse,eirik.hansen@trondheim.outdoor.example,+47 987 08 290,false,nb,true,WEBSITE,2028-09-06
1206,672,Marit,Nygaard,Store Manager,marit.nygaard@kristiansand.adventure.example,+47 942 94 228,true,nb,false,WEBSITE,2029-09-06
1207,672,Sigrid,Karlsen,Warehouse,sigrid.karlsen@kristiansand.adventure.example,+47 965 55 499,false,nb,false,ACCOUNT_MANAGER,2029-09-06
1208,673,Lovisa,Persson,Store Manager,lovisa.persson@bergstrom.sport.example,+46 70 061 50 07,true,sv,false,PORTAL,2028-09-06
1209,673,Oskar,Åberg,Purchasing,oskar.aberg@bergstrom.sport.example,+46 70 018 73 44,false,sv,true,ACCOUNT_MANAGER,2028-09-06
1210,674,Bjørn,Berg,Store Manager,bjorn.berg@kaamos.friluft.example,+47 914 16 012,true,nb,false,PORTAL,2029-09-06
1211,674,Jørgen,Nilsen,Accounts Payable,jorgen.nilsen@kaamos.friluft.example,+47 997 64 391,false,nb,true,TRADE_FAIR,2031-09-06
1212,675,Lærke,Kjær,Store Manager,laerke.kjaer@polar.friluft.example,+45 02 56 10 93,true,da,false,TRADE_FAIR,2029-09-06
1213,676,Laura,Järvinen,Store Manager,laura.jarvinen@turku.outdoor.school.example,+358 40 658 5499,true,fi,false,ACCOUNT_MANAGER,2031-09-06
1214,677,Noora,Kallio,Store Manager,noora.kallio@jyvaskyla.expeditions.example,+358 40 207 5249,true,fi,false,TRADE_FAIR,2028-09-06
1215,677,Jari,Salminen,Assistant Manager,jari.salminen@jyvaskyla.expeditions.example,+358 40 254 8331,false,fi,true,WEBSITE,2029-09-06
1216,678,Pekka,Rantanen,Store Manager,pekka.rantanen@oulu.adventure.example,+358 40 470 9039,true,fi,false,TRADE_FAIR,2031-09-06
1217,678,Aino,Lehto,Assistant Manager,aino.lehto@oulu.adventure.example,+358 40 624 3745,false,fi,false,WEBSITE,2031-09-06
1218,679,Hanna,Eriksson,Store Manager,hanna.eriksson@kalotti.trekking.example,+46 70 025 04 31,true,sv,true,PORTAL,2031-09-06
1219,680,Silje,Nilsen,Store Manager,silje.nilsen@oslo.retki.example,+47 923 27 121,true,nb,false,ACCOUNT_MANAGER,2028-09-06
1220,681,Karin,Larsson,Store Manager,karin.larsson@ostersund.rental.example,+46 70 148 48 20,true,sv,false,WEBSITE,2029-09-06
1221,681,Maja,Åberg,Purchasing,maja.aberg@ostersund.rental.example,+46 70 718 11 33,false,sv,true,TRADE_FAIR,2031-09-06
1222,681,Nils,Lindberg,Assistant Manager,nils.lindberg@ostersund.rental.example,+46 70 769 14 75,false,sv,true,PORTAL,2031-09-06
1223,682,Nils,Persson,Store Manager,nils.persson@vidde24.example,+46 70 469 73 63,true,sv,false,TRADE_FAIR,2029-09-06
1224,682,Per,Eriksson,Accounts Payable,per.eriksson@vidde24.example,+46 70 383 22 11,false,sv,false,ACCOUNT_MANAGER,2028-09-06
1225,682,Frida,Bergström,Owner,frida.bergstrom@vidde24.example,+46 70 635 59 04,false,sv,false,WEBSITE,2031-09-06
1226,683,Eirik,Hansen,Store Manager,eirik.hansen@johansen.sport.example,+47 919 14 291,true,nb,true,PORTAL,2029-09-06
1227,684,Hanna,Åberg,Store Manager,hanna.aberg@strand.urheilu.example,+46 70 683 62 32,true,sv,true,WEBSITE,2028-09-06
1228,685,Sara,Nilsson,Store Manager,sara.nilsson@goteborg.adventures.example,+46 70 415 85 24,true,sv,false,ACCOUNT_MANAGER,2031-09-06
1229,685,Ebba,Olsson,Owner,ebba.olsson@goteborg.adventures.example,+46 70 183 69 28,false,sv,true,ACCOUNT_MANAGER,2029-09-06
1230,686,Tuomas,Lehto,Store Manager,tuomas.lehto@basecamp.trekking.example,+358 40 433 2070,true,fi,true,PORTAL,2029-09-06
1231,686,Pekka,Aho,Warehouse,pekka.aho@basecamp.trekking.example,+358 40 970 8010,false,fi,false,WEBSITE,2031-09-06
1232,687,Tuomas,Nieminen,Store Manager,tuomas.nieminen@oulu.turutstyr.example,+358 40 391 3458,true,fi,true,PORTAL,2031-09-06
1233,688,Håkon,Haugen,Store Manager,hakon.haugen@selka.outdoor.example,+47 972 38 466,true,nb,false,PORTAL,2029-09-06
1234,689,Riikka,Salo,Store Manager,riikka.salo@niemi.friluft.example,+358 40 662 9032,true,fi,true,ACCOUNT_MANAGER,2028-09-06
1235,690,Maja,Andersson,Store Manager,maja.andersson@lulea.expeditions.example,+46 70 445 87 18,true,sv,true,PORTAL,2031-09-06
1236,691,Linnea,Nilsson,Store Manager,linnea.nilsson@umea.rental.example,+46 70 979 90 60,true,sv,false,PORTAL,2029-09-06
1237,691,Ulf,Svensson,Purchasing,ulf.svensson@umea.rental.example,+46 70 588 08 32,false,sv,true,PORTAL,2031-09-06
1238,692,Sofia,Åberg,Store Manager,sofia.aberg@umea.friluft.example,+46 70 758 51 99,true,sv,false,TRADE_FAIR,2031-09-06
1239,692,Maja,Lundqvist,Accounts Payable,maja.lundqvist@umea.friluft.example,+46 70 433 64 21,false,sv,true,WEBSITE,2029-09-06
1240,692,Frida,Lundqvist,Owner,frida.lundqvist@umea.friluft.example,+46 70 356 86 00,false,sv,false,ACCOUNT_MANAGER,2029-09-06
1241,693,Matti,Niemi,Store Manager,matti.niemi@lake.outdoor.example,+358 40 930 6407,true,fi,true,PORTAL,2029-09-06
1242,694,Oskar,Svensson,Store Manager,oskar.svensson@era.sports.example,+46 70 828 73 62,true,sv,true,WEBSITE,2029-09-06
1243,694,Per,Holm,Warehouse,per.holm@era.sports.example,+46 70 993 96 60,false,sv,false,WEBSITE,2029-09-06
1244,695,Sigrid,Hansen,Store Manager,sigrid.hansen@hamar.adventures.example,+47 913 05 965,true,nb,false,WEBSITE,2029-09-06
1245,695,Eirik,Johansen,Buyer,eirik.johansen@hamar.adventures.example,+47 901 06 805,false,nb,true,TRADE_FAIR,2031-09-06
1246,696,Håkon,Larsen,Store Manager,hakon.larsen@compass.retki.example,+47 923 50 458,true,nb,true,PORTAL,2031-09-06
1247,696,Anette,Nilsen,Accounts Payable,anette.nilsen@compass.retki.example,+47 947 85 830,false,nb,false,TRADE_FAIR,2029-09-06
1248,696,Ole,Dahl,Buyer,ole.dahl@compass.retki.example,+47 961 98 185,false,nb,true,TRADE_FAIR,2028-09-06
1249,697,Eero,Salo,Store Manager,eero.salo@kaamos.fritid.example,+358 40 773 5633,true,fi,false,PORTAL,2028-09-06
1250,697,Eero,Lehtonen,Buyer,eero.lehtonen@kaamos.fritid.example,+358 40 523 9554,false,fi,false,TRADE_FAIR,2028-09-06
1251,697,Eero,Lehto,Warehouse,eero.lehto@kaamos.fritid.example,+358 40 860 9282,false,fi,true,TRADE_FAIR,2028-09-06
1252,698,Katri,Rantanen,Store Manager,katri.rantanen@turku.rental.example,+358 40 257 3679,true,fi,true,PORTAL,2028-09-06
1253,698,Ville,Nieminen,Buyer,ville.nieminen@turku.rental.example,+358 40 755 4509,false,fi,true,WEBSITE,2031-09-06
1254,699,Søren,Jørgensen,Store Manager,soren.jorgensen@nordlys24.example,+45 55 12 80 05,true,da,false,WEBSITE,2029-09-06
1255,699,Frederik,Thomsen,Assistant Manager,frederik.thomsen@nordlys24.example,+45 24 32 74 15,false,da,true,TRADE_FAIR,2028-09-06
1256,699,Frederik,Kjær,Purchasing,frederik.kjaer@nordlys24.example,+45 37 22 84 92,false,da,true,WEBSITE,2029-09-06
1257,700,Gustav,Strand,Store Manager,gustav.strand@andersson.outdoor.example,+46 70 505 06 67,true,sv,false,WEBSITE,2029-09-06
1258,700,Frida,Karlsson,Buyer,frida.karlsson@andersson.outdoor.example,+46 70 885 86 22,false,sv,true,PORTAL,2029-09-06
1259,701,Frida,Lundqvist,Store Manager,frida.lundqvist@lulea.retki.example,+46 70 480 95 46,true,sv,true,WEBSITE,2031-09-06
1260,701,Maja,Lindberg,Assistant Manager,maja.lindberg@lulea.retki.example,+46 70 218 15 18,false,sv,false,ACCOUNT_MANAGER,2031-09-06
1261,702,Jørgen,Johansen,Store Manager,jorgen.johansen@trondheim.camping.example,+47 985 01 117,true,nb,true,ACCOUNT_MANAGER,2031-09-06
1262,702,Anette,Karlsen,Assistant Manager,anette.karlsen@trondheim.camping.example,+47 997 85 763,false,nb,true,PORTAL,2029-09-06
1263,702,Silje,Johansen,Owner,silje.johansen@trondheim.camping.example,+47 970 60 450,false,nb,false,TRADE_FAIR,2031-09-06
1264,703,Olli,Mäkinen,Store Manager,olli.makinen@kuopio.scouts.example,+358 40 022 8570,true,fi,false,TRADE_FAIR,2031-09-06
1265,703,Mikko,Aho,Buyer,mikko.aho@kuopio.scouts.example,+358 40 283 2873,false,fi,true,TRADE_FAIR,2029-09-06
1266,704,Sindre,Karlsen,Store Manager,sindre.karlsen@era.camping.example,+47 938 71 980,true,nb,false,PORTAL,2028-09-06
1267,704,Tone,Nygaard,Assistant Manager,tone.nygaard@era.camping.example,+47 921 08 011,false,nb,true,WEBSITE,2029-09-06
1268,705,Elina,Koskinen,Store Manager,elina.koskinen@kuopio.outdoor.school.example,+358 40 896 0401,true,fi,true,ACCOUNT_MANAGER,2028-09-06
1269,705,Eero,Lehtonen,Owner,eero.lehtonen@kuopio.outdoor.school.example,+358 40 804 2588,false,fi,true,ACCOUNT_MANAGER,2028-09-06
1270,705,Ville,Lehtonen,Warehouse,ville.lehtonen@kuopio.outdoor.school.example,+358 40 503 4160,false,fi,true,PORTAL,2028-09-06
1271,706,Johan,Olsson,Store Manager,johan.olsson@gavle.turutstyr.example,+46 70 738 15 98,true,sv,false,ACCOUNT_MANAGER,2031-09-06
1272,706,Maja,Larsson,Accounts Payable,maja.larsson@gavle.turutstyr.example,+46 70 202 22 71,false,sv,true,TRADE_FAIR,2028-09-06
1273,707,Maja,Persson,Store Manager,maja.persson@are.urheilu.example,+46 70 024 66 88,true,sv,false,TRADE_FAIR,2029-09-06
1274,708,Ebba,Persson,Store Manager,ebba.persson@goteborg.outdoor.school.example,+46 70 753 24 33,true,sv,true,ACCOUNT_MANAGER,2029-09-06
1275,708,Erik,Johansson,Accounts Payable,erik.johansson@goteborg.outdoor.school.example,+46 70 172 24 73,false,sv,true,WEBSITE,2028-09-06
1276,709,Olli,Laine,Store Manager,olli.laine@polar.sport.fritid.example,+358 40 623 2789,true,fi,true,PORTAL,2031-09-06
1277,709,Ville,Saarinen,Assistant Manager,ville.saarinen@polar.sport.fritid.example,+358 40 995 7122,false,fi,false,ACCOUNT_MANAGER,2031-09-06
1278,709,Anni,Saarinen,Assistant Manager,anni.saarinen@polar.sport.fritid.example,+358 40 207 6472,false,fi,true,PORTAL,2029-09-06
1279,710,Mikko,Koskinen,Store Manager,mikko.koskinen@salminen.urheilu.example,+358 40 469 4168,true,fi,true,ACCOUNT_MANAGER,2029-09-06
1280,711,Lars,Gustafsson,Store Manager,lars.gustafsson@suvanto.fritid.example,+46 70 988 63 05,true,sv,false,TRADE_FAIR,2031-09-06
1281,711,Elin,Lindberg,Buyer,elin.lindberg@suvanto.fritid.example,+46 70 710 60 91,false,sv,true,WEBSITE,2029-09-06
1282,711,Oskar,Persson,Buyer,oskar.persson@suvanto.fritid.example,+46 70 756 38 76,false,sv,false,WEBSITE,2029-09-06
1283,712,Sindre,Andersen,Store Manager,sindre.andersen@kaira24.example,+47 955 70 844,true,nb,false,TRADE_FAIR,2028-09-06
1284,712,Kari,Kristiansen,Owner,kari.kristiansen@kaira24.example,+47 915 87 240,false,nb,false,ACCOUNT_MANAGER,2031-09-06
1285,713,Kari,Andersen,Store Manager,kari.andersen@era.turutstyr.example,+47 941 89 403,true,nb,true,TRADE_FAIR,2031-09-06
1286,714,Eero,Virtanen,Store Manager,eero.virtanen@kokkola.rental.example,+358 40 007 1070,true,fi,false,PORTAL,2029-09-06
1287,715,Tone,Nilsen,Store Manager,tone.nilsen@hikers.sport.example,+47 944 79 124,true,nb,true,PORTAL,2031-09-06
1288,716,Mathias,Dahl,Store Manager,mathias.dahl@summit.sport.example,+47 978 48 994,true,nb,true,ACCOUNT_MANAGER,2029-09-06
1289,717,Sofia,Svensson,Store Manager,sofia.svensson@kalottishop.example,+46 70 912 23 52,true,sv,false,ACCOUNT_MANAGER,2028-09-06
1290,717,Erik,Lundqvist,Buyer,erik.lundqvist@kalottishop.example,+46 70 663 16 96,false,sv,true,PORTAL,2031-09-06
1291,717,Björn,Lindberg,Accounts Payable,bjorn.lindberg@kalottishop.example,+46 70 394 29 62,false,sv,true,ACCOUNT_MANAGER,2028-09-06
1292,718,Tuomas,Salminen,Store Manager,tuomas.salminen@vuomastore.example,+358 40 129 3165,true,fi,false,WEBSITE,2029-09-06
1293,718,Maija,Heikkinen,Warehouse,maija.heikkinen@vuomastore.example,+358 40 722 3505,false,fi,true,WEBSITE,2031-09-06
1294,719,Juhani,Korhonen,Store Manager,juhani.korhonen@tampere.fritid.example,+358 40 782 7671,true,fi,false,ACCOUNT_MANAGER,2031-09-06
1295,719,Helmi,Korhonen,Warehouse,helmi.korhonen@tampere.fritid.example,+358 40 586 4419,false,fi,false,ACCOUNT_MANAGER,2031-09-06
1296,720,Eero,Mäkinen,Store Manager,eero.makinen@joensuu.alpine.club.example,+358 40 837 9846,true,fi,false,PORTAL,2028-09-06
1297,721,Aino,Heikkinen,Store Manager,aino.heikkinen@oulu.sport.example,+358 40 307 0364,true,fi,false,ACCOUNT_MANAGER,2028-09-06
1298,721,Eero,Nieminen,Owner,eero.nieminen@oulu.sport.example,+358 40 240 7400,false,fi,true,ACCOUNT_MANAGER,2029-09-06
1299,721,Jukka,Lehto,Accounts Payable,jukka.lehto@oulu.sport.example,+358 40 384 2387,false,fi,true,WEBSITE,2029-09-06
1300,722,Lærke,Sørensen,Store Manager,laerke.sorensen@copenhagen.adventure.example,+45 79 38 43 93,true,da,false,WEBSITE,2029-09-06
1301,722,Signe,Jørgensen,Purchasing,signe.jorgensen@copenhagen.adventure.example,+45 01 52 95 90,false,da,false,TRADE_FAIR,2031-09-06
1302,723,Antti,Mäkinen,Store Manager,antti.makinen@helsinki.rental.example,+358 40 124 5830,true,fi,false,ACCOUNT_MANAGER,2029-09-06
1303,723,Kaisa,Korhonen,Accounts Payable,kaisa.korhonen@helsinki.rental.example,+358 40 770 4609,false,fi,false,PORTAL,2028-09-06
1304,724,Noora,Mäkinen,Store Manager,noora.makinen@seinajoki.adventure.example,+358 40 130 6061,true,fi,true,PORTAL,2029-09-06
1305,724,Elina,Nieminen,Owner,elina.nieminen@seinajoki.adventure.example,+358 40 109 5664,false,fi,false,WEBSITE,2029-09-06
1306,724,Aino,Laine,Buyer,aino.laine@seinajoki.adventure.example,+358 40 177 3639,false,fi,false,TRADE_FAIR,2028-09-06
1307,725,Helmi,Rantanen,Store Manager,helmi.rantanen@espoo.sport.example,+358 40 290 7665,true,fi,false,PORTAL,2031-09-06
1308,725,Venla,Lehtonen,Purchasing,venla.lehtonen@espoo.sport.example,+358 40 280 9700,false,fi,false,PORTAL,2029-09-06
1309,726,Mikko,Nieminen,Store Manager,mikko.nieminen@nordlys.fritid.example,+358 40 075 5823,true,fi,true,WEBSITE,2031-09-06
1310,726,Matti,Salminen,Owner,matti.salminen@nordlys.fritid.example,+358 40 347 6656,false,fi,true,PORTAL,2029-09-06
1311,727,Jari,Kallio,Store Manager,jari.kallio@kuopio.fritid.example,+358 40 349 9185,true,fi,true,TRADE_FAIR,2029-09-06
1312,728,Jonas,Thomsen,Store Manager,jonas.thomsen@aalborg.hiking.association.example,+45 36 83 98 48,true,da,true,TRADE_FAIR,2029-09-06
1313,728,Mads,Nielsen,Accounts Payable,mads.nielsen@aalborg.hiking.association.example,+45 61 51 54 62,false,da,true,TRADE_FAIR,2031-09-06
1314,729,Kaisa,Kallio,Store Manager,kaisa.kallio@kuopio.sport.example,+358 40 499 8240,true,fi,false,PORTAL,2028-09-06
1315,729,Maija,Niemi,Buyer,maija.niemi@kuopio.sport.example,+358 40 768 2084,false,fi,false,ACCOUNT_MANAGER,2029-09-06
1316,729,Elina,Nieminen,Purchasing,elina.nieminen@kuopio.sport.example,+358 40 643 5180,false,fi,true,WEBSITE,2029-09-06
1317,730,Pekka,Mäkinen,Store Manager,pekka.makinen@loiste.trekking.example,+358 40 697 8365,true,fi,false,PORTAL,2031-09-06
1318,730,Jari,Laine,Assistant Manager,jari.laine@loiste.trekking.example,+358 40 195 3900,false,fi,false,PORTAL,2028-09-06
1319,731,Tobias,Wagner,Store Manager,tobias.wagner@trail.urheilu.example,+49 40 6862318,true,de,false,PORTAL,2028-09-06
1320,731,Julia,Koch,Purchasing,julia.koch@trail.urheilu.example,+49 40 9723422,false,de,true,ACCOUNT_MANAGER,2031-09-06
1321,732,Eero,Hämäläinen,Store Manager,eero.hamalainen@suvantoshop.example,+358 40 718 1622,true,fi,false,ACCOUNT_MANAGER,2028-09-06
1322,733,Oskar,Larsson,Store Manager,oskar.larsson@summit.fritid.example,+46 70 833 60 92,true,sv,false,WEBSITE,2031-09-06
1323,734,Laura,Aho,Store Manager,laura.aho@fjall.urheilu.example,+358 40 384 4960,true,fi,false,WEBSITE,2029-09-06
1324,734,Elina,Salminen,Assistant Manager,elina.salminen@fjall.urheilu.example,+358 40 560 9920,false,fi,true,WEBSITE,2029-09-06
1325,735,Linnea,Strand,Store Manager,linnea.strand@umea.sports.example,+46 70 082 93 31,true,sv,true,PORTAL,2031-09-06
1326,735,Johan,Holm,Accounts Payable,johan.holm@umea.sports.example,+46 70 240 58 76,false,sv,true,WEBSITE,2031-09-06
1327,735,Linnea,Gustafsson,Buyer,linnea.gustafsson@umea.sports.example,+46 70 439 13 74,false,sv,true,ACCOUNT_MANAGER,2028-09-06
1328,736,Kari,Berg,Store Manager,kari.berg@loiste.outdoor.example,+47 979 11 654,true,nb,true,WEBSITE,2031-09-06
1329,736,Hege,Andersen,Buyer,hege.andersen@loiste.outdoor.example,+47 921 07 823,false,nb,true,PORTAL,2028-09-06
1330,737,Mattias,Holm,Store Manager,mattias.holm@trailshop.example,+46 70 958 09 44,true,sv,true,PORTAL,2028-09-06
1331,737,Ebba,Johansson,Purchasing,ebba.johansson@trailshop.example,+46 70 682 59 58,false,sv,false,ACCOUNT_MANAGER,2029-09-06
1332,738,Laura,Niemi,Store Manager,laura.niemi@trail.outdoor.example,+358 40 713 1835,true,fi,true,WEBSITE,2028-09-06
1333,738,Eero,Heikkinen,Warehouse,eero.heikkinen@trail.outdoor.example,+358 40 896 6251,false,fi,false,WEBSITE,2031-09-06
1334,739,Johan,Holm,Store Manager,johan.holm@kalotti.sport.example,+46 70 816 43 01,true,sv,true,ACCOUNT_MANAGER,2031-09-06
1335,739,Maja,Nilsson,Assistant Manager,maja.nilsson@kalotti.sport.example,+46 70 413 14 93,false,sv,false,PORTAL,2028-09-06
1336,739,Linnea,Larsson,Purchasing,linnea.larsson@kalotti.sport.example,+46 70 633 98 15,false,sv,true,TRADE_FAIR,2031-09-06
1337,740,Laura,Virtanen,Store Manager,laura.virtanen@hameenlinna.urheilu.example,+358 40 924 4965,true,fi,false,TRADE_FAIR,2031-09-06
1338,740,Tuomas,Virtanen,Purchasing,tuomas.virtanen@hameenlinna.urheilu.example,+358 40 842 0974,false,fi,false,ACCOUNT_MANAGER,2031-09-06
1339,740,Maija,Saarinen,Warehouse,maija.saarinen@hameenlinna.urheilu.example,+358 40 582 5144,false,fi,true,WEBSITE,2029-09-06
1340,741,Signe,Jensen,Store Manager,signe.jensen@kalotti.trekking.example,+45 25 08 37 20,true,da,true,WEBSITE,2029-09-06
1341,741,Jonas,Jørgensen,Owner,jonas.jorgensen@kalotti.trekking.example,+45 63 08 21 59,false,da,false,WEBSITE,2028-09-06
1342,742,Kaisa,Salminen,Store Manager,kaisa.salminen@oulu.retki.example,+358 40 486 4593,true,fi,true,ACCOUNT_MANAGER,2031-09-06
1343,742,Sanna,Niemi,Accounts Payable,sanna.niemi@oulu.retki.example,+358 40 476 1975,false,fi,false,TRADE_FAIR,2028-09-06
1344,742,Tuomas,Lehtonen,Purchasing,tuomas.lehtonen@oulu.retki.example,+358 40 513 4082,false,fi,true,WEBSITE,2031-09-06
1345,743,Lauri,Koskinen,Store Manager,lauri.koskinen@rakkastore.example,+358 40 211 5355,true,fi,true,WEBSITE,2029-09-06
1346,743,Aino,Järvinen,Assistant Manager,aino.jarvinen@rakkastore.example,+358 40 934 0230,false,fi,true,PORTAL,2031-09-06
1347,744,Mette,Nielsen,Store Manager,mette.nielsen@hikersgear.example,+45 45 63 02 96,true,da,true,TRADE_FAIR,2031-09-06
1348,745,Linnea,Lindberg,Store Manager,linnea.lindberg@fjall.outfitters.example,+46 70 678 18 38,true,sv,false,TRADE_FAIR,2031-09-06
1349,745,Emma,Holm,Accounts Payable,emma.holm@fjall.outfitters.example,+46 70 806 98 93,false,sv,true,TRADE_FAIR,2028-09-06
1350,746,Mattias,Persson,Store Manager,mattias.persson@selkagear.example,+46 70 133 32 53,true,sv,true,PORTAL,2029-09-06
1351,746,Linnea,Nilsson,Owner,linnea.nilsson@selkagear.example,+46 70 813 60 72,false,sv,false,TRADE_FAIR,2029-09-06
1352,746,Frida,Gustafsson,Purchasing,frida.gustafsson@selkagear.example,+46 70 311 20 91,false,sv,false,ACCOUNT_MANAGER,2028-09-06
1353,747,Anni,Salminen,Store Manager,anni.salminen@metsa.adventure.example,+358 40 486 6579,true,fi,false,PORTAL,2031-09-06
1354,747,Aino,Järvinen,Owner,aino.jarvinen@metsa.adventure.example,+358 40 321 6196,false,fi,true,WEBSITE,2031-09-06
1355,748,Astrid,Andersson,Store Manager,astrid.andersson@rakka24.example,+46 70 432 63 27,true,sv,true,ACCOUNT_MANAGER,2028-09-06
1356,749,Emma,Olsson,Store Manager,emma.olsson@vintergear.example,+46 70 327 54 23,true,sv,true,PORTAL,2028-09-06
1357,749,Elin,Holm,Buyer,elin.holm@vintergear.example,+46 70 688 64 20,false,sv,false,WEBSITE,2028-09-06
1358,749,Gustav,Larsson,Buyer,gustav.larsson@vintergear.example,+46 70 466 32 27,false,sv,true,TRADE_FAIR,2029-09-06
1359,750,Niels,Thomsen,Store Manager,niels.thomsen@rakka.retki.example,+45 44 70 15 93,true,da,false,ACCOUNT_MANAGER,2029-09-06
1360,751,Jari,Lehtonen,Store Manager,jari.lehtonen@oulu.fritid.example,+358 40 316 7491,true,fi,true,ACCOUNT_MANAGER,2031-09-06
1361,751,Juhani,Laine,Warehouse,juhani.laine@oulu.fritid.example,+358 40 026 3061,false,fi,true,TRADE_FAIR,2029-09-06
1362,752,Mattias,Andersson,Store Manager,mattias.andersson@vuomashop.example,+46 70 487 33 07,true,sv,true,WEBSITE,2029-09-06
1363,752,Lovisa,Karlsson,Owner,lovisa.karlsson@vuomashop.example,+46 70 211 72 71,false,sv,false,TRADE_FAIR,2029-09-06
1364,753,Sofia,Johansson,Store Manager,sofia.johansson@basecamp.camping.example,+46 70 007 28 01,true,sv,true,PORTAL,2031-09-06
1365,753,Johan,Åberg,Buyer,johan.aberg@basecamp.camping.example,+46 70 687 38 67,false,sv,true,PORTAL,2031-09-06
1366,754,Mikko,Nieminen,Store Manager,mikko.nieminen@laine.urheilu.example,+358 40 395 6932,true,fi,true,WEBSITE,2031-09-06
1367,754,Eero,Nieminen,Buyer,eero.nieminen@laine.urheilu.example,+358 40 739 4009,false,fi,true,PORTAL,2028-09-06
1368,754,Matti,Saarinen,Accounts Payable,matti.saarinen@laine.urheilu.example,+358 40 420 7831,false,fi,true,ACCOUNT_MANAGER,2029-09-06
1369,755,Frederik,Christensen,Store Manager,frederik.christensen@aarhus.alpine.club.example,+45 12 79 21 10,true,da,true,TRADE_FAIR,2031-09-06
1370,755,Camilla,Nielsen,Owner,camilla.nielsen@aarhus.alpine.club.example,+45 01 62 82 29,false,da,false,WEBSITE,2029-09-06
1371,756,Frida,Gustafsson,Store Manager,frida.gustafsson@persson.sport.example,+46 70 568 53 53,true,sv,true,PORTAL,2028-09-06
1372,757,Eero,Lehtonen,Store Manager,eero.lehtonen@joensuu.outdoor.school.example,+358 40 749 7406,true,fi,true,WEBSITE,2031-09-06
1373,758,Jukka,Salo,Store Manager,jukka.salo@kuopio.adventure.example,+358 40 603 7939,true,fi,false,ACCOUNT_MANAGER,2028-09-06
1374,758,Lauri,Heikkinen,Buyer,lauri.heikkinen@kuopio.adventure.example,+358 40 894 9467,false,fi,false,TRADE_FAIR,2029-09-06
1375,759,Henrik,Andersson,Store Manager,henrik.andersson@nordlys.outfitters.example,+46 70 214 85 49,true,sv,true,ACCOUNT_MANAGER,2029-09-06
1376,759,Astrid,Åberg,Owner,astrid.aberg@nordlys.outfitters.example,+46 70 606 18 83,false,sv,true,ACCOUNT_MANAGER,2029-09-06
1377,760,Hege,Moen,Store Manager,hege.moen@berg.urheilu.example,+47 913 84 483,true,nb,true,WEBSITE,2028-09-06
1378,760,Kari,Karlsen,Buyer,kari.karlsen@berg.urheilu.example,+47 900 36 440,false,nb,false,PORTAL,2029-09-06
1379,761,Kaisa,Koskinen,Store Manager,kaisa.koskinen@arcticstore.example,+358 40 552 6466,true,fi,true,WEBSITE,2029-09-06
1380,761,Jukka,Salo,Accounts Payable,jukka.salo@arcticstore.example,+358 40 105 3324,false,fi,true,WEBSITE,2029-09-06
1381,762,Sanna,Korhonen,Store Manager,sanna.korhonen@vaaragear.example,+358 40 196 3121,true,fi,true,PORTAL,2031-09-06
1382,762,Jukka,Niemi,Warehouse,jukka.niemi@vaaragear.example,+358 40 303 8963,false,fi,true,PORTAL,2029-09-06
1383,763,Laura,Nieminen,Store Manager,laura.nieminen@foreststore.example,+358 40 945 9489,true,fi,false,ACCOUNT_MANAGER,2029-09-06
1384,764,Noora,Mäkinen,Store Manager,noora.makinen@turku.sports.example,+358 40 196 6213,true,fi,false,PORTAL,2029-09-06
1385,765,Triin,Kask,Store Manager,triin.kask@kukk.urheilu.example,+372 5689 7696,true,et,false,PORTAL,2031-09-06
1386,766,Juhani,Nieminen,Store Manager,juhani.nieminen@aho.outdoor.example,+358 40 920 7384,true,fi,true,WEBSITE,2029-09-06
1387,767,Vegard,Berg,Store Manager,vegard.berg@rakka.friluft.example,+47 929 19 980,true,nb,true,WEBSITE,2028-09-06
1388,767,Hege,Pedersen,Assistant Manager,hege.pedersen@rakka.friluft.example,+47 942 13 003,false,nb,true,ACCOUNT_MANAGER,2028-09-06
1389,768,Olli,Mäkinen,Store Manager,olli.makinen@polar.adventure.example,+358 40 366 5107,true,fi,true,WEBSITE,2028-09-06
1390,769,Marit,Andersen,Store Manager,marit.andersen@ruskastore.example,+47 991 45 010,true,nb,false,WEBSITE,2028-09-06
1391,770,Ville,Heikkinen,Store Manager,ville.heikkinen@rovaniemi.alpine.club.example,+358 40 066 4342,true,fi,false,WEBSITE,2031-09-06
1392,770,Maija,Hämäläinen,Warehouse,maija.hamalainen@rovaniemi.alpine.club.example,+358 40 934 8242,false,fi,true,ACCOUNT_MANAGER,2028-09-06
1393,770,Tuomas,Heikkinen,Warehouse,tuomas.heikkinen@rovaniemi.alpine.club.example,+358 40 047 3194,false,fi,false,TRADE_FAIR,2031-09-06
1394,771,Aino,Aho,Store Manager,aino.aho@arcticshop.example,+358 40 384 9247,true,fi,false,PORTAL,2031-09-06
1395,772,Bjørn,Pedersen,Store Manager,bjorn.pedersen@alta.adventures.example,+47 910 09 511,true,nb,false,WEBSITE,2029-09-06
1396,772,Solveig,Pedersen,Accounts Payable,solveig.pedersen@alta.adventures.example,+47 979 93 883,false,nb,true,ACCOUNT_MANAGER,2029-09-06
1397,773,Anders,Gustafsson,Store Manager,anders.gustafsson@stockholm.sport.fritid.example,+46 70 716 51 69,true,sv,false,PORTAL,2029-09-06
1398,773,Johan,Johansson,Buyer,johan.johansson@stockholm.sport.fritid.example,+46 70 400 47 74,false,sv,false,ACCOUNT_MANAGER,2031-09-06
1399,774,Karin,Lundqvist,Store Manager,karin.lundqvist@fjord.urheilu.example,+46 70 890 54 61,true,sv,false,WEBSITE,2029-09-06
1400,775,Olli,Lehtonen,Store Manager,olli.lehtonen@jyvaskyla.retki.example,+358 40 736 7838,true,fi,false,ACCOUNT_MANAGER,2028-09-06
1401,776,Tone,Andersen,Store Manager,tone.andersen@bergen.outfitters.example,+47 911 62 606,true,nb,false,WEBSITE,2031-09-06
1402,776,Tone,Kristiansen,Assistant Manager,tone.kristiansen@bergen.outfitters.example,+47 938 08 313,false,nb,false,WEBSITE,2031-09-06
1403,777,Pekka,Korhonen,Store Manager,pekka.korhonen@saarinen.friluft.example,+358 40 256 6773,true,fi,false,PORTAL,2029-09-06
1404,778,Mads,Thomsen,Store Manager,mads.thomsen@kolding.guides.example,+45 71 51 97 14,true,da,true,ACCOUNT_MANAGER,2028-09-06
1405,779,Noora,Virtanen,Store Manager,noora.virtanen@vuoma.friluft.example,+358 40 040 0640,true,fi,true,TRADE_FAIR,2029-09-06
1406,779,Aino,Nieminen,Assistant Manager,aino.nieminen@vuoma.friluft.example,+358 40 622 5635,false,fi,false,WEBSITE,2029-09-06
1407,779,Olli,Heikkinen,Assistant Manager,olli.heikkinen@vuoma.friluft.example,+358 40 332 9597,false,fi,true,ACCOUNT_MANAGER,2029-09-06
1408,780,Katharina,Hoffmann,Store Manager,katharina.hoffmann@metsagear.example,+49 40 7309690,true,de,true,ACCOUNT_MANAGER,2031-09-06
1409,780,Lukas,Becker,Owner,lukas.becker@metsagear.example,+49 40 5525580,false,de,false,ACCOUNT_MANAGER,2029-09-06
1410,781,Timo,Korhonen,Store Manager,timo.korhonen@kerogear.example,+358 40 867 6531,true,fi,true,ACCOUNT_MANAGER,2029-09-06
1411,781,Olli,Lehtonen,Purchasing,olli.lehtonen@kerogear.example,+358 40 399 5047,false,fi,true,PORTAL,2028-09-06
1412,782,Katri,Järvinen,Store Manager,katri.jarvinen@hikersstore.example,+358 40 280 1613,true,fi,true,TRADE_FAIR,2031-09-06
1413,783,Tobias,Wagner,Store Manager,tobias.wagner@kaira.sport.fritid.example,+49 40 1205661,true,de,false,ACCOUNT_MANAGER,2029-09-06
1414,784,Freja,Kjær,Store Manager,freja.kjaer@kalotti.outdoor.example,+45 01 94 73 91,true,da,true,ACCOUNT_MANAGER,2031-09-06
1415,785,Anni,Rantanen,Store Manager,anni.rantanen@skogshop.example,+358 40 588 0063,true,fi,false,ACCOUNT_MANAGER,2029-09-06
1416,786,Katri,Niemi,Store Manager,katri.niemi@hikers.sport.example,+358 40 205 6888,true,fi,false,WEBSITE,2029-09-06
1417,786,Eero,Virtanen,Warehouse,eero.virtanen@hikers.sport.example,+358 40 572 7494,false,fi,true,TRADE_FAIR,2028-09-06
1418,787,Lauri,Mäkinen,Store Manager,lauri.makinen@turku.fritid.example,+358 40 920 9828,true,fi,false,TRADE_FAIR,2028-09-06
1419,788,Niels,Sørensen,Store Manager,niels.sorensen@hikers.camping.example,+45 66 23 73 35,true,da,false,TRADE_FAIR,2028-09-06
1420,789,Mathias,Haugen,Store Manager,mathias.haugen@vinter24.example,+47 926 57 080,true,nb,false,WEBSITE,2028-09-06
1421,789,Solveig,Olsen,Assistant Manager,solveig.olsen@vinter24.example,+47 932 55 378,false,nb,true,ACCOUNT_MANAGER,2031-09-06
1422,789,Mathias,Andersen,Assistant Manager,mathias.andersen@vinter24.example,+47 921 75 825,false,nb,true,TRADE_FAIR,2031-09-06
1423,790,Per,Holm,Store Manager,per.holm@basecamp.outdoor.example,+46 70 718 98 76,true,sv,true,TRADE_FAIR,2028-09-06
1424,790,Erik,Larsson,Buyer,erik.larsson@basecamp.outdoor.example,+46 70 270 80 97,false,sv,true,PORTAL,2028-09-06
1425,791,Solveig,Johansen,Store Manager,solveig.johansen@trondheim.outfitters.example,+47 915 92 285,true,nb,false,PORTAL,2028-09-06
1426,791,Ole,Moen,Purchasing,ole.moen@trondheim.outfitters.example,+47 922 22 739,false,nb,true,PORTAL,2028-09-06
1427,792,Antti,Kallio,Store Manager,antti.kallio@laine.friluft.example,+358 40 886 0682,true,fi,true,PORTAL,2029-09-06
1428,792,Noora,Salo,Owner,noora.salo@laine.friluft.example,+358 40 072 7921,false,fi,true,ACCOUNT_MANAGER,2031-09-06
1429,793,Hege,Karlsen,Store Manager,hege.karlsen@hansen.urheilu.example,+47 990 45 401,true,nb,false,PORTAL,2029-09-06
1430,794,Anders,Nilsson,Store Manager,anders.nilsson@lulea.adventures.example,+46 70 478 47 07,true,sv,false,PORTAL,2028-09-06
1431,795,Ulf,Bergström,Store Manager,ulf.bergstrom@stockholm.friluft.example,+46 70 495 76 84,true,sv,false,ACCOUNT_MANAGER,2028-09-06
1432,795,Erik,Eriksson,Buyer,erik.eriksson@stockholm.friluft.example,+46 70 905 03 44,false,sv,true,TRADE_FAIR,2029-09-06
1433,796,Lars,Olsson,Store Manager,lars.olsson@gustafsson.friluft.example,+46 70 913 89 55,true,sv,true,ACCOUNT_MANAGER,2029-09-06
1434,797,Mikko,Aho,Store Manager,mikko.aho@jarvinen.outdoor.example,+358 40 532 3215,true,fi,true,PORTAL,2029-09-06
1435,798,Triin,Saar,Store Manager,triin.saar@tartu.friluft.example,+372 5865 5704,true,et,true,WEBSITE,2029-09-06
1436,798,Triin,Tamm,Warehouse,triin.tamm@tartu.friluft.example,+372 5512 2012,false,et,false,ACCOUNT_MANAGER,2029-09-06
1437,798,Mart,Kask,Purchasing,mart.kask@tartu.friluft.example,+372 5372 6053,false,et,true,ACCOUNT_MANAGER,2031-09-06
1438,799,Kaisa,Salminen,Store Manager,kaisa.salminen@skog.outfitters.example,+358 40 985 8725,true,fi,true,WEBSITE,2028-09-06
1439,799,Sanna,Virtanen,Assistant Manager,sanna.virtanen@skog.outfitters.example,+358 40 393 7120,false,fi,false,TRADE_FAIR,2028-09-06
1440,800,Ida,Poulsen,Store Manager,ida.poulsen@aurora.sport.fritid.example,+45 49 29 04 19,true,da,true,TRADE_FAIR,2029-09-06
1441,801,Nils,Åberg,Store Manager,nils.aberg@vidde.outdoor.example,+46 70 813 98 73,true,sv,false,WEBSITE,2029-09-06
1442,801,Lars,Lundqvist,Buyer,lars.lundqvist@vidde.outdoor.example,+46 70 805 49 01,false,sv,false,WEBSITE,2028-09-06
1443,801,Karin,Karlsson,Accounts Payable,karin.karlsson@vidde.outdoor.example,+46 70 223 62 83,false,sv,false,TRADE_FAIR,2031-09-06
1444,802,Silje,Nilsen,Store Manager,silje.nilsen@moen.outdoor.example,+47 959 26 797,true,nb,true,ACCOUNT_MANAGER,2031-09-06
1445,802,Mathias,Bakke,Owner,mathias.bakke@moen.outdoor.example,+47 905 58 687,false,nb,true,TRADE_FAIR,2029-09-06
1446,803,Ville,Järvinen,Store Manager,ville.jarvinen@kokkola.guides.example,+358 40 367 7134,true,fi,true,ACCOUNT_MANAGER,2031-09-06
1447,803,Olli,Saarinen,Assistant Manager,olli.saarinen@kokkola.guides.example,+358 40 377 0032,false,fi,false,WEBSITE,2028-09-06
1448,804,Bjørn,Kristiansen,Store Manager,bjorn.kristiansen@kristiansand.expeditions.example,+47 942 64 432,true,nb,false,ACCOUNT_MANAGER,2029-09-06
1449,804,Ole,Bakke,Owner,ole.bakke@kristiansand.expeditions.example,+47 994 71 384,false,nb,false,PORTAL,2029-09-06
1450,805,Ebba,Bergström,Store Manager,ebba.bergstrom@stockholm.alpine.club.example,+46 70 981 84 39,true,sv,true,TRADE_FAIR,2029-09-06
1451,805,Hanna,Strand,Accounts Payable,hanna.strand@stockholm.alpine.club.example,+46 70 106 31 67,false,sv,false,ACCOUNT_MANAGER,2029-09-06
1452,806,Freja,Madsen,Store Manager,freja.madsen@vuoma.sports.example,+45 63 67 44 81,true,da,true,ACCOUNT_MANAGER,2029-09-06
1453,807,Maija,Mäkinen,Store Manager,maija.makinen@lahti.fritid.example,+358 40 649 7360,true,fi,false,TRADE_FAIR,2028-09-06
1454,807,Olli,Salo,Accounts Payable,olli.salo@lahti.fritid.example,+358 40 069 3313,false,fi,true,PORTAL,2029-09-06
1455,807,Olli,Salo,Accounts Payable,olli.salo.lahti@lahti.fritid.example,+358 40 834 3839,false,fi,true,TRADE_FAIR,2029-09-06
1456,808,Laura,Salminen,Store Manager,laura.salminen@aurora.outdoor.example,+358 40 897 6957,true,fi,false,WEBSITE,2031-09-06
1457,809,Jonas,Christensen,Store Manager,jonas.christensen@copenhagen.retki.example,+45 63 26 35 64,true,da,false,WEBSITE,2031-09-06
1458,809,Mads,Madsen,Buyer,mads.madsen@copenhagen.retki.example,+45 65 52 84 27,false,da,true,ACCOUNT_MANAGER,2028-09-06
1459,809,Søren,Poulsen,Buyer,soren.poulsen@copenhagen.retki.example,+45 38 79 77 68,false,da,true,ACCOUNT_MANAGER,2028-09-06
1460,810,Juhani,Aho,Store Manager,juhani.aho@tampere.retki.example,+358 40 803 3002,true,fi,false,TRADE_FAIR,2029-09-06
1461,810,Mikko,Virtanen,Accounts Payable,mikko.virtanen@tampere.retki.example,+358 40 745 5151,false,fi,true,PORTAL,2029-09-06
1462,811,Maija,Mäkinen,Store Manager,maija.makinen@kallio.urheilu.example,+358 40 507 4715,true,fi,true,ACCOUNT_MANAGER,2031-09-06
1463,812,Bjørn,Kristiansen,Store Manager,bjorn.kristiansen@aurora24.example,+47 944 67 142,true,nb,true,PORTAL,2028-09-06
1464,812,Håkon,Haugen,Purchasing,hakon.haugen@aurora24.example,+47 996 82 129,false,nb,true,TRADE_FAIR,2029-09-06
1465,812,Mathias,Dahl,Accounts Payable,mathias.dahl@aurora24.example,+47 930 33 915,false,nb,false,WEBSITE,2029-09-06
1466,813,Anette,Johansen,Store Manager,anette.johansen@selka.camping.example,+47 942 42 781,true,nb,false,PORTAL,2031-09-06
1467,814,Maarja,Kask,Store Manager,maarja.kask@suvanto24.example,+372 5665 6325,true,et,false,ACCOUNT_MANAGER,2031-09-06
1468,815,Ida,Rasmussen,Store Manager,ida.rasmussen@vaara.adventure.example,+45 94 72 74 14,true,da,true,WEBSITE,2029-09-06
1469,816,Jørgen,Moen,Store Manager,jorgen.moen@basecamp.outdoor.example,+47 943 77 642,true,nb,true,ACCOUNT_MANAGER,2031-09-06
1470,817,Mads,Rasmussen,Store Manager,mads.rasmussen@sorensen.outdoor.example,+45 86 67 21 16,true,da,false,ACCOUNT_MANAGER,2029-09-06
1471,817,Niels,Rasmussen,Accounts Payable,niels.rasmussen@sorensen.outdoor.example,+45 19 04 31 64,false,da,false,TRADE_FAIR,2031-09-06
1472,818,Oskar,Lindberg,Store Manager,oskar.lindberg@vinter.sport.fritid.example,+46 70 414 74 95,true,sv,true,PORTAL,2029-09-06
1473,818,Magnus,Karlsson,Owner,magnus.karlsson@vinter.sport.fritid.example,+46 70 177 64 15,false,sv,false,PORTAL,2031-09-06
1474,819,Vegard,Pedersen,Store Manager,vegard.pedersen@metsa.trekking.example,+47 906 85 259,true,nb,false,TRADE_FAIR,2029-09-06
1475,820,Laura,Saarinen,Store Manager,laura.saarinen@trail.sports.example,+358 40 668 8315,true,fi,true,TRADE_FAIR,2031-09-06
1476,821,Magnus,Lindberg,Store Manager,magnus.lindberg@goteborg.friluft.example,+46 70 823 66 17,true,sv,false,ACCOUNT_MANAGER,2031-09-06
1477,821,Erik,Svensson,Purchasing,erik.svensson@goteborg.friluft.example,+46 70 200 76 62,false,sv,true,WEBSITE,2028-09-06
1478,822,Liis,Ilves,Store Manager,liis.ilves@polarstore.example,+372 5243 0611,true,et,true,TRADE_FAIR,2028-09-06
1479,822,Liis,Mägi,Accounts Payable,liis.magi@polarstore.example,+372 5497 8018,false,et,true,TRADE_FAIR,2028-09-06
1480,823,Laura,Niemi,Store Manager,laura.niemi@erastore.example,+358 40 310 1011,true,fi,false,TRADE_FAIR,2029-09-06
1481,823,Jari,Laine,Accounts Payable,jari.laine@erastore.example,+358 40 299 5073,false,fi,false,WEBSITE,2028-09-06
1482,824,Signe,Poulsen,Store Manager,signe.poulsen@nietos.turutstyr.example,+45 22 37 68 96,true,da,false,TRADE_FAIR,2031-09-06
1483,824,Freja,Kjær,Buyer,freja.kjaer@nietos.turutstyr.example,+45 24 11 87 51,false,da,true,ACCOUNT_MANAGER,2028-09-06
1484,825,Riikka,Niemi,Store Manager,riikka.niemi@metsa.camping.example,+358 40 534 0167,true,fi,true,WEBSITE,2029-09-06
1485,826,Oskar,Bergström,Store Manager,oskar.bergstrom@ostersund.friluft.example,+46 70 929 85 27,true,sv,false,ACCOUNT_MANAGER,2031-09-06
1486,826,Björn,Strand,Owner,bjorn.strand@ostersund.friluft.example,+46 70 447 03 38,false,sv,false,PORTAL,2031-09-06
1487,826,Henrik,Persson,Accounts Payable,henrik.persson@ostersund.friluft.example,+46 70 550 06 35,false,sv,true,PORTAL,2029-09-06
1488,827,Frederik,Sørensen,Store Manager,frederik.sorensen@nordlys.sports.example,+45 62 30 47 04,true,da,false,PORTAL,2031-09-06
1489,827,Pernille,Kjær,Accounts Payable,pernille.kjaer@nordlys.sports.example,+45 88 17 20 94,false,da,false,PORTAL,2029-09-06
1490,828,Magnus,Persson,Store Manager,magnus.persson@suvanto.urheilu.example,+46 70 895 31 39,true,sv,false,TRADE_FAIR,2029-09-06
1491,828,Maja,Strand,Warehouse,maja.strand@suvanto.urheilu.example,+46 70 667 26 03,false,sv,true,PORTAL,2028-09-06
1492,828,Gustav,Nilsson,Accounts Payable,gustav.nilsson@suvanto.urheilu.example,+46 70 277 38 32,false,sv,true,PORTAL,2028-09-06
1493,829,Katri,Lehtonen,Store Manager,katri.lehtonen@ridge24.example,+358 40 805 0964,true,fi,true,ACCOUNT_MANAGER,2028-09-06
1494,829,Helmi,Nieminen,Accounts Payable,helmi.nieminen@ridge24.example,+358 40 139 2908,false,fi,true,WEBSITE,2028-09-06
1495,830,Venla,Aho,Store Manager,venla.aho@seinajoki.expeditions.example,+358 40 881 9159,true,fi,false,WEBSITE,2028-09-06
1496,830,Aino,Salminen,Buyer,aino.salminen@seinajoki.expeditions.example,+358 40 594 2371,false,fi,true,TRADE_FAIR,2029-09-06
1497,831,Johan,Johansson,Store Manager,johan.johansson@kayak.adventure.example,+46 70 941 00 46,true,sv,false,WEBSITE,2031-09-06
1498,831,Henrik,Bergström,Purchasing,henrik.bergstrom@kayak.adventure.example,+46 70 149 44 75,false,sv,false,PORTAL,2029-09-06
1499,832,Johan,Eriksson,Store Manager,johan.eriksson@kaamos.trekking.example,+46 70 301 41 28,true,sv,true,TRADE_FAIR,2031-09-06
1500,832,Gustav,Johansson,Owner,gustav.johansson@kaamos.trekking.example,+46 70 647 93 47,false,sv,true,PORTAL,2028-09-06
1501,833,Kadri,Kukk,Store Manager,kadri.kukk@nordlysgear.example,+372 5719 1236,true,et,false,PORTAL,2031-09-06
1502,834,Juhani,Koskinen,Store Manager,juhani.koskinen@turku.camping.example,+358 40 034 1424,true,fi,true,ACCOUNT_MANAGER,2028-09-06
1503,834,Timo,Salo,Accounts Payable,timo.salo@turku.camping.example,+358 40 954 7566,false,fi,false,PORTAL,2028-09-06
1504,834,Lauri,Lehto,Assistant Manager,lauri.lehto@turku.camping.example,+358 40 890 4773,false,fi,false,TRADE_FAIR,2031-09-06
1505,835,Ville,Lehto,Store Manager,ville.lehto@kokkola.sport.fritid.example,+358 40 783 7924,true,fi,false,PORTAL,2029-09-06
1506,836,Ulf,Olsson,Store Manager,ulf.olsson@suvanto.camping.example,+46 70 310 13 96,true,sv,false,WEBSITE,2031-09-06
1507,837,Silje,Karlsen,Store Manager,silje.karlsen@drammen.outfitters.example,+47 958 24 528,true,nb,false,PORTAL,2031-09-06
1508,838,Pekka,Saarinen,Store Manager,pekka.saarinen@jarvinen.urheilu.example,+358 40 698 0603,true,fi,false,ACCOUNT_MANAGER,2028-09-06
1509,838,Noora,Niemi,Warehouse,noora.niemi@jarvinen.urheilu.example,+358 40 407 6636,false,fi,true,WEBSITE,2031-09-06
1510,838,Anni,Salminen,Purchasing,anni.salminen@jarvinen.urheilu.example,+358 40 578 3018,false,fi,true,WEBSITE,2029-09-06
1511,839,Tone,Hansen,Store Manager,tone.hansen@kristiansand.adventures.example,+47 996 94 759,true,nb,false,TRADE_FAIR,2029-09-06
1512,839,Håkon,Johansen,Warehouse,hakon.johansen@kristiansand.adventures.example,+47 904 52 532,false,nb,false,ACCOUNT_MANAGER,2029-09-06
1513,840,Nils,Svensson,Store Manager,nils.svensson@eriksson.friluft.example,+46 70 314 57 09,true,sv,true,PORTAL,2031-09-06
1514,840,Hanna,Bergström,Accounts Payable,hanna.bergstrom@eriksson.friluft.example,+46 70 562 16 08,false,sv,true,TRADE_FAIR,2028-09-06
1515,841,Eero,Aho,Store Manager,eero.aho@summitshop.example,+358 40 274 3785,true,fi,false,WEBSITE,2029-09-06
1516,841,Jukka,Salo,Owner,jukka.salo@summitshop.example,+358 40 422 2538,false,fi,false,PORTAL,2031-09-06
1517,842,Maija,Hämäläinen,Store Manager,maija.hamalainen@hameenlinna.outdoor.school.example,+358 40 729 6290,true,fi,false,WEBSITE,2029-09-06
1518,842,Mikko,Virtanen,Owner,mikko.virtanen@hameenlinna.outdoor.school.example,+358 40 960 0338,false,fi,false,PORTAL,2029-09-06
1519,842,Tuomas,Nieminen,Accounts Payable,tuomas.nieminen@hameenlinna.outdoor.school.example,+358 40 698 3662,false,fi,false,PORTAL,2031-09-06
1520,843,Linnea,Strand,Store Manager,linnea.strand@era24.example,+46 70 867 91 35,true,sv,false,PORTAL,2029-09-06
1521,843,Ulf,Åberg,Buyer,ulf.aberg@era24.example,+46 70 985 84 39,false,sv,false,TRADE_FAIR,2031-09-06
1522,843,Lovisa,Larsson,Warehouse,lovisa.larsson@era24.example,+46 70 398 38 27,false,sv,false,PORTAL,2031-09-06
1523,844,Mads,Rasmussen,Store Manager,mads.rasmussen@poulsen.outdoor.example,+45 58 61 85 02,true,da,false,WEBSITE,2031-09-06
1524,844,Frederik,Jensen,Purchasing,frederik.jensen@poulsen.outdoor.example,+45 44 33 93 99,false,da,true,TRADE_FAIR,2029-09-06
1525,845,Anna,Hoffmann,Store Manager,anna.hoffmann@kaamos.outdoor.example,+49 40 1427932,true,de,true,WEBSITE,2029-09-06
1526,846,Eero,Mäkinen,Store Manager,eero.makinen@aapastore.example,+358 40 427 8468,true,fi,true,WEBSITE,2028-09-06
1527,846,Timo,Lehtonen,Purchasing,timo.lehtonen@aapastore.example,+358 40 991 1175,false,fi,true,PORTAL,2028-09-06
1528,847,Mads,Jensen,Store Manager,mads.jensen@era24.example,+45 78 20 29 82,true,da,true,TRADE_FAIR,2028-09-06
1529,848,Niels,Kjær,Store Manager,niels.kjaer@polar.outfitters.example,+45 62 58 69 05,true,da,true,TRADE_FAIR,2031-09-06
1530,848,Jonas,Sørensen,Buyer,jonas.sorensen@polar.outfitters.example,+45 32 13 22 18,false,da,false,WEBSITE,2028-09-06
1531,849,Eirik,Olsen,Store Manager,eirik.olsen@arctic.turutstyr.example,+47 915 68 942,true,nb,true,ACCOUNT_MANAGER,2029-09-06
1532,850,Katri,Korhonen,Store Manager,katri.korhonen@tampere.scouts.example,+358 40 117 3435,true,fi,true,WEBSITE,2031-09-06
1533,851,Olli,Lehtonen,Store Manager,olli.lehtonen@fjall.sport.fritid.example,+358 40 991 2889,true,fi,true,WEBSITE,2028-09-06
1534,851,Mikko,Kallio,Assistant Manager,mikko.kallio@fjall.sport.fritid.example,+358 40 296 1373,false,fi,false,PORTAL,2029-09-06
1535,851,Eero,Hämäläinen,Warehouse,eero.hamalainen@fjall.sport.fritid.example,+358 40 886 1123,false,fi,true,WEBSITE,2031-09-06
1536,852,Jukka,Rantanen,Store Manager,jukka.rantanen@aapashop.example,+358 40 369 1587,true,fi,true,WEBSITE,2029-09-06
1537,853,Juhani,Laine,Store Manager,juhani.laine@trailstore.example,+358 40 178 7692,true,fi,true,PORTAL,2028-09-06
1538,854,Matti,Rantanen,Store Manager,matti.rantanen@lahti.trekking.example,+358 40 916 5457,true,fi,false,PORTAL,2028-09-06
1539,855,Petra,Becker,Store Manager,petra.becker@compass.fritid.example,+49 40 8890218,true,de,true,PORTAL,2031-09-06
1540,855,Markus,Schmidt,Accounts Payable,markus.schmidt@compass.fritid.example,+49 40 4403868,false,de,false,PORTAL,2029-09-06
1541,855,Felix,Weber,Assistant Manager,felix.weber@compass.fritid.example,+49 40 3987159,false,de,false,ACCOUNT_MANAGER,2031-09-06
1542,856,Bjørn,Dahl,Store Manager,bjorn.dahl@oslo.turutstyr.example,+47 925 84 994,true,nb,true,PORTAL,2028-09-06
1543,856,Sindre,Johansen,Accounts Payable,sindre.johansen@oslo.turutstyr.example,+47 945 41 821,false,nb,true,ACCOUNT_MANAGER,2029-09-06
1544,857,Olli,Aho,Store Manager,olli.aho@era.trekking.example,+358 40 824 6880,true,fi,true,ACCOUNT_MANAGER,2028-09-06
1545,858,Elin,Lindberg,Store Manager,elin.lindberg@ridge.adventure.example,+46 70 594 22 65,true,sv,false,PORTAL,2031-09-06
1546,858,Hanna,Persson,Owner,hanna.persson@ridge.adventure.example,+46 70 837 27 45,false,sv,true,TRADE_FAIR,2029-09-06
1547,859,Sanna,Salo,Store Manager,sanna.salo@turku.turutstyr.example,+358 40 940 7942,true,fi,true,TRADE_FAIR,2031-09-06
1548,860,Elin,Lundqvist,Store Manager,elin.lundqvist@ruskagear.example,+46 70 726 49 45,true,sv,true,TRADE_FAIR,2028-09-06
1549,860,Anders,Eriksson,Owner,anders.eriksson@ruskagear.example,+46 70 134 61 45,false,sv,false,TRADE_FAIR,2031-09-06
1550,861,Sanna,Aho,Store Manager,sanna.aho@vaasa.sport.example,+358 40 368 0665,true,fi,false,ACCOUNT_MANAGER,2029-09-06
1551,861,Aino,Saarinen,Assistant Manager,aino.saarinen@vaasa.sport.example,+358 40 363 1620,false,fi,true,PORTAL,2029-09-06
1552,862,Timo,Mäkinen,Store Manager,timo.makinen@summit.outdoor.example,+358 40 327 2690,true,fi,true,ACCOUNT_MANAGER,2028-09-06
1553,862,Juhani,Salminen,Accounts Payable,juhani.salminen@summit.outdoor.example,+358 40 136 9373,false,fi,true,ACCOUNT_MANAGER,2031-09-06
1554,863,Camilla,Madsen,Store Manager,camilla.madsen@basecampstore.example,+45 31 21 92 52,true,da,false,PORTAL,2028-09-06
1555,863,Morten,Madsen,Buyer,morten.madsen@basecampstore.example,+45 07 20 72 16,false,da,true,ACCOUNT_MANAGER,2031-09-06
1556,863,Signe,Thomsen,Buyer,signe.thomsen@basecampstore.example,+45 83 98 76 39,false,da,true,PORTAL,2029-09-06
1557,864,Sanna,Kallio,Store Manager,sanna.kallio@lehtonen.sport.example,+358 40 546 3906,true,fi,true,WEBSITE,2028-09-06
1558,865,Torbjørn,Haugen,Store Manager,torbjorn.haugen@trondheim.scouts.example,+47 955 05 417,true,nb,false,WEBSITE,2031-09-06
1559,866,Bjørn,Olsen,Store Manager,bjorn.olsen@hikers.urheilu.example,+47 915 20 113,true,nb,true,ACCOUNT_MANAGER,2031-09-06
1560,866,Anette,Bakke,Accounts Payable,anette.bakke@hikers.urheilu.example,+47 907 77 466,false,nb,true,PORTAL,2031-09-06
1561,866,Håkon,Bakke,Assistant Manager,hakon.bakke@hikers.urheilu.example,+47 903 62 764,false,nb,true,WEBSITE,2028-09-06
1562,867,Jørgen,Olsen,Store Manager,jorgen.olsen@basecamp.outfitters.example,+47 953 48 317,true,nb,false,PORTAL,2029-09-06
1563,868,Mikko,Niemi,Store Manager,mikko.niemi@rakkagear.example,+358 40 867 8872,true,fi,true,PORTAL,2031-09-06
1564,868,Pekka,Koskinen,Assistant Manager,pekka.koskinen@rakkagear.example,+358 40 219 1170,false,fi,true,TRADE_FAIR,2028-09-06
1565,869,Rasmus,Thomsen,Store Manager,rasmus.thomsen@vaarashop.example,+45 78 48 28 28,true,da,false,TRADE_FAIR,2028-09-06
1566,869,Signe,Jørgensen,Assistant Manager,signe.jorgensen@vaarashop.example,+45 23 03 27 86,false,da,true,ACCOUNT_MANAGER,2028-09-06
1567,870,Tuomas,Heikkinen,Store Manager,tuomas.heikkinen@rovaniemi.expeditions.example,+358 40 988 1510,true,fi,true,TRADE_FAIR,2028-09-06
1568,871,Elina,Saarinen,Store Manager,elina.saarinen@kaira.sports.example,+358 40 672 4514,true,fi,false,ACCOUNT_MANAGER,2029-09-06
1569,871,Matti,Virtanen,Purchasing,matti.virtanen@kaira.sports.example,+358 40 267 0385,false,fi,true,PORTAL,2028-09-06
1570,872,Elina,Lehto,Store Manager,elina.lehto@korhonen.sport.example,+358 40 286 2254,true,fi,true,PORTAL,2029-09-06
1571,872,Katri,Nieminen,Owner,katri.nieminen@korhonen.sport.example,+358 40 110 0227,false,fi,false,WEBSITE,2028-09-06
1572,873,Sigrid,Olsen,Store Manager,sigrid.olsen@bodo.sports.example,+47 995 61 705,true,nb,false,ACCOUNT_MANAGER,2029-09-06
1573,873,Solveig,Karlsen,Owner,solveig.karlsen@bodo.sports.example,+47 955 00 266,false,nb,true,WEBSITE,2028-09-06
1574,874,Hege,Johansen,Store Manager,hege.johansen@alesund.outdoor.example,+47 934 58 533,true,nb,false,ACCOUNT_MANAGER,2028-09-06
1575,874,Nora,Dahl,Assistant Manager,nora.dahl@alesund.outdoor.example,+47 922 44 764,false,nb,false,ACCOUNT_MANAGER,2031-09-06
1576,874,Sigrid,Andersen,Warehouse,sigrid.andersen@alesund.outdoor.example,+47 961 86 955,false,nb,false,ACCOUNT_MANAGER,2029-09-06
1577,875,Solveig,Johansen,Store Manager,solveig.johansen@olsen.sport.example,+47 909 52 578,true,nb,false,WEBSITE,2031-09-06
1578,875,Vegard,Larsen,Buyer,vegard.larsen@olsen.sport.example,+47 903 54 513,false,nb,false,TRADE_FAIR,2028-09-06
1579,875,Nora,Hansen,Warehouse,nora.hansen@olsen.sport.example,+47 999 39 296,false,nb,false,PORTAL,2028-09-06
1580,876,Sindre,Larsen,Store Manager,sindre.larsen@hikersshop.example,+47 921 69 581,true,nb,false,WEBSITE,2028-09-06
1581,876,Kristian,Dahl,Owner,kristian.dahl@hikersshop.example,+47 996 89 728,false,nb,true,WEBSITE,2029-09-06
1582,877,Kaisa,Saarinen,Store Manager,kaisa.saarinen@lahti.hiking.association.example,+358 40 442 0352,true,fi,false,WEBSITE,2028-09-06
1583,878,Maja,Åberg,Store Manager,maja.aberg@linkoping.alpine.club.example,+46 70 489 53 02,true,sv,true,WEBSITE,2028-09-06
1584,879,Sofia,Olsson,Store Manager,sofia.olsson@stockholm.turutstyr.example,+46 70 099 86 11,true,sv,false,ACCOUNT_MANAGER,2031-09-06
1585,879,Gustav,Strand,Accounts Payable,gustav.strand@stockholm.turutstyr.example,+46 70 885 34 06,false,sv,true,ACCOUNT_MANAGER,2029-09-06
1586,880,Magnus,Eriksson,Store Manager,magnus.eriksson@kalottigear.example,+46 70 859 06 42,true,sv,false,WEBSITE,2029-09-06
1587,880,Emma,Holm,Warehouse,emma.holm@kalottigear.example,+46 70 898 25 67,false,sv,true,PORTAL,2031-09-06
1588,881,Laura,Aho,Store Manager,laura.aho@trailgear.example,+358 40 849 4876,true,fi,true,ACCOUNT_MANAGER,2028-09-06
1589,882,Maja,Lindberg,Store Manager,maja.lindberg@kaira.urheilu.example,+46 70 892 56 44,true,sv,true,WEBSITE,2029-09-06
1590,883,Elin,Larsson,Store Manager,elin.larsson@linkoping.outdoor.school.example,+46 70 582 44 49,true,sv,false,ACCOUNT_MANAGER,2029-09-06
1591,883,Lovisa,Bergström,Accounts Payable,lovisa.bergstrom@linkoping.outdoor.school.example,+46 70 984 71 97,false,sv,false,TRADE_FAIR,2028-09-06
1592,884,Anni,Salo,Store Manager,anni.salo@kero.outfitters.example,+358 40 587 2522,true,fi,true,WEBSITE,2029-09-06
1593,884,Kaisa,Laine,Purchasing,kaisa.laine@kero.outfitters.example,+358 40 864 5881,false,fi,true,WEBSITE,2029-09-06
1594,885,Oskar,Åberg,Store Manager,oskar.aberg@aapa.turutstyr.example,+46 70 003 93 77,true,sv,true,TRADE_FAIR,2028-09-06
1595,886,Mads,Sørensen,Store Manager,mads.sorensen@kolding.expeditions.example,+45 25 19 39 73,true,da,true,ACCOUNT_MANAGER,2029-09-06
1596,886,Niels,Jørgensen,Buyer,niels.jorgensen@kolding.expeditions.example,+45 51 34 64 23,false,da,true,ACCOUNT_MANAGER,2031-09-06
1597,886,Jonas,Poulsen,Assistant Manager,jonas.poulsen@kolding.expeditions.example,+45 54 04 57 69,false,da,true,WEBSITE,2028-09-06
1598,887,Frederik,Thomsen,Store Manager,frederik.thomsen@basecamp.outfitters.example,+45 00 85 46 10,true,da,false,TRADE_FAIR,2031-09-06
1599,887,Louise,Nielsen,Buyer,louise.nielsen@basecamp.outfitters.example,+45 72 81 71 01,false,da,true,TRADE_FAIR,2028-09-06
1600,888,Magnus,Åberg,Store Manager,magnus.aberg@umea.hiking.association.example,+46 70 592 87 41,true,sv,true,PORTAL,2031-09-06
1601,888,Frida,Lindberg,Warehouse,frida.lindberg@umea.hiking.association.example,+46 70 526 94 16,false,sv,false,PORTAL,2031-09-06
1602,889,Matti,Laine,Store Manager,matti.laine@fjall.adventure.example,+358 40 733 2946,true,fi,false,WEBSITE,2029-09-06
1603,889,Pekka,Lehtonen,Assistant Manager,pekka.lehtonen@fjall.adventure.example,+358 40 131 0474,false,fi,true,WEBSITE,2029-09-06
1604,890,Hanna,Svensson,Store Manager,hanna.svensson@summit.camping.example,+46 70 271 82 92,true,sv,false,ACCOUNT_MANAGER,2031-09-06
1605,890,Magnus,Johansson,Buyer,magnus.johansson@summit.camping.example,+46 70 926 68 11,false,sv,true,PORTAL,2028-09-06
1606,891,Nora,Dahl,Store Manager,nora.dahl@drammen.trekking.example,+47 935 28 748,true,nb,false,PORTAL,2029-09-06
1607,892,Oskar,Andersson,Store Manager,oskar.andersson@skog24.example,+46 70 137 66 19,true,sv,true,ACCOUNT_MANAGER,2031-09-06
1608,892,Magnus,Svensson,Owner,magnus.svensson@skog24.example,+46 70 280 15 78,false,sv,true,PORTAL,2028-09-06
1609,892,Oskar,Andersson,Warehouse,oskar.andersson.umea@skog24.example,+46 70 084 98 97,false,sv,false,PORTAL,2028-09-06
1610,893,Frederik,Jørgensen,Store Manager,frederik.jorgensen@esbjerg.outdoor.example,+45 50 65 90 48,true,da,false,ACCOUNT_MANAGER,2031-09-06
1611,894,Jukka,Saarinen,Store Manager,jukka.saarinen@jyvaskyla.rental.example,+358 40 021 2430,true,fi,true,ACCOUNT_MANAGER,2029-09-06
1612,894,Pekka,Lehto,Accounts Payable,pekka.lehto@jyvaskyla.rental.example,+358 40 883 5776,false,fi,true,TRADE_FAIR,2028-09-06
1613,895,Sindre,Johansen,Store Manager,sindre.johansen@polar.friluft.example,+47 950 37 777,true,nb,false,TRADE_FAIR,2028-09-06
1614,895,Eirik,Berg,Assistant Manager,eirik.berg@polar.friluft.example,+47 978 30 377,false,nb,true,ACCOUNT_MANAGER,2031-09-06
1615,895,Sigrid,Berg,Warehouse,sigrid.berg@polar.friluft.example,+47 931 79 626,false,nb,false,TRADE_FAIR,2031-09-06
1616,896,Triin,Rebane,Store Manager,triin.rebane@basecamp.retki.example,+372 5599 7862,true,et,true,PORTAL,2031-09-06
1617,896,Triin,Sepp,Owner,triin.sepp@basecamp.retki.example,+372 5233 6616,false,et,true,TRADE_FAIR,2031-09-06
1618,896,Priit,Sepp,Buyer,priit.sepp@basecamp.retki.example,+372 5709 6227,false,et,true,PORTAL,2028-09-06
1619,897,Katri,Lehtonen,Store Manager,katri.lehtonen@basecamp.sport.example,+358 40 983 5546,true,fi,true,PORTAL,2031-09-06
1620,897,Helmi,Nieminen,Warehouse,helmi.nieminen@basecamp.sport.example,+358 40 033 3752,false,fi,true,ACCOUNT_MANAGER,2028-09-06
1621,897,Aino,Mäkinen,Buyer,aino.makinen@basecamp.sport.example,+358 40 548 0613,false,fi,false,PORTAL,2029-09-06
1622,898,Louise,Rasmussen,Store Manager,louise.rasmussen@suvanto.trekking.example,+45 76 70 35 11,true,da,false,PORTAL,2029-09-06
1623,898,Søren,Nielsen,Owner,soren.nielsen@suvanto.trekking.example,+45 77 53 57 54,false,da,false,TRADE_FAIR,2029-09-06
1624,899,Johan,Svensson,Store Manager,johan.svensson@skogstore.example,+46 70 837 17 19,true,sv,false,PORTAL,2029-09-06
1625,899,Johan,Åberg,Buyer,johan.aberg@skogstore.example,+46 70 168 93 58,false,sv,true,ACCOUNT_MANAGER,2031-09-06
1626,900,Noora,Niemi,Store Manager,noora.niemi@kokkola.friluft.example,+358 40 068 5242,true,fi,true,PORTAL,2028-09-06
1627,901,Lærke,Thomsen,Store Manager,laerke.thomsen@roskilde.retki.example,+45 94 39 88 40,true,da,true,PORTAL,2029-09-06
1628,901,Niels,Kjær,Accounts Payable,niels.kjaer@roskilde.retki.example,+45 86 11 05 49,false,da,false,WEBSITE,2031-09-06
1629,902,Tanel,Sepp,Store Manager,tanel.sepp@tartu.adventures.example,+372 5104 5554,true,et,true,ACCOUNT_MANAGER,2028-09-06
1630,902,Liis,Tamm,Warehouse,liis.tamm@tartu.adventures.example,+372 5792 8306,false,et,true,WEBSITE,2029-09-06
1631,903,Bjørn,Moen,Store Manager,bjorn.moen@kaamos24.example,+47 961 95 676,true,nb,false,ACCOUNT_MANAGER,2029-09-06
1632,903,Anette,Andersen,Warehouse,anette.andersen@kaamos24.example,+47 920 98 283,false,nb,true,WEBSITE,2029-09-06
1633,903,Eirik,Dahl,Warehouse,eirik.dahl@kaamos24.example,+47 943 47 446,false,nb,true,PORTAL,2031-09-06
1634,904,Kaisa,Koskinen,Store Manager,kaisa.koskinen@niemi.urheilu.example,+358 40 984 0779,true,fi,true,ACCOUNT_MANAGER,2029-09-06
1635,905,Nora,Berg,Store Manager,nora.berg@lillehammer.rental.example,+47 914 48 613,true,nb,false,ACCOUNT_MANAGER,2031-09-06
1636,905,Ole,Bakke,Buyer,ole.bakke@lillehammer.rental.example,+47 920 00 201,false,nb,true,ACCOUNT_MANAGER,2029-09-06
1637,906,Ebba,Holm,Store Manager,ebba.holm@aapa.outdoor.example,+46 70 890 83 94,true,sv,false,WEBSITE,2028-09-06
1638,906,Sofia,Eriksson,Owner,sofia.eriksson@aapa.outdoor.example,+46 70 865 76 16,false,sv,false,PORTAL,2031-09-06
1639,907,Björn,Eriksson,Store Manager,bjorn.eriksson@kayak24.example,+46 70 205 21 54,true,sv,false,TRADE_FAIR,2029-09-06
1640,908,Mart,Sepp,Store Manager,mart.sepp@arctic.sport.example,+372 5719 3293,true,et,false,ACCOUNT_MANAGER,2028-09-06
1641,909,Pernille,Rasmussen,Store Manager,pernille.rasmussen@kayak.retki.example,+45 33 13 37 48,true,da,true,TRADE_FAIR,2029-09-06
1642,909,Rasmus,Poulsen,Accounts Payable,rasmus.poulsen@kayak.retki.example,+45 96 75 57 42,false,da,true,PORTAL,2029-09-06
1643,910,Lovisa,Holm,Store Manager,lovisa.holm@kaamos.urheilu.example,+46 70 067 49 36,true,sv,true,WEBSITE,2031-09-06
1644,911,Lauri,Niemi,Store Manager,lauri.niemi@makinen.friluft.example,+358 40 857 3338,true,fi,false,WEBSITE,2029-09-06
1645,912,Niels,Rasmussen,Store Manager,niels.rasmussen@ruska.outfitters.example,+45 17 75 54 94,true,da,true,WEBSITE,2028-09-06
1646,913,Elin,Johansson,Store Manager,elin.johansson@malmo.adventures.example,+46 70 403 57 51,true,sv,true,ACCOUNT_MANAGER,2029-09-06
1647,914,Karin,Åberg,Store Manager,karin.aberg@suvanto24.example,+46 70 851 19 02,true,sv,false,WEBSITE,2031-09-06
1648,914,Mattias,Gustafsson,Owner,mattias.gustafsson@suvanto24.example,+46 70 234 61 10,false,sv,false,WEBSITE,2029-09-06
1649,914,Sara,Lindberg,Buyer,sara.lindberg@suvanto24.example,+46 70 458 78 20,false,sv,true,TRADE_FAIR,2028-09-06
1650,915,Lars,Lindberg,Store Manager,lars.lindberg@rakka.adventure.example,+46 70 533 56 24,true,sv,true,ACCOUNT_MANAGER,2029-09-06
1651,916,Jonas,Wagner,Store Manager,jonas.wagner@munich.retki.example,+49 40 9880319,true,de,false,TRADE_FAIR,2029-09-06
1652,916,Julia,Weber,Purchasing,julia.weber@munich.retki.example,+49 40 4425556,false,de,false,WEBSITE,2029-09-06
1653,916,Felix,Fischer,Purchasing,felix.fischer@munich.retki.example,+49 40 7118537,false,de,true,PORTAL,2031-09-06
1654,917,Riikka,Salo,Store Manager,riikka.salo@era24.example,+358 40 871 9606,true,fi,false,WEBSITE,2028-09-06
1655,917,Aino,Lehtonen,Warehouse,aino.lehtonen@era24.example,+358 40 178 7290,false,fi,true,PORTAL,2028-09-06
1656,918,Olli,Heikkinen,Store Manager,olli.heikkinen@kokkola.hiking.association.example,+358 40 801 2047,true,fi,true,WEBSITE,2028-09-06
1657,918,Tuomas,Niemi,Warehouse,tuomas.niemi@kokkola.hiking.association.example,+358 40 658 7582,false,fi,true,PORTAL,2031-09-06
1658,919,Karin,Svensson,Store Manager,karin.svensson@kaira.fritid.example,+46 70 835 77 92,true,sv,false,PORTAL,2028-09-06
1659,920,Anette,Dahl,Store Manager,anette.dahl@dahl.urheilu.example,+47 965 68 950,true,nb,false,PORTAL,2028-09-06
1660,921,Ulf,Bergström,Store Manager,ulf.bergstrom@metsa.friluft.example,+46 70 302 84 10,true,sv,false,PORTAL,2031-09-06
1661,922,Mikko,Hämäläinen,Store Manager,mikko.hamalainen@hikers.turutstyr.example,+358 40 386 5938,true,fi,true,PORTAL,2028-09-06
1662,923,Mads,Rasmussen,Store Manager,mads.rasmussen@fjordshop.example,+45 04 86 75 21,true,da,false,WEBSITE,2029-09-06
1663,923,Signe,Kjær,Owner,signe.kjaer@fjordshop.example,+45 13 28 77 20,false,da,true,PORTAL,2031-09-06
1664,923,Frederik,Jensen,Owner,frederik.jensen@fjordshop.example,+45 96 50 14 05,false,da,true,PORTAL,2029-09-06
1665,924,Aino,Rantanen,Store Manager,aino.rantanen@espoo.outdoor.school.example,+358 40 712 7776,true,fi,true,WEBSITE,2031-09-06
1666,925,Tone,Johansen,Store Manager,tone.johansen@alesund.sports.example,+47 929 37 227,true,nb,false,PORTAL,2028-09-06
1667,925,Anette,Olsen,Assistant Manager,anette.olsen@alesund.sports.example,+47 913 87 125,false,nb,false,TRADE_FAIR,2031-09-06
1668,926,Felix,Müller,Store Manager,felix.muller@kayak.trekking.example,+49 40 3695676,true,de,false,WEBSITE,2031-09-06
1669,927,Signe,Thomsen,Store Manager,signe.thomsen@basecamp.outdoor.example,+45 74 23 62 15,true,da,false,PORTAL,2031-09-06
1670,927,Louise,Jørgensen,Accounts Payable,louise.jorgensen@basecamp.outdoor.example,+45 64 06 59 69,false,da,false,ACCOUNT_MANAGER,2028-09-06
1671,927,Camilla,Thomsen,Purchasing,camilla.thomsen@basecamp.outdoor.example,+45 88 04 34 78,false,da,true,TRADE_FAIR,2028-09-06
1672,928,Anette,Larsen,Store Manager,anette.larsen@oslo.outdoor.school.example,+47 911 00 578,true,nb,true,WEBSITE,2028-09-06
1673,929,Silje,Pedersen,Store Manager,silje.pedersen@oslo.rental.example,+47 922 14 889,true,nb,false,PORTAL,2028-09-06
1674,930,Liis,Ilves,Store Manager,liis.ilves@kukk.friluft.example,+372 5389 4957,true,et,false,WEBSITE,2031-09-06
1675,930,Kadri,Sepp,Buyer,kadri.sepp@kukk.friluft.example,+372 5905 7673,false,et,false,WEBSITE,2029-09-06
1676,931,Håkon,Haugen,Store Manager,hakon.haugen@nygaard.friluft.example,+47 922 02 982,true,nb,true,ACCOUNT_MANAGER,2028-09-06
1677,931,Håkon,Dahl,Warehouse,hakon.dahl@nygaard.friluft.example,+47 987 31 419,false,nb,true,PORTAL,2028-09-06
1678,932,Søren,Kjær,Store Manager,soren.kjaer@copenhagen.outdoor.school.example,+45 77 30 53 69,true,da,false,ACCOUNT_MANAGER,2028-09-06
1679,932,Pernille,Kjær,Buyer,pernille.kjaer@copenhagen.outdoor.school.example,+45 22 30 82 46,false,da,true,PORTAL,2028-09-06
1680,932,Morten,Rasmussen,Accounts Payable,morten.rasmussen@copenhagen.outdoor.school.example,+45 93 04 93 87,false,da,false,WEBSITE,2029-09-06
1681,933,Maija,Niemi,Store Manager,maija.niemi@viddestore.example,+358 40 190 4168,true,fi,false,ACCOUNT_MANAGER,2029-09-06
1682,933,Eero,Niemi,Assistant Manager,eero.niemi@viddestore.example,+358 40 379 6269,false,fi,false,PORTAL,2028-09-06
1683,933,Antti,Saarinen,Assistant Manager,antti.saarinen@viddestore.example,+358 40 289 3374,false,fi,false,TRADE_FAIR,2029-09-06
1684,934,Mathias,Hansen,Store Manager,mathias.hansen@drammen.urheilu.example,+47 917 32 712,true,nb,true,ACCOUNT_MANAGER,2031-09-06
1685,934,Torbjørn,Karlsen,Accounts Payable,torbjorn.karlsen@drammen.urheilu.example,+47 988 20 725,false,nb,true,WEBSITE,2028-09-06
1686,935,Matti,Koskinen,Store Manager,matti.koskinen@kittila.rental.example,+358 40 414 0580,true,fi,false,TRADE_FAIR,2028-09-06
1687,935,Antti,Kallio,Purchasing,antti.kallio@kittila.rental.example,+358 40 152 0719,false,fi,false,ACCOUNT_MANAGER,2028-09-06
1688,936,Eirik,Nilsen,Store Manager,eirik.nilsen@lake.urheilu.example,+47 990 92 374,true,nb,false,TRADE_FAIR,2029-09-06
1689,937,Sigrid,Larsen,Store Manager,sigrid.larsen@hamar.rental.example,+47 935 17 471,true,nb,true,WEBSITE,2029-09-06
1690,938,Felix,Fischer,Store Manager,felix.fischer@flensburg.outdoor.school.example,+49 40 9461813,true,de,true,PORTAL,2029-09-06
1691,938,Lena,Koch,Warehouse,lena.koch@flensburg.outdoor.school.example,+49 40 8445446,false,de,true,TRADE_FAIR,2031-09-06
1692,939,Sara,Andersson,Store Manager,sara.andersson@basecamp.urheilu.example,+46 70 109 64 08,true,sv,false,WEBSITE,2028-09-06
1693,940,Jonas,Weber,Store Manager,jonas.weber@kiel.outdoor.example,+49 40 0646685,true,de,true,WEBSITE,2031-09-06
1694,940,Anna,Fischer,Assistant Manager,anna.fischer@kiel.outdoor.example,+49 40 7130828,false,de,true,WEBSITE,2028-09-06
1695,940,Markus,Wagner,Purchasing,markus.wagner@kiel.outdoor.example,+49 40 5850769,false,de,false,TRADE_FAIR,2028-09-06
1696,941,Vegard,Hansen,Store Manager,vegard.hansen@andersen.sport.example,+47 991 35 618,true,nb,true,ACCOUNT_MANAGER,2028-09-06
1697,941,Ingrid,Andersen,Owner,ingrid.andersen@andersen.sport.example,+47 959 55 204,false,nb,false,TRADE_FAIR,2029-09-06
1698,941,Silje,Moen,Warehouse,silje.moen@andersen.sport.example,+47 921 67 856,false,nb,true,PORTAL,2029-09-06
1699,942,Hanna,Persson,Store Manager,hanna.persson@skog.outdoor.example,+46 70 065 59 27,true,sv,true,ACCOUNT_MANAGER,2029-09-06
1700,942,Ulf,Nilsson,Owner,ulf.nilsson@skog.outdoor.example,+46 70 089 97 29,false,sv,false,ACCOUNT_MANAGER,2028-09-06
1701,943,Kristian,Johansen,Store Manager,kristian.johansen@arctic.friluft.example,+47 969 08 548,true,nb,false,ACCOUNT_MANAGER,2029-09-06
1702,944,Jørgen,Andersen,Store Manager,jorgen.andersen@ruska.sport.fritid.example,+47 985 80 137,true,nb,false,WEBSITE,2029-09-06
1703,945,Søren,Jørgensen,Store Manager,soren.jorgensen@loiste.adventure.example,+45 71 55 19 52,true,da,true,TRADE_FAIR,2028-09-06
1704,946,Anni,Aho,Store Manager,anni.aho@nietos.urheilu.example,+358 40 442 7263,true,fi,true,TRADE_FAIR,2029-09-06
1705,946,Mikko,Virtanen,Warehouse,mikko.virtanen@nietos.urheilu.example,+358 40 822 9830,false,fi,false,PORTAL,2029-09-06
1706,947,Emma,Lundqvist,Store Manager,emma.lundqvist@are.hiking.association.example,+46 70 445 16 41,true,sv,true,TRADE_FAIR,2029-09-06
1707,947,Ulf,Nilsson,Owner,ulf.nilsson@are.hiking.association.example,+46 70 515 72 80,false,sv,false,TRADE_FAIR,2031-09-06
1708,948,Anders,Lindberg,Store Manager,anders.lindberg@selkastore.example,+46 70 186 76 96,true,sv,false,PORTAL,2029-09-06
1709,948,Sofia,Lindberg,Assistant Manager,sofia.lindberg@selkastore.example,+46 70 520 58 11,false,sv,true,PORTAL,2031-09-06
1710,949,Katri,Rantanen,Store Manager,katri.rantanen@selka.outdoor.example,+358 40 828 8471,true,fi,true,ACCOUNT_MANAGER,2029-09-06
1711,949,Tuomas,Lehtonen,Buyer,tuomas.lehtonen@selka.outdoor.example,+358 40 843 3593,false,fi,true,PORTAL,2031-09-06
1712,949,Jukka,Nieminen,Accounts Payable,jukka.nieminen@selka.outdoor.example,+358 40 694 3024,false,fi,true,TRADE_FAIR,2029-09-06
1713,950,Sigrid,Johansen,Store Manager,sigrid.johansen@rakka.camping.example,+47 900 15 562,true,nb,false,ACCOUNT_MANAGER,2031-09-06
1714,950,Anette,Bakke,Owner,anette.bakke@rakka.camping.example,+47 991 37 201,false,nb,false,TRADE_FAIR,2031-09-06
1715,951,Kaisa,Virtanen,Store Manager,kaisa.virtanen@jyvaskyla.sport.fritid.example,+358 40 304 7763,true,fi,false,PORTAL,2031-09-06
1716,951,Sanna,Heikkinen,Buyer,sanna.heikkinen@jyvaskyla.sport.fritid.example,+358 40 867 5129,false,fi,true,WEBSITE,2031-09-06
1717,952,Ingrid,Larsen,Store Manager,ingrid.larsen@drammen.turutstyr.example,+47 998 28 458,true,nb,false,ACCOUNT_MANAGER,2031-09-06
1718,952,Mathias,Johansen,Owner,mathias.johansen@drammen.turutstyr.example,+47 977 71 335,false,nb,true,TRADE_FAIR,2031-09-06
1719,953,Tuomas,Niemi,Store Manager,tuomas.niemi@ruska.retki.example,+358 40 395 9643,true,fi,false,ACCOUNT_MANAGER,2028-09-06
1720,954,Petra,Fischer,Store Manager,petra.fischer@vidde.friluft.example,+49 40 9352626,true,de,false,TRADE_FAIR,2028-09-06
1721,954,Lukas,Koch,Warehouse,lukas.koch@vidde.friluft.example,+49 40 7647761,false,de,false,WEBSITE,2031-09-06
1722,955,Sanna,Salminen,Store Manager,sanna.salminen@aapa.turutstyr.example,+358 40 598 3948,true,fi,true,PORTAL,2031-09-06
1723,956,Ole,Haugen,Store Manager,ole.haugen@rakka.outfitters.example,+47 991 20 937,true,nb,true,PORTAL,2031-09-06
1724,956,Ingrid,Pedersen,Purchasing,ingrid.pedersen@rakka.outfitters.example,+47 928 76 018,false,nb,true,TRADE_FAIR,2029-09-06
1725,957,Markus,Becker,Store Manager,markus.becker@forest.trekking.example,+49 40 8272993,true,de,false,TRADE_FAIR,2031-09-06
1726,957,Katharina,Weber,Buyer,katharina.weber@forest.trekking.example,+49 40 5458219,false,de,true,PORTAL,2029-09-06
1727,958,Eirik,Haugen,Store Manager,eirik.haugen@alta.expeditions.example,+47 989 80 384,true,nb,true,WEBSITE,2031-09-06
1728,958,Ingrid,Nilsen,Owner,ingrid.nilsen@alta.expeditions.example,+47 974 45 812,false,nb,false,PORTAL,2028-09-06
1729,959,Kari,Berg,Store Manager,kari.berg@kaamos.turutstyr.example,+47 972 67 858,true,nb,true,TRADE_FAIR,2029-09-06
1730,959,Ingrid,Johansen,Accounts Payable,ingrid.johansen@kaamos.turutstyr.example,+47 929 60 692,false,nb,false,PORTAL,2029-09-06
1731,959,Jørgen,Andersen,Buyer,jorgen.andersen@kaamos.turutstyr.example,+47 941 34 891,false,nb,true,WEBSITE,2028-09-06
1732,960,Emma,Strand,Store Manager,emma.strand@compass.fritid.example,+46 70 653 27 07,true,sv,true,PORTAL,2029-09-06
1733,961,Elina,Koskinen,Store Manager,elina.koskinen@hameenlinna.friluft.example,+358 40 459 9218,true,fi,false,PORTAL,2029-09-06
1734,962,Katri,Järvinen,Store Manager,katri.jarvinen@rakka.sport.example,+358 40 084 2706,true,fi,false,WEBSITE,2031-09-06
1735,963,Helmi,Nieminen,Store Manager,helmi.nieminen@kalotti.trekking.example,+358 40 913 2000,true,fi,true,PORTAL,2031-09-06
1736,964,Matti,Salo,Store Manager,matti.salo@aurora.friluft.example,+358 40 501 2967,true,fi,true,PORTAL,2031-09-06
1737,964,Tuomas,Rantanen,Assistant Manager,tuomas.rantanen@aurora.friluft.example,+358 40 264 1105,false,fi,true,WEBSITE,2028-09-06
1738,964,Kaisa,Lehtonen,Accounts Payable,kaisa.lehtonen@aurora.friluft.example,+358 40 906 6962,false,fi,true,TRADE_FAIR,2031-09-06
1739,965,Matti,Lehtonen,Store Manager,matti.lehtonen@jarvinen.friluft.example,+358 40 022 6972,true,fi,false,WEBSITE,2028-09-06
1740,965,Jukka,Nieminen,Assistant Manager,jukka.nieminen@jarvinen.friluft.example,+358 40 434 5905,false,fi,false,ACCOUNT_MANAGER,2028-09-06
1741,965,Antti,Laine,Buyer,antti.laine@jarvinen.friluft.example,+358 40 832 9597,false,fi,true,PORTAL,2028-09-06
1742,966,Henrik,Åberg,Store Manager,henrik.aberg@forest.urheilu.example,+46 70 300 22 24,true,sv,false,WEBSITE,2031-09-06
1743,967,Matti,Laine,Store Manager,matti.laine@joensuu.friluft.example,+358 40 140 0109,true,fi,true,WEBSITE,2028-09-06
1744,968,Maija,Korhonen,Store Manager,maija.korhonen@kaamos.urheilu.example,+358 40 478 5761,true,fi,true,WEBSITE,2028-09-06
1745,969,Oskar,Svensson,Store Manager,oskar.svensson@compass.outdoor.example,+46 70 887 83 08,true,sv,true,WEBSITE,2031-09-06
1746,969,Lars,Andersson,Buyer,lars.andersson@compass.outdoor.example,+46 70 475 32 19,false,sv,true,PORTAL,2031-09-06
1747,969,Sara,Gustafsson,Buyer,sara.gustafsson@compass.outdoor.example,+46 70 055 76 80,false,sv,true,PORTAL,2028-09-06
1748,970,Oskar,Nilsson,Store Manager,oskar.nilsson@stockholm.rental.example,+46 70 576 81 24,true,sv,false,TRADE_FAIR,2029-09-06
1749,971,Frederik,Sørensen,Store Manager,frederik.sorensen@auroragear.example,+45 63 69 85 49,true,da,false,TRADE_FAIR,2031-09-06
1750,971,Søren,Christensen,Accounts Payable,soren.christensen@auroragear.example,+45 51 39 79 80,false,da,true,ACCOUNT_MANAGER,2031-09-06
1751,971,Ida,Christensen,Accounts Payable,ida.christensen@auroragear.example,+45 44 68 34 30,false,da,true,WEBSITE,2029-09-06
1752,972,Solveig,Larsen,Store Manager,solveig.larsen@polar.sports.example,+47 974 96 303,true,nb,false,TRADE_FAIR,2029-09-06
1753,973,Elin,Åberg,Store Manager,elin.aberg@falun.turutstyr.example,+46 70 946 18 59,true,sv,true,ACCOUNT_MANAGER,2028-09-06
1754,974,Solveig,Hansen,Store Manager,solveig.hansen@pedersen.friluft.example,+47 938 55 776,true,nb,false,TRADE_FAIR,2031-09-06
1755,975,Oskar,Persson,Store Manager,oskar.persson@forest.sports.example,+46 70 308 24 10,true,sv,true,PORTAL,2029-09-06
1756,976,Lena,Müller,Store Manager,lena.muller@berlin.adventure.example,+49 40 7030422,true,de,true,ACCOUNT_MANAGER,2031-09-06
1757,976,Lukas,Müller,Purchasing,lukas.muller@berlin.adventure.example,+49 40 7823707,false,de,true,ACCOUNT_MANAGER,2028-09-06
1758,977,Olli,Hämäläinen,Store Manager,olli.hamalainen@hamalainen.outdoor.example,+358 40 283 0985,true,fi,false,WEBSITE,2028-09-06
1759,978,Helmi,Nieminen,Store Manager,helmi.nieminen@loiste.sport.fritid.example,+358 40 191 5694,true,fi,true,ACCOUNT_MANAGER,2029-09-06
1760,978,Olli,Salo,Warehouse,olli.salo@loiste.sport.fritid.example,+358 40 471 2455,false,fi,true,TRADE_FAIR,2029-09-06
1761,979,Aino,Järvinen,Store Manager,aino.jarvinen@kaira.adventure.example,+358 40 935 9185,true,fi,true,WEBSITE,2028-09-06
1762,979,Katri,Koskinen,Assistant Manager,katri.koskinen@kaira.adventure.example,+358 40 528 8288,false,fi,true,ACCOUNT_MANAGER,2028-09-06
1763,980,Rasmus,Thomsen,Store Manager,rasmus.thomsen@nordlys.outfitters.example,+45 66 96 82 07,true,da,false,PORTAL,2028-09-06
1764,981,Ulf,Karlsson,Store Manager,ulf.karlsson@orebro.rental.example,+46 70 951 58 69,true,sv,false,WEBSITE,2029-09-06
1765,981,Sara,Johansson,Assistant Manager,sara.johansson@orebro.rental.example,+46 70 021 70 18,false,sv,false,WEBSITE,2031-09-06
1766,981,Emma,Olsson,Warehouse,emma.olsson@orebro.rental.example,+46 70 294 88 64,false,sv,false,WEBSITE,2028-09-06
1767,982,Anders,Lundqvist,Store Manager,anders.lundqvist@karlstad.hiking.association.example,+46 70 380 34 64,true,sv,false,WEBSITE,2029-09-06
1768,982,Linnea,Svensson,Warehouse,linnea.svensson@karlstad.hiking.association.example,+46 70 850 60 20,false,sv,true,WEBSITE,2029-09-06
1769,983,Noora,Heikkinen,Store Manager,noora.heikkinen@loiste.outdoor.example,+358 40 149 9661,true,fi,false,ACCOUNT_MANAGER,2029-09-06
1770,984,Anders,Bergström,Store Manager,anders.bergstrom@johansson.sport.example,+46 70 208 59 20,true,sv,true,ACCOUNT_MANAGER,2029-09-06
1771,984,Lovisa,Olsson,Accounts Payable,lovisa.olsson@johansson.sport.example,+46 70 048 04 93,false,sv,false,ACCOUNT_MANAGER,2031-09-06
1772,985,Laura,Järvinen,Store Manager,laura.jarvinen@salminen.outdoor.example,+358 40 019 9025,true,fi,true,PORTAL,2031-09-06
1773,986,Lærke,Thomsen,Store Manager,laerke.thomsen@aalborg.camping.example,+45 10 84 33 42,true,da,true,ACCOUNT_MANAGER,2028-09-06
1774,987,Signe,Jørgensen,Store Manager,signe.jorgensen@suvantoshop.example,+45 35 64 08 26,true,da,true,ACCOUNT_MANAGER,2031-09-06
1775,987,Niels,Madsen,Owner,niels.madsen@suvantoshop.example,+45 96 39 23 51,false,da,false,WEBSITE,2031-09-06
1776,987,Søren,Jensen,Accounts Payable,soren.jensen@suvantoshop.example,+45 30 87 04 46,false,da,true,TRADE_FAIR,2031-09-06
1777,988,Emma,Strand,Store Manager,emma.strand@are.alpine.club.example,+46 70 557 43 24,true,sv,true,WEBSITE,2028-09-06
1778,988,Ulf,Lindberg,Warehouse,ulf.lindberg@are.alpine.club.example,+46 70 634 77 22,false,sv,false,WEBSITE,2028-09-06
1779,989,Riikka,Niemi,Store Manager,riikka.niemi@rakka24.example,+358 40 902 2086,true,fi,false,TRADE_FAIR,2029-09-06
1780,990,Helmi,Koskinen,Store Manager,helmi.koskinen@rovaniemi.rental.example,+358 40 723 3076,true,fi,true,WEBSITE,2029-09-06
1781,990,Ville,Salo,Buyer,ville.salo@rovaniemi.rental.example,+358 40 151 7027,false,fi,false,ACCOUNT_MANAGER,2028-09-06
1782,991,Mathias,Hansen,Store Manager,mathias.hansen@trail.camping.example,+47 995 00 381,true,nb,false,TRADE_FAIR,2031-09-06
1783,991,Kristian,Moen,Accounts Payable,kristian.moen@trail.camping.example,+47 902 78 236,false,nb,false,ACCOUNT_MANAGER,2028-09-06
1784,991,Torbjørn,Berg,Purchasing,torbjorn.berg@trail.camping.example,+47 997 42 795,false,nb,true,WEBSITE,2031-09-06
1785,992,Mikko,Saarinen,Store Manager,mikko.saarinen@vinter.turutstyr.example,+358 40 223 7241,true,fi,true,PORTAL,2031-09-06
1786,992,Olli,Salo,Warehouse,olli.salo@vinter.turutstyr.example,+358 40 885 2117,false,fi,false,PORTAL,2031-09-06
1787,992,Venla,Hämäläinen,Warehouse,venla.hamalainen@vinter.turutstyr.example,+358 40 726 4901,false,fi,true,ACCOUNT_MANAGER,2028-09-06
1788,993,Håkon,Johansen,Store Manager,hakon.johansen@alta.friluft.example,+47 944 17 950,true,nb,true,WEBSITE,2031-09-06
1789,994,Oskar,Andersson,Store Manager,oskar.andersson@ruska.sport.fritid.example,+46 70 966 46 36,true,sv,true,WEBSITE,2029-09-06
1790,995,Hege,Kristiansen,Store Manager,hege.kristiansen@bodo.expeditions.example,+47 909 76 460,true,nb,true,PORTAL,2029-09-06
1791,995,Nora,Larsen,Assistant Manager,nora.larsen@bodo.expeditions.example,+47 995 07 718,false,nb,true,TRADE_FAIR,2029-09-06
1792,996,Hanna,Olsson,Store Manager,hanna.olsson@aapa24.example,+46 70 047 55 95,true,sv,false,PORTAL,2029-09-06
1793,997,Timo,Heikkinen,Store Manager,timo.heikkinen@oulu.friluft.example,+358 40 828 6609,true,fi,false,PORTAL,2029-09-06
1794,998,Lars,Andersson,Store Manager,lars.andersson@nilsson.outdoor.example,+46 70 194 89 17,true,sv,true,PORTAL,2028-09-06
1795,999,Johan,Gustafsson,Store Manager,johan.gustafsson@karlstad.turutstyr.example,+46 70 014 70 53,true,sv,false,PORTAL,2031-09-06
1796,999,Lovisa,Bergström,Owner,lovisa.bergstrom@karlstad.turutstyr.example,+46 70 578 30 05,false,sv,true,WEBSITE,2028-09-06
1797,1000,Sara,Svensson,Store Manager,sara.svensson@polar.turutstyr.example,+46 70 936 40 22,true,sv,true,PORTAL,2029-09-06
1798,1001,Lena,Schmidt,Store Manager,lena.schmidt@flensburg.guides.example,+49 40 1312554,true,de,true,PORTAL,2031-09-06
1799,1002,Anders,Strand,Store Manager,anders.strand@linkoping.trekking.example,+46 70 208 63 51,true,sv,false,WEBSITE,2028-09-06
1800,1002,Emma,Andersson,Buyer,emma.andersson@linkoping.trekking.example,+46 70 467 82 68,false,sv,true,ACCOUNT_MANAGER,2031-09-06
1801,1003,Lauri,Lehtonen,Store Manager,lauri.lehtonen@skog.trekking.example,+358 40 695 4211,true,fi,false,PORTAL,2029-09-06
1802,1003,Maija,Nieminen,Owner,maija.nieminen@skog.trekking.example,+358 40 021 3661,false,fi,true,ACCOUNT_MANAGER,2028-09-06
1803,1004,Jukka,Laine,Store Manager,jukka.laine@helsinki.turutstyr.example,+358 40 602 8041,true,fi,false,PORTAL,2031-09-06
1804,1005,Riikka,Saarinen,Store Manager,riikka.saarinen@turku.outfitters.example,+358 40 890 9032,true,fi,true,PORTAL,2029-09-06
1805,1005,Riikka,Rantanen,Purchasing,riikka.rantanen@turku.outfitters.example,+358 40 426 2848,false,fi,false,ACCOUNT_MANAGER,2028-09-06
1806,1005,Aino,Niemi,Buyer,aino.niemi@turku.outfitters.example,+358 40 676 8955,false,fi,false,TRADE_FAIR,2029-09-06
1807,1006,Juhani,Lehtonen,Store Manager,juhani.lehtonen@heikkinen.friluft.example,+358 40 441 4976,true,fi,false,ACCOUNT_MANAGER,2029-09-06
1808,1006,Matti,Salo,Purchasing,matti.salo@heikkinen.friluft.example,+358 40 018 9778,false,fi,false,PORTAL,2029-09-06
1809,1007,Nils,Holm,Store Manager,nils.holm@loiste.sports.example,+46 70 666 73 03,true,sv,false,ACCOUNT_MANAGER,2029-09-06
1810,1007,Lars,Åberg,Purchasing,lars.aberg@loiste.sports.example,+46 70 757 67 21,false,sv,true,WEBSITE,2028-09-06
1811,1007,Magnus,Åberg,Accounts Payable,magnus.aberg@loiste.sports.example,+46 70 132 80 49,false,sv,false,TRADE_FAIR,2031-09-06
1812,1008,Linnea,Olsson,Store Manager,linnea.olsson@orebro.urheilu.example,+46 70 451 69 02,true,sv,true,PORTAL,2029-09-06
1813,1008,Sara,Nilsson,Owner,sara.nilsson@orebro.urheilu.example,+46 70 588 54 60,false,sv,false,TRADE_FAIR,2031-09-06
1814,1009,Tanel,Rebane,Store Manager,tanel.rebane@saar.outdoor.example,+372 5660 1414,true,et,true,TRADE_FAIR,2031-09-06
1815,1009,Priit,Kukk,Purchasing,priit.kukk@saar.outdoor.example,+372 5794 8199,false,et,false,WEBSITE,2029-09-06
1816,1010,Mette,Poulsen,Store Manager,mette.poulsen@aarhus.turutstyr.example,+45 81 12 24 11,true,da,true,WEBSITE,2029-09-06
1817,1011,Eirik,Hansen,Store Manager,eirik.hansen@stavanger.adventures.example,+47 902 86 206,true,nb,false,PORTAL,2028-09-06
1818,1011,Vegard,Andersen,Purchasing,vegard.andersen@stavanger.adventures.example,+47 967 20 582,false,nb,false,WEBSITE,2028-09-06
1819,1011,Nora,Johansen,Buyer,nora.johansen@stavanger.adventures.example,+47 910 71 335,false,nb,true,TRADE_FAIR,2028-09-06
1820,1012,Lars,Gustafsson,Store Manager,lars.gustafsson@kaamos.retki.example,+46 70 308 23 74,true,sv,true,ACCOUNT_MANAGER,2029-09-06
1821,1012,Frida,Karlsson,Owner,frida.karlsson@kaamos.retki.example,+46 70 146 25 33,false,sv,true,ACCOUNT_MANAGER,2031-09-06
1822,1013,Solveig,Pedersen,Store Manager,solveig.pedersen@aapa24.example,+47 962 37 745,true,nb,true,ACCOUNT_MANAGER,2029-09-06
1823,1013,Bjørn,Dahl,Purchasing,bjorn.dahl@aapa24.example,+47 923 28 925,false,nb,false,WEBSITE,2031-09-06
1824,1014,Elin,Lindberg,Store Manager,elin.lindberg@stockholm.adventure.example,+46 70 640 72 23,true,sv,false,ACCOUNT_MANAGER,2031-09-06
1825,1015,Sara,Lindberg,Store Manager,sara.lindberg@nietos.sport.example,+46 70 428 06 51,true,sv,false,PORTAL,2029-09-06
1826,1016,Oskar,Svensson,Store Manager,oskar.svensson@orebro.adventures.example,+46 70 613 93 91,true,sv,false,WEBSITE,2029-09-06
1827,1017,Jari,Järvinen,Store Manager,jari.jarvinen@kokkola.turutstyr.example,+358 40 972 4725,true,fi,true,TRADE_FAIR,2031-09-06
1828,1018,Frederik,Kjær,Store Manager,frederik.kjaer@ruska.sports.example,+45 78 17 14 37,true,da,false,PORTAL,2028-09-06
1829,1019,Katri,Lehto,Store Manager,katri.lehto@vidde.friluft.example,+358 40 615 0847,true,fi,true,PORTAL,2029-09-06
1830,1020,Antti,Rantanen,Store Manager,antti.rantanen@suvanto.retki.example,+358 40 933 2137,true,fi,false,PORTAL,2031-09-06
1831,1021,Torbjørn,Nygaard,Store Manager,torbjorn.nygaard@kayakshop.example,+47 903 17 902,true,nb,true,TRADE_FAIR,2028-09-06
1832,1021,Sigrid,Berg,Assistant Manager,sigrid.berg@kayakshop.example,+47 976 82 424,false,nb,true,ACCOUNT_MANAGER,2028-09-06
1833,1021,Marit,Berg,Buyer,marit.berg@kayakshop.example,+47 905 13 551,false,nb,true,WEBSITE,2028-09-06
1834,1022,Noora,Hämäläinen,Store Manager,noora.hamalainen@fjallstore.example,+358 40 070 8770,true,fi,false,WEBSITE,2031-09-06
1835,1022,Lauri,Heikkinen,Warehouse,lauri.heikkinen@fjallstore.example,+358 40 617 7509,false,fi,true,ACCOUNT_MANAGER,2031-09-06
1836,1023,Tone,Andersen,Store Manager,tone.andersen@tromso.turutstyr.example,+47 913 11 814,true,nb,false,PORTAL,2029-09-06
1837,1023,Ole,Kristiansen,Buyer,ole.kristiansen@tromso.turutstyr.example,+47 992 43 155,false,nb,false,TRADE_FAIR,2031-09-06
1838,1023,Tone,Olsen,Assistant Manager,tone.olsen@tromso.turutstyr.example,+47 931 86 373,false,nb,true,ACCOUNT_MANAGER,2028-09-06
1839,1024,Matti,Niemi,Store Manager,matti.niemi@virtanen.friluft.example,+358 40 838 9217,true,fi,false,WEBSITE,2031-09-06
1840,1025,Camilla,Kjær,Store Manager,camilla.kjaer@kayak.sport.example,+45 09 77 10 96,true,da,true,WEBSITE,2029-09-06
1841,1025,Jonas,Christensen,Warehouse,jonas.christensen@kayak.sport.example,+45 11 49 76 31,false,da,false,WEBSITE,2029-09-06
1842,1025,Mads,Madsen,Owner,mads.madsen@kayak.sport.example,+45 14 61 41 79,false,da,false,WEBSITE,2029-09-06
1843,1026,Eirik,Bakke,Store Manager,eirik.bakke@alta.hiking.association.example,+47 981 68 269,true,nb,false,PORTAL,2031-09-06
1844,1027,Katri,Hämäläinen,Store Manager,katri.hamalainen@kuopio.camping.example,+358 40 122 7060,true,fi,true,WEBSITE,2029-09-06
1845,1027,Jari,Koskinen,Buyer,jari.koskinen@kuopio.camping.example,+358 40 933 0703,false,fi,false,PORTAL,2029-09-06
1846,1027,Helmi,Heikkinen,Buyer,helmi.heikkinen@kuopio.camping.example,+358 40 461 1687,false,fi,false,TRADE_FAIR,2028-09-06
1847,1028,Erik,Bergström,Store Manager,erik.bergstrom@skog.camping.example,+46 70 749 72 77,true,sv,false,ACCOUNT_MANAGER,2028-09-06
1848,1028,Sofia,Lundqvist,Buyer,sofia.lundqvist@skog.camping.example,+46 70 701 18 13,false,sv,false,PORTAL,2031-09-06
1849,1029,Venla,Aho,Store Manager,venla.aho@hameenlinna.guides.example,+358 40 791 2399,true,fi,true,ACCOUNT_MANAGER,2029-09-06
1850,1030,Antti,Rantanen,Store Manager,antti.rantanen@ridge.sports.example,+358 40 857 2314,true,fi,true,ACCOUNT_MANAGER,2031-09-06
1851,1030,Jukka,Kallio,Buyer,jukka.kallio@ridge.sports.example,+358 40 439 8801,false,fi,false,PORTAL,2028-09-06
1852,1031,Helmi,Lehto,Store Manager,helmi.lehto@joensuu.guides.example,+358 40 459 0355,true,fi,false,ACCOUNT_MANAGER,2031-09-06
1853,1031,Lauri,Laine,Owner,lauri.laine@joensuu.guides.example,+358 40 595 8697,false,fi,false,TRADE_FAIR,2028-09-06
1854,1032,Freja,Sørensen,Store Manager,freja.sorensen@nietos.retki.example,+45 75 91 13 10,true,da,false,TRADE_FAIR,2028-09-06
1855,1033,Elin,Lundqvist,Store Manager,elin.lundqvist@lake.outfitters.example,+46 70 862 43 14,true,sv,false,ACCOUNT_MANAGER,2029-09-06
1856,1033,Nils,Karlsson,Accounts Payable,nils.karlsson@lake.outfitters.example,+46 70 439 40 82,false,sv,true,TRADE_FAIR,2028-09-06
1857,1034,Lauri,Lehto,Store Manager,lauri.lehto@aapa.friluft.example,+358 40 565 7541,true,fi,true,WEBSITE,2028-09-06
1858,1034,Helmi,Nieminen,Owner,helmi.nieminen@aapa.friluft.example,+358 40 800 1903,false,fi,true,ACCOUNT_MANAGER,2031-09-06
1859,1035,Anna,Becker,Store Manager,anna.becker@ridge.camping.example,+49 40 0185170,true,de,true,PORTAL,2031-09-06
1860,1035,Katharina,Fischer,Assistant Manager,katharina.fischer@ridge.camping.example,+49 40 5994945,false,de,true,TRADE_FAIR,2031-09-06
1861,1036,Maja,Larsson,Store Manager,maja.larsson@fjordstore.example,+46 70 663 47 82,true,sv,true,WEBSITE,2031-09-06
1862,1036,Maja,Karlsson,Assistant Manager,maja.karlsson@fjordstore.example,+46 70 144 68 22,false,sv,true,ACCOUNT_MANAGER,2029-09-06
1863,1037,Frida,Gustafsson,Store Manager,frida.gustafsson@kaira.turutstyr.example,+46 70 510 21 98,true,sv,true,WEBSITE,2028-09-06
1864,1038,Søren,Madsen,Store Manager,soren.madsen@copenhagen.outfitters.example,+45 87 30 72 57,true,da,false,WEBSITE,2029-09-06
1865,1038,Søren,Jørgensen,Owner,soren.jorgensen@copenhagen.outfitters.example,+45 13 94 89 72,false,da,true,ACCOUNT_MANAGER,2031-09-06
1866,1039,Mads,Jørgensen,Store Manager,mads.jorgensen@vuoma.outfitters.example,+45 90 50 00 69,true,da,true,WEBSITE,2029-09-06
1867,1040,Per,Lindberg,Store Manager,per.lindberg@eriksson.sport.example,+46 70 427 70 05,true,sv,true,ACCOUNT_MANAGER,2029-09-06
1868,1041,Lukas,Müller,Store Manager,lukas.muller@kiel.sports.example,+49 40 5220825,true,de,true,PORTAL,2031-09-06
1869,1042,Jørgen,Haugen,Store Manager,jorgen.haugen@forest.sport.example,+47 995 12 853,true,nb,false,WEBSITE,2028-09-06
1870,1042,Bjørn,Berg,Purchasing,bjorn.berg@forest.sport.example,+47 947 06 751,false,nb,false,WEBSITE,2031-09-06
1871,1043,Maija,Lehto,Store Manager,maija.lehto@vintershop.example,+358 40 586 6944,true,fi,true,PORTAL,2028-09-06
1872,1043,Ville,Lehtonen,Assistant Manager,ville.lehtonen@vintershop.example,+358 40 696 7294,false,fi,true,TRADE_FAIR,2028-09-06
1873,1044,Kari,Andersen,Store Manager,kari.andersen@nietos.urheilu.example,+47 953 84 897,true,nb,true,TRADE_FAIR,2029-09-06
1874,1044,Anette,Hansen,Warehouse,anette.hansen@nietos.urheilu.example,+47 976 29 203,false,nb,false,WEBSITE,2029-09-06
1875,1044,Vegard,Haugen,Buyer,vegard.haugen@nietos.urheilu.example,+47 919 99 706,false,nb,true,WEBSITE,2031-09-06
1876,1045,Hege,Johansen,Store Manager,hege.johansen@oslo.friluft.example,+47 948 46 896,true,nb,true,ACCOUNT_MANAGER,2029-09-06
1877,1045,Silje,Nilsen,Owner,silje.nilsen@oslo.friluft.example,+47 969 10 840,false,nb,true,WEBSITE,2031-09-06
1878,1046,Mikko,Järvinen,Store Manager,mikko.jarvinen@nordlys24.example,+358 40 454 4827,true,fi,true,ACCOUNT_MANAGER,2031-09-06
1879,1046,Noora,Nieminen,Accounts Payable,noora.nieminen@nordlys24.example,+358 40 304 5111,false,fi,true,TRADE_FAIR,2029-09-06
1880,1047,Kaisa,Heikkinen,Store Manager,kaisa.heikkinen@vidde.trekking.example,+358 40 699 3692,true,fi,false,PORTAL,2029-09-06
1881,1047,Venla,Mäkinen,Owner,venla.makinen@vidde.trekking.example,+358 40 035 2039,false,fi,false,PORTAL,2031-09-06
1882,1048,Maija,Järvinen,Store Manager,maija.jarvinen@suvanto.fritid.example,+358 40 161 7446,true,fi,true,TRADE_FAIR,2029-09-06
1883,1048,Noora,Järvinen,Assistant Manager,noora.jarvinen@suvanto.fritid.example,+358 40 139 8446,false,fi,false,TRADE_FAIR,2028-09-06
1884,1049,Mikko,Salminen,Store Manager,mikko.salminen@vaara.trekking.example,+358 40 080 0866,true,fi,true,PORTAL,2028-09-06
1885,1050,Camilla,Nielsen,Store Manager,camilla.nielsen@basecamp.sport.example,+45 09 12 42 33,true,da,true,WEBSITE,2029-09-06
1886,1051,Katri,Nieminen,Store Manager,katri.nieminen@rakka.sport.fritid.example,+358 40 494 0361,true,fi,true,PORTAL,2029-09-06
1887,1051,Juhani,Saarinen,Assistant Manager,juhani.saarinen@rakka.sport.fritid.example,+358 40 310 1596,false,fi,false,TRADE_FAIR,2031-09-06
1888,1051,Pekka,Virtanen,Accounts Payable,pekka.virtanen@rakka.sport.fritid.example,+358 40 091 2243,false,fi,true,TRADE_FAIR,2031-09-06
1889,1052,Björn,Holm,Store Manager,bjorn.holm@uppsala.adventures.example,+46 70 057 36 01,true,sv,true,ACCOUNT_MANAGER,2029-09-06
1890,1052,Linnea,Strand,Warehouse,linnea.strand@uppsala.adventures.example,+46 70 437 27 94,false,sv,false,TRADE_FAIR,2028-09-06
1891,1052,Maja,Larsson,Warehouse,maja.larsson@uppsala.adventures.example,+46 70 886 23 30,false,sv,true,WEBSITE,2029-09-06
1892,1053,Emma,Lindberg,Store Manager,emma.lindberg@are.sport.example,+46 70 649 91 10,true,sv,false,PORTAL,2028-09-06
1893,1053,Erik,Strand,Buyer,erik.strand@are.sport.example,+46 70 178 70 28,false,sv,true,ACCOUNT_MANAGER,2029-09-06
1894,1054,Eirik,Johansen,Store Manager,eirik.johansen@lillehammer.guides.example,+47 985 22 685,true,nb,false,WEBSITE,2029-09-06
1895,1054,Tone,Hansen,Buyer,tone.hansen@lillehammer.guides.example,+47 961 36 809,false,nb,true,TRADE_FAIR,2031-09-06
1896,1054,Kari,Kristiansen,Owner,kari.kristiansen@lillehammer.guides.example,+47 962 07 368,false,nb,true,ACCOUNT_MANAGER,2028-09-06
1897,1055,Kristian,Bakke,Store Manager,kristian.bakke@loiste24.example,+47 975 70 469,true,nb,false,TRADE_FAIR,2029-09-06
1898,1055,Håkon,Pedersen,Accounts Payable,hakon.pedersen@loiste24.example,+47 955 61 036,false,nb,false,PORTAL,2028-09-06
1899,1055,Nora,Kristiansen,Warehouse,nora.kristiansen@loiste24.example,+47 980 77 924,false,nb,true,PORTAL,2028-09-06
1900,1056,Laura,Aho,Store Manager,laura.aho@aurora.turutstyr.example,+358 40 878 6325,true,fi,true,ACCOUNT_MANAGER,2028-09-06
1901,1057,Karin,Andersson,Store Manager,karin.andersson@orebro.hiking.association.example,+46 70 214 52 78,true,sv,true,TRADE_FAIR,2029-09-06
1902,1058,Sindre,Andersen,Store Manager,sindre.andersen@bodo.adventures.example,+47 981 77 884,true,nb,true,ACCOUNT_MANAGER,2029-09-06
1903,1058,Kari,Bakke,Buyer,kari.bakke@bodo.adventures.example,+47 928 02 007,false,nb,true,TRADE_FAIR,2029-09-06
1904,1059,Sara,Andersson,Store Manager,sara.andersson@lulea.sports.example,+46 70 298 73 94,true,sv,true,ACCOUNT_MANAGER,2028-09-06
1905,1059,Henrik,Johansson,Purchasing,henrik.johansson@lulea.sports.example,+46 70 762 68 27,false,sv,false,WEBSITE,2031-09-06
1906,1060,Eero,Nieminen,Store Manager,eero.nieminen@nordlysgear.example,+358 40 351 1654,true,fi,false,WEBSITE,2029-09-06
1907,1060,Kaisa,Kallio,Owner,kaisa.kallio@nordlysgear.example,+358 40 016 3020,false,fi,false,ACCOUNT_MANAGER,2028-09-06
1908,1061,Liis,Kukk,Store Manager,liis.kukk@rebane.friluft.example,+372 5488 1575,true,et,false,PORTAL,2029-09-06
1909,1062,Sofia,Johansson,Store Manager,sofia.johansson@foreststore.example,+46 70 699 32 55,true,sv,true,WEBSITE,2031-09-06
1910,1063,Sofia,Olsson,Store Manager,sofia.olsson@persson.urheilu.example,+46 70 963 28 96,true,sv,true,TRADE_FAIR,2029-09-06
1911,1064,Eero,Salo,Store Manager,eero.salo@kaira24.example,+358 40 116 9596,true,fi,false,TRADE_FAIR,2029-09-06
1912,1065,Maja,Nilsson,Store Manager,maja.nilsson@kero.sport.example,+46 70 107 36 41,true,sv,true,TRADE_FAIR,2029-09-06
1913,1066,Olli,Järvinen,Store Manager,olli.jarvinen@vaara.friluft.example,+358 40 631 1603,true,fi,true,WEBSITE,2028-09-06
1914,1066,Matti,Virtanen,Owner,matti.virtanen@vaara.friluft.example,+358 40 766 8685,false,fi,false,ACCOUNT_MANAGER,2029-09-06
1915,1067,Emma,Strand,Store Manager,emma.strand@ridge.fritid.example,+46 70 227 66 71,true,sv,true,ACCOUNT_MANAGER,2029-09-06
1916,1067,Oskar,Lundqvist,Accounts Payable,oskar.lundqvist@ridge.fritid.example,+46 70 354 85 11,false,sv,false,WEBSITE,2031-09-06
1917,1068,Sindre,Pedersen,Store Manager,sindre.pedersen@vinter.sports.example,+47 943 28 365,true,nb,true,TRADE_FAIR,2031-09-06
1918,1068,Solveig,Larsen,Purchasing,solveig.larsen@vinter.sports.example,+47 957 70 708,false,nb,false,PORTAL,2029-09-06
1919,1069,Sigrid,Hansen,Store Manager,sigrid.hansen@lillehammer.adventures.example,+47 988 33 235,true,nb,false,ACCOUNT_MANAGER,2031-09-06
1920,1070,Jukka,Lehto,Store Manager,jukka.lehto@skog.fritid.example,+358 40 526 3208,true,fi,false,TRADE_FAIR,2029-09-06
1921,1070,Pekka,Laine,Purchasing,pekka.laine@skog.fritid.example,+358 40 953 5165,false,fi,false,TRADE_FAIR,2031-09-06
1922,1070,Olli,Lehtonen,Accounts Payable,olli.lehtonen@skog.fritid.example,+358 40 287 4155,false,fi,true,TRADE_FAIR,2028-09-06
1923,1071,Matti,Järvinen,Store Manager,matti.jarvinen@summitstore.example,+358 40 898 0414,true,fi,false,PORTAL,2028-09-06
1924,1071,Timo,Salo,Warehouse,timo.salo@summitstore.example,+358 40 889 8824,false,fi,false,TRADE_FAIR,2031-09-06
1925,1071,Tuomas,Mäkinen,Assistant Manager,tuomas.makinen@summitstore.example,+358 40 870 9510,false,fi,true,WEBSITE,2031-09-06
1926,1072,Kristian,Moen,Store Manager,kristian.moen@drammen.guides.example,+47 901 88 627,true,nb,false,PORTAL,2031-09-06
1927,1072,Eirik,Bakke,Accounts Payable,eirik.bakke@drammen.guides.example,+47 990 77 179,false,nb,false,WEBSITE,2031-09-06
1928,1073,Lauri,Salminen,Store Manager,lauri.salminen@kuusamo.expeditions.example,+358 40 214 8027,true,fi,true,ACCOUNT_MANAGER,2031-09-06
1929,1073,Eero,Salo,Assistant Manager,eero.salo@kuusamo.expeditions.example,+358 40 839 3662,false,fi,false,PORTAL,2031-09-06
1930,1074,Louise,Kjær,Store Manager,louise.kjaer@aurora24.example,+45 04 56 05 93,true,da,false,ACCOUNT_MANAGER,2028-09-06
1931,1074,Jonas,Christensen,Owner,jonas.christensen@aurora24.example,+45 06 23 62 80,false,da,false,PORTAL,2031-09-06
1932,1074,Ida,Madsen,Owner,ida.madsen@aurora24.example,+45 49 15 07 92,false,da,true,ACCOUNT_MANAGER,2031-09-06
1933,1075,Emma,Åberg,Store Manager,emma.aberg@karlstad.expeditions.example,+46 70 724 53 71,true,sv,true,PORTAL,2031-09-06
1934,1075,Ulf,Johansson,Purchasing,ulf.johansson@karlstad.expeditions.example,+46 70 445 08 54,false,sv,false,ACCOUNT_MANAGER,2028-09-06
1935,1076,Torbjørn,Moen,Store Manager,torbjorn.moen@kaamosshop.example,+47 945 30 002,true,nb,true,TRADE_FAIR,2029-09-06
1936,1077,Katri,Laine,Store Manager,katri.laine@kuusamo.adventures.example,+358 40 079 0717,true,fi,true,ACCOUNT_MANAGER,2029-09-06
1937,1078,Håkon,Olsen,Store Manager,hakon.olsen@vuomagear.example,+47 926 13 786,true,nb,true,PORTAL,2029-09-06
1938,1079,Maija,Heikkinen,Store Manager,maija.heikkinen@basecamp.outdoor.example,+358 40 145 5785,true,fi,false,TRADE_FAIR,2028-09-06
1939,1079,Tuomas,Hämäläinen,Owner,tuomas.hamalainen@basecamp.outdoor.example,+358 40 001 7377,false,fi,false,PORTAL,2029-09-06
1940,1080,Jonas,Fischer,Store Manager,jonas.fischer@flensburg.expeditions.example,+49 40 1103026,true,de,false,TRADE_FAIR,2028-09-06
1941,1080,Jonas,Fischer,Accounts Payable,jonas.fischer.flensburg@flensburg.expeditions.example,+49 40 4001029,false,de,true,PORTAL,2028-09-06
1942,1081,Aino,Mäkinen,Store Manager,aino.makinen@turku.guides.example,+358 40 726 9934,true,fi,false,PORTAL,2028-09-06
1943,1081,Maija,Rantanen,Accounts Payable,maija.rantanen@turku.guides.example,+358 40 454 3978,false,fi,false,TRADE_FAIR,2028-09-06
1944,1082,Björn,Gustafsson,Store Manager,bjorn.gustafsson@uppsala.camping.example,+46 70 649 47 92,true,sv,true,TRADE_FAIR,2031-09-06
1945,1082,Mattias,Andersson,Warehouse,mattias.andersson@uppsala.camping.example,+46 70 910 82 64,false,sv,true,PORTAL,2029-09-06
1946,1083,Torbjørn,Dahl,Store Manager,torbjorn.dahl@olsen.friluft.example,+47 972 42 653,true,nb,true,TRADE_FAIR,2028-09-06
1947,1083,Mathias,Bakke,Buyer,mathias.bakke@olsen.friluft.example,+47 925 84 965,false,nb,true,PORTAL,2029-09-06
1948,1084,Nils,Svensson,Store Manager,nils.svensson@are.friluft.example,+46 70 917 75 14,true,sv,true,PORTAL,2029-09-06
1949,1085,Lovisa,Larsson,Store Manager,lovisa.larsson@vuoma.friluft.example,+46 70 177 13 80,true,sv,true,WEBSITE,2029-09-06
1950,1086,Vegard,Hansen,Store Manager,vegard.hansen@era.outdoor.example,+47 970 69 051,true,nb,true,TRADE_FAIR,2029-09-06
1951,1086,Håkon,Bakke,Accounts Payable,hakon.bakke@era.outdoor.example,+47 936 62 026,false,nb,true,TRADE_FAIR,2029-09-06
1952,1087,Solveig,Dahl,Store Manager,solveig.dahl@bergen.adventure.example,+47 933 15 166,true,nb,false,TRADE_FAIR,2028-09-06
1953,1087,Marit,Nilsen,Warehouse,marit.nilsen@bergen.adventure.example,+47 951 99 639,false,nb,false,WEBSITE,2029-09-06
1954,1087,Sindre,Bakke,Accounts Payable,sindre.bakke@bergen.adventure.example,+47 975 56 370,false,nb,true,PORTAL,2029-09-06
1955,1088,Jonas,Jensen,Store Manager,jonas.jensen@esbjerg.hiking.association.example,+45 22 22 73 75,true,da,false,TRADE_FAIR,2031-09-06
1956,1089,Eero,Niemi,Store Manager,eero.niemi@polarshop.example,+358 40 113 8622,true,fi,true,ACCOUNT_MANAGER,2028-09-06
1957,1090,Laura,Salminen,Store Manager,laura.salminen@rovaniemi.friluft.example,+358 40 833 6135,true,fi,false,PORTAL,2028-09-06
1958,1091,Hege,Moen,Store Manager,hege.moen@selka.turutstyr.example,+47 900 11 133,true,nb,true,ACCOUNT_MANAGER,2031-09-06
1959,1091,Anette,Nygaard,Buyer,anette.nygaard@selka.turutstyr.example,+47 950 89 011,false,nb,true,PORTAL,2029-09-06
1960,1092,Lærke,Christensen,Store Manager,laerke.christensen@loiste.fritid.example,+45 45 18 53 12,true,da,true,PORTAL,2029-09-06
1961,1092,Rasmus,Rasmussen,Assistant Manager,rasmus.rasmussen@loiste.fritid.example,+45 30 48 74 25,false,da,true,PORTAL,2031-09-06
1962,1093,Mads,Thomsen,Store Manager,mads.thomsen@nordlys.sport.example,+45 44 15 25 96,true,da,true,PORTAL,2029-09-06
1963,1093,Signe,Thomsen,Purchasing,signe.thomsen@nordlys.sport.example,+45 22 20 66 82,false,da,false,ACCOUNT_MANAGER,2031-09-06
1964,1094,Aino,Rantanen,Store Manager,aino.rantanen@fjall24.example,+358 40 947 3077,true,fi,true,WEBSITE,2028-09-06
1965,1094,Katri,Lehto,Buyer,katri.lehto@fjall24.example,+358 40 736 6543,false,fi,false,PORTAL,2031-09-06
1966,1095,Kristian,Moen,Store Manager,kristian.moen@trondheim.rental.example,+47 910 06 834,true,nb,true,WEBSITE,2031-09-06
1967,1095,Nora,Berg,Buyer,nora.berg@trondheim.rental.example,+47 972 86 482,false,nb,true,WEBSITE,2029-09-06
1968,1096,Noora,Laine,Store Manager,noora.laine@laine.sport.example,+358 40 144 6153,true,fi,false,ACCOUNT_MANAGER,2028-09-06
1969,1097,Jørgen,Dahl,Store Manager,jorgen.dahl@basecampshop.example,+47 987 75 852,true,nb,true,TRADE_FAIR,2029-09-06
1970,1098,Tone,Hansen,Store Manager,tone.hansen@nietos.sport.fritid.example,+47 994 28 326,true,nb,false,ACCOUNT_MANAGER,2028-09-06
1971,1098,Håkon,Pedersen,Accounts Payable,hakon.pedersen@nietos.sport.fritid.example,+47 971 81 078,false,nb,true,WEBSITE,2031-09-06
1972,1099,Timo,Järvinen,Store Manager,timo.jarvinen@forest.sport.fritid.example,+358 40 268 5251,true,fi,true,TRADE_FAIR,2031-09-06
1973,1099,Aino,Aho,Warehouse,aino.aho@forest.sport.fritid.example,+358 40 542 5516,false,fi,false,PORTAL,2031-09-06
1974,1100,Camilla,Nielsen,Store Manager,camilla.nielsen@vinter.camping.example,+45 06 78 60 16,true,da,false,PORTAL,2028-09-06
1975,1101,Anni,Niemi,Store Manager,anni.niemi@oulu.expeditions.example,+358 40 143 4058,true,fi,true,ACCOUNT_MANAGER,2029-09-06
1976,1101,Lauri,Järvinen,Accounts Payable,lauri.jarvinen@oulu.expeditions.example,+358 40 905 7300,false,fi,false,TRADE_FAIR,2031-09-06
1977,1101,Sanna,Salo,Owner,sanna.salo@oulu.expeditions.example,+358 40 520 7254,false,fi,true,ACCOUNT_MANAGER,2028-09-06
1978,1102,Sigrid,Karlsen,Store Manager,sigrid.karlsen@drammen.friluft.example,+47 914 23 487,true,nb,false,TRADE_FAIR,2031-09-06
1979,1102,Ingrid,Karlsen,Assistant Manager,ingrid.karlsen@drammen.friluft.example,+47 976 75 835,false,nb,true,PORTAL,2028-09-06
1980,1103,Jari,Korhonen,Store Manager,jari.korhonen@kalotti.adventure.example,+358 40 040 2297,true,fi,true,ACCOUNT_MANAGER,2029-09-06
1981,1103,Olli,Rantanen,Assistant Manager,olli.rantanen@kalotti.adventure.example,+358 40 974 9487,false,fi,true,WEBSITE,2028-09-06
1982,1104,Laura,Aho,Store Manager,laura.aho@turku.adventure.example,+358 40 763 6438,true,fi,true,PORTAL,2028-09-06
1983,1104,Matti,Nieminen,Accounts Payable,matti.nieminen@turku.adventure.example,+358 40 089 7023,false,fi,false,TRADE_FAIR,2029-09-06
1984,1105,Lena,Hoffmann,Store Manager,lena.hoffmann@flensburg.turutstyr.example,+49 40 9894405,true,de,true,ACCOUNT_MANAGER,2028-09-06
1985,1105,Lena,Schmidt,Assistant Manager,lena.schmidt@flensburg.turutstyr.example,+49 40 3499641,false,de,true,ACCOUNT_MANAGER,2028-09-06
1986,1105,Lena,Weber,Purchasing,lena.weber@flensburg.turutstyr.example,+49 40 4542329,false,de,false,PORTAL,2031-09-06
1987,1106,Eero,Koskinen,Store Manager,eero.koskinen@arctic24.example,+358 40 892 5876,true,fi,true,PORTAL,2031-09-06
1988,1106,Noora,Lehto,Purchasing,noora.lehto@arctic24.example,+358 40 053 5818,false,fi,false,PORTAL,2031-09-06
1989,1107,Gustav,Holm,Store Manager,gustav.holm@nordlys.adventure.example,+46 70 914 34 45,true,sv,true,TRADE_FAIR,2029-09-06
1990,1108,Kaisa,Niemi,Store Manager,kaisa.niemi@aurora24.example,+358 40 432 7340,true,fi,false,WEBSITE,2028-09-06
1991,1108,Kaisa,Rantanen,Purchasing,kaisa.rantanen@aurora24.example,+358 40 646 5772,false,fi,true,TRADE_FAIR,2028-09-06
1992,1108,Ville,Hämäläinen,Accounts Payable,ville.hamalainen@aurora24.example,+358 40 539 3551,false,fi,true,ACCOUNT_MANAGER,2029-09-06
1993,1109,Elin,Svensson,Store Manager,elin.svensson@johansson.friluft.example,+46 70 216 82 53,true,sv,false,TRADE_FAIR,2028-09-06
1994,1109,Mattias,Johansson,Buyer,mattias.johansson@johansson.friluft.example,+46 70 189 38 68,false,sv,false,TRADE_FAIR,2028-09-06
1995,1109,Elin,Lundqvist,Assistant Manager,elin.lundqvist@johansson.friluft.example,+46 70 411 51 87,false,sv,false,TRADE_FAIR,2028-09-06
1996,1110,Sigrid,Bakke,Store Manager,sigrid.bakke@fjallshop.example,+47 981 49 859,true,nb,false,PORTAL,2031-09-06
1997,1111,Lauri,Järvinen,Store Manager,lauri.jarvinen@espoo.adventure.example,+358 40 067 5013,true,fi,true,WEBSITE,2029-09-06
1998,1112,Elin,Nilsson,Store Manager,elin.nilsson@orebro.outdoor.example,+46 70 877 78 62,true,sv,true,ACCOUNT_MANAGER,2031-09-06
1999,1113,Astrid,Larsson,Store Manager,astrid.larsson@eriksson.urheilu.example,+46 70 535 59 57,true,sv,true,WEBSITE,2031-09-06
2000,1113,Anders,Persson,Buyer,anders.persson@eriksson.urheilu.example,+46 70 845 96 63,false,sv,false,WEBSITE,2028-09-06
2001,1114,Helmi,Korhonen,Store Manager,helmi.korhonen@metsa.fritid.example,+358 40 245 1377,true,fi,false,WEBSITE,2028-09-06
2002,1115,Johan,Andersson,Store Manager,johan.andersson@vuomagear.example,+46 70 189 52 69,true,sv,true,WEBSITE,2028-09-06
2003,1115,Anders,Andersson,Warehouse,anders.andersson@vuomagear.example,+46 70 622 71 34,false,sv,true,TRADE_FAIR,2031-09-06
2004,1115,Karin,Eriksson,Assistant Manager,karin.eriksson@vuomagear.example,+46 70 290 16 26,false,sv,true,PORTAL,2031-09-06
2005,1116,Laura,Korhonen,Store Manager,laura.korhonen@turku.retki.example,+358 40 561 8316,true,fi,true,PORTAL,2028-09-06
2006,1116,Juhani,Salo,Buyer,juhani.salo@turku.retki.example,+358 40 748 0403,false,fi,true,TRADE_FAIR,2028-09-06
2007,1116,Timo,Salminen,Purchasing,timo.salminen@turku.retki.example,+358 40 706 1716,false,fi,false,WEBSITE,2029-09-06
2008,1117,Jonas,Thomsen,Store Manager,jonas.thomsen@roskilde.guides.example,+45 82 59 01 56,true,da,true,TRADE_FAIR,2028-09-06
2009,1117,Louise,Nielsen,Purchasing,louise.nielsen@roskilde.guides.example,+45 91 06 66 98,false,da,false,PORTAL,2028-09-06
2010,1118,Kaisa,Lehto,Store Manager,kaisa.lehto@tampere.outdoor.example,+358 40 659 1856,true,fi,false,WEBSITE,2028-09-06
2011,1119,Kari,Bakke,Store Manager,kari.bakke@kero.camping.example,+47 948 37 978,true,nb,true,TRADE_FAIR,2031-09-06
2012,1119,Bjørn,Larsen,Purchasing,bjorn.larsen@kero.camping.example,+47 978 77 872,false,nb,true,TRADE_FAIR,2028-09-06
2013,1120,Bjørn,Nilsen,Store Manager,bjorn.nilsen@lillehammer.friluft.example,+47 968 69 957,true,nb,true,TRADE_FAIR,2029-09-06
2014,1120,Bjørn,Andersen,Owner,bjorn.andersen@lillehammer.friluft.example,+47 933 23 540,false,nb,true,WEBSITE,2029-09-06
2015,1121,Søren,Kjær,Store Manager,soren.kjaer@aurorastore.example,+45 03 09 20 54,true,da,true,TRADE_FAIR,2028-09-06
2016,1121,Signe,Thomsen,Buyer,signe.thomsen@aurorastore.example,+45 11 20 87 64,false,da,false,WEBSITE,2028-09-06
2017,1121,Morten,Nielsen,Purchasing,morten.nielsen@aurorastore.example,+45 76 26 50 21,false,da,true,TRADE_FAIR,2028-09-06
2018,1122,Anders,Karlsson,Store Manager,anders.karlsson@selka.outfitters.example,+46 70 087 73 41,true,sv,false,TRADE_FAIR,2031-09-06
2019,1123,Björn,Lundqvist,Store Manager,bjorn.lundqvist@lindberg.sport.example,+46 70 136 43 71,true,sv,true,ACCOUNT_MANAGER,2028-09-06
2020,1123,Mattias,Åberg,Assistant Manager,mattias.aberg@lindberg.sport.example,+46 70 496 92 67,false,sv,false,TRADE_FAIR,2031-09-06
2021,1124,Ingrid,Hansen,Store Manager,ingrid.hansen@metsa24.example,+47 990 15 337,true,nb,true,PORTAL,2029-09-06
2022,1124,Ole,Johansen,Accounts Payable,ole.johansen@metsa24.example,+47 983 70 376,false,nb,true,ACCOUNT_MANAGER,2031-09-06
2023,1125,Kaisa,Salo,Store Manager,kaisa.salo@joensuu.outdoor.example,+358 40 472 9227,true,fi,false,PORTAL,2028-09-06
2024,1126,Jørgen,Olsen,Store Manager,jorgen.olsen@forest.sport.fritid.example,+47 999 23 040,true,nb,false,WEBSITE,2031-09-06
2025,1126,Kristian,Karlsen,Assistant Manager,kristian.karlsen@forest.sport.fritid.example,+47 944 71 849,false,nb,true,ACCOUNT_MANAGER,2031-09-06
2026,1127,Riikka,Korhonen,Store Manager,riikka.korhonen@helsinki.expeditions.example,+358 40 294 0861,true,fi,false,ACCOUNT_MANAGER,2029-09-06
2027,1128,Hanna,Eriksson,Store Manager,hanna.eriksson@linkoping.sport.fritid.example,+46 70 901 98 09,true,sv,false,ACCOUNT_MANAGER,2028-09-06
2028,1128,Oskar,Johansson,Warehouse,oskar.johansson@linkoping.sport.fritid.example,+46 70 978 85 41,false,sv,false,ACCOUNT_MANAGER,2029-09-06
2029,1129,Markus,Wagner,Store Manager,markus.wagner@era.outdoor.example,+49 40 9987973,true,de,true,WEBSITE,2028-09-06
2030,1129,Julia,Weber,Owner,julia.weber@era.outdoor.example,+49 40 4359752,false,de,true,TRADE_FAIR,2028-09-06
2031,1130,Gustav,Olsson,Store Manager,gustav.olsson@hikers.fritid.example,+46 70 535 66 35,true,sv,true,ACCOUNT_MANAGER,2028-09-06
2032,1131,Elin,Gustafsson,Store Manager,elin.gustafsson@nietos.turutstyr.example,+46 70 957 35 44,true,sv,false,ACCOUNT_MANAGER,2031-09-06
2033,1132,Henrik,Persson,Store Manager,henrik.persson@malmo.sports.example,+46 70 324 03 53,true,sv,false,ACCOUNT_MANAGER,2031-09-06
2034,1132,Ulf,Gustafsson,Purchasing,ulf.gustafsson@malmo.sports.example,+46 70 446 65 55,false,sv,false,PORTAL,2028-09-06
2035,1133,Sigrid,Hansen,Store Manager,sigrid.hansen@metsa.outfitters.example,+47 934 77 010,true,nb,false,PORTAL,2031-09-06
2036,1133,Jørgen,Kristiansen,Warehouse,jorgen.kristiansen@metsa.outfitters.example,+47 955 35 942,false,nb,true,WEBSITE,2028-09-06
2037,1133,Silje,Larsen,Accounts Payable,silje.larsen@metsa.outfitters.example,+47 924 34 010,false,nb,false,PORTAL,2029-09-06
2038,1134,Ebba,Bergström,Store Manager,ebba.bergstrom@are.expeditions.example,+46 70 440 67 26,true,sv,true,ACCOUNT_MANAGER,2028-09-06
2039,1135,Lauri,Lehto,Store Manager,lauri.lehto@kalotti.friluft.example,+358 40 961 5238,true,fi,true,WEBSITE,2029-09-06
2040,1135,Tuomas,Aho,Purchasing,tuomas.aho@kalotti.friluft.example,+358 40 808 0213,false,fi,false,ACCOUNT_MANAGER,2028-09-06
2041,1135,Olli,Saarinen,Purchasing,olli.saarinen@kalotti.friluft.example,+358 40 807 5757,false,fi,true,ACCOUNT_MANAGER,2029-09-06
2042,1136,Bjørn,Hansen,Store Manager,bjorn.hansen@ruska24.example,+47 941 69 803,true,nb,true,TRADE_FAIR,2029-09-06
2043,1136,Nora,Dahl,Purchasing,nora.dahl@ruska24.example,+47 982 41 400,false,nb,true,WEBSITE,2028-09-06
2044,1137,Vegard,Moen,Store Manager,vegard.moen@compass.turutstyr.example,+47 979 44 605,true,nb,true,TRADE_FAIR,2028-09-06
2045,1137,Kari,Larsen,Owner,kari.larsen@compass.turutstyr.example,+47 946 10 539,false,nb,true,ACCOUNT_MANAGER,2028-09-06
2046,1138,Rasmus,Thomsen,Store Manager,rasmus.thomsen@kerogear.example,+45 05 70 80 26,true,da,false,ACCOUNT_MANAGER,2031-09-06
2047,1138,Lærke,Thomsen,Warehouse,laerke.thomsen@kerogear.example,+45 55 24 07 69,false,da,false,PORTAL,2028-09-06
2048,1138,Mette,Kjær,Accounts Payable,mette.kjaer@kerogear.example,+45 23 09 36 67,false,da,false,ACCOUNT_MANAGER,2029-09-06
2049,1139,Elina,Mäkinen,Store Manager,elina.makinen@suvanto24.example,+358 40 008 8106,true,fi,true,PORTAL,2028-09-06
2050,1140,Timo,Heikkinen,Store Manager,timo.heikkinen@rantanen.outdoor.example,+358 40 652 5120,true,fi,false,PORTAL,2029-09-06
2051,1140,Tuomas,Korhonen,Buyer,tuomas.korhonen@rantanen.outdoor.example,+358 40 167 9248,false,fi,true,ACCOUNT_MANAGER,2031-09-06
2052,1141,Sindre,Johansen,Store Manager,sindre.johansen@oslo.urheilu.example,+47 932 43 449,true,nb,true,TRADE_FAIR,2028-09-06
2053,1142,Lovisa,Johansson,Store Manager,lovisa.johansson@hikers.adventure.example,+46 70 422 91 08,true,sv,false,PORTAL,2029-09-06
2054,1142,Gustav,Svensson,Purchasing,gustav.svensson@hikers.adventure.example,+46 70 247 64 69,false,sv,false,PORTAL,2031-09-06
2055,1142,Maja,Eriksson,Buyer,maja.eriksson@hikers.adventure.example,+46 70 638 02 97,false,sv,false,ACCOUNT_MANAGER,2028-09-06
2056,1143,Sofia,Bergström,Store Manager,sofia.bergstrom@loiste24.example,+46 70 563 66 50,true,sv,true,ACCOUNT_MANAGER,2031-09-06
2057,1144,Tanel,Kukk,Store Manager,tanel.kukk@magi.sport.example,+372 5562 3649,true,et,false,TRADE_FAIR,2028-09-06
2058,1144,Maarja,Kask,Purchasing,maarja.kask@magi.sport.example,+372 5838 2079,false,et,true,PORTAL,2029-09-06
2059,1144,Kadri,Tamm,Purchasing,kadri.tamm@magi.sport.example,+372 5575 0736,false,et,false,ACCOUNT_MANAGER,2029-09-06
2060,1145,Jari,Kallio,Store Manager,jari.kallio@tampere.sports.example,+358 40 115 5552,true,fi,false,TRADE_FAIR,2029-09-06
2061,1146,Henrik,Lindberg,Store Manager,henrik.lindberg@rakkashop.example,+46 70 992 05 70,true,sv,true,PORTAL,2028-09-06
2062,1147,Ville,Mäkinen,Store Manager,ville.makinen@suvanto.sport.fritid.example,+358 40 798 8038,true,fi,true,ACCOUNT_MANAGER,2029-09-06
2063,1148,Anna,Fischer,Store Manager,anna.fischer@summitstore.example,+49 40 9846113,true,de,true,TRADE_FAIR,2029-09-06
2064,1149,Noora,Aho,Store Manager,noora.aho@ruska.adventure.example,+358 40 232 5752,true,fi,true,ACCOUNT_MANAGER,2028-09-06
2065,1149,Sanna,Kallio,Owner,sanna.kallio@ruska.adventure.example,+358 40 202 2508,false,fi,true,TRADE_FAIR,2028-09-06
2066,1150,Helmi,Korhonen,Store Manager,helmi.korhonen@hameenlinna.sports.example,+358 40 127 1811,true,fi,true,TRADE_FAIR,2029-09-06
2067,1151,Elina,Kallio,Store Manager,elina.kallio@vaasa.friluft.example,+358 40 966 9108,true,fi,true,PORTAL,2029-09-06
2068,1152,Mart,Kukk,Store Manager,mart.kukk@metsagear.example,+372 5538 3554,true,et,true,PORTAL,2031-09-06
2069,1152,Priit,Kukk,Buyer,priit.kukk@metsagear.example,+372 5715 8779,false,et,false,PORTAL,2029-09-06
2070,1152,Mart,Rebane,Warehouse,mart.rebane@metsagear.example,+372 5612 6364,false,et,true,TRADE_FAIR,2029-09-06
2071,1153,Kari,Dahl,Store Manager,kari.dahl@kayak.fritid.example,+47 958 19 149,true,nb,false,PORTAL,2028-09-06
2072,1153,Kristian,Johansen,Assistant Manager,kristian.johansen@kayak.fritid.example,+47 986 04 590,false,nb,false,TRADE_FAIR,2028-09-06
2073,1154,Tobias,Weber,Store Manager,tobias.weber@kiel.retki.example,+49 40 3709062,true,de,false,WEBSITE,2029-09-06
2074,1154,Julia,Wagner,Owner,julia.wagner@kiel.retki.example,+49 40 0700866,false,de,true,ACCOUNT_MANAGER,2028-09-06
2075,1154,Felix,Fischer,Accounts Payable,felix.fischer@kiel.retki.example,+49 40 8543962,false,de,false,TRADE_FAIR,2029-09-06
2076,1155,Torbjørn,Hansen,Store Manager,torbjorn.hansen@nordlys.camping.example,+47 964 43 314,true,nb,true,WEBSITE,2031-09-06
2077,1156,Sigrid,Moen,Store Manager,sigrid.moen@summit.friluft.example,+47 961 02 243,true,nb,false,PORTAL,2029-09-06
2078,1156,Jørgen,Larsen,Purchasing,jorgen.larsen@summit.friluft.example,+47 901 73 642,false,nb,false,WEBSITE,2028-09-06
2079,1157,Kaisa,Korhonen,Store Manager,kaisa.korhonen@tampere.outdoor.school.example,+358 40 092 4424,true,fi,true,ACCOUNT_MANAGER,2028-09-06
2080,1158,Kristjan,Kask,Store Manager,kristjan.kask@loiste.fritid.example,+372 5123 8655,true,et,false,TRADE_FAIR,2029-09-06
2081,1158,Tanel,Ilves,Accounts Payable,tanel.ilves@loiste.fritid.example,+372 5771 6011,false,et,true,ACCOUNT_MANAGER,2029-09-06
2082,1158,Priit,Rebane,Assistant Manager,priit.rebane@loiste.fritid.example,+372 5173 4423,false,et,true,ACCOUNT_MANAGER,2028-09-06
2083,1159,Torbjørn,Nilsen,Store Manager,torbjorn.nilsen@bergen.retki.example,+47 932 08 769,true,nb,true,PORTAL,2031-09-06
2084,1159,Nora,Johansen,Assistant Manager,nora.johansen@bergen.retki.example,+47 944 91 767,false,nb,false,WEBSITE,2028-09-06
2085,1160,Priit,Saar,Store Manager,priit.saar@forestgear.example,+372 5380 3136,true,et,false,PORTAL,2029-09-06
2086,1160,Maarja,Ilves,Buyer,maarja.ilves@forestgear.example,+372 5580 1267,false,et,true,ACCOUNT_MANAGER,2029-09-06
2087,1161,Erik,Karlsson,Store Manager,erik.karlsson@fjord.retki.example,+46 70 105 32 52,true,sv,false,TRADE_FAIR,2029-09-06
2088,1162,Antti,Aho,Store Manager,antti.aho@basecamp.urheilu.example,+358 40 360 4206,true,fi,false,PORTAL,2028-09-06
2089,1163,Kristian,Dahl,Store Manager,kristian.dahl@kristiansen.sport.example,+47 926 93 874,true,nb,true,PORTAL,2031-09-06
2090,1164,Louise,Poulsen,Store Manager,louise.poulsen@kolding.urheilu.example,+45 55 22 29 76,true,da,false,TRADE_FAIR,2028-09-06
2091,1165,Ingrid,Hansen,Store Manager,ingrid.hansen@alta.sport.fritid.example,+47 923 33 979,true,nb,false,PORTAL,2029-09-06
2092,1165,Vegard,Nygaard,Buyer,vegard.nygaard@alta.sport.fritid.example,+47 978 79 676,false,nb,true,TRADE_FAIR,2031-09-06
2093,1166,Kristian,Hansen,Store Manager,kristian.hansen@compass.camping.example,+47 923 98 072,true,nb,false,TRADE_FAIR,2031-09-06
2094,1167,Mette,Madsen,Store Manager,mette.madsen@roskilde.hiking.association.example,+45 52 36 49 72,true,da,true,ACCOUNT_MANAGER,2028-09-06
2095,1167,Niels,Jørgensen,Accounts Payable,niels.jorgensen@roskilde.hiking.association.example,+45 27 19 58 16,false,da,true,TRADE_FAIR,2031-09-06
2096,1168,Frida,Johansson,Store Manager,frida.johansson@vuoma.turutstyr.example,+46 70 991 66 76,true,sv,true,PORTAL,2031-09-06
2097,1169,Helmi,Kallio,Store Manager,helmi.kallio@lake.outfitters.example,+358 40 752 5464,true,fi,false,PORTAL,2029-09-06
2098,1170,Camilla,Jørgensen,Store Manager,camilla.jorgensen@rasmussen.friluft.example,+45 21 95 03 47,true,da,false,PORTAL,2031-09-06
2099,1170,Jonas,Thomsen,Accounts Payable,jonas.thomsen@rasmussen.friluft.example,+45 67 21 42 31,false,da,true,ACCOUNT_MANAGER,2029-09-06
2100,1170,Morten,Jensen,Warehouse,morten.jensen@rasmussen.friluft.example,+45 56 59 50 32,false,da,false,ACCOUNT_MANAGER,2028-09-06
2101,1171,Ville,Nieminen,Store Manager,ville.nieminen@laine.outdoor.example,+358 40 041 6333,true,fi,false,PORTAL,2031-09-06
2102,1171,Helmi,Koskinen,Warehouse,helmi.koskinen@laine.outdoor.example,+358 40 976 3577,false,fi,false,ACCOUNT_MANAGER,2031-09-06
2103,1172,Henrik,Gustafsson,Store Manager,henrik.gustafsson@umea.trekking.example,+46 70 563 97 90,true,sv,true,PORTAL,2028-09-06
2104,1172,Astrid,Karlsson,Warehouse,astrid.karlsson@umea.trekking.example,+46 70 856 68 14,false,sv,false,WEBSITE,2031-09-06
2105,1173,Eirik,Berg,Store Manager,eirik.berg@trondheim.sport.example,+47 918 41 262,true,nb,false,ACCOUNT_MANAGER,2031-09-06
2106,1174,Magnus,Bergström,Store Manager,magnus.bergstrom@viddestore.example,+46 70 160 11 73,true,sv,false,ACCOUNT_MANAGER,2031-09-06
2107,1174,Anders,Lindberg,Assistant Manager,anders.lindberg@viddestore.example,+46 70 974 59 40,false,sv,true,WEBSITE,2031-09-06
2108,1174,Linnea,Persson,Owner,linnea.persson@viddestore.example,+46 70 670 22 55,false,sv,true,PORTAL,2029-09-06
2109,1175,Jonas,Jensen,Store Manager,jonas.jensen@kaamos.outfitters.example,+45 10 59 78 88,true,da,false,ACCOUNT_MANAGER,2031-09-06
2110,1175,Signe,Christensen,Warehouse,signe.christensen@kaamos.outfitters.example,+45 28 21 87 76,false,da,true,ACCOUNT_MANAGER,2028-09-06
2111,1176,Sindre,Andersen,Store Manager,sindre.andersen@alta.guides.example,+47 978 21 769,true,nb,true,TRADE_FAIR,2028-09-06
2112,1176,Anette,Karlsen,Assistant Manager,anette.karlsen@alta.guides.example,+47 922 77 869,false,nb,false,WEBSITE,2029-09-06
2113,1177,Linnea,Karlsson,Store Manager,linnea.karlsson@karlstad.rental.example,+46 70 245 56 16,true,sv,true,TRADE_FAIR,2028-09-06
2114,1177,Lars,Olsson,Buyer,lars.olsson@karlstad.rental.example,+46 70 977 23 18,false,sv,false,ACCOUNT_MANAGER,2031-09-06
2115,1177,Sofia,Eriksson,Buyer,sofia.eriksson@karlstad.rental.example,+46 70 215 65 47,false,sv,true,ACCOUNT_MANAGER,2028-09-06
2116,1178,Katri,Koskinen,Store Manager,katri.koskinen@kuusamo.sport.example,+358 40 664 9972,true,fi,true,ACCOUNT_MANAGER,2029-09-06
2117,1178,Noora,Lehtonen,Accounts Payable,noora.lehtonen@kuusamo.sport.example,+358 40 924 1094,false,fi,true,WEBSITE,2031-09-06
2118,1178,Lauri,Saarinen,Assistant Manager,lauri.saarinen@kuusamo.sport.example,+358 40 618 2348,false,fi,false,ACCOUNT_MANAGER,2031-09-06
2119,1179,Matti,Mäkinen,Store Manager,matti.makinen@vintergear.example,+358 40 082 0829,true,fi,true,TRADE_FAIR,2031-09-06
2120,1179,Laura,Heikkinen,Assistant Manager,laura.heikkinen@vintergear.example,+358 40 638 9358,false,fi,false,PORTAL,2031-09-06
2121,1179,Riikka,Virtanen,Assistant Manager,riikka.virtanen@vintergear.example,+358 40 652 9700,false,fi,false,ACCOUNT_MANAGER,2029-09-06
2122,1180,Silje,Haugen,Store Manager,silje.haugen@rakkastore.example,+47 972 65 947,true,nb,false,ACCOUNT_MANAGER,2028-09-06
2123,1181,Eirik,Johansen,Store Manager,eirik.johansen@tromso.retki.example,+47 912 01 586,true,nb,false,WEBSITE,2029-09-06
2124,1181,Jørgen,Andersen,Buyer,jorgen.andersen@tromso.retki.example,+47 953 28 285,false,nb,false,TRADE_FAIR,2029-09-06
2125,1182,Jukka,Lehtonen,Store Manager,jukka.lehtonen@kuusamo.outfitters.example,+358 40 328 1423,true,fi,true,ACCOUNT_MANAGER,2029-09-06
2126,1182,Mikko,Salo,Accounts Payable,mikko.salo@kuusamo.outfitters.example,+358 40 347 0831,false,fi,true,TRADE_FAIR,2029-09-06
2127,1183,Jonas,Wagner,Store Manager,jonas.wagner@becker.urheilu.example,+49 40 0095947,true,de,false,ACCOUNT_MANAGER,2028-09-06
2128,1184,Aino,Lehto,Store Manager,aino.lehto@rantanen.friluft.example,+358 40 929 2329,true,fi,false,ACCOUNT_MANAGER,2029-09-06
2129,1184,Helmi,Järvinen,Purchasing,helmi.jarvinen@rantanen.friluft.example,+358 40 671 1915,false,fi,true,ACCOUNT_MANAGER,2029-09-06
2130,1185,Laura,Koskinen,Store Manager,laura.koskinen@kaamosgear.example,+358 40 721 3306,true,fi,false,ACCOUNT_MANAGER,2028-09-06
2131,1185,Juhani,Järvinen,Buyer,juhani.jarvinen@kaamosgear.example,+358 40 402 3127,false,fi,true,ACCOUNT_MANAGER,2031-09-06
2132,1185,Riikka,Korhonen,Accounts Payable,riikka.korhonen@kaamosgear.example,+358 40 641 3626,false,fi,false,TRADE_FAIR,2029-09-06
2133,1186,Niels,Madsen,Store Manager,niels.madsen@aalborg.trekking.example,+45 55 45 44 88,true,da,true,TRADE_FAIR,2031-09-06
2134,1187,Emma,Larsson,Store Manager,emma.larsson@skog.adventure.example,+46 70 372 90 55,true,sv,true,TRADE_FAIR,2028-09-06
2135,1188,Anette,Haugen,Store Manager,anette.haugen@alesund.outfitters.example,+47 948 96 213,true,nb,false,WEBSITE,2029-09-06
2136,1189,Emma,Olsson,Store Manager,emma.olsson@svensson.urheilu.example,+46 70 231 51 18,true,sv,false,WEBSITE,2028-09-06
2137,1190,Lauri,Lehto,Store Manager,lauri.lehto@oulu.outdoor.example,+358 40 765 6268,true,fi,false,PORTAL,2028-09-06
2138,1190,Eero,Laine,Warehouse,eero.laine@oulu.outdoor.example,+358 40 738 7817,false,fi,true,PORTAL,2029-09-06
2139,1191,Torbjørn,Moen,Store Manager,torbjorn.moen@compass.friluft.example,+47 907 74 950,true,nb,false,WEBSITE,2029-09-06
2140,1192,Jukka,Hämäläinen,Store Manager,jukka.hamalainen@trail.camping.example,+358 40 213 9402,true,fi,true,TRADE_FAIR,2028-09-06
2141,1192,Jari,Koskinen,Owner,jari.koskinen@trail.camping.example,+358 40 739 6795,false,fi,false,TRADE_FAIR,2031-09-06
2142,1192,Ville,Salo,Purchasing,ville.salo@trail.camping.example,+358 40 044 0110,false,fi,true,TRADE_FAIR,2028-09-06
2143,1193,Riikka,Hämäläinen,Store Manager,riikka.hamalainen@basecamp.adventure.example,+358 40 171 6283,true,fi,false,PORTAL,2028-09-06
2144,1194,Maarja,Rebane,Store Manager,maarja.rebane@parnu.guides.example,+372 5454 0788,true,et,false,TRADE_FAIR,2029-09-06
2145,1194,Kadri,Mägi,Accounts Payable,kadri.magi@parnu.guides.example,+372 5055 0969,false,et,true,PORTAL,2029-09-06
2146,1195,Sara,Larsson,Store Manager,sara.larsson@vidde.camping.example,+46 70 441 95 08,true,sv,false,WEBSITE,2031-09-06
2147,1195,Elin,Åberg,Purchasing,elin.aberg@vidde.camping.example,+46 70 252 24 88,false,sv,true,WEBSITE,2031-09-06
2148,1195,Johan,Eriksson,Warehouse,johan.eriksson@vidde.camping.example,+46 70 530 76 63,false,sv,false,TRADE_FAIR,2029-09-06
2149,1196,Triin,Kukk,Store Manager,triin.kukk@tartu.alpine.club.example,+372 5687 6143,true,et,false,WEBSITE,2029-09-06
2150,1196,Kristjan,Saar,Owner,kristjan.saar@tartu.alpine.club.example,+372 5606 2349,false,et,true,WEBSITE,2029-09-06
2151,1197,Ulf,Andersson,Store Manager,ulf.andersson@uppsala.rental.example,+46 70 427 97 73,true,sv,true,ACCOUNT_MANAGER,2028-09-06
2152,1198,Gustav,Johansson,Store Manager,gustav.johansson@karlstad.adventures.example,+46 70 726 38 06,true,sv,true,TRADE_FAIR,2028-09-06
2153,1199,Vegard,Karlsen,Store Manager,vegard.karlsen@vinter.sport.example,+47 950 16 208,true,nb,false,ACCOUNT_MANAGER,2028-09-06
2154,1200,Jukka,Korhonen,Store Manager,jukka.korhonen@fjord.outfitters.example,+358 40 983 7777,true,fi,true,PORTAL,2029-09-06
2155,1200,Noora,Nieminen,Owner,noora.nieminen@fjord.outfitters.example,+358 40 527 2027,false,fi,true,WEBSITE,2031-09-06
2156,1201,Anni,Niemi,Store Manager,anni.niemi@lehtonen.outdoor.example,+358 40 521 1969,true,fi,true,PORTAL,2031-09-06
2157,1202,Solveig,Haugen,Store Manager,solveig.haugen@summitgear.example,+47 976 96 555,true,nb,false,TRADE_FAIR,2028-09-06
2158,1203,Sara,Åberg,Store Manager,sara.aberg@selka.retki.example,+46 70 571 75 04,true,sv,false,PORTAL,2031-09-06
2159,1203,Gustav,Åberg,Accounts Payable,gustav.aberg@selka.retki.example,+46 70 032 61 94,false,sv,true,TRADE_FAIR,2031-09-06
2160,1204,Ida,Thomsen,Store Manager,ida.thomsen@kjaer.friluft.example,+45 54 72 34 21,true,da,false,TRADE_FAIR,2028-09-06
2161,1204,Louise,Poulsen,Buyer,louise.poulsen@kjaer.friluft.example,+45 42 28 85 49,false,da,true,TRADE_FAIR,2028-09-06
2162,1205,Pekka,Järvinen,Store Manager,pekka.jarvinen@skoggear.example,+358 40 408 1693,true,fi,false,TRADE_FAIR,2029-09-06
2163,1206,Rasmus,Jørgensen,Store Manager,rasmus.jorgensen@kalotti.adventure.example,+45 56 79 15 73,true,da,true,TRADE_FAIR,2029-09-06
2164,1207,Håkon,Haugen,Store Manager,hakon.haugen@pedersen.outdoor.example,+47 966 93 763,true,nb,false,WEBSITE,2029-09-06
2165,1208,Oskar,Olsson,Store Manager,oskar.olsson@larsson.sport.example,+46 70 620 44 88,true,sv,true,WEBSITE,2029-09-06
2166,1209,Vegard,Bakke,Store Manager,vegard.bakke@kristiansand.outdoor.school.example,+47 988 24 820,true,nb,true,WEBSITE,2031-09-06
2167,1209,Tone,Olsen,Buyer,tone.olsen@kristiansand.outdoor.school.example,+47 917 76 977,false,nb,true,ACCOUNT_MANAGER,2028-09-06
2168,1210,Anna,Müller,Store Manager,anna.muller@loisteshop.example,+49 40 4727349,true,de,false,ACCOUNT_MANAGER,2031-09-06
2169,1210,Lena,Becker,Assistant Manager,lena.becker@loisteshop.example,+49 40 5923389,false,de,false,TRADE_FAIR,2031-09-06
2170,1211,Anette,Nilsen,Store Manager,anette.nilsen@andersen.urheilu.example,+47 914 84 848,true,nb,false,TRADE_FAIR,2031-09-06
2171,1212,Sanna,Heikkinen,Store Manager,sanna.heikkinen@lehto.friluft.example,+358 40 366 0387,true,fi,false,TRADE_FAIR,2029-09-06
2172,1212,Antti,Nieminen,Warehouse,antti.nieminen@lehto.friluft.example,+358 40 165 7407,false,fi,true,PORTAL,2031-09-06
2173,1212,Olli,Salminen,Assistant Manager,olli.salminen@lehto.friluft.example,+358 40 165 8648,false,fi,false,TRADE_FAIR,2028-09-06
2174,1213,Helmi,Salo,Store Manager,helmi.salo@era.friluft.example,+358 40 601 2342,true,fi,true,ACCOUNT_MANAGER,2028-09-06
2175,1213,Lauri,Lehtonen,Purchasing,lauri.lehtonen@era.friluft.example,+358 40 084 1427,false,fi,false,WEBSITE,2029-09-06
2176,1213,Anni,Hämäläinen,Assistant Manager,anni.hamalainen@era.friluft.example,+358 40 970 7959,false,fi,false,ACCOUNT_MANAGER,2029-09-06
2177,1214,Tuomas,Nieminen,Store Manager,tuomas.nieminen@hamalainen.sport.example,+358 40 393 4341,true,fi,false,PORTAL,2029-09-06
2178,1214,Laura,Mäkinen,Purchasing,laura.makinen@hamalainen.sport.example,+358 40 361 5651,false,fi,false,PORTAL,2029-09-06
2179,1214,Matti,Koskinen,Assistant Manager,matti.koskinen@hamalainen.sport.example,+358 40 819 0410,false,fi,true,WEBSITE,2028-09-06
2180,1215,Jukka,Salminen,Store Manager,jukka.salminen@hikers.outdoor.example,+358 40 699 9286,true,fi,true,ACCOUNT_MANAGER,2028-09-06
2181,1216,Solveig,Haugen,Store Manager,solveig.haugen@polar.turutstyr.example,+47 912 01 563,true,nb,false,TRADE_FAIR,2028-09-06
2182,1216,Torbjørn,Andersen,Purchasing,torbjorn.andersen@polar.turutstyr.example,+47 903 89 379,false,nb,true,ACCOUNT_MANAGER,2029-09-06
2183,1216,Kristian,Andersen,Purchasing,kristian.andersen@polar.turutstyr.example,+47 980 25 258,false,nb,true,ACCOUNT_MANAGER,2028-09-06
2184,1217,Tobias,Fischer,Store Manager,tobias.fischer@skog24.example,+49 40 6179640,true,de,false,TRADE_FAIR,2028-09-06
2185,1217,Markus,Weber,Owner,markus.weber@skog24.example,+49 40 3021038,false,de,true,TRADE_FAIR,2029-09-06
2186,1218,Per,Svensson,Store Manager,per.svensson@kaira24.example,+46 70 188 40 50,true,sv,true,ACCOUNT_MANAGER,2031-09-06
2187,1218,Frida,Eriksson,Owner,frida.eriksson@kaira24.example,+46 70 871 98 41,false,sv,true,WEBSITE,2029-09-06
2188,1218,Lars,Lundqvist,Assistant Manager,lars.lundqvist@kaira24.example,+46 70 982 88 78,false,sv,false,WEBSITE,2028-09-06
2189,1219,Frida,Larsson,Store Manager,frida.larsson@umea.scouts.example,+46 70 079 21 60,true,sv,true,PORTAL,2031-09-06
2190,1220,Hanna,Andersson,Store Manager,hanna.andersson@kiruna.outfitters.example,+46 70 074 24 81,true,sv,false,ACCOUNT_MANAGER,2028-09-06
2191,1221,Antti,Hämäläinen,Store Manager,antti.hamalainen@vaasa.sport.fritid.example,+358 40 544 2868,true,fi,true,PORTAL,2031-09-06
2192,1222,Triin,Saar,Store Manager,triin.saar@arcticstore.example,+372 5842 5413,true,et,true,PORTAL,2029-09-06
2193,1222,Priit,Saar,Owner,priit.saar@arcticstore.example,+372 5714 2481,false,et,false,WEBSITE,2029-09-06
2194,1223,Per,Eriksson,Store Manager,per.eriksson@aapa.camping.example,+46 70 112 53 30,true,sv,false,WEBSITE,2029-09-06
2195,1223,Maja,Lundqvist,Accounts Payable,maja.lundqvist@aapa.camping.example,+46 70 741 89 98,false,sv,false,TRADE_FAIR,2029-09-06
2196,1223,Mattias,Olsson,Accounts Payable,mattias.olsson@aapa.camping.example,+46 70 397 93 02,false,sv,true,ACCOUNT_MANAGER,2028-09-06
2197,1224,Lars,Persson,Store Manager,lars.persson@lakeshop.example,+46 70 871 25 84,true,sv,false,TRADE_FAIR,2029-09-06
2198,1225,Louise,Jensen,Store Manager,louise.jensen@esbjerg.expeditions.example,+45 43 15 80 06,true,da,true,PORTAL,2028-09-06
2199,1225,Jonas,Jensen,Warehouse,jonas.jensen@esbjerg.expeditions.example,+45 25 91 12 25,false,da,true,ACCOUNT_MANAGER,2031-09-06
2200,1226,Linnea,Lindberg,Store Manager,linnea.lindberg@kiruna.friluft.example,+46 70 737 29 42,true,sv,false,WEBSITE,2029-09-06
2201,1227,Bjørn,Berg,Store Manager,bjorn.berg@lillehammer.expeditions.example,+47 955 99 663,true,nb,true,WEBSITE,2028-09-06
2202,1227,Hege,Kristiansen,Accounts Payable,hege.kristiansen@lillehammer.expeditions.example,+47 991 48 816,false,nb,false,WEBSITE,2028-09-06
2203,1228,Noora,Lehto,Store Manager,noora.lehto@suvantostore.example,+358 40 527 4266,true,fi,true,ACCOUNT_MANAGER,2029-09-06
2204,1229,Karin,Johansson,Store Manager,karin.johansson@orebro.turutstyr.example,+46 70 272 63 31,true,sv,true,ACCOUNT_MANAGER,2029-09-06
2205,1229,Ebba,Åberg,Warehouse,ebba.aberg@orebro.turutstyr.example,+46 70 011 74 38,false,sv,false,TRADE_FAIR,2031-09-06
2206,1230,Kristian,Bakke,Store Manager,kristian.bakke@fjord.turutstyr.example,+47 930 66 445,true,nb,false,PORTAL,2028-09-06
2207,1230,Ingrid,Pedersen,Accounts Payable,ingrid.pedersen@fjord.turutstyr.example,+47 909 00 607,false,nb,false,PORTAL,2028-09-06
2208,1231,Frederik,Jensen,Store Manager,frederik.jensen@rasmussen.sport.example,+45 12 89 64 56,true,da,true,PORTAL,2031-09-06
2209,1231,Ida,Christensen,Owner,ida.christensen@rasmussen.sport.example,+45 49 68 69 54,false,da,true,TRADE_FAIR,2031-09-06
2210,1232,Linnea,Åberg,Store Manager,linnea.aberg@trail.outfitters.example,+46 70 873 38 17,true,sv,false,PORTAL,2029-09-06
2211,1232,Ulf,Olsson,Purchasing,ulf.olsson@trail.outfitters.example,+46 70 641 97 13,false,sv,false,PORTAL,2031-09-06
2212,1233,Frida,Åberg,Store Manager,frida.aberg@basecamp.trekking.example,+46 70 485 00 93,true,sv,true,WEBSITE,2028-09-06
2213,1233,Per,Johansson,Warehouse,per.johansson@basecamp.trekking.example,+46 70 180 93 21,false,sv,false,WEBSITE,2031-09-06
2214,1233,Gustav,Karlsson,Accounts Payable,gustav.karlsson@basecamp.trekking.example,+46 70 404 08 19,false,sv,true,PORTAL,2029-09-06
2215,1234,Kaisa,Kallio,Store Manager,kaisa.kallio@joensuu.fritid.example,+358 40 069 6608,true,fi,true,TRADE_FAIR,2029-09-06
2216,1235,Jari,Rantanen,Store Manager,jari.rantanen@helsinki.fritid.example,+358 40 995 7002,true,fi,true,WEBSITE,2031-09-06
2217,1236,Lars,Larsson,Store Manager,lars.larsson@kalotti.turutstyr.example,+46 70 343 64 76,true,sv,true,ACCOUNT_MANAGER,2029-09-06
2218,1237,Ville,Saarinen,Store Manager,ville.saarinen@kairastore.example,+358 40 337 4348,true,fi,true,WEBSITE,2029-09-06
2219,1238,Karin,Olsson,Store Manager,karin.olsson@linkoping.sports.example,+46 70 532 84 63,true,sv,true,TRADE_FAIR,2028-09-06
2220,1239,Sindre,Haugen,Store Manager,sindre.haugen@vaara.outfitters.example,+47 916 05 653,true,nb,false,TRADE_FAIR,2031-09-06
2221,1239,Hege,Bakke,Assistant Manager,hege.bakke@vaara.outfitters.example,+47 910 34 945,false,nb,true,ACCOUNT_MANAGER,2029-09-06
2222,1239,Vegard,Bakke,Owner,vegard.bakke@vaara.outfitters.example,+47 944 81 570,false,nb,false,ACCOUNT_MANAGER,2029-09-06
2223,1240,Emma,Holm,Store Manager,emma.holm@ruska.adventure.example,+46 70 888 57 78,true,sv,true,PORTAL,2031-09-06
2224,1240,Ebba,Gustafsson,Warehouse,ebba.gustafsson@ruska.adventure.example,+46 70 823 92 15,false,sv,true,TRADE_FAIR,2029-09-06
2225,1240,Emma,Åberg,Warehouse,emma.aberg@ruska.adventure.example,+46 70 315 34 64,false,sv,true,PORTAL,2028-09-06
2226,1241,Katri,Niemi,Store Manager,katri.niemi@selka.friluft.example,+358 40 077 6877,true,fi,false,PORTAL,2028-09-06
2227,1241,Pekka,Mäkinen,Accounts Payable,pekka.makinen@selka.friluft.example,+358 40 742 1078,false,fi,true,ACCOUNT_MANAGER,2029-09-06
2228,1242,Olli,Kallio,Store Manager,olli.kallio@ruskagear.example,+358 40 141 4259,true,fi,true,ACCOUNT_MANAGER,2028-09-06
2229,1243,Jukka,Aho,Store Manager,jukka.aho@hikers24.example,+358 40 859 1111,true,fi,true,WEBSITE,2028-09-06
2230,1244,Torbjørn,Haugen,Store Manager,torbjorn.haugen@selkagear.example,+47 976 93 797,true,nb,false,PORTAL,2031-09-06
2231,1244,Ingrid,Hansen,Warehouse,ingrid.hansen@selkagear.example,+47 901 60 197,false,nb,true,ACCOUNT_MANAGER,2028-09-06
2232,1244,Ole,Nilsen,Warehouse,ole.nilsen@selkagear.example,+47 934 88 626,false,nb,false,PORTAL,2029-09-06
2233,1245,Johan,Gustafsson,Store Manager,johan.gustafsson@hikersgear.example,+46 70 858 60 07,true,sv,true,PORTAL,2028-09-06
2234,1245,Björn,Svensson,Accounts Payable,bjorn.svensson@hikersgear.example,+46 70 373 86 15,false,sv,false,PORTAL,2031-09-06
2235,1246,Nora,Larsen,Store Manager,nora.larsen@aapa.sport.fritid.example,+47 991 32 236,true,nb,true,PORTAL,2028-09-06
2236,1246,Solveig,Berg,Accounts Payable,solveig.berg@aapa.sport.fritid.example,+47 948 80 612,false,nb,true,TRADE_FAIR,2029-09-06
2237,1246,Torbjørn,Kristiansen,Owner,torbjorn.kristiansen@aapa.sport.fritid.example,+47 922 50 125,false,nb,true,WEBSITE,2031-09-06
2238,1247,Morten,Jensen,Store Manager,morten.jensen@skog24.example,+45 56 03 04 90,true,da,true,WEBSITE,2031-09-06
2239,1247,Signe,Jensen,Purchasing,signe.jensen@skog24.example,+45 65 63 73 31,false,da,true,PORTAL,2031-09-06
2240,1248,Erik,Svensson,Store Manager,erik.svensson@strand.outdoor.example,+46 70 995 91 66,true,sv,true,PORTAL,2031-09-06
2241,1248,Henrik,Lindberg,Warehouse,henrik.lindberg@strand.outdoor.example,+46 70 045 36 57,false,sv,false,PORTAL,2028-09-06
2242,1248,Ebba,Strand,Assistant Manager,ebba.strand@strand.outdoor.example,+46 70 200 17 02,false,sv,true,TRADE_FAIR,2028-09-06
2243,1249,Vegard,Nygaard,Store Manager,vegard.nygaard@compass.sport.fritid.example,+47 976 69 616,true,nb,true,PORTAL,2028-09-06
2244,1250,Lars,Åberg,Store Manager,lars.aberg@aurorastore.example,+46 70 932 22 28,true,sv,false,TRADE_FAIR,2028-09-06
2245,1250,Lovisa,Lundqvist,Assistant Manager,lovisa.lundqvist@aurorastore.example,+46 70 236 11 11,false,sv,false,ACCOUNT_MANAGER,2031-09-06
2246,1251,Maarja,Rebane,Store Manager,maarja.rebane@tallinn.trekking.example,+372 5091 2420,true,et,false,WEBSITE,2031-09-06
2247,1252,Olli,Salo,Store Manager,olli.salo@turku.alpine.club.example,+358 40 989 8820,true,fi,true,ACCOUNT_MANAGER,2031-09-06
2248,1252,Kaisa,Salminen,Purchasing,kaisa.salminen@turku.alpine.club.example,+358 40 238 7193,false,fi,true,TRADE_FAIR,2028-09-06
2249,1253,Ingrid,Nilsen,Store Manager,ingrid.nilsen@trailstore.example,+47 931 26 283,true,nb,false,TRADE_FAIR,2031-09-06
2250,1253,Sigrid,Larsen,Owner,sigrid.larsen@trailstore.example,+47 984 50 433,false,nb,true,PORTAL,2029-09-06
2251,1254,Anna,Schmidt,Store Manager,anna.schmidt@flensburg.adventures.example,+49 40 6508778,true,de,false,ACCOUNT_MANAGER,2029-09-06
2252,1255,Jukka,Aho,Store Manager,jukka.aho@basecampgear.example,+358 40 011 1688,true,fi,false,PORTAL,2029-09-06
2253,1255,Venla,Järvinen,Owner,venla.jarvinen@basecampgear.example,+358 40 812 3680,false,fi,false,TRADE_FAIR,2029-09-06
2254,1255,Jari,Laine,Owner,jari.laine@basecampgear.example,+358 40 758 7797,false,fi,false,TRADE_FAIR,2029-09-06
2255,1256,Noora,Kallio,Store Manager,noora.kallio@kittila.adventure.example,+358 40 670 3961,true,fi,true,WEBSITE,2031-09-06
2256,1256,Venla,Virtanen,Assistant Manager,venla.virtanen@kittila.adventure.example,+358 40 972 9053,false,fi,false,PORTAL,2031-09-06
2257,1257,Ville,Korhonen,Store Manager,ville.korhonen@nordlys.outdoor.example,+358 40 503 0036,true,fi,false,TRADE_FAIR,2029-09-06
2258,1257,Jukka,Salminen,Buyer,jukka.salminen@nordlys.outdoor.example,+358 40 132 2883,false,fi,false,WEBSITE,2031-09-06
2259,1258,Vegard,Karlsen,Store Manager,vegard.karlsen@bergen.outdoor.example,+47 986 14 704,true,nb,true,ACCOUNT_MANAGER,2028-09-06
2260,1259,Petra,Wagner,Store Manager,petra.wagner@nordlys.outdoor.example,+49 40 3342286,true,de,true,ACCOUNT_MANAGER,2031-09-06
2261,1260,Venla,Aho,Store Manager,venla.aho@compass.adventure.example,+358 40 242 0825,true,fi,false,ACCOUNT_MANAGER,2029-09-06
2262,1261,Lauri,Rantanen,Store Manager,lauri.rantanen@jyvaskyla.outfitters.example,+358 40 489 3494,true,fi,true,TRADE_FAIR,2031-09-06
2263,1261,Jukka,Niemi,Purchasing,jukka.niemi@jyvaskyla.outfitters.example,+358 40 242 8261,false,fi,true,WEBSITE,2028-09-06
2264,1262,Johan,Holm,Store Manager,johan.holm@holm.friluft.example,+46 70 906 75 03,true,sv,true,ACCOUNT_MANAGER,2031-09-06
2265,1262,Johan,Gustafsson,Accounts Payable,johan.gustafsson@holm.friluft.example,+46 70 052 29 18,false,sv,false,TRADE_FAIR,2028-09-06
2266,1263,Elin,Johansson,Store Manager,elin.johansson@aapa.trekking.example,+46 70 035 21 17,true,sv,false,TRADE_FAIR,2029-09-06
2267,1264,Hege,Hansen,Store Manager,hege.hansen@tromso.outdoor.example,+47 900 95 756,true,nb,true,ACCOUNT_MANAGER,2031-09-06
2268,1264,Tone,Bakke,Owner,tone.bakke@tromso.outdoor.example,+47 904 43 435,false,nb,true,WEBSITE,2029-09-06
2269,1264,Nora,Nygaard,Buyer,nora.nygaard@tromso.outdoor.example,+47 922 08 398,false,nb,true,WEBSITE,2028-09-06
2270,1265,Johan,Holm,Store Manager,johan.holm@summit.adventure.example,+46 70 186 36 45,true,sv,true,PORTAL,2028-09-06
2271,1265,Astrid,Strand,Purchasing,astrid.strand@summit.adventure.example,+46 70 251 21 79,false,sv,false,PORTAL,2028-09-06
2272,1265,Sara,Larsson,Assistant Manager,sara.larsson@summit.adventure.example,+46 70 077 47 55,false,sv,false,WEBSITE,2029-09-06
2273,1266,Sindre,Pedersen,Store Manager,sindre.pedersen@nordlys.friluft.example,+47 922 46 287,true,nb,false,PORTAL,2028-09-06
2274,1266,Anette,Berg,Owner,anette.berg@nordlys.friluft.example,+47 989 97 322,false,nb,false,PORTAL,2031-09-06
2275,1267,Venla,Salminen,Store Manager,venla.salminen@nietos.camping.example,+358 40 072 4715,true,fi,true,TRADE_FAIR,2028-09-06
2276,1267,Juhani,Hämäläinen,Accounts Payable,juhani.hamalainen@nietos.camping.example,+358 40 918 8681,false,fi,false,PORTAL,2029-09-06
2277,1268,Felix,Müller,Store Manager,felix.muller@kaamos.camping.example,+49 40 4129813,true,de,false,WEBSITE,2028-09-06
2278,1268,Felix,Müller,Purchasing,felix.muller.hamburg@kaamos.camping.example,+49 40 9382470,false,de,true,WEBSITE,2029-09-06
2279,1268,Markus,Schmidt,Assistant Manager,markus.schmidt@kaamos.camping.example,+49 40 0545454,false,de,true,PORTAL,2029-09-06
2280,1269,Vegard,Pedersen,Store Manager,vegard.pedersen@alesund.trekking.example,+47 956 21 754,true,nb,true,PORTAL,2028-09-06
2281,1270,Maarja,Kukk,Store Manager,maarja.kukk@ruska.friluft.example,+372 5280 8883,true,et,false,ACCOUNT_MANAGER,2031-09-06
2282,1270,Tanel,Tamm,Owner,tanel.tamm@ruska.friluft.example,+372 5011 1182,false,et,false,WEBSITE,2028-09-06
2283,1271,Aino,Virtanen,Store Manager,aino.virtanen@vinter24.example,+358 40 974 6048,true,fi,false,TRADE_FAIR,2029-09-06
2284,1272,Aino,Niemi,Store Manager,aino.niemi@metsa.retki.example,+358 40 338 2824,true,fi,false,ACCOUNT_MANAGER,2031-09-06
2285,1273,Timo,Hämäläinen,Store Manager,timo.hamalainen@espoo.sport.fritid.example,+358 40 673 6279,true,fi,true,WEBSITE,2031-09-06
2286,1273,Tuomas,Salminen,Accounts Payable,tuomas.salminen@espoo.sport.fritid.example,+358 40 228 3914,false,fi,false,TRADE_FAIR,2029-09-06
2287,1274,Pekka,Koskinen,Store Manager,pekka.koskinen@ridge.sport.fritid.example,+358 40 154 2114,true,fi,false,PORTAL,2031-09-06
2288,1274,Katri,Salminen,Accounts Payable,katri.salminen@ridge.sport.fritid.example,+358 40 998 7383,false,fi,false,TRADE_FAIR,2028-09-06
2289,1275,Kaisa,Rantanen,Store Manager,kaisa.rantanen@selka.trekking.example,+358 40 179 1086,true,fi,true,PORTAL,2029-09-06
2290,1276,Björn,Svensson,Store Manager,bjorn.svensson@fjall24.example,+46 70 021 35 94,true,sv,true,PORTAL,2031-09-06
2291,1276,Lars,Åberg,Accounts Payable,lars.aberg@fjall24.example,+46 70 302 58 36,false,sv,false,ACCOUNT_MANAGER,2029-09-06
2292,1276,Elin,Eriksson,Accounts Payable,elin.eriksson@fjall24.example,+46 70 667 98 52,false,sv,true,PORTAL,2029-09-06
2293,1277,Jonas,Kjær,Store Manager,jonas.kjaer@summit.fritid.example,+45 39 38 70 15,true,da,true,PORTAL,2028-09-06
2294,1278,Aino,Niemi,Store Manager,aino.niemi@ruska.outfitters.example,+358 40 526 9991,true,fi,false,TRADE_FAIR,2029-09-06
2295,1278,Venla,Hämäläinen,Buyer,venla.hamalainen@ruska.outfitters.example,+358 40 595 8459,false,fi,true,PORTAL,2028-09-06
2296,1279,Riikka,Järvinen,Store Manager,riikka.jarvinen@korhonen.urheilu.example,+358 40 077 7763,true,fi,true,ACCOUNT_MANAGER,2029-09-06
2297,1279,Noora,Nieminen,Assistant Manager,noora.nieminen@korhonen.urheilu.example,+358 40 314 7759,false,fi,false,PORTAL,2029-09-06
2298,1279,Laura,Mäkinen,Assistant Manager,laura.makinen@korhonen.urheilu.example,+358 40 999 6938,false,fi,false,WEBSITE,2031-09-06
2299,1280,Morten,Poulsen,Store Manager,morten.poulsen@aarhus.adventures.example,+45 12 44 58 98,true,da,false,ACCOUNT_MANAGER,2029-09-06
2300,1280,Morten,Thomsen,Assistant Manager,morten.thomsen@aarhus.adventures.example,+45 44 26 04 89,false,da,true,WEBSITE,2028-09-06
2301,1281,Lovisa,Gustafsson,Store Manager,lovisa.gustafsson@kero.sports.example,+46 70 712 83 30,true,sv,true,PORTAL,2031-09-06
2302,1281,Hanna,Åberg,Assistant Manager,hanna.aberg@kero.sports.example,+46 70 735 35 49,false,sv,true,ACCOUNT_MANAGER,2031-09-06
2303,1281,Frida,Lindberg,Purchasing,frida.lindberg@kero.sports.example,+46 70 550 83 77,false,sv,true,WEBSITE,2031-09-06
2304,1282,Sofia,Svensson,Store Manager,sofia.svensson@ostersund.fritid.example,+46 70 802 15 59,true,sv,true,ACCOUNT_MANAGER,2028-09-06
2305,1282,Gustav,Olsson,Warehouse,gustav.olsson@ostersund.fritid.example,+46 70 063 53 76,false,sv,false,WEBSITE,2031-09-06
2306,1282,Erik,Strand,Owner,erik.strand@ostersund.fritid.example,+46 70 617 35 64,false,sv,false,WEBSITE,2029-09-06
2307,1283,Tuomas,Rantanen,Store Manager,tuomas.rantanen@kittila.friluft.example,+358 40 060 8867,true,fi,true,WEBSITE,2028-09-06
2308,1283,Aino,Salo,Owner,aino.salo@kittila.friluft.example,+358 40 195 4975,false,fi,true,ACCOUNT_MANAGER,2029-09-06
2309,1283,Noora,Nieminen,Owner,noora.nieminen@kittila.friluft.example,+358 40 715 3107,false,fi,false,WEBSITE,2031-09-06
2310,1284,Helmi,Nieminen,Store Manager,helmi.nieminen@nietosshop.example,+358 40 319 0977,true,fi,true,ACCOUNT_MANAGER,2031-09-06
2311,1284,Venla,Niemi,Purchasing,venla.niemi@nietosshop.example,+358 40 054 2689,false,fi,true,ACCOUNT_MANAGER,2028-09-06
2312,1285,Ole,Pedersen,Store Manager,ole.pedersen@nietosshop.example,+47 926 92 664,true,nb,true,ACCOUNT_MANAGER,2028-09-06
2313,1285,Vegard,Nygaard,Owner,vegard.nygaard@nietosshop.example,+47 902 43 766,false,nb,false,WEBSITE,2031-09-06
2314,1286,Kaisa,Järvinen,Store Manager,kaisa.jarvinen@hamalainen.friluft.example,+358 40 748 9027,true,fi,true,ACCOUNT_MANAGER,2029-09-06
2315,1286,Noora,Koskinen,Owner,noora.koskinen@hamalainen.friluft.example,+358 40 665 0810,false,fi,true,TRADE_FAIR,2028-09-06
2316,1287,Mikko,Laine,Store Manager,mikko.laine@turku.sport.fritid.example,+358 40 072 5112,true,fi,false,TRADE_FAIR,2029-09-06
2317,1287,Maija,Aho,Assistant Manager,maija.aho@turku.sport.fritid.example,+358 40 281 0674,false,fi,true,WEBSITE,2031-09-06
2318,1288,Anni,Heikkinen,Store Manager,anni.heikkinen@seinajoki.sport.fritid.example,+358 40 992 5561,true,fi,true,TRADE_FAIR,2029-09-06
2319,1288,Jukka,Salminen,Buyer,jukka.salminen@seinajoki.sport.fritid.example,+358 40 706 1813,false,fi,true,PORTAL,2028-09-06
2320,1289,Lovisa,Eriksson,Store Manager,lovisa.eriksson@stockholm.outfitters.example,+46 70 252 63 22,true,sv,true,PORTAL,2028-09-06
2321,1289,Hanna,Holm,Accounts Payable,hanna.holm@stockholm.outfitters.example,+46 70 886 92 62,false,sv,true,PORTAL,2028-09-06
2322,1290,Timo,Lehto,Store Manager,timo.lehto@lahti.sport.example,+358 40 825 6803,true,fi,false,TRADE_FAIR,2028-09-06
2323,1291,Riikka,Niemi,Store Manager,riikka.niemi@espoo.adventures.example,+358 40 149 1955,true,fi,true,WEBSITE,2029-09-06
2324,1292,Nora,Larsen,Store Manager,nora.larsen@bodo.trekking.example,+47 924 04 916,true,nb,false,TRADE_FAIR,2029-09-06
2325,1292,Jørgen,Hansen,Accounts Payable,jorgen.hansen@bodo.trekking.example,+47 915 77 670,false,nb,true,PORTAL,2031-09-06
2326,1293,Björn,Karlsson,Store Manager,bjorn.karlsson@forest.trekking.example,+46 70 870 02 35,true,sv,true,ACCOUNT_MANAGER,2029-09-06
2327,1294,Mikko,Virtanen,Store Manager,mikko.virtanen@ruska.turutstyr.example,+358 40 729 8967,true,fi,true,WEBSITE,2028-09-06
2328,1294,Lauri,Korhonen,Warehouse,lauri.korhonen@ruska.turutstyr.example,+358 40 206 9632,false,fi,false,WEBSITE,2029-09-06
2329,1294,Jukka,Korhonen,Assistant Manager,jukka.korhonen@ruska.turutstyr.example,+358 40 777 6744,false,fi,false,WEBSITE,2028-09-06
2330,1295,Olli,Rantanen,Store Manager,olli.rantanen@ruskashop.example,+358 40 766 5809,true,fi,false,PORTAL,2028-09-06
2331,1295,Tuomas,Korhonen,Warehouse,tuomas.korhonen@ruskashop.example,+358 40 741 4026,false,fi,true,PORTAL,2029-09-06
2332,1295,Aino,Salminen,Purchasing,aino.salminen@ruskashop.example,+358 40 253 7193,false,fi,false,ACCOUNT_MANAGER,2029-09-06
2333,1296,Morten,Nielsen,Store Manager,morten.nielsen@kolding.friluft.example,+45 06 91 14 25,true,da,true,PORTAL,2031-09-06
2334,1296,Camilla,Kjær,Purchasing,camilla.kjaer@kolding.friluft.example,+45 74 07 89 09,false,da,false,WEBSITE,2028-09-06
2335,1296,Pernille,Jensen,Assistant Manager,pernille.jensen@kolding.friluft.example,+45 59 56 25 44,false,da,true,ACCOUNT_MANAGER,2028-09-06
2336,1297,Sanna,Heikkinen,Store Manager,sanna.heikkinen@vuoma.trekking.example,+358 40 715 5374,true,fi,true,TRADE_FAIR,2031-09-06
2337,1297,Tuomas,Korhonen,Accounts Payable,tuomas.korhonen@vuoma.trekking.example,+358 40 981 4898,false,fi,true,TRADE_FAIR,2031-09-06
2338,1297,Aino,Mäkinen,Warehouse,aino.makinen@vuoma.trekking.example,+358 40 085 9289,false,fi,false,WEBSITE,2029-09-06
2339,1298,Noora,Heikkinen,Store Manager,noora.heikkinen@nietos.outfitters.example,+358 40 503 9281,true,fi,true,TRADE_FAIR,2028-09-06
2340,1298,Riikka,Lehto,Purchasing,riikka.lehto@nietos.outfitters.example,+358 40 399 9673,false,fi,true,TRADE_FAIR,2028-09-06
2341,1299,Magnus,Lindberg,Store Manager,magnus.lindberg@gavle.friluft.example,+46 70 687 97 03,true,sv,true,TRADE_FAIR,2029-09-06
2342,1299,Johan,Strand,Buyer,johan.strand@gavle.friluft.example,+46 70 931 46 03,false,sv,true,PORTAL,2029-09-06
2343,1300,Håkon,Berg,Store Manager,hakon.berg@basecampstore.example,+47 970 56 313,true,nb,true,PORTAL,2028-09-06
2344,1300,Tone,Berg,Accounts Payable,tone.berg@basecampstore.example,+47 937 74 630,false,nb,true,TRADE_FAIR,2028-09-06
2345,1301,Katri,Lehtonen,Store Manager,katri.lehtonen@kuusamo.fritid.example,+358 40 957 9047,true,fi,false,ACCOUNT_MANAGER,2028-09-06
2346,1301,Anni,Kallio,Purchasing,anni.kallio@kuusamo.fritid.example,+358 40 995 8958,false,fi,true,PORTAL,2031-09-06
2347,1302,Jonas,Madsen,Store Manager,jonas.madsen@arctic.retki.example,+45 16 88 69 59,true,da,false,TRADE_FAIR,2028-09-06
2348,1302,Pernille,Poulsen,Accounts Payable,pernille.poulsen@arctic.retki.example,+45 40 65 90 49,false,da,true,PORTAL,2029-09-06
2349,1303,Morten,Thomsen,Store Manager,morten.thomsen@aapagear.example,+45 06 87 59 21,true,da,true,TRADE_FAIR,2028-09-06
2350,1303,Louise,Madsen,Assistant Manager,louise.madsen@aapagear.example,+45 64 04 45 18,false,da,true,TRADE_FAIR,2031-09-06
2351,1303,Signe,Poulsen,Owner,signe.poulsen@aapagear.example,+45 27 85 26 43,false,da,false,TRADE_FAIR,2029-09-06
2352,1304,Sanna,Aho,Store Manager,sanna.aho@oulu.hiking.association.example,+358 40 428 0651,true,fi,false,WEBSITE,2029-09-06
2353,1304,Eero,Mäkinen,Accounts Payable,eero.makinen@oulu.hiking.association.example,+358 40 180 9565,false,fi,true,ACCOUNT_MANAGER,2031-09-06
2354,1305,Timo,Lehto,Store Manager,timo.lehto@jarvinen.sport.example,+358 40 725 3816,true,fi,true,PORTAL,2031-09-06
2355,1305,Anni,Laine,Owner,anni.laine@jarvinen.sport.example,+358 40 704 9972,false,fi,false,TRADE_FAIR,2029-09-06
2356,1306,Elina,Lehtonen,Store Manager,elina.lehtonen@kalottishop.example,+358 40 384 2336,true,fi,true,ACCOUNT_MANAGER,2031-09-06
2357,1307,Mikko,Hämäläinen,Store Manager,mikko.hamalainen@nieminen.friluft.example,+358 40 489 3280,true,fi,true,ACCOUNT_MANAGER,2029-09-06
2358,1307,Maija,Salminen,Purchasing,maija.salminen@nieminen.friluft.example,+358 40 200 3990,false,fi,true,ACCOUNT_MANAGER,2031-09-06
2359,1308,Maja,Åberg,Store Manager,maja.aberg@orebro.outfitters.example,+46 70 270 58 60,true,sv,false,TRADE_FAIR,2031-09-06
2360,1308,Ulf,Persson,Warehouse,ulf.persson@orebro.outfitters.example,+46 70 118 18 82,false,sv,true,ACCOUNT_MANAGER,2031-09-06
2361,1309,Kaisa,Mäkinen,Store Manager,kaisa.makinen@kittila.sport.fritid.example,+358 40 908 0884,true,fi,true,ACCOUNT_MANAGER,2031-09-06
2362,1310,Lars,Persson,Store Manager,lars.persson@are.adventures.example,+46 70 366 64 91,true,sv,true,WEBSITE,2029-09-06
2363,1311,Maarja,Kask,Store Manager,maarja.kask@ridgeshop.example,+372 5491 0201,true,et,true,ACCOUNT_MANAGER,2031-09-06
2364,1312,Gustav,Johansson,Store Manager,gustav.johansson@viddeshop.example,+46 70 955 73 39,true,sv,true,PORTAL,2031-09-06
2365,1312,Sara,Larsson,Accounts Payable,sara.larsson@viddeshop.example,+46 70 911 39 69,false,sv,false,ACCOUNT_MANAGER,2031-09-06
2366,1313,Frederik,Christensen,Store Manager,frederik.christensen@aarhus.scouts.example,+45 49 00 45 22,true,da,true,TRADE_FAIR,2031-09-06
2367,1314,Mathias,Kristiansen,Store Manager,mathias.kristiansen@kristiansand.outdoor.example,+47 954 79 609,true,nb,true,ACCOUNT_MANAGER,2029-09-06
2368,1314,Kristian,Hansen,Assistant Manager,kristian.hansen@kristiansand.outdoor.example,+47 952 84 177,false,nb,true,ACCOUNT_MANAGER,2031-09-06
2369,1315,Elina,Järvinen,Store Manager,elina.jarvinen@nietos.sport.example,+358 40 282 7420,true,fi,true,WEBSITE,2028-09-06
2370,1315,Tuomas,Salminen,Purchasing,tuomas.salminen@nietos.sport.example,+358 40 405 2444,false,fi,true,TRADE_FAIR,2031-09-06
2371,1316,Ulf,Åberg,Store Manager,ulf.aberg@persson.friluft.example,+46 70 598 54 69,true,sv,true,ACCOUNT_MANAGER,2031-09-06
2372,1316,Emma,Nilsson,Owner,emma.nilsson@persson.friluft.example,+46 70 847 00 75,false,sv,false,ACCOUNT_MANAGER,2031-09-06
2373,1317,Anna,Koch,Store Manager,anna.koch@berlin.expeditions.example,+49 40 5689368,true,de,true,WEBSITE,2029-09-06
2374,1317,Felix,Wagner,Buyer,felix.wagner@berlin.expeditions.example,+49 40 3094228,false,de,false,ACCOUNT_MANAGER,2031-09-06
2375,1317,Lena,Weber,Assistant Manager,lena.weber@berlin.expeditions.example,+49 40 5369265,false,de,true,TRADE_FAIR,2031-09-06
2376,1318,Anna,Weber,Store Manager,anna.weber@summit.sport.fritid.example,+49 40 7514061,true,de,true,PORTAL,2028-09-06
2377,1318,Julia,Hoffmann,Warehouse,julia.hoffmann@summit.sport.fritid.example,+49 40 2609997,false,de,true,ACCOUNT_MANAGER,2029-09-06
2378,1319,Sigrid,Haugen,Store Manager,sigrid.haugen@kristiansand.guides.example,+47 963 72 420,true,nb,true,TRADE_FAIR,2029-09-06
2379,1320,Lars,Åberg,Store Manager,lars.aberg@umea.guides.example,+46 70 302 98 58,true,sv,true,PORTAL,2029-09-06
2380,1321,Oskar,Nilsson,Store Manager,oskar.nilsson@ridgegear.example,+46 70 685 73 85,true,sv,true,TRADE_FAIR,2029-09-06
2381,1322,Mikko,Virtanen,Store Manager,mikko.virtanen@lakestore.example,+358 40 431 5643,true,fi,false,TRADE_FAIR,2031-09-06
2382,1323,Karin,Lundqvist,Store Manager,karin.lundqvist@lundqvist.urheilu.example,+46 70 760 69 43,true,sv,false,PORTAL,2029-09-06
2383,1323,Karin,Åberg,Buyer,karin.aberg@lundqvist.urheilu.example,+46 70 457 22 57,false,sv,false,ACCOUNT_MANAGER,2029-09-06
2384,1324,Katri,Aho,Store Manager,katri.aho@koskinen.friluft.example,+358 40 305 8152,true,fi,false,TRADE_FAIR,2029-09-06
2385,1325,Jukka,Virtanen,Store Manager,jukka.virtanen@rovaniemi.turutstyr.example,+358 40 260 7887,true,fi,false,PORTAL,2028-09-06
2386,1325,Pekka,Aho,Accounts Payable,pekka.aho@rovaniemi.turutstyr.example,+358 40 399 0839,false,fi,false,ACCOUNT_MANAGER,2031-09-06
2387,1326,Jari,Korhonen,Store Manager,jari.korhonen@hameenlinna.trekking.example,+358 40 978 8193,true,fi,true,PORTAL,2031-09-06
2388,1326,Olli,Aho,Warehouse,olli.aho@hameenlinna.trekking.example,+358 40 548 6051,false,fi,true,TRADE_FAIR,2031-09-06
2389,1326,Lauri,Aho,Buyer,lauri.aho@hameenlinna.trekking.example,+358 40 443 6928,false,fi,false,PORTAL,2031-09-06
2390,1327,Jørgen,Haugen,Store Manager,jorgen.haugen@stavanger.sport.example,+47 973 49 817,true,nb,false,WEBSITE,2028-09-06
2391,1328,Morten,Kjær,Store Manager,morten.kjaer@vaara.urheilu.example,+45 90 91 24 55,true,da,false,TRADE_FAIR,2028-09-06
2392,1329,Signe,Rasmussen,Store Manager,signe.rasmussen@kjaer.outdoor.example,+45 27 65 47 76,true,da,false,ACCOUNT_MANAGER,2031-09-06
2393,1329,Mette,Poulsen,Warehouse,mette.poulsen@kjaer.outdoor.example,+45 24 42 28 24,false,da,true,WEBSITE,2031-09-06
2394,1330,Anders,Persson,Store Manager,anders.persson@falun.expeditions.example,+46 70 952 75 58,true,sv,true,WEBSITE,2028-09-06
2395,1331,Sara,Holm,Store Manager,sara.holm@falun.outdoor.school.example,+46 70 859 02 04,true,sv,false,ACCOUNT_MANAGER,2029-09-06
2396,1332,Nora,Moen,Store Manager,nora.moen@fjall.outfitters.example,+47 917 50 697,true,nb,true,ACCOUNT_MANAGER,2031-09-06
2397,1332,Kari,Andersen,Owner,kari.andersen@fjall.outfitters.example,+47 997 93 853,false,nb,true,PORTAL,2029-09-06
2398,1333,Eirik,Hansen,Store Manager,eirik.hansen@oslo.adventure.example,+47 966 82 203,true,nb,false,PORTAL,2028-09-06
2399,1334,Kaisa,Virtanen,Store Manager,kaisa.virtanen@espoo.sports.example,+358 40 975 1996,true,fi,true,WEBSITE,2031-09-06
2400,1335,Antti,Lehto,Store Manager,antti.lehto@kayak.adventure.example,+358 40 048 5190,true,fi,true,PORTAL,2031-09-06
2401,1336,Laura,Nieminen,Store Manager,laura.nieminen@espoo.guides.example,+358 40 900 4712,true,fi,true,WEBSITE,2028-09-06
2402,1337,Freja,Nielsen,Store Manager,freja.nielsen@aarhus.outdoor.school.example,+45 97 60 26 44,true,da,false,TRADE_FAIR,2031-09-06
2403,1337,Mette,Christensen,Buyer,mette.christensen@aarhus.outdoor.school.example,+45 99 93 54 80,false,da,true,TRADE_FAIR,2028-09-06
2404,1338,Petra,Fischer,Store Manager,petra.fischer@hamburg.outfitters.example,+49 40 2338814,true,de,true,TRADE_FAIR,2029-09-06
2405,1338,Lena,Koch,Accounts Payable,lena.koch@hamburg.outfitters.example,+49 40 5517484,false,de,false,PORTAL,2028-09-06
2406,1339,Mathias,Haugen,Store Manager,mathias.haugen@rakkashop.example,+47 951 33 087,true,nb,false,ACCOUNT_MANAGER,2028-09-06
2407,1339,Tone,Haugen,Purchasing,tone.haugen@rakkashop.example,+47 928 22 230,false,nb,true,ACCOUNT_MANAGER,2028-09-06
2408,1340,Lukas,Koch,Store Manager,lukas.koch@loiste.sports.example,+49 40 7554198,true,de,true,TRADE_FAIR,2028-09-06
2409,1341,Kristian,Kristiansen,Store Manager,kristian.kristiansen@ridge.adventure.example,+47 928 54 523,true,nb,false,WEBSITE,2031-09-06
2410,1341,Ingrid,Karlsen,Owner,ingrid.karlsen@ridge.adventure.example,+47 953 04 390,false,nb,true,TRADE_FAIR,2029-09-06
2411,1341,Solveig,Nygaard,Owner,solveig.nygaard@ridge.adventure.example,+47 941 64 448,false,nb,false,WEBSITE,2029-09-06
2412,1342,Noora,Saarinen,Store Manager,noora.saarinen@lake.trekking.example,+358 40 601 7976,true,fi,false,PORTAL,2031-09-06
2413,1342,Venla,Hämäläinen,Warehouse,venla.hamalainen@lake.trekking.example,+358 40 597 2644,false,fi,false,TRADE_FAIR,2029-09-06
2414,1343,Eero,Kallio,Store Manager,eero.kallio@kuusamo.sports.example,+358 40 212 8251,true,fi,false,TRADE_FAIR,2031-09-06
2415,1343,Timo,Salo,Purchasing,timo.salo@kuusamo.sports.example,+358 40 689 7012,false,fi,true,TRADE_FAIR,2029-09-06
2416,1344,Juhani,Lehto,Store Manager,juhani.lehto@rakka.trekking.example,+358 40 363 6740,true,fi,false,PORTAL,2031-09-06
2417,1345,Anders,Nilsson,Store Manager,anders.nilsson@olsson.friluft.example,+46 70 834 20 23,true,sv,false,TRADE_FAIR,2029-09-06
2418,1345,Sara,Eriksson,Owner,sara.eriksson@olsson.friluft.example,+46 70 406 82 48,false,sv,true,PORTAL,2029-09-06
2419,1346,Elina,Nieminen,Store Manager,elina.nieminen@kuusamo.scouts.example,+358 40 640 7839,true,fi,true,ACCOUNT_MANAGER,2029-09-06
2420,1346,Maija,Mäkinen,Warehouse,maija.makinen@kuusamo.scouts.example,+358 40 614 8672,false,fi,false,ACCOUNT_MANAGER,2031-09-06
2421,1346,Venla,Heikkinen,Accounts Payable,venla.heikkinen@kuusamo.scouts.example,+358 40 786 7782,false,fi,true,TRADE_FAIR,2029-09-06
2422,1347,Lena,Schmidt,Store Manager,lena.schmidt@hamburg.expeditions.example,+49 40 3464256,true,de,false,TRADE_FAIR,2028-09-06
2423,1347,Jonas,Wagner,Assistant Manager,jonas.wagner@hamburg.expeditions.example,+49 40 9562906,false,de,false,PORTAL,2029-09-06
2424,1348,Elin,Holm,Store Manager,elin.holm@stockholm.guides.example,+46 70 311 06 42,true,sv,true,TRADE_FAIR,2031-09-06
2425,1348,Frida,Karlsson,Accounts Payable,frida.karlsson@stockholm.guides.example,+46 70 353 73 73,false,sv,false,PORTAL,2031-09-06
2426,1349,Jonas,Schmidt,Store Manager,jonas.schmidt@lake.sports.example,+49 40 9911260,true,de,true,ACCOUNT_MANAGER,2031-09-06
2427,1349,Markus,Wagner,Owner,markus.wagner@lake.sports.example,+49 40 3956970,false,de,true,WEBSITE,2029-09-06
2428,1350,Tone,Haugen,Store Manager,tone.haugen@vaarastore.example,+47 937 05 244,true,nb,true,TRADE_FAIR,2031-09-06
2429,1350,Kari,Pedersen,Assistant Manager,kari.pedersen@vaarastore.example,+47 970 95 766,false,nb,true,WEBSITE,2028-09-06
2430,1350,Kristian,Larsen,Accounts Payable,kristian.larsen@vaarastore.example,+47 981 25 881,false,nb,false,WEBSITE,2029-09-06
2431,1351,Anette,Hansen,Store Manager,anette.hansen@lillehammer.alpine.club.example,+47 923 46 532,true,nb,false,ACCOUNT_MANAGER,2029-09-06
2432,1352,Solveig,Nygaard,Store Manager,solveig.nygaard@alesund.urheilu.example,+47 928 91 737,true,nb,true,WEBSITE,2028-09-06
2433,1353,Ingrid,Nilsen,Store Manager,ingrid.nilsen@kristiansand.outfitters.example,+47 995 87 180,true,nb,false,PORTAL,2031-09-06
2434,1353,Ingrid,Olsen,Owner,ingrid.olsen@kristiansand.outfitters.example,+47 906 60 270,false,nb,true,ACCOUNT_MANAGER,2029-09-06
2435,1354,Helmi,Heikkinen,Store Manager,helmi.heikkinen@kittila.sport.example,+358 40 073 6021,true,fi,true,TRADE_FAIR,2031-09-06
2436,1355,Per,Olsson,Store Manager,per.olsson@nietos.friluft.example,+46 70 712 16 75,true,sv,true,ACCOUNT_MANAGER,2028-09-06
2437,1356,Anni,Niemi,Store Manager,anni.niemi@kayak.outfitters.example,+358 40 754 2926,true,fi,false,TRADE_FAIR,2028-09-06
2438,1356,Ville,Virtanen,Purchasing,ville.virtanen@kayak.outfitters.example,+358 40 103 0984,false,fi,false,PORTAL,2029-09-06
2439,1357,Mattias,Eriksson,Store Manager,mattias.eriksson@nordlysstore.example,+46 70 712 53 27,true,sv,true,PORTAL,2029-09-06
2440,1358,Silje,Andersen,Store Manager,silje.andersen@oslo.camping.example,+47 905 64 612,true,nb,true,PORTAL,2031-09-06
2441,1358,Nora,Bakke,Warehouse,nora.bakke@oslo.camping.example,+47 980 51 758,false,nb,true,PORTAL,2028-09-06
2442,1359,Ulf,Holm,Store Manager,ulf.holm@kayak.trekking.example,+46 70 277 86 37,true,sv,true,ACCOUNT_MANAGER,2029-09-06
2443,1359,Per,Lindberg,Owner,per.lindberg@kayak.trekking.example,+46 70 827 48 21,false,sv,false,WEBSITE,2028-09-06
2444,1359,Lars,Lindberg,Assistant Manager,lars.lindberg@kayak.trekking.example,+46 70 890 18 30,false,sv,false,TRADE_FAIR,2028-09-06
2445,1360,Katharina,Becker,Store Manager,katharina.becker@koch.urheilu.example,+49 40 9865577,true,de,true,PORTAL,2029-09-06
2446,1360,Markus,Wagner,Purchasing,markus.wagner@koch.urheilu.example,+49 40 0631192,false,de,false,TRADE_FAIR,2028-09-06
2447,1361,Jonas,Madsen,Store Manager,jonas.madsen@aapa.sports.example,+45 50 09 72 05,true,da,false,TRADE_FAIR,2028-09-06
2448,1361,Mette,Kjær,Buyer,mette.kjaer@aapa.sports.example,+45 02 35 36 21,false,da,true,PORTAL,2028-09-06
2449,1362,Mikko,Koskinen,Store Manager,mikko.koskinen@kittila.trekking.example,+358 40 823 1140,true,fi,true,TRADE_FAIR,2031-09-06
2450,1362,Ville,Laine,Owner,ville.laine@kittila.trekking.example,+358 40 775 2532,false,fi,false,WEBSITE,2029-09-06
2451,1362,Kaisa,Nieminen,Accounts Payable,kaisa.nieminen@kittila.trekking.example,+358 40 569 2298,false,fi,true,TRADE_FAIR,2028-09-06
2452,1363,Maja,Larsson,Store Manager,maja.larsson@kaira.outfitters.example,+46 70 739 35 25,true,sv,false,PORTAL,2028-09-06
2453,1364,Ingrid,Moen,Store Manager,ingrid.moen@haugen.urheilu.example,+47 943 86 093,true,nb,false,PORTAL,2031-09-06
2454,1365,Torbjørn,Karlsen,Store Manager,torbjorn.karlsen@ridge.sports.example,+47 912 37 988,true,nb,false,ACCOUNT_MANAGER,2028-09-06
2455,1365,Marit,Pedersen,Owner,marit.pedersen@ridge.sports.example,+47 924 72 346,false,nb,true,TRADE_FAIR,2031-09-06
2456,1365,Silje,Pedersen,Accounts Payable,silje.pedersen@ridge.sports.example,+47 913 14 519,false,nb,false,PORTAL,2028-09-06
2457,1366,Ole,Andersen,Store Manager,ole.andersen@forest.retki.example,+47 987 37 577,true,nb,true,WEBSITE,2028-09-06
2458,1366,Hege,Berg,Assistant Manager,hege.berg@forest.retki.example,+47 970 14 270,false,nb,false,ACCOUNT_MANAGER,2028-09-06
2459,1366,Silje,Dahl,Buyer,silje.dahl@forest.retki.example,+47 939 16 644,false,nb,false,WEBSITE,2028-09-06
2460,1367,Helmi,Salminen,Store Manager,helmi.salminen@kokkola.adventure.example,+358 40 806 6474,true,fi,true,PORTAL,2028-09-06
2461,1368,Eirik,Hansen,Store Manager,eirik.hansen@andersen.friluft.example,+47 920 77 921,true,nb,false,WEBSITE,2029-09-06
2462,1368,Torbjørn,Nilsen,Accounts Payable,torbjorn.nilsen@andersen.friluft.example,+47 933 12 280,false,nb,true,PORTAL,2031-09-06
2463,1368,Ingrid,Berg,Assistant Manager,ingrid.berg@andersen.friluft.example,+47 947 12 898,false,nb,true,WEBSITE,2031-09-06
2464,1369,Håkon,Bakke,Store Manager,hakon.bakke@drammen.sport.fritid.example,+47 988 87 775,true,nb,false,WEBSITE,2028-09-06
2465,1369,Håkon,Moen,Owner,hakon.moen@drammen.sport.fritid.example,+47 909 37 213,false,nb,false,PORTAL,2031-09-06
2466,1369,Eirik,Olsen,Accounts Payable,eirik.olsen@drammen.sport.fritid.example,+47 900 14 310,false,nb,false,PORTAL,2031-09-06
2467,1370,Anette,Bakke,Store Manager,anette.bakke@kaamosgear.example,+47 939 95 906,true,nb,true,TRADE_FAIR,2031-09-06
2468,1370,Anette,Dahl,Warehouse,anette.dahl@kaamosgear.example,+47 917 73 344,false,nb,false,TRADE_FAIR,2029-09-06
2469,1371,Sofia,Karlsson,Store Manager,sofia.karlsson@metsa.sport.fritid.example,+46 70 201 81 22,true,sv,true,WEBSITE,2031-09-06
2470,1371,Lovisa,Andersson,Accounts Payable,lovisa.andersson@metsa.sport.fritid.example,+46 70 575 06 39,false,sv,true,ACCOUNT_MANAGER,2028-09-06
2471,1372,Lena,Müller,Store Manager,lena.muller@kalotti.outfitters.example,+49 40 9673418,true,de,false,PORTAL,2029-09-06
2472,1372,Tobias,Wagner,Owner,tobias.wagner@kalotti.outfitters.example,+49 40 6406689,false,de,true,PORTAL,2031-09-06
2473,1373,Solveig,Nygaard,Store Manager,solveig.nygaard@kristiansand.fritid.example,+47 915 90 084,true,nb,true,ACCOUNT_MANAGER,2029-09-06
2474,1374,Solveig,Dahl,Store Manager,solveig.dahl@kayak.retki.example,+47 936 86 714,true,nb,true,ACCOUNT_MANAGER,2031-09-06
2475,1375,Astrid,Johansson,Store Manager,astrid.johansson@arcticstore.example,+46 70 134 09 60,true,sv,false,PORTAL,2029-09-06
2476,1376,Eirik,Karlsen,Store Manager,eirik.karlsen@arctic.retki.example,+47 984 48 669,true,nb,false,WEBSITE,2031-09-06
2477,1377,Vegard,Moen,Store Manager,vegard.moen@trondheim.turutstyr.example,+47 956 60 247,true,nb,true,WEBSITE,2031-09-06
2478,1378,Sigrid,Bakke,Store Manager,sigrid.bakke@tromso.outfitters.example,+47 905 47 186,true,nb,true,TRADE_FAIR,2029-09-06
2479,1378,Jørgen,Berg,Purchasing,jorgen.berg@tromso.outfitters.example,+47 937 94 548,false,nb,true,PORTAL,2028-09-06
2480,1379,Lars,Holm,Store Manager,lars.holm@stockholm.urheilu.example,+46 70 340 98 43,true,sv,true,WEBSITE,2028-09-06
2481,1379,Erik,Åberg,Buyer,erik.aberg@stockholm.urheilu.example,+46 70 419 08 31,false,sv,true,ACCOUNT_MANAGER,2031-09-06
2482,1380,Anette,Kristiansen,Store Manager,anette.kristiansen@ridge.outdoor.example,+47 927 17 904,true,nb,true,TRADE_FAIR,2028-09-06
2483,1380,Jørgen,Nilsen,Assistant Manager,jorgen.nilsen@ridge.outdoor.example,+47 921 47 459,false,nb,false,WEBSITE,2031-09-06
2484,1381,Jonas,Jørgensen,Store Manager,jonas.jorgensen@kolding.outdoor.school.example,+45 57 14 07 97,true,da,false,TRADE_FAIR,2029-09-06
2485,1382,Ville,Virtanen,Store Manager,ville.virtanen@ruska.fritid.example,+358 40 614 0983,true,fi,true,PORTAL,2028-09-06
2486,1382,Elina,Saarinen,Assistant Manager,elina.saarinen@ruska.fritid.example,+358 40 758 4740,false,fi,false,PORTAL,2028-09-06
2487,1383,Nora,Johansen,Store Manager,nora.johansen@bergen.rental.example,+47 901 87 280,true,nb,true,TRADE_FAIR,2031-09-06
2488,1383,Bjørn,Nygaard,Assistant Manager,bjorn.nygaard@bergen.rental.example,+47 977 79 920,false,nb,false,PORTAL,2031-09-06
2489,1384,Kari,Hansen,Store Manager,kari.hansen@ruska.adventure.example,+47 958 13 961,true,nb,true,WEBSITE,2029-09-06
2490,1385,Noora,Nieminen,Store Manager,noora.nieminen@lake24.example,+358 40 485 9929,true,fi,false,TRADE_FAIR,2029-09-06
2491,1385,Riikka,Saarinen,Purchasing,riikka.saarinen@lake24.example,+358 40 326 1279,false,fi,true,PORTAL,2029-09-06
2492,1386,Triin,Kukk,Store Manager,triin.kukk@kask.sport.example,+372 5264 2307,true,et,false,PORTAL,2028-09-06
2493,1386,Maarja,Kask,Warehouse,maarja.kask@kask.sport.example,+372 5637 0156,false,et,false,PORTAL,2028-09-06
2494,1387,Kaisa,Korhonen,Store Manager,kaisa.korhonen@vaasa.expeditions.example,+358 40 631 3087,true,fi,false,PORTAL,2029-09-06
2495,1387,Aino,Lehtonen,Assistant Manager,aino.lehtonen@vaasa.expeditions.example,+358 40 211 6600,false,fi,true,TRADE_FAIR,2029-09-06
2496,1387,Jukka,Lehtonen,Accounts Payable,jukka.lehtonen@vaasa.expeditions.example,+358 40 416 5477,false,fi,true,ACCOUNT_MANAGER,2028-09-06
2497,1388,Felix,Müller,Store Manager,felix.muller@muller.sport.example,+49 40 0072765,true,de,false,WEBSITE,2028-09-06
2498,1389,Tuomas,Korhonen,Store Manager,tuomas.korhonen@tampere.camping.example,+358 40 033 9890,true,fi,true,WEBSITE,2028-09-06
2499,1390,Priit,Sepp,Store Manager,priit.sepp@parnu.sport.fritid.example,+372 5981 5694,true,et,false,TRADE_FAIR,2029-09-06
2500,1390,Kristjan,Kask,Assistant Manager,kristjan.kask@parnu.sport.fritid.example,+372 5506 6683,false,et,true,PORTAL,2029-09-06
2501,1390,Mart,Kukk,Purchasing,mart.kukk@parnu.sport.fritid.example,+372 5361 7534,false,et,true,WEBSITE,2029-09-06
2502,1391,Petra,Müller,Store Manager,petra.muller@skog.fritid.example,+49 40 1923575,true,de,false,PORTAL,2028-09-06
2503,1391,Katharina,Fischer,Warehouse,katharina.fischer@skog.fritid.example,+49 40 8633034,false,de,false,TRADE_FAIR,2029-09-06
2504,1392,Rasmus,Poulsen,Store Manager,rasmus.poulsen@odense.sport.fritid.example,+45 15 89 87 96,true,da,false,TRADE_FAIR,2029-09-06
2505,1393,Louise,Jensen,Store Manager,louise.jensen@fjordgear.example,+45 62 68 18 43,true,da,true,TRADE_FAIR,2031-09-06
2506,1393,Louise,Jensen,Accounts Payable,louise.jensen.kolding@fjordgear.example,+45 15 62 99 05,false,da,true,PORTAL,2028-09-06
2507,1394,Laura,Salminen,Store Manager,laura.salminen@vaasa.scouts.example,+358 40 240 9453,true,fi,false,WEBSITE,2031-09-06
2508,1394,Riikka,Salo,Buyer,riikka.salo@vaasa.scouts.example,+358 40 417 4736,false,fi,true,PORTAL,2028-09-06
2509,1394,Maija,Mäkinen,Owner,maija.makinen@vaasa.scouts.example,+358 40 317 8866,false,fi,false,PORTAL,2028-09-06
2510,1395,Oskar,Johansson,Store Manager,oskar.johansson@polar.retki.example,+46 70 892 99 17,true,sv,false,TRADE_FAIR,2029-09-06
2511,1396,Ingrid,Johansen,Store Manager,ingrid.johansen@drammen.hiking.association.example,+47 968 65 917,true,nb,false,ACCOUNT_MANAGER,2029-09-06
2512,1397,Tanel,Kask,Store Manager,tanel.kask@selkastore.example,+372 5830 5488,true,et,false,TRADE_FAIR,2031-09-06
2513,1397,Tanel,Rebane,Assistant Manager,tanel.rebane@selkastore.example,+372 5241 3127,false,et,true,WEBSITE,2028-09-06
2514,1398,Linnea,Strand,Store Manager,linnea.strand@skoggear.example,+46 70 278 97 22,true,sv,true,TRADE_FAIR,2029-09-06
2515,1399,Jonas,Nielsen,Store Manager,jonas.nielsen@kaamos.outdoor.example,+45 17 00 35 21,true,da,true,TRADE_FAIR,2028-09-06
2516,1399,Mette,Thomsen,Accounts Payable,mette.thomsen@kaamos.outdoor.example,+45 95 99 22 93,false,da,false,TRADE_FAIR,2029-09-06
2517,1399,Lærke,Nielsen,Assistant Manager,laerke.nielsen@kaamos.outdoor.example,+45 96 98 96 49,false,da,false,ACCOUNT_MANAGER,2029-09-06
2518,1400,Riikka,Mäkinen,Store Manager,riikka.makinen@tampere.trekking.example,+358 40 472 1446,true,fi,false,PORTAL,2029-09-06
2519,1401,Elina,Mäkinen,Store Manager,elina.makinen@espoo.urheilu.example,+358 40 896 5813,true,fi,false,TRADE_FAIR,2028-09-06
2520,1401,Aino,Lehto,Accounts Payable,aino.lehto@espoo.urheilu.example,+358 40 465 2829,false,fi,true,ACCOUNT_MANAGER,2028-09-06
2521,1402,Juhani,Järvinen,Store Manager,juhani.jarvinen@selka.urheilu.example,+358 40 181 6002,true,fi,true,TRADE_FAIR,2031-09-06
2522,1402,Mikko,Salo,Accounts Payable,mikko.salo@selka.urheilu.example,+358 40 869 7687,false,fi,true,TRADE_FAIR,2031-09-06
2523,1403,Astrid,Andersson,Store Manager,astrid.andersson@metsa24.example,+46 70 448 30 32,true,sv,true,TRADE_FAIR,2028-09-06
2524,1403,Emma,Holm,Accounts Payable,emma.holm@metsa24.example,+46 70 582 07 90,false,sv,false,WEBSITE,2029-09-06
2525,1404,Tuomas,Salminen,Store Manager,tuomas.salminen@lehto.urheilu.example,+358 40 287 8011,true,fi,false,PORTAL,2028-09-06
2526,1404,Pekka,Rantanen,Buyer,pekka.rantanen@lehto.urheilu.example,+358 40 216 9464,false,fi,false,ACCOUNT_MANAGER,2031-09-06
2527,1405,Maja,Johansson,Store Manager,maja.johansson@linkoping.retki.example,+46 70 339 80 50,true,sv,true,WEBSITE,2028-09-06
2528,1406,Mette,Sørensen,Store Manager,mette.sorensen@madsen.outdoor.example,+45 03 72 98 48,true,da,true,WEBSITE,2028-09-06
2529,1407,Anders,Nilsson,Store Manager,anders.nilsson@goteborg.alpine.club.example,+46 70 288 74 42,true,sv,true,WEBSITE,2029-09-06
2530,1407,Emma,Holm,Accounts Payable,emma.holm@goteborg.alpine.club.example,+46 70 422 28 49,false,sv,false,PORTAL,2028-09-06
2531,1408,Anni,Niemi,Store Manager,anni.niemi@vaasa.fritid.example,+358 40 360 6514,true,fi,false,ACCOUNT_MANAGER,2031-09-06
2532,1408,Laura,Saarinen,Owner,laura.saarinen@vaasa.fritid.example,+358 40 778 6700,false,fi,true,PORTAL,2028-09-06
2533,1409,Pernille,Poulsen,Store Manager,pernille.poulsen@aarhus.guides.example,+45 91 38 33 20,true,da,true,TRADE_FAIR,2029-09-06
2534,1409,Frederik,Thomsen,Owner,frederik.thomsen@aarhus.guides.example,+45 13 19 52 04,false,da,false,TRADE_FAIR,2031-09-06
2535,1409,Camilla,Jørgensen,Owner,camilla.jorgensen@aarhus.guides.example,+45 94 93 35 32,false,da,true,ACCOUNT_MANAGER,2028-09-06
2536,1410,Emma,Lundqvist,Store Manager,emma.lundqvist@vuoma.adventure.example,+46 70 405 86 55,true,sv,false,PORTAL,2031-09-06
2537,1410,Ulf,Johansson,Assistant Manager,ulf.johansson@vuoma.adventure.example,+46 70 531 09 51,false,sv,true,TRADE_FAIR,2029-09-06
2538,1411,Signe,Kjær,Store Manager,signe.kjaer@vinter.turutstyr.example,+45 33 06 43 41,true,da,true,TRADE_FAIR,2029-09-06
2539,1411,Ida,Sørensen,Assistant Manager,ida.sorensen@vinter.turutstyr.example,+45 11 73 34 80,false,da,false,PORTAL,2031-09-06
2540,1412,Sindre,Berg,Store Manager,sindre.berg@drammen.retki.example,+47 952 22 682,true,nb,true,WEBSITE,2031-09-06
2541,1412,Vegard,Karlsen,Assistant Manager,vegard.karlsen@drammen.retki.example,+47 964 07 362,false,nb,true,PORTAL,2031-09-06
2542,1412,Silje,Karlsen,Owner,silje.karlsen@drammen.retki.example,+47 900 68 413,false,nb,true,ACCOUNT_MANAGER,2028-09-06
2543,1413,Ebba,Nilsson,Store Manager,ebba.nilsson@uppsala.sport.fritid.example,+46 70 532 58 79,true,sv,true,ACCOUNT_MANAGER,2028-09-06
2544,1414,Elin,Gustafsson,Store Manager,elin.gustafsson@compassstore.example,+46 70 379 48 90,true,sv,true,PORTAL,2028-09-06
2545,1414,Gustav,Andersson,Purchasing,gustav.andersson@compassstore.example,+46 70 599 38 44,false,sv,true,TRADE_FAIR,2029-09-06
2546,1415,Per,Gustafsson,Store Manager,per.gustafsson@summit.turutstyr.example,+46 70 787 07 84,true,sv,false,PORTAL,2028-09-06
2547,1416,Olli,Kallio,Store Manager,olli.kallio@salminen.friluft.example,+358 40 238 6748,true,fi,true,WEBSITE,2031-09-06
2548,1417,Frida,Persson,Store Manager,frida.persson@summit24.example,+46 70 366 21 86,true,sv,true,ACCOUNT_MANAGER,2028-09-06
2549,1417,Frida,Karlsson,Purchasing,frida.karlsson@summit24.example,+46 70 209 77 24,false,sv,false,ACCOUNT_MANAGER,2031-09-06
2550,1417,Lovisa,Svensson,Accounts Payable,lovisa.svensson@summit24.example,+46 70 261 96 94,false,sv,false,TRADE_FAIR,2031-09-06
2551,1418,Riikka,Hämäläinen,Store Manager,riikka.hamalainen@kittila.adventures.example,+358 40 189 9578,true,fi,false,PORTAL,2031-09-06
2552,1418,Noora,Virtanen,Assistant Manager,noora.virtanen@kittila.adventures.example,+358 40 682 6052,false,fi,true,TRADE_FAIR,2029-09-06
2553,1419,Kristian,Moen,Store Manager,kristian.moen@fjordstore.example,+47 966 43 299,true,nb,true,TRADE_FAIR,2028-09-06
2554,1420,Julia,Schmidt,Store Manager,julia.schmidt@hamburg.adventure.example,+49 40 5477570,true,de,false,PORTAL,2028-09-06
2555,1420,Lukas,Wagner,Owner,lukas.wagner@hamburg.adventure.example,+49 40 8845948,false,de,true,WEBSITE,2029-09-06
2556,1421,Hege,Berg,Store Manager,hege.berg@kero.sport.example,+47 925 93 831,true,nb,false,PORTAL,2028-09-06
2557,1421,Håkon,Berg,Owner,hakon.berg@kero.sport.example,+47 981 33 882,false,nb,false,ACCOUNT_MANAGER,2029-09-06
2558,1422,Henrik,Strand,Store Manager,henrik.strand@orebro.expeditions.example,+46 70 080 03 53,true,sv,true,PORTAL,2031-09-06
2559,1422,Maja,Larsson,Owner,maja.larsson@orebro.expeditions.example,+46 70 708 29 57,false,sv,false,TRADE_FAIR,2028-09-06
2560,1423,Torbjørn,Berg,Store Manager,torbjorn.berg@bodo.outdoor.school.example,+47 983 45 392,true,nb,false,PORTAL,2029-09-06
2561,1423,Anette,Nilsen,Assistant Manager,anette.nilsen@bodo.outdoor.school.example,+47 934 94 379,false,nb,true,ACCOUNT_MANAGER,2029-09-06
2562,1424,Matti,Lehtonen,Store Manager,matti.lehtonen@polar24.example,+358 40 969 4452,true,fi,false,ACCOUNT_MANAGER,2029-09-06
2563,1424,Lauri,Salminen,Buyer,lauri.salminen@polar24.example,+358 40 419 6369,false,fi,true,PORTAL,2031-09-06
2564,1425,Anette,Haugen,Store Manager,anette.haugen@vinter.outfitters.example,+47 905 48 009,true,nb,false,WEBSITE,2028-09-06
2565,1425,Tone,Olsen,Purchasing,tone.olsen@vinter.outfitters.example,+47 911 41 894,false,nb,false,TRADE_FAIR,2031-09-06
2566,1426,Henrik,Svensson,Store Manager,henrik.svensson@kaira.sports.example,+46 70 686 29 67,true,sv,true,WEBSITE,2031-09-06
2567,1426,Ebba,Nilsson,Accounts Payable,ebba.nilsson@kaira.sports.example,+46 70 834 38 95,false,sv,false,ACCOUNT_MANAGER,2031-09-06
2568,1427,Matti,Laine,Store Manager,matti.laine@basecampshop.example,+358 40 956 0161,true,fi,true,ACCOUNT_MANAGER,2029-09-06
2569,1428,Lars,Holm,Store Manager,lars.holm@linkoping.fritid.example,+46 70 128 67 99,true,sv,false,ACCOUNT_MANAGER,2031-09-06
2570,1429,Lena,Fischer,Store Manager,lena.fischer@polar.urheilu.example,+49 40 1181085,true,de,false,PORTAL,2031-09-06
2571,1429,Katharina,Hoffmann,Accounts Payable,katharina.hoffmann@polar.urheilu.example,+49 40 8967822,false,de,true,TRADE_FAIR,2029-09-06
2572,1429,Felix,Weber,Assistant Manager,felix.weber@polar.urheilu.example,+49 40 9560465,false,de,true,TRADE_FAIR,2028-09-06
2573,1430,Maarja,Sepp,Store Manager,maarja.sepp@parnu.outdoor.example,+372 5214 7802,true,et,true,TRADE_FAIR,2029-09-06
2574,1430,Kristjan,Rebane,Warehouse,kristjan.rebane@parnu.outdoor.example,+372 5769 5058,false,et,true,TRADE_FAIR,2028-09-06
2575,1430,Maarja,Mägi,Buyer,maarja.magi@parnu.outdoor.example,+372 5349 7468,false,et,false,PORTAL,2029-09-06
2576,1431,Karin,Andersson,Store Manager,karin.andersson@skog.friluft.example,+46 70 167 87 45,true,sv,false,ACCOUNT_MANAGER,2028-09-06
2577,1432,Sofia,Bergström,Store Manager,sofia.bergstrom@stockholm.retki.example,+46 70 287 31 27,true,sv,true,PORTAL,2031-09-06
2578,1433,Anna,Weber,Store Manager,anna.weber@nietos.retki.example,+49 40 0262311,true,de,true,ACCOUNT_MANAGER,2028-09-06
2579,1433,Felix,Hoffmann,Buyer,felix.hoffmann@nietos.retki.example,+49 40 5731828,false,de,false,WEBSITE,2031-09-06
2580,1434,Ville,Mäkinen,Store Manager,ville.makinen@tampere.adventures.example,+358 40 166 5153,true,fi,false,PORTAL,2028-09-06
2581,1434,Anni,Laine,Warehouse,anni.laine@tampere.adventures.example,+358 40 290 1066,false,fi,true,ACCOUNT_MANAGER,2031-09-06
2582,1434,Elina,Heikkinen,Purchasing,elina.heikkinen@tampere.adventures.example,+358 40 729 5872,false,fi,false,PORTAL,2031-09-06
2583,1435,Kaisa,Laine,Store Manager,kaisa.laine@arctic.sports.example,+358 40 058 1598,true,fi,false,WEBSITE,2028-09-06
2584,1435,Ville,Aho,Warehouse,ville.aho@arctic.sports.example,+358 40 245 3167,false,fi,false,ACCOUNT_MANAGER,2031-09-06
2585,1436,Anna,Müller,Store Manager,anna.muller@hamburg.sport.fritid.example,+49 40 9546502,true,de,true,PORTAL,2028-09-06
2586,1436,Katharina,Schmidt,Accounts Payable,katharina.schmidt@hamburg.sport.fritid.example,+49 40 9077945,false,de,true,ACCOUNT_MANAGER,2028-09-06
2587,1437,Sindre,Andersen,Store Manager,sindre.andersen@vinterstore.example,+47 909 40 473,true,nb,false,WEBSITE,2029-09-06
2588,1437,Jørgen,Kristiansen,Accounts Payable,jorgen.kristiansen@vinterstore.example,+47 925 23 193,false,nb,false,ACCOUNT_MANAGER,2029-09-06
2589,1438,Mikko,Niemi,Store Manager,mikko.niemi@vaasa.guides.example,+358 40 096 4639,true,fi,false,PORTAL,2031-09-06
2590,1438,Venla,Laine,Owner,venla.laine@vaasa.guides.example,+358 40 866 0670,false,fi,false,WEBSITE,2029-09-06
2591,1439,Niels,Madsen,Store Manager,niels.madsen@aalborg.retki.example,+45 53 16 97 71,true,da,false,TRADE_FAIR,2029-09-06
2592,1439,Jonas,Christensen,Buyer,jonas.christensen@aalborg.retki.example,+45 25 78 54 99,false,da,false,WEBSITE,2028-09-06
2593,1439,Jonas,Christensen,Purchasing,jonas.christensen.aalborg@aalborg.retki.example,+45 91 52 84 36,false,da,true,TRADE_FAIR,2029-09-06
2594,1440,Bjørn,Larsen,Store Manager,bjorn.larsen@skoggear.example,+47 936 70 036,true,nb,false,TRADE_FAIR,2028-09-06
2595,1440,Kristian,Bakke,Buyer,kristian.bakke@skoggear.example,+47 903 42 358,false,nb,false,TRADE_FAIR,2028-09-06
2596,1440,Ole,Haugen,Accounts Payable,ole.haugen@skoggear.example,+47 924 39 670,false,nb,false,ACCOUNT_MANAGER,2031-09-06
2597,1441,Louise,Jørgensen,Store Manager,louise.jorgensen@ruska24.example,+45 63 73 15 29,true,da,false,PORTAL,2029-09-06
2598,1441,Jonas,Jørgensen,Buyer,jonas.jorgensen@ruska24.example,+45 13 88 08 44,false,da,false,ACCOUNT_MANAGER,2031-09-06
2599,1442,Bjørn,Nygaard,Store Manager,bjorn.nygaard@kaamos.urheilu.example,+47 986 35 383,true,nb,false,ACCOUNT_MANAGER,2031-09-06
2600,1443,Rasmus,Sørensen,Store Manager,rasmus.sorensen@loistegear.example,+45 90 36 24 62,true,da,false,WEBSITE,2031-09-06
2601,1443,Lærke,Jørgensen,Assistant Manager,laerke.jorgensen@loistegear.example,+45 86 43 77 23,false,da,true,WEBSITE,2029-09-06
2602,1444,Sanna,Saarinen,Store Manager,sanna.saarinen@vaasa.hiking.association.example,+358 40 058 3160,true,fi,true,ACCOUNT_MANAGER,2029-09-06
2603,1445,Gustav,Larsson,Store Manager,gustav.larsson@vuoma.camping.example,+46 70 414 05 85,true,sv,true,WEBSITE,2028-09-06
2604,1445,Elin,Johansson,Buyer,elin.johansson@vuoma.camping.example,+46 70 117 67 06,false,sv,false,WEBSITE,2029-09-06
2605,1446,Eirik,Bakke,Store Manager,eirik.bakke@polar.adventure.example,+47 936 11 425,true,nb,false,TRADE_FAIR,2031-09-06
2606,1446,Kristian,Karlsen,Purchasing,kristian.karlsen@polar.adventure.example,+47 941 35 857,false,nb,true,ACCOUNT_MANAGER,2028-09-06
2607,1447,Solveig,Moen,Store Manager,solveig.moen@larsen.outdoor.example,+47 959 73 292,true,nb,false,ACCOUNT_MANAGER,2029-09-06
2608,1448,Per,Svensson,Store Manager,per.svensson@lake.urheilu.example,+46 70 242 03 95,true,sv,false,PORTAL,2029-09-06
2609,1448,Henrik,Gustafsson,Warehouse,henrik.gustafsson@lake.urheilu.example,+46 70 665 92 82,false,sv,true,ACCOUNT_MANAGER,2029-09-06
2610,1449,Mattias,Bergström,Store Manager,mattias.bergstrom@sundsvall.camping.example,+46 70 920 72 03,true,sv,false,ACCOUNT_MANAGER,2031-09-06
2611,1449,Maja,Lundqvist,Purchasing,maja.lundqvist@sundsvall.camping.example,+46 70 410 63 01,false,sv,true,ACCOUNT_MANAGER,2029-09-06
2612,1450,Sara,Holm,Store Manager,sara.holm@kalotti24.example,+46 70 846 85 52,true,sv,false,PORTAL,2029-09-06
2613,1451,Aino,Salminen,Store Manager,aino.salminen@selkagear.example,+358 40 017 2977,true,fi,true,PORTAL,2029-09-06
2614,1452,Sindre,Hansen,Store Manager,sindre.hansen@nilsen.sport.example,+47 940 25 622,true,nb,true,WEBSITE,2031-09-06
2615,1453,Mikko,Niemi,Store Manager,mikko.niemi@kaamosstore.example,+358 40 224 2322,true,fi,false,PORTAL,2029-09-06
2616,1454,Ville,Saarinen,Store Manager,ville.saarinen@hikers.outfitters.example,+358 40 202 0115,true,fi,true,WEBSITE,2031-09-06
2617,1454,Pekka,Saarinen,Assistant Manager,pekka.saarinen@hikers.outfitters.example,+358 40 960 3566,false,fi,false,WEBSITE,2028-09-06
2618,1455,Mathias,Bakke,Store Manager,mathias.bakke@forest.camping.example,+47 921 38 051,true,nb,false,PORTAL,2029-09-06
2619,1455,Ingrid,Bakke,Accounts Payable,ingrid.bakke@forest.camping.example,+47 999 27 910,false,nb,false,PORTAL,2031-09-06
2620,1456,Katharina,Wagner,Store Manager,katharina.wagner@vuomashop.example,+49 40 6077299,true,de,true,PORTAL,2031-09-06
2621,1456,Felix,Weber,Accounts Payable,felix.weber@vuomashop.example,+49 40 2343159,false,de,true,PORTAL,2029-09-06
2622,1456,Lena,Koch,Buyer,lena.koch@vuomashop.example,+49 40 8415036,false,de,false,ACCOUNT_MANAGER,2029-09-06
2623,1457,Markus,Wagner,Store Manager,markus.wagner@flensburg.fritid.example,+49 40 1876286,true,de,false,TRADE_FAIR,2028-09-06
2624,1457,Markus,Koch,Warehouse,markus.koch@flensburg.fritid.example,+49 40 8836084,false,de,true,TRADE_FAIR,2028-09-06
2625,1458,Eirik,Moen,Store Manager,eirik.moen@ruskashop.example,+47 922 73 193,true,nb,true,TRADE_FAIR,2029-09-06
2626,1458,Ingrid,Olsen,Buyer,ingrid.olsen@ruskashop.example,+47 985 09 980,false,nb,true,ACCOUNT_MANAGER,2028-09-06
2627,1458,Bjørn,Nygaard,Owner,bjorn.nygaard@ruskashop.example,+47 994 41 521,false,nb,false,WEBSITE,2028-09-06
2628,1459,Gustav,Svensson,Store Manager,gustav.svensson@sundsvall.adventures.example,+46 70 812 54 77,true,sv,true,ACCOUNT_MANAGER,2028-09-06
2629,1460,Mette,Jørgensen,Store Manager,mette.jorgensen@copenhagen.sport.example,+45 32 36 84 33,true,da,true,WEBSITE,2031-09-06
2630,1461,Jukka,Rantanen,Store Manager,jukka.rantanen@oulu.alpine.club.example,+358 40 033 0881,true,fi,true,PORTAL,2031-09-06
2631,1462,Emma,Olsson,Store Manager,emma.olsson@falun.hiking.association.example,+46 70 490 71 75,true,sv,true,PORTAL,2028-09-06
2632,1462,Maja,Eriksson,Buyer,maja.eriksson@falun.hiking.association.example,+46 70 026 28 51,false,sv,true,PORTAL,2031-09-06
2633,1463,Anders,Eriksson,Store Manager,anders.eriksson@kaira.friluft.example,+46 70 205 52 22,true,sv,false,ACCOUNT_MANAGER,2031-09-06
2634,1464,Vegard,Johansen,Store Manager,vegard.johansen@kristiansand.sports.example,+47 949 55 027,true,nb,true,ACCOUNT_MANAGER,2031-09-06
2635,1464,Solveig,Nilsen,Assistant Manager,solveig.nilsen@kristiansand.sports.example,+47 980 05 447,false,nb,true,WEBSITE,2031-09-06
2636,1465,Jukka,Koskinen,Store Manager,jukka.koskinen@compass24.example,+358 40 800 1729,true,fi,true,PORTAL,2028-09-06
2637,1465,Venla,Niemi,Owner,venla.niemi@compass24.example,+358 40 293 2958,false,fi,false,ACCOUNT_MANAGER,2031-09-06
2638,1465,Maija,Heikkinen,Owner,maija.heikkinen@compass24.example,+358 40 873 6228,false,fi,true,TRADE_FAIR,2029-09-06
2639,1466,Felix,Wagner,Store Manager,felix.wagner@era.trekking.example,+49 40 0790719,true,de,false,PORTAL,2029-09-06
2640,1467,Mathias,Moen,Store Manager,mathias.moen@trondheim.expeditions.example,+47 998 41 226,true,nb,true,ACCOUNT_MANAGER,2031-09-06
2641,1467,Ole,Karlsen,Purchasing,ole.karlsen@trondheim.expeditions.example,+47 945 68 424,false,nb,false,TRADE_FAIR,2028-09-06
2642,1467,Håkon,Nygaard,Warehouse,hakon.nygaard@trondheim.expeditions.example,+47 956 34 304,false,nb,true,PORTAL,2028-09-06
2643,1468,Freja,Rasmussen,Store Manager,freja.rasmussen@basecamp.turutstyr.example,+45 87 30 19 83,true,da,true,TRADE_FAIR,2029-09-06
2644,1468,Louise,Poulsen,Warehouse,louise.poulsen@basecamp.turutstyr.example,+45 92 30 14 62,false,da,true,PORTAL,2028-09-06
2645,1469,Riikka,Salo,Store Manager,riikka.salo@jyvaskyla.guides.example,+358 40 657 6200,true,fi,true,WEBSITE,2029-09-06
2646,1469,Helmi,Lehtonen,Buyer,helmi.lehtonen@jyvaskyla.guides.example,+358 40 553 2631,false,fi,true,ACCOUNT_MANAGER,2028-09-06
2647,1470,Silje,Nygaard,Store Manager,silje.nygaard@loisteshop.example,+47 985 35 559,true,nb,true,WEBSITE,2028-09-06
2648,1471,Henrik,Larsson,Store Manager,henrik.larsson@kero.adventure.example,+46 70 055 19 39,true,sv,true,WEBSITE,2031-09-06
2649,1471,Lovisa,Larsson,Purchasing,lovisa.larsson@kero.adventure.example,+46 70 164 79 63,false,sv,true,ACCOUNT_MANAGER,2029-09-06
2650,1471,Anders,Åberg,Accounts Payable,anders.aberg@kero.adventure.example,+46 70 765 38 92,false,sv,false,ACCOUNT_MANAGER,2029-09-06
2651,1472,Mattias,Johansson,Store Manager,mattias.johansson@aurora.friluft.example,+46 70 432 80 97,true,sv,true,WEBSITE,2031-09-06
2652,1473,Liis,Kask,Store Manager,liis.kask@kaamosgear.example,+372 5448 1861,true,et,false,PORTAL,2028-09-06
2653,1473,Kristjan,Kukk,Accounts Payable,kristjan.kukk@kaamosgear.example,+372 5282 1752,false,et,true,PORTAL,2029-09-06
2654,1473,Kristjan,Sepp,Owner,kristjan.sepp@kaamosgear.example,+372 5419 6264,false,et,true,TRADE_FAIR,2031-09-06
2655,1474,Silje,Olsen,Store Manager,silje.olsen@ruskagear.example,+47 950 98 750,true,nb,true,WEBSITE,2031-09-06
2656,1475,Maija,Mäkinen,Store Manager,maija.makinen@aapa24.example,+358 40 823 3684,true,fi,false,WEBSITE,2031-09-06
2657,1476,Emma,Larsson,Store Manager,emma.larsson@fjord.adventure.example,+46 70 461 47 33,true,sv,true,ACCOUNT_MANAGER,2031-09-06
2658,1476,Frida,Gustafsson,Purchasing,frida.gustafsson@fjord.adventure.example,+46 70 471 93 58,false,sv,false,WEBSITE,2028-09-06
2659,1476,Magnus,Gustafsson,Accounts Payable,magnus.gustafsson@fjord.adventure.example,+46 70 884 44 70,false,sv,false,WEBSITE,2031-09-06
2660,1477,Karin,Nilsson,Store Manager,karin.nilsson@are.outdoor.example,+46 70 546 16 94,true,sv,true,WEBSITE,2028-09-06
2661,1478,Linnea,Andersson,Store Manager,linnea.andersson@sundsvall.turutstyr.example,+46 70 905 56 43,true,sv,true,WEBSITE,2028-09-06
2662,1478,Nils,Andersson,Accounts Payable,nils.andersson@sundsvall.turutstyr.example,+46 70 023 90 32,false,sv,true,PORTAL,2031-09-06
2663,1478,Lars,Johansson,Accounts Payable,lars.johansson@sundsvall.turutstyr.example,+46 70 208 16 64,false,sv,true,ACCOUNT_MANAGER,2029-09-06
2664,1479,Sofia,Andersson,Store Manager,sofia.andersson@trail.fritid.example,+46 70 298 32 23,true,sv,false,WEBSITE,2029-09-06
2665,1480,Torbjørn,Pedersen,Store Manager,torbjorn.pedersen@loiste.trekking.example,+47 957 64 145,true,nb,true,PORTAL,2029-09-06
2666,1481,Jonas,Hoffmann,Store Manager,jonas.hoffmann@viddegear.example,+49 40 4891831,true,de,false,ACCOUNT_MANAGER,2031-09-06
2667,1482,Linnea,Johansson,Store Manager,linnea.johansson@hikers.sport.fritid.example,+46 70 979 50 43,true,sv,true,PORTAL,2031-09-06
2668,1482,Karin,Eriksson,Warehouse,karin.eriksson@hikers.sport.fritid.example,+46 70 247 39 80,false,sv,true,ACCOUNT_MANAGER,2028-09-06
2669,1483,Ville,Rantanen,Store Manager,ville.rantanen@helsinki.urheilu.example,+358 40 194 3809,true,fi,true,WEBSITE,2028-09-06
2670,1483,Sanna,Korhonen,Purchasing,sanna.korhonen@helsinki.urheilu.example,+358 40 717 5840,false,fi,true,ACCOUNT_MANAGER,2029-09-06
2671,1484,Katharina,Wagner,Store Manager,katharina.wagner@skog.trekking.example,+49 40 8799484,true,de,false,WEBSITE,2031-09-06
2672,1484,Markus,Wagner,Purchasing,markus.wagner@skog.trekking.example,+49 40 5299234,false,de,true,PORTAL,2029-09-06
2673,1485,Ebba,Andersson,Store Manager,ebba.andersson@kaira.outdoor.example,+46 70 391 40 42,true,sv,true,ACCOUNT_MANAGER,2029-09-06
2674,1485,Hanna,Eriksson,Accounts Payable,hanna.eriksson@kaira.outdoor.example,+46 70 068 58 10,false,sv,false,TRADE_FAIR,2031-09-06
2675,1486,Katharina,Fischer,Store Manager,katharina.fischer@hoffmann.outdoor.example,+49 40 9499331,true,de,false,PORTAL,2029-09-06
2676,1486,Katharina,Koch,Warehouse,katharina.koch@hoffmann.outdoor.example,+49 40 6087570,false,de,true,ACCOUNT_MANAGER,2031-09-06
2677,1487,Olli,Salminen,Store Manager,olli.salminen@vinter.fritid.example,+358 40 687 2564,true,fi,true,WEBSITE,2029-09-06
2678,1487,Riikka,Koskinen,Assistant Manager,riikka.koskinen@vinter.fritid.example,+358 40 654 1910,false,fi,true,WEBSITE,2031-09-06
2679,1488,Katri,Korhonen,Store Manager,katri.korhonen@salo.sport.example,+358 40 195 7264,true,fi,false,ACCOUNT_MANAGER,2031-09-06
2680,1488,Tuomas,Heikkinen,Purchasing,tuomas.heikkinen@salo.sport.example,+358 40 653 4055,false,fi,true,ACCOUNT_MANAGER,2028-09-06
2681,1489,Riikka,Laine,Store Manager,riikka.laine@lake.friluft.example,+358 40 335 4233,true,fi,false,PORTAL,2031-09-06
2682,1489,Jukka,Salminen,Purchasing,jukka.salminen@lake.friluft.example,+358 40 344 0593,false,fi,true,ACCOUNT_MANAGER,2028-09-06
2683,1490,Matti,Saarinen,Store Manager,matti.saarinen@virtanen.outdoor.example,+358 40 495 7458,true,fi,false,PORTAL,2029-09-06
2684,1490,Helmi,Hämäläinen,Buyer,helmi.hamalainen@virtanen.outdoor.example,+358 40 767 8592,false,fi,true,WEBSITE,2028-09-06
2685,1491,Per,Åberg,Store Manager,per.aberg@forest24.example,+46 70 330 91 99,true,sv,true,ACCOUNT_MANAGER,2028-09-06
2686,1492,Maja,Larsson,Store Manager,maja.larsson@kaamosstore.example,+46 70 515 89 23,true,sv,true,WEBSITE,2028-09-06
2687,1492,Hanna,Bergström,Buyer,hanna.bergstrom@kaamosstore.example,+46 70 792 78 11,false,sv,true,TRADE_FAIR,2029-09-06
2688,1493,Nils,Andersson,Store Manager,nils.andersson@kaamos24.example,+46 70 829 82 51,true,sv,false,WEBSITE,2028-09-06
2689,1494,Petra,Becker,Store Manager,petra.becker@kaira.sport.example,+49 40 2732220,true,de,false,ACCOUNT_MANAGER,2031-09-06
2690,1494,Katharina,Weber,Buyer,katharina.weber@kaira.sport.example,+49 40 2954616,false,de,false,ACCOUNT_MANAGER,2029-09-06
2691,1494,Markus,Koch,Owner,markus.koch@kaira.sport.example,+49 40 1030467,false,de,false,TRADE_FAIR,2029-09-06
2692,1495,Elina,Nieminen,Store Manager,elina.nieminen@compass.turutstyr.example,+358 40 725 4301,true,fi,false,PORTAL,2031-09-06
2693,1496,Vegard,Nygaard,Store Manager,vegard.nygaard@bergen.turutstyr.example,+47 914 43 430,true,nb,false,ACCOUNT_MANAGER,2028-09-06
2694,1497,Venla,Salo,Store Manager,venla.salo@ridge.camping.example,+358 40 173 9458,true,fi,true,PORTAL,2028-09-06
2695,1497,Maija,Virtanen,Buyer,maija.virtanen@ridge.camping.example,+358 40 164 7689,false,fi,false,PORTAL,2031-09-06
2696,1498,Søren,Sørensen,Store Manager,soren.sorensen@jensen.friluft.example,+45 64 33 69 33,true,da,true,PORTAL,2028-09-06
2697,1498,Mette,Rasmussen,Assistant Manager,mette.rasmussen@jensen.friluft.example,+45 89 39 35 73,false,da,false,ACCOUNT_MANAGER,2031-09-06
2698,1498,Freja,Thomsen,Buyer,freja.thomsen@jensen.friluft.example,+45 46 41 90 53,false,da,true,ACCOUNT_MANAGER,2031-09-06
2699,1499,Jari,Korhonen,Store Manager,jari.korhonen@vuomashop.example,+358 40 747 3442,true,fi,true,PORTAL,2028-09-06
2700,1500,Maarja,Kask,Store Manager,maarja.kask@tartu.outdoor.example,+372 5057 0048,true,et,false,PORTAL,2028-09-06
2701,1501,Matti,Hämäläinen,Store Manager,matti.hamalainen@kokkola.trekking.example,+358 40 730 7891,true,fi,false,ACCOUNT_MANAGER,2031-09-06
2702,1502,Timo,Rantanen,Store Manager,timo.rantanen@aapa.urheilu.example,+358 40 330 9256,true,fi,false,WEBSITE,2029-09-06
2703,1503,Nils,Lindberg,Store Manager,nils.lindberg@lulea.outdoor.school.example,+46 70 744 67 28,true,sv,false,PORTAL,2029-09-06
2704,1503,Lovisa,Lindberg,Owner,lovisa.lindberg@lulea.outdoor.school.example,+46 70 313 22 73,false,sv,false,TRADE_FAIR,2029-09-06
2705,1504,Freja,Madsen,Store Manager,freja.madsen@kolding.rental.example,+45 46 28 09 75,true,da,true,ACCOUNT_MANAGER,2031-09-06
2706,1505,Emma,Nilsson,Store Manager,emma.nilsson@vinter.fritid.example,+46 70 266 86 83,true,sv,false,TRADE_FAIR,2029-09-06
2707,1505,Lovisa,Åberg,Warehouse,lovisa.aberg@vinter.fritid.example,+46 70 374 61 25,false,sv,true,WEBSITE,2029-09-06
2708,1506,Tuomas,Järvinen,Store Manager,tuomas.jarvinen@vaara24.example,+358 40 617 2969,true,fi,true,TRADE_FAIR,2031-09-06
2709,1507,Jonas,Weber,Store Manager,jonas.weber@weber.outdoor.example,+49 40 7187105,true,de,true,TRADE_FAIR,2029-09-06
2710,1508,Solveig,Nilsen,Store Manager,solveig.nilsen@metsa.sports.example,+47 921 87 266,true,nb,true,WEBSITE,2029-09-06
2711,1509,Frida,Larsson,Store Manager,frida.larsson@loisteshop.example,+46 70 533 38 00,true,sv,true,WEBSITE,2031-09-06
2712,1510,Astrid,Nilsson,Store Manager,astrid.nilsson@ruska.urheilu.example,+46 70 943 52 91,true,sv,true,ACCOUNT_MANAGER,2028-09-06
2713,1510,Lars,Svensson,Purchasing,lars.svensson@ruska.urheilu.example,+46 70 333 27 99,false,sv,true,WEBSITE,2031-09-06
2714,1511,Eero,Hämäläinen,Store Manager,eero.hamalainen@vinter.outdoor.example,+358 40 971 5861,true,fi,false,PORTAL,2031-09-06
2715,1511,Tuomas,Korhonen,Buyer,tuomas.korhonen@vinter.outdoor.example,+358 40 982 5238,false,fi,true,ACCOUNT_MANAGER,2028-09-06
2716,1511,Ville,Heikkinen,Accounts Payable,ville.heikkinen@vinter.outdoor.example,+358 40 618 6317,false,fi,false,TRADE_FAIR,2031-09-06
2717,1512,Frida,Olsson,Store Manager,frida.olsson@kaira.sport.example,+46 70 462 46 04,true,sv,true,TRADE_FAIR,2028-09-06
2718,1512,Maja,Nilsson,Buyer,maja.nilsson@kaira.sport.example,+46 70 994 34 50,false,sv,false,ACCOUNT_MANAGER,2028-09-06
2719,1513,Solveig,Olsen,Store Manager,solveig.olsen@ridge.turutstyr.example,+47 995 95 689,true,nb,true,TRADE_FAIR,2028-09-06
2720,1513,Sindre,Karlsen,Buyer,sindre.karlsen@ridge.turutstyr.example,+47 988 69 831,false,nb,true,ACCOUNT_MANAGER,2029-09-06
2721,1513,Eirik,Dahl,Accounts Payable,eirik.dahl@ridge.turutstyr.example,+47 900 67 927,false,nb,false,PORTAL,2028-09-06
2722,1514,Solveig,Haugen,Store Manager,solveig.haugen@hikersgear.example,+47 962 02 241,true,nb,false,PORTAL,2029-09-06
2723,1514,Ingrid,Dahl,Assistant Manager,ingrid.dahl@hikersgear.example,+47 931 86 961,false,nb,false,ACCOUNT_MANAGER,2029-09-06
2724,1514,Håkon,Haugen,Assistant Manager,hakon.haugen@hikersgear.example,+47 924 53 566,false,nb,false,WEBSITE,2029-09-06
2725,1515,Anette,Larsen,Store Manager,anette.larsen@summit.outfitters.example,+47 988 08 589,true,nb,false,WEBSITE,2031-09-06
2726,1515,Torbjørn,Karlsen,Warehouse,torbjorn.karlsen@summit.outfitters.example,+47 954 98 725,false,nb,false,TRADE_FAIR,2028-09-06
2727,1516,Jonas,Fischer,Store Manager,jonas.fischer@munich.friluft.example,+49 40 3693529,true,de,true,WEBSITE,2031-09-06
2728,1516,Markus,Wagner,Buyer,markus.wagner@munich.friluft.example,+49 40 8930421,false,de,true,WEBSITE,2029-09-06
2729,1517,Timo,Rantanen,Store Manager,timo.rantanen@forest.turutstyr.example,+358 40 592 8146,true,fi,true,TRADE_FAIR,2029-09-06
2730,1517,Sanna,Saarinen,Accounts Payable,sanna.saarinen@forest.turutstyr.example,+358 40 415 2942,false,fi,false,PORTAL,2031-09-06
2731,1518,Kaisa,Lehtonen,Store Manager,kaisa.lehtonen@lahti.friluft.example,+358 40 998 1957,true,fi,false,WEBSITE,2029-09-06
2732,1518,Eero,Niemi,Purchasing,eero.niemi@lahti.friluft.example,+358 40 501 8204,false,fi,true,PORTAL,2028-09-06
2733,1519,Anni,Aho,Store Manager,anni.aho@koskinen.outdoor.example,+358 40 798 8423,true,fi,false,ACCOUNT_MANAGER,2029-09-06
2734,1520,Kari,Pedersen,Store Manager,kari.pedersen@lillehammer.turutstyr.example,+47 908 54 811,true,nb,true,WEBSITE,2029-09-06
2735,1520,Vegard,Berg,Buyer,vegard.berg@lillehammer.turutstyr.example,+47 977 92 490,false,nb,true,TRADE_FAIR,2031-09-06
2736,1521,Louise,Kjær,Store Manager,louise.kjaer@kaamos.turutstyr.example,+45 02 32 96 69,true,da,false,TRADE_FAIR,2029-09-06
2737,1521,Ida,Sørensen,Buyer,ida.sorensen@kaamos.turutstyr.example,+45 45 78 46 78,false,da,true,TRADE_FAIR,2031-09-06
2738,1521,Signe,Rasmussen,Owner,signe.rasmussen@kaamos.turutstyr.example,+45 20 87 17 67,false,da,true,TRADE_FAIR,2029-09-06
2739,1522,Vegard,Karlsen,Store Manager,vegard.karlsen@tromso.adventures.example,+47 971 95 248,true,nb,true,TRADE_FAIR,2029-09-06
2740,1522,Eirik,Pedersen,Accounts Payable,eirik.pedersen@tromso.adventures.example,+47 944 71 836,false,nb,true,TRADE_FAIR,2029-09-06
2741,1523,Søren,Rasmussen,Store Manager,soren.rasmussen@compassstore.example,+45 49 78 96 25,true,da,false,TRADE_FAIR,2031-09-06
2742,1523,Frederik,Kjær,Assistant Manager,frederik.kjaer@compassstore.example,+45 32 33 33 89,false,da,true,TRADE_FAIR,2029-09-06
2743,1524,Ingrid,Haugen,Store Manager,ingrid.haugen@kalotti.sports.example,+47 964 94 688,true,nb,false,ACCOUNT_MANAGER,2029-09-06
2744,1524,Silje,Moen,Warehouse,silje.moen@kalotti.sports.example,+47 946 55 679,false,nb,false,PORTAL,2031-09-06
2745,1524,Ingrid,Berg,Purchasing,ingrid.berg@kalotti.sports.example,+47 975 25 004,false,nb,true,TRADE_FAIR,2031-09-06
2746,1525,Maja,Nilsson,Store Manager,maja.nilsson@kiruna.sport.example,+46 70 550 81 42,true,sv,false,PORTAL,2031-09-06
2747,1525,Lovisa,Persson,Warehouse,lovisa.persson@kiruna.sport.example,+46 70 777 84 67,false,sv,true,ACCOUNT_MANAGER,2028-09-06
2748,1525,Ebba,Eriksson,Assistant Manager,ebba.eriksson@kiruna.sport.example,+46 70 148 32 35,false,sv,false,WEBSITE,2028-09-06
2749,1526,Riikka,Korhonen,Store Manager,riikka.korhonen@fjordshop.example,+358 40 198 1771,true,fi,false,WEBSITE,2031-09-06
2750,1527,Emma,Persson,Store Manager,emma.persson@compass.turutstyr.example,+46 70 704 05 76,true,sv,false,ACCOUNT_MANAGER,2031-09-06
2751,1528,Søren,Nielsen,Store Manager,soren.nielsen@polarshop.example,+45 39 79 90 01,true,da,false,ACCOUNT_MANAGER,2029-09-06
2752,1528,Frederik,Madsen,Owner,frederik.madsen@polarshop.example,+45 41 74 36 82,false,da,true,ACCOUNT_MANAGER,2028-09-06
2753,1529,Jari,Järvinen,Store Manager,jari.jarvinen@metsa.outdoor.example,+358 40 638 8784,true,fi,false,WEBSITE,2031-09-06
2754,1529,Matti,Hämäläinen,Warehouse,matti.hamalainen@metsa.outdoor.example,+358 40 927 9536,false,fi,false,TRADE_FAIR,2031-09-06
2755,1530,Anni,Lehtonen,Store Manager,anni.lehtonen@viddegear.example,+358 40 539 3569,true,fi,false,PORTAL,2031-09-06
2756,1530,Eero,Lehto,Accounts Payable,eero.lehto@viddegear.example,+358 40 597 4810,false,fi,true,PORTAL,2029-09-06
2757,1531,Marit,Hansen,Store Manager,marit.hansen@kristiansand.sport.fritid.example,+47 961 01 835,true,nb,true,PORTAL,2029-09-06
2758,1531,Silje,Karlsen,Buyer,silje.karlsen@kristiansand.sport.fritid.example,+47 915 48 346,false,nb,false,WEBSITE,2031-09-06
2759,1531,Jørgen,Nygaard,Warehouse,jorgen.nygaard@kristiansand.sport.fritid.example,+47 918 41 014,false,nb,true,ACCOUNT_MANAGER,2029-09-06
2760,1532,Bjørn,Berg,Store Manager,bjorn.berg@bergen.expeditions.example,+47 965 15 463,true,nb,true,ACCOUNT_MANAGER,2028-09-06
2761,1533,Karin,Strand,Store Manager,karin.strand@malmo.outdoor.example,+46 70 015 34 73,true,sv,true,TRADE_FAIR,2029-09-06
2762,1533,Lovisa,Nilsson,Purchasing,lovisa.nilsson@malmo.outdoor.example,+46 70 079 84 42,false,sv,true,PORTAL,2028-09-06
2763,1534,Ville,Niemi,Store Manager,ville.niemi@tampere.rental.example,+358 40 159 7441,true,fi,false,PORTAL,2029-09-06
2764,1534,Sanna,Salo,Purchasing,sanna.salo@tampere.rental.example,+358 40 083 4578,false,fi,false,PORTAL,2029-09-06
2765,1535,Ville,Hämäläinen,Store Manager,ville.hamalainen@fjallgear.example,+358 40 251 5578,true,fi,true,ACCOUNT_MANAGER,2031-09-06
2766,1536,Silje,Dahl,Store Manager,silje.dahl@ruska.sports.example,+47 912 43 871,true,nb,true,TRADE_FAIR,2029-09-06
2767,1536,Torbjørn,Karlsen,Buyer,torbjorn.karlsen@ruska.sports.example,+47 961 33 063,false,nb,true,TRADE_FAIR,2029-09-06
2768,1537,Silje,Berg,Store Manager,silje.berg@ruska.turutstyr.example,+47 992 04 792,true,nb,true,WEBSITE,2029-09-06
2769,1537,Solveig,Berg,Accounts Payable,solveig.berg@ruska.turutstyr.example,+47 917 17 708,false,nb,true,TRADE_FAIR,2028-09-06
2770,1537,Håkon,Johansen,Owner,hakon.johansen@ruska.turutstyr.example,+47 903 12 009,false,nb,false,PORTAL,2028-09-06
2771,1538,Ingrid,Kristiansen,Store Manager,ingrid.kristiansen@drammen.expeditions.example,+47 994 20 124,true,nb,true,PORTAL,2029-09-06
2772,1538,Hege,Berg,Purchasing,hege.berg@drammen.expeditions.example,+47 943 52 597,false,nb,true,ACCOUNT_MANAGER,2029-09-06
2773,1539,Hanna,Lindberg,Store Manager,hanna.lindberg@orebro.adventure.example,+46 70 972 14 21,true,sv,true,ACCOUNT_MANAGER,2028-09-06
2774,1539,Henrik,Johansson,Warehouse,henrik.johansson@orebro.adventure.example,+46 70 567 22 90,false,sv,true,TRADE_FAIR,2031-09-06
2775,1539,Mattias,Holm,Purchasing,mattias.holm@orebro.adventure.example,+46 70 680 72 59,false,sv,true,TRADE_FAIR,2031-09-06
2776,1540,Camilla,Nielsen,Store Manager,camilla.nielsen@arctic.fritid.example,+45 62 15 05 22,true,da,false,TRADE_FAIR,2028-09-06
2777,1541,Henrik,Larsson,Store Manager,henrik.larsson@goteborg.hiking.association.example,+46 70 103 75 07,true,sv,false,TRADE_FAIR,2028-09-06
2778,1541,Frida,Larsson,Buyer,frida.larsson@goteborg.hiking.association.example,+46 70 408 85 65,false,sv,true,PORTAL,2031-09-06
2779,1541,Lars,Lundqvist,Accounts Payable,lars.lundqvist@goteborg.hiking.association.example,+46 70 059 29 35,false,sv,true,WEBSITE,2029-09-06
2780,1542,Frida,Karlsson,Store Manager,frida.karlsson@olsson.outdoor.example,+46 70 275 69 22,true,sv,true,ACCOUNT_MANAGER,2029-09-06
2781,1542,Björn,Larsson,Warehouse,bjorn.larsson@olsson.outdoor.example,+46 70 950 92 03,false,sv,true,ACCOUNT_MANAGER,2029-09-06
2782,1542,Maja,Larsson,Purchasing,maja.larsson@olsson.outdoor.example,+46 70 557 79 50,false,sv,false,TRADE_FAIR,2029-09-06
2783,1543,Linnea,Strand,Store Manager,linnea.strand@ostersund.sport.fritid.example,+46 70 275 05 95,true,sv,false,PORTAL,2028-09-06
2784,1544,Eero,Saarinen,Store Manager,eero.saarinen@selkashop.example,+358 40 081 5525,true,fi,true,PORTAL,2031-09-06
2785,1544,Aino,Saarinen,Purchasing,aino.saarinen@selkashop.example,+358 40 459 6641,false,fi,true,ACCOUNT_MANAGER,2029-09-06
2786,1544,Noora,Kallio,Accounts Payable,noora.kallio@selkashop.example,+358 40 392 1205,false,fi,true,WEBSITE,2028-09-06
2787,1545,Lena,Becker,Store Manager,lena.becker@weber.sport.example,+49 40 5425358,true,de,true,WEBSITE,2031-09-06
2788,1545,Julia,Wagner,Buyer,julia.wagner@weber.sport.example,+49 40 0930891,false,de,true,TRADE_FAIR,2029-09-06
2789,1546,Aino,Korhonen,Store Manager,aino.korhonen@helsinki.adventures.example,+358 40 997 4845,true,fi,true,ACCOUNT_MANAGER,2029-09-06
2790,1547,Lars,Gustafsson,Store Manager,lars.gustafsson@rakka.sports.example,+46 70 856 61 75,true,sv,true,ACCOUNT_MANAGER,2029-09-06
2791,1548,Ingrid,Hansen,Store Manager,ingrid.hansen@alta.outdoor.school.example,+47 917 42 895,true,nb,false,TRADE_FAIR,2031-09-06
2792,1548,Bjørn,Dahl,Accounts Payable,bjorn.dahl@alta.outdoor.school.example,+47 914 23 939,false,nb,true,PORTAL,2029-09-06
2793,1549,Felix,Wagner,Store Manager,felix.wagner@vinter.urheilu.example,+49 40 6915724,true,de,true,WEBSITE,2028-09-06
2794,1549,Felix,Fischer,Owner,felix.fischer@vinter.urheilu.example,+49 40 2213531,false,de,true,TRADE_FAIR,2028-09-06
2795,1550,Jonas,Madsen,Store Manager,jonas.madsen@loiste.outdoor.example,+45 04 09 44 04,true,da,true,PORTAL,2028-09-06
2796,1551,Jørgen,Nilsen,Store Manager,jorgen.nilsen@vidde.camping.example,+47 946 02 130,true,nb,false,WEBSITE,2028-09-06
2797,1551,Tone,Kristiansen,Assistant Manager,tone.kristiansen@vidde.camping.example,+47 979 91 652,false,nb,false,WEBSITE,2031-09-06
2798,1552,Jukka,Koskinen,Store Manager,jukka.koskinen@kokkola.adventures.example,+358 40 114 8047,true,fi,false,TRADE_FAIR,2029-09-06
2799,1552,Aino,Laine,Assistant Manager,aino.laine@kokkola.adventures.example,+358 40 915 2935,false,fi,false,ACCOUNT_MANAGER,2028-09-06
2800,1553,Signe,Rasmussen,Store Manager,signe.rasmussen@aurora.friluft.example,+45 97 17 30 49,true,da,false,TRADE_FAIR,2029-09-06
2801,1553,Pernille,Rasmussen,Owner,pernille.rasmussen@aurora.friluft.example,+45 81 30 40 39,false,da,false,ACCOUNT_MANAGER,2029-09-06
2802,1554,Sigrid,Bakke,Store Manager,sigrid.bakke@hikers.adventure.example,+47 984 54 537,true,nb,false,TRADE_FAIR,2028-09-06
2803,1554,Kristian,Olsen,Assistant Manager,kristian.olsen@hikers.adventure.example,+47 995 46 427,false,nb,true,TRADE_FAIR,2029-09-06
2804,1555,Oskar,Bergström,Store Manager,oskar.bergstrom@basecamp.sports.example,+46 70 064 13 73,true,sv,false,PORTAL,2028-09-06
2805,1556,Jari,Lehtonen,Store Manager,jari.lehtonen@lehto.sport.example,+358 40 995 8303,true,fi,true,PORTAL,2031-09-06
2806,1557,Ville,Lehto,Store Manager,ville.lehto@tampere.sport.fritid.example,+358 40 290 9817,true,fi,false,WEBSITE,2028-09-06
2807,1558,Jørgen,Kristiansen,Store Manager,jorgen.kristiansen@alesund.outdoor.school.example,+47 986 56 938,true,nb,false,PORTAL,2029-09-06
2808,1559,Håkon,Nygaard,Store Manager,hakon.nygaard@fjall.sport.example,+47 991 82 388,true,nb,true,WEBSITE,2031-09-06
2809,1559,Sigrid,Hansen,Purchasing,sigrid.hansen@fjall.sport.example,+47 942 11 959,false,nb,true,ACCOUNT_MANAGER,2029-09-06
2810,1559,Kari,Haugen,Purchasing,kari.haugen@fjall.sport.example,+47 968 17 510,false,nb,true,PORTAL,2028-09-06
2811,1560,Felix,Hoffmann,Store Manager,felix.hoffmann@nordlys.camping.example,+49 40 3330400,true,de,true,PORTAL,2029-09-06
2812,1560,Anna,Becker,Buyer,anna.becker@nordlys.camping.example,+49 40 2597131,false,de,true,TRADE_FAIR,2028-09-06
2813,1561,Hanna,Strand,Store Manager,hanna.strand@umea.turutstyr.example,+46 70 233 61 35,true,sv,false,PORTAL,2028-09-06
2814,1562,Torbjørn,Hansen,Store Manager,torbjorn.hansen@trail.sports.example,+47 939 99 884,true,nb,true,ACCOUNT_MANAGER,2029-09-06
2815,1562,Jørgen,Johansen,Owner,jorgen.johansen@trail.sports.example,+47 926 48 498,false,nb,false,ACCOUNT_MANAGER,2028-09-06
2816,1563,Hanna,Svensson,Store Manager,hanna.svensson@lake.fritid.example,+46 70 509 05 43,true,sv,false,PORTAL,2029-09-06
2817,1563,Lovisa,Svensson,Buyer,lovisa.svensson@lake.fritid.example,+46 70 929 16 76,false,sv,true,ACCOUNT_MANAGER,2028-09-06
2818,1563,Mattias,Larsson,Purchasing,mattias.larsson@lake.fritid.example,+46 70 155 80 06,false,sv,true,ACCOUNT_MANAGER,2029-09-06
2819,1564,Per,Bergström,Store Manager,per.bergstrom@compass.urheilu.example,+46 70 647 58 84,true,sv,false,ACCOUNT_MANAGER,2028-09-06
2820,1565,Lars,Olsson,Store Manager,lars.olsson@ostersund.hiking.association.example,+46 70 702 80 26,true,sv,true,ACCOUNT_MANAGER,2029-09-06
2821,1566,Maija,Mäkinen,Store Manager,maija.makinen@joensuu.sport.example,+358 40 878 2003,true,fi,false,WEBSITE,2029-09-06
2822,1566,Maija,Laine,Assistant Manager,maija.laine@joensuu.sport.example,+358 40 554 3971,false,fi,true,PORTAL,2029-09-06
2823,1567,Mattias,Persson,Store Manager,mattias.persson@fjord24.example,+46 70 312 57 38,true,sv,false,WEBSITE,2028-09-06
2824,1567,Frida,Strand,Owner,frida.strand@fjord24.example,+46 70 845 66 29,false,sv,false,WEBSITE,2028-09-06
2825,1568,Frida,Svensson,Store Manager,frida.svensson@ridgestore.example,+46 70 130 00 79,true,sv,true,WEBSITE,2029-09-06
2826,1568,Karin,Olsson,Buyer,karin.olsson@ridgestore.example,+46 70 058 08 85,false,sv,true,PORTAL,2028-09-06
2827,1569,Kadri,Mägi,Store Manager,kadri.magi@ridge.adventure.example,+372 5989 0183,true,et,true,ACCOUNT_MANAGER,2029-09-06
2828,1569,Triin,Kask,Purchasing,triin.kask@ridge.adventure.example,+372 5808 3697,false,et,false,WEBSITE,2029-09-06
2829,1570,Rasmus,Christensen,Store Manager,rasmus.christensen@nietosgear.example,+45 64 16 79 49,true,da,true,TRADE_FAIR,2029-09-06
2830,1570,Frederik,Sørensen,Accounts Payable,frederik.sorensen@nietosgear.example,+45 62 30 83 19,false,da,true,PORTAL,2028-09-06
2831,1571,Oskar,Holm,Store Manager,oskar.holm@aurora.sport.example,+46 70 687 15 78,true,sv,false,PORTAL,2028-09-06
2832,1571,Elin,Holm,Assistant Manager,elin.holm@aurora.sport.example,+46 70 215 81 74,false,sv,false,WEBSITE,2029-09-06
2833,1572,Nils,Bergström,Store Manager,nils.bergstrom@karlstad.urheilu.example,+46 70 927 07 62,true,sv,false,WEBSITE,2031-09-06
2834,1573,Lovisa,Svensson,Store Manager,lovisa.svensson@lakegear.example,+46 70 677 78 05,true,sv,false,WEBSITE,2029-09-06
2835,1574,Timo,Salminen,Store Manager,timo.salminen@espoo.fritid.example,+358 40 492 8488,true,fi,true,ACCOUNT_MANAGER,2031-09-06
2836,1574,Laura,Virtanen,Purchasing,laura.virtanen@espoo.fritid.example,+358 40 942 2152,false,fi,true,ACCOUNT_MANAGER,2029-09-06
2837,1575,Pekka,Niemi,Store Manager,pekka.niemi@kittila.fritid.example,+358 40 687 8281,true,fi,false,ACCOUNT_MANAGER,2028-09-06
2838,1575,Katri,Hämäläinen,Purchasing,katri.hamalainen@kittila.fritid.example,+358 40 989 5315,false,fi,false,WEBSITE,2031-09-06
2839,1576,Triin,Sepp,Store Manager,triin.sepp@tallinn.rental.example,+372 5904 9595,true,et,true,PORTAL,2029-09-06
2840,1576,Triin,Tamm,Accounts Payable,triin.tamm@tallinn.rental.example,+372 5115 0610,false,et,true,TRADE_FAIR,2028-09-06
2841,1577,Anni,Niemi,Store Manager,anni.niemi@vaara.retki.example,+358 40 512 8727,true,fi,false,ACCOUNT_MANAGER,2028-09-06
2842,1578,Hanna,Nilsson,Store Manager,hanna.nilsson@linkoping.guides.example,+46 70 716 21 24,true,sv,true,PORTAL,2028-09-06
2843,1579,Gustav,Eriksson,Store Manager,gustav.eriksson@orebro.guides.example,+46 70 643 18 97,true,sv,true,PORTAL,2029-09-06
2844,1579,Ebba,Karlsson,Owner,ebba.karlsson@orebro.guides.example,+46 70 735 74 81,false,sv,false,WEBSITE,2028-09-06
2845,1580,Solveig,Larsen,Store Manager,solveig.larsen@vidde.outdoor.example,+47 916 39 623,true,nb,true,WEBSITE,2028-09-06
2846,1580,Solveig,Dahl,Purchasing,solveig.dahl@vidde.outdoor.example,+47 929 73 178,false,nb,true,PORTAL,2029-09-06
2847,1581,Tobias,Becker,Store Manager,tobias.becker@munich.outfitters.example,+49 40 0441087,true,de,true,TRADE_FAIR,2028-09-06
2848,1582,Mette,Sørensen,Store Manager,mette.sorensen@kolding.camping.example,+45 56 95 10 21,true,da,false,WEBSITE,2031-09-06
2849,1582,Camilla,Madsen,Purchasing,camilla.madsen@kolding.camping.example,+45 85 24 42 56,false,da,false,PORTAL,2031-09-06
2850,1583,Niels,Sørensen,Store Manager,niels.sorensen@metsa.friluft.example,+45 52 12 51 71,true,da,false,PORTAL,2031-09-06
2851,1584,Oskar,Strand,Store Manager,oskar.strand@malmo.hiking.association.example,+46 70 666 56 29,true,sv,false,PORTAL,2031-09-06
2852,1585,Triin,Tamm,Store Manager,triin.tamm@rebane.sport.example,+372 5638 6587,true,et,true,WEBSITE,2028-09-06
2853,1585,Mart,Mägi,Buyer,mart.magi@rebane.sport.example,+372 5144 0869,false,et,true,ACCOUNT_MANAGER,2031-09-06
2854,1585,Tanel,Ilves,Accounts Payable,tanel.ilves@rebane.sport.example,+372 5079 2533,false,et,true,TRADE_FAIR,2029-09-06
2855,1586,Pernille,Christensen,Store Manager,pernille.christensen@trail.friluft.example,+45 85 93 57 96,true,da,true,ACCOUNT_MANAGER,2028-09-06
2856,1586,Lærke,Nielsen,Warehouse,laerke.nielsen@trail.friluft.example,+45 00 42 06 67,false,da,false,TRADE_FAIR,2031-09-06
2857,1587,Aino,Lehtonen,Store Manager,aino.lehtonen@nordlysshop.example,+358 40 449 9422,true,fi,true,TRADE_FAIR,2031-09-06
2858,1588,Timo,Rantanen,Store Manager,timo.rantanen@joensuu.adventure.example,+358 40 246 9501,true,fi,false,PORTAL,2031-09-06
2859,1589,Maja,Bergström,Store Manager,maja.bergstrom@umea.outdoor.school.example,+46 70 505 10 16,true,sv,true,WEBSITE,2028-09-06
2860,1589,Per,Olsson,Accounts Payable,per.olsson@umea.outdoor.school.example,+46 70 738 47 89,false,sv,true,WEBSITE,2031-09-06
2861,1590,Elina,Saarinen,Store Manager,elina.saarinen@vaara.sport.fritid.example,+358 40 675 8545,true,fi,false,PORTAL,2031-09-06
2862,1590,Anni,Salo,Warehouse,anni.salo@vaara.sport.fritid.example,+358 40 119 6972,false,fi,false,PORTAL,2029-09-06
2863,1591,Elin,Larsson,Store Manager,elin.larsson@malmo.urheilu.example,+46 70 506 19 50,true,sv,false,PORTAL,2028-09-06
2864,1591,Linnea,Persson,Accounts Payable,linnea.persson@malmo.urheilu.example,+46 70 482 77 57,false,sv,true,ACCOUNT_MANAGER,2028-09-06
2865,1592,Hege,Nygaard,Store Manager,hege.nygaard@dahl.sport.example,+47 918 29 449,true,nb,true,WEBSITE,2028-09-06
2866,1592,Hege,Haugen,Warehouse,hege.haugen@dahl.sport.example,+47 947 54 771,false,nb,true,TRADE_FAIR,2029-09-06
2867,1593,Camilla,Christensen,Store Manager,camilla.christensen@skog.trekking.example,+45 81 81 33 62,true,da,true,WEBSITE,2028-09-06
2868,1593,Morten,Sørensen,Buyer,morten.sorensen@skog.trekking.example,+45 29 88 41 42,false,da,true,ACCOUNT_MANAGER,2029-09-06
2869,1594,Aino,Hämäläinen,Store Manager,aino.hamalainen@ruska24.example,+358 40 568 3124,true,fi,true,ACCOUNT_MANAGER,2029-09-06
2870,1595,Laura,Mäkinen,Store Manager,laura.makinen@turku.scouts.example,+358 40 324 5218,true,fi,true,WEBSITE,2028-09-06
2871,1595,Mikko,Lehtonen,Purchasing,mikko.lehtonen@turku.scouts.example,+358 40 393 8842,false,fi,false,WEBSITE,2031-09-06
2872,1596,Anette,Bakke,Store Manager,anette.bakke@kero.fritid.example,+47 905 04 548,true,nb,false,PORTAL,2028-09-06
2873,1596,Nora,Moen,Assistant Manager,nora.moen@kero.fritid.example,+47 937 88 832,false,nb,true,PORTAL,2028-09-06
2874,1597,Sara,Bergström,Store Manager,sara.bergstrom@aberg.friluft.example,+46 70 530 30 23,true,sv,false,PORTAL,2031-09-06
2875,1597,Mattias,Lindberg,Owner,mattias.lindberg@aberg.friluft.example,+46 70 255 02 19,false,sv,true,TRADE_FAIR,2031-09-06
2876,1598,Camilla,Thomsen,Store Manager,camilla.thomsen@skog.turutstyr.example,+45 12 09 79 07,true,da,true,ACCOUNT_MANAGER,2029-09-06
2877,1598,Jonas,Jensen,Owner,jonas.jensen@skog.turutstyr.example,+45 32 62 82 51,false,da,true,PORTAL,2031-09-06
2878,1598,Signe,Sørensen,Assistant Manager,signe.sorensen@skog.turutstyr.example,+45 49 07 78 73,false,da,true,WEBSITE,2029-09-06
2879,1599,Sindre,Nygaard,Store Manager,sindre.nygaard@kerogear.example,+47 938 73 817,true,nb,true,WEBSITE,2031-09-06
2880,1600,Maarja,Kukk,Store Manager,maarja.kukk@nietos.fritid.example,+372 5421 3176,true,et,false,TRADE_FAIR,2028-09-06
2881,1600,Tanel,Saar,Purchasing,tanel.saar@nietos.fritid.example,+372 5239 8749,false,et,true,WEBSITE,2029-09-06
2882,1600,Kadri,Tamm,Owner,kadri.tamm@nietos.fritid.example,+372 5499 2633,false,et,false,PORTAL,2028-09-06
2883,1601,Oskar,Gustafsson,Store Manager,oskar.gustafsson@linkoping.rental.example,+46 70 959 80 69,true,sv,true,WEBSITE,2029-09-06
2884,1602,Lærke,Nielsen,Store Manager,laerke.nielsen@thomsen.urheilu.example,+45 79 95 99 03,true,da,true,PORTAL,2028-09-06
2885,1603,Lars,Åberg,Store Manager,lars.aberg@nilsson.friluft.example,+46 70 916 27 54,true,sv,false,TRADE_FAIR,2028-09-06
2886,1603,Maja,Bergström,Buyer,maja.bergstrom@nilsson.friluft.example,+46 70 373 58 16,false,sv,true,TRADE_FAIR,2029-09-06
2887,1603,Ulf,Svensson,Owner,ulf.svensson@nilsson.friluft.example,+46 70 914 58 09,false,sv,true,TRADE_FAIR,2031-09-06
2888,1604,Hanna,Eriksson,Store Manager,hanna.eriksson@kairagear.example,+46 70 080 18 17,true,sv,true,ACCOUNT_MANAGER,2029-09-06
2889,1605,Liis,Ilves,Store Manager,liis.ilves@lake24.example,+372 5000 6626,true,et,true,ACCOUNT_MANAGER,2029-09-06
2890,1606,Sanna,Mäkinen,Store Manager,sanna.makinen@kayakshop.example,+358 40 290 6094,true,fi,false,TRADE_FAIR,2031-09-06
2891,1606,Ville,Kallio,Owner,ville.kallio@kayakshop.example,+358 40 028 5379,false,fi,true,TRADE_FAIR,2028-09-06
2892,1607,Elina,Salo,Store Manager,elina.salo@seinajoki.turutstyr.example,+358 40 762 4937,true,fi,true,ACCOUNT_MANAGER,2031-09-06
2893,1608,Jonas,Hoffmann,Store Manager,jonas.hoffmann@basecamp.sport.fritid.example,+49 40 8328296,true,de,true,WEBSITE,2029-09-06
2894,1609,Marit,Karlsen,Store Manager,marit.karlsen@lillehammer.scouts.example,+47 990 63 801,true,nb,true,WEBSITE,2028-09-06
2895,1609,Nora,Larsen,Assistant Manager,nora.larsen@lillehammer.scouts.example,+47 988 70 429,false,nb,true,WEBSITE,2029-09-06
2896,1609,Eirik,Nilsen,Purchasing,eirik.nilsen@lillehammer.scouts.example,+47 996 72 246,false,nb,false,WEBSITE,2031-09-06
2897,1610,Astrid,Larsson,Store Manager,astrid.larsson@forestshop.example,+46 70 426 64 36,true,sv,true,PORTAL,2031-09-06
2898,1610,Magnus,Nilsson,Buyer,magnus.nilsson@forestshop.example,+46 70 046 45 76,false,sv,true,PORTAL,2029-09-06
2899,1611,Sigrid,Haugen,Store Manager,sigrid.haugen@metsagear.example,+47 931 53 923,true,nb,false,WEBSITE,2031-09-06
2900,1611,Tone,Nygaard,Purchasing,tone.nygaard@metsagear.example,+47 944 69 724,false,nb,false,TRADE_FAIR,2028-09-06
2901,1612,Per,Lindberg,Store Manager,per.lindberg@trail.trekking.example,+46 70 222 91 23,true,sv,true,PORTAL,2031-09-06
2902,1612,Mattias,Svensson,Owner,mattias.svensson@trail.trekking.example,+46 70 651 00 01,false,sv,false,WEBSITE,2028-09-06
2903,1612,Hanna,Eriksson,Assistant Manager,hanna.eriksson@trail.trekking.example,+46 70 448 88 20,false,sv,true,PORTAL,2031-09-06
2904,1613,Kaisa,Virtanen,Store Manager,kaisa.virtanen@jyvaskyla.hiking.association.example,+358 40 813 0880,true,fi,true,PORTAL,2029-09-06
2905,1614,Kristjan,Saar,Store Manager,kristjan.saar@parnu.expeditions.example,+372 5169 1308,true,et,true,TRADE_FAIR,2031-09-06
2906,1615,Sigrid,Bakke,Store Manager,sigrid.bakke@fjall.adventure.example,+47 947 47 679,true,nb,true,WEBSITE,2028-09-06
2907,1615,Nora,Olsen,Purchasing,nora.olsen@fjall.adventure.example,+47 989 80 450,false,nb,false,ACCOUNT_MANAGER,2029-09-06
2908,1616,Frida,Larsson,Store Manager,frida.larsson@strand.friluft.example,+46 70 038 78 94,true,sv,false,TRADE_FAIR,2031-09-06
2909,1616,Anders,Bergström,Accounts Payable,anders.bergstrom@strand.friluft.example,+46 70 260 90 40,false,sv,true,TRADE_FAIR,2029-09-06
2910,1616,Henrik,Lindberg,Warehouse,henrik.lindberg@strand.friluft.example,+46 70 639 01 71,false,sv,true,ACCOUNT_MANAGER,2028-09-06
2911,1617,Erik,Eriksson,Store Manager,erik.eriksson@kaamos.sport.fritid.example,+46 70 925 56 66,true,sv,true,TRADE_FAIR,2029-09-06
2912,1617,Magnus,Andersson,Buyer,magnus.andersson@kaamos.sport.fritid.example,+46 70 104 41 53,false,sv,true,ACCOUNT_MANAGER,2028-09-06
2913,1617,Johan,Svensson,Assistant Manager,johan.svensson@kaamos.sport.fritid.example,+46 70 165 08 48,false,sv,false,WEBSITE,2029-09-06
2914,1618,Noora,Nieminen,Store Manager,noora.nieminen@kaamos.outdoor.example,+358 40 710 8880,true,fi,true,TRADE_FAIR,2031-09-06
2915,1619,Anni,Salo,Store Manager,anni.salo@aapa.sports.example,+358 40 773 2899,true,fi,true,PORTAL,2028-09-06
2916,1619,Tuomas,Salo,Accounts Payable,tuomas.salo@aapa.sports.example,+358 40 297 2241,false,fi,true,ACCOUNT_MANAGER,2031-09-06
2917,1620,Petra,Koch,Store Manager,petra.koch@trail.turutstyr.example,+49 40 0854769,true,de,false,ACCOUNT_MANAGER,2031-09-06
2918,1620,Lena,Koch,Purchasing,lena.koch@trail.turutstyr.example,+49 40 3417069,false,de,true,PORTAL,2029-09-06
2919,1620,Petra,Koch,Buyer,petra.koch.munich@trail.turutstyr.example,+49 40 8277137,false,de,true,WEBSITE,2029-09-06
2920,1621,Vegard,Karlsen,Store Manager,vegard.karlsen@summit.sports.example,+47 986 67 186,true,nb,true,ACCOUNT_MANAGER,2028-09-06
2921,1622,Tone,Olsen,Store Manager,tone.olsen@nygaard.outdoor.example,+47 955 72 798,true,nb,false,WEBSITE,2031-09-06
2922,1623,Håkon,Nilsen,Store Manager,hakon.nilsen@nilsen.urheilu.example,+47 933 73 583,true,nb,false,PORTAL,2031-09-06
2923,1624,Mads,Rasmussen,Store Manager,mads.rasmussen@roskilde.sport.example,+45 45 39 90 04,true,da,true,ACCOUNT_MANAGER,2031-09-06
2924,1625,Hanna,Karlsson,Store Manager,hanna.karlsson@vaarastore.example,+46 70 645 05 08,true,sv,true,WEBSITE,2029-09-06
2925,1626,Håkon,Johansen,Store Manager,hakon.johansen@arcticgear.example,+47 956 22 021,true,nb,true,WEBSITE,2028-09-06
2926,1627,Astrid,Gustafsson,Store Manager,astrid.gustafsson@trail.sport.example,+46 70 373 13 86,true,sv,false,TRADE_FAIR,2029-09-06
2927,1628,Ebba,Lundqvist,Store Manager,ebba.lundqvist@gavle.outdoor.example,+46 70 331 73 87,true,sv,true,ACCOUNT_MANAGER,2029-09-06
2928,1628,Ebba,Gustafsson,Warehouse,ebba.gustafsson@gavle.outdoor.example,+46 70 466 06 54,false,sv,true,PORTAL,2031-09-06
2929,1629,Pekka,Rantanen,Store Manager,pekka.rantanen@kero.urheilu.example,+358 40 849 1544,true,fi,false,ACCOUNT_MANAGER,2028-09-06
2930,1630,Jukka,Rantanen,Store Manager,jukka.rantanen@helsinki.retki.example,+358 40 887 3450,true,fi,true,WEBSITE,2029-09-06
2931,1630,Aino,Salo,Buyer,aino.salo@helsinki.retki.example,+358 40 649 4720,false,fi,false,WEBSITE,2028-09-06
2932,1631,Kristian,Johansen,Store Manager,kristian.johansen@berg.sport.example,+47 997 79 015,true,nb,true,WEBSITE,2031-09-06
2933,1631,Bjørn,Bakke,Owner,bjorn.bakke@berg.sport.example,+47 984 32 594,false,nb,true,TRADE_FAIR,2029-09-06
2934,1632,Maija,Laine,Store Manager,maija.laine@kaamos.adventure.example,+358 40 075 1822,true,fi,true,WEBSITE,2028-09-06
2935,1632,Elina,Heikkinen,Purchasing,elina.heikkinen@kaamos.adventure.example,+358 40 325 8336,false,fi,true,ACCOUNT_MANAGER,2031-09-06
2936,1632,Antti,Salminen,Accounts Payable,antti.salminen@kaamos.adventure.example,+358 40 926 5041,false,fi,true,WEBSITE,2031-09-06
2937,1633,Julia,Weber,Store Manager,julia.weber@kalottistore.example,+49 40 0556497,true,de,true,TRADE_FAIR,2029-09-06
2938,1634,Lars,Larsson,Store Manager,lars.larsson@uppsala.sports.example,+46 70 991 45 83,true,sv,false,ACCOUNT_MANAGER,2031-09-06
2939,1634,Lars,Nilsson,Assistant Manager,lars.nilsson@uppsala.sports.example,+46 70 696 20 52,false,sv,true,TRADE_FAIR,2031-09-06
2940,1635,Marit,Nilsen,Store Manager,marit.nilsen@drammen.camping.example,+47 916 92 799,true,nb,true,WEBSITE,2029-09-06
2941,1635,Ole,Berg,Warehouse,ole.berg@drammen.camping.example,+47 930 27 749,false,nb,false,TRADE_FAIR,2029-09-06
2942,1636,Kaisa,Salminen,Store Manager,kaisa.salminen@kallio.sport.example,+358 40 109 7294,true,fi,true,ACCOUNT_MANAGER,2029-09-06
2943,1637,Ulf,Karlsson,Store Manager,ulf.karlsson@aurora.sport.fritid.example,+46 70 977 20 50,true,sv,true,PORTAL,2031-09-06
2944,1638,Pekka,Salo,Store Manager,pekka.salo@heikkinen.sport.example,+358 40 934 4939,true,fi,false,WEBSITE,2031-09-06
2945,1638,Matti,Kallio,Owner,matti.kallio@heikkinen.sport.example,+358 40 837 2427,false,fi,true,WEBSITE,2029-09-06
2946,1639,Sindre,Hansen,Store Manager,sindre.hansen@stavanger.adventure.example,+47 976 27 560,true,nb,false,TRADE_FAIR,2028-09-06
2947,1639,Håkon,Pedersen,Accounts Payable,hakon.pedersen@stavanger.adventure.example,+47 986 11 362,false,nb,false,ACCOUNT_MANAGER,2031-09-06
2948,1639,Vegard,Olsen,Purchasing,vegard.olsen@stavanger.adventure.example,+47 905 41 225,false,nb,true,WEBSITE,2028-09-06
2949,1640,Mattias,Strand,Store Manager,mattias.strand@basecamp.fritid.example,+46 70 939 44 72,true,sv,false,TRADE_FAIR,2029-09-06
2950,1640,Karin,Gustafsson,Purchasing,karin.gustafsson@basecamp.fritid.example,+46 70 182 63 35,false,sv,true,PORTAL,2028-09-06
2951,1641,Aino,Kallio,Store Manager,aino.kallio@vuoma.camping.example,+358 40 459 3192,true,fi,false,PORTAL,2031-09-06
2952,1641,Elina,Nieminen,Buyer,elina.nieminen@vuoma.camping.example,+358 40 207 6604,false,fi,false,WEBSITE,2031-09-06
2953,1641,Noora,Heikkinen,Assistant Manager,noora.heikkinen@vuoma.camping.example,+358 40 955 7768,false,fi,false,WEBSITE,2028-09-06
2954,1642,Silje,Nilsen,Store Manager,silje.nilsen@moen.friluft.example,+47 969 99 611,true,nb,false,ACCOUNT_MANAGER,2029-09-06
2955,1643,Håkon,Nygaard,Store Manager,hakon.nygaard@bakke.sport.example,+47 902 62 438,true,nb,true,WEBSITE,2028-09-06
2956,1643,Sindre,Pedersen,Purchasing,sindre.pedersen@bakke.sport.example,+47 985 56 201,false,nb,true,TRADE_FAIR,2029-09-06
2957,1643,Jørgen,Berg,Warehouse,jorgen.berg@bakke.sport.example,+47 921 18 731,false,nb,true,PORTAL,2028-09-06
2958,1644,Henrik,Åberg,Store Manager,henrik.aberg@larsson.friluft.example,+46 70 930 22 70,true,sv,true,WEBSITE,2029-09-06
2959,1644,Karin,Svensson,Owner,karin.svensson@larsson.friluft.example,+46 70 457 20 76,false,sv,false,WEBSITE,2028-09-06
2960,1645,Per,Olsson,Store Manager,per.olsson@uppsala.guides.example,+46 70 295 42 06,true,sv,true,ACCOUNT_MANAGER,2029-09-06
2961,1646,Venla,Niemi,Store Manager,venla.niemi@selka.adventure.example,+358 40 048 7450,true,fi,true,WEBSITE,2031-09-06
2962,1647,Kari,Andersen,Store Manager,kari.andersen@moen.sport.example,+47 948 21 478,true,nb,true,ACCOUNT_MANAGER,2028-09-06
2963,1647,Kristian,Kristiansen,Warehouse,kristian.kristiansen@moen.sport.example,+47 967 94 006,false,nb,false,PORTAL,2028-09-06
2964,1647,Hege,Andersen,Owner,hege.andersen@moen.sport.example,+47 984 82 712,false,nb,false,TRADE_FAIR,2031-09-06
2965,1648,Tobias,Wagner,Store Manager,tobias.wagner@kerogear.example,+49 40 3909977,true,de,true,TRADE_FAIR,2029-09-06
2966,1649,Venla,Niemi,Store Manager,venla.niemi@kuusamo.rental.example,+358 40 746 4245,true,fi,false,TRADE_FAIR,2028-09-06
2967,1649,Aino,Nieminen,Purchasing,aino.nieminen@kuusamo.rental.example,+358 40 463 4077,false,fi,true,WEBSITE,2029-09-06
2968,1650,Maja,Gustafsson,Store Manager,maja.gustafsson@vidde.retki.example,+46 70 234 63 50,true,sv,true,TRADE_FAIR,2031-09-06
2969,1650,Gustav,Svensson,Assistant Manager,gustav.svensson@vidde.retki.example,+46 70 142 78 93,false,sv,true,WEBSITE,2029-09-06
2970,1651,Emma,Eriksson,Store Manager,emma.eriksson@erastore.example,+46 70 407 67 70,true,sv,false,TRADE_FAIR,2029-09-06
2971,1651,Björn,Persson,Assistant Manager,bjorn.persson@erastore.example,+46 70 372 36 69,false,sv,true,WEBSITE,2028-09-06
2972,1651,Gustav,Andersson,Assistant Manager,gustav.andersson@erastore.example,+46 70 672 68 58,false,sv,true,WEBSITE,2029-09-06
2973,1652,Ole,Nygaard,Store Manager,ole.nygaard@lakegear.example,+47 968 92 978,true,nb,false,ACCOUNT_MANAGER,2029-09-06
2974,1652,Sigrid,Kristiansen,Assistant Manager,sigrid.kristiansen@lakegear.example,+47 985 64 356,false,nb,false,PORTAL,2028-09-06
2975,1653,Lena,Hoffmann,Store Manager,lena.hoffmann@munich.outdoor.example,+49 40 2129209,true,de,true,WEBSITE,2029-09-06
2976,1654,Erik,Persson,Store Manager,erik.persson@lulea.alpine.club.example,+46 70 738 33 69,true,sv,true,TRADE_FAIR,2028-09-06
2977,1655,Johan,Bergström,Store Manager,johan.bergstrom@malmo.sport.example,+46 70 049 77 47,true,sv,false,ACCOUNT_MANAGER,2029-09-06
2978,1656,Bjørn,Larsen,Store Manager,bjorn.larsen@trondheim.trekking.example,+47 942 43 579,true,nb,false,TRADE_FAIR,2029-09-06
2979,1656,Kari,Nilsen,Purchasing,kari.nilsen@trondheim.trekking.example,+47 954 25 312,false,nb,false,TRADE_FAIR,2029-09-06
2980,1657,Riikka,Lehto,Store Manager,riikka.lehto@kuopio.retki.example,+358 40 611 4488,true,fi,true,TRADE_FAIR,2029-09-06
2981,1657,Sanna,Lehto,Accounts Payable,sanna.lehto@kuopio.retki.example,+358 40 970 2618,false,fi,true,TRADE_FAIR,2031-09-06
2982,1657,Lauri,Kallio,Owner,lauri.kallio@kuopio.retki.example,+358 40 917 8544,false,fi,true,PORTAL,2028-09-06
2983,1658,Tanel,Tamm,Store Manager,tanel.tamm@tartu.turutstyr.example,+372 5908 8179,true,et,true,TRADE_FAIR,2028-09-06
2984,1659,Morten,Jensen,Store Manager,morten.jensen@fjall24.example,+45 27 88 90 03,true,da,true,TRADE_FAIR,2029-09-06
2985,1659,Frederik,Christensen,Accounts Payable,frederik.christensen@fjall24.example,+45 14 10 00 01,false,da,true,TRADE_FAIR,2029-09-06
2986,1660,Noora,Virtanen,Store Manager,noora.virtanen@kuopio.sport.fritid.example,+358 40 746 3636,true,fi,true,TRADE_FAIR,2028-09-06
2987,1660,Ville,Salo,Assistant Manager,ville.salo@kuopio.sport.fritid.example,+358 40 868 7489,false,fi,true,TRADE_FAIR,2029-09-06
2988,1661,Oskar,Åberg,Store Manager,oskar.aberg@kaamos.camping.example,+46 70 269 87 17,true,sv,false,WEBSITE,2028-09-06
2989,1661,Sara,Åberg,Purchasing,sara.aberg@kaamos.camping.example,+46 70 787 93 19,false,sv,true,PORTAL,2031-09-06
2990,1662,Matti,Järvinen,Store Manager,matti.jarvinen@nietos.sports.example,+358 40 341 0171,true,fi,false,PORTAL,2029-09-06
2991,1663,Aino,Salo,Store Manager,aino.salo@helsinki.sport.example,+358 40 942 4978,true,fi,true,TRADE_FAIR,2031-09-06
2992,1663,Jari,Laine,Assistant Manager,jari.laine@helsinki.sport.example,+358 40 904 7282,false,fi,false,WEBSITE,2028-09-06
2993,1664,Jørgen,Karlsen,Store Manager,jorgen.karlsen@hansen.friluft.example,+47 957 99 247,true,nb,true,WEBSITE,2028-09-06
2994,1664,Sindre,Andersen,Owner,sindre.andersen@hansen.friluft.example,+47 911 20 325,false,nb,true,TRADE_FAIR,2029-09-06
2995,1664,Håkon,Olsen,Accounts Payable,hakon.olsen@hansen.friluft.example,+47 932 97 704,false,nb,false,TRADE_FAIR,2029-09-06
2996,1665,Sigrid,Johansen,Store Manager,sigrid.johansen@ridge.trekking.example,+47 980 36 360,true,nb,true,PORTAL,2028-09-06
2997,1665,Ingrid,Hansen,Purchasing,ingrid.hansen@ridge.trekking.example,+47 930 23 500,false,nb,false,WEBSITE,2029-09-06
2998,1666,Hanna,Nilsson,Store Manager,hanna.nilsson@andersson.sport.example,+46 70 712 65 41,true,sv,false,TRADE_FAIR,2031-09-06
2999,1667,Noora,Korhonen,Store Manager,noora.korhonen@vaasa.turutstyr.example,+358 40 925 5569,true,fi,true,ACCOUNT_MANAGER,2028-09-06
3000,1667,Laura,Koskinen,Assistant Manager,laura.koskinen@vaasa.turutstyr.example,+358 40 520 4390,false,fi,true,TRADE_FAIR,2028-09-06
3001,1668,Olli,Nieminen,Store Manager,olli.nieminen@oulu.guides.example,+358 40 769 6444,true,fi,false,TRADE_FAIR,2028-09-06
3002,1668,Mikko,Koskinen,Buyer,mikko.koskinen@oulu.guides.example,+358 40 993 5388,false,fi,false,ACCOUNT_MANAGER,2028-09-06
3003,1668,Mikko,Salminen,Owner,mikko.salminen@oulu.guides.example,+358 40 918 4387,false,fi,false,PORTAL,2028-09-06
3004,1669,Tobias,Hoffmann,Store Manager,tobias.hoffmann@hamburg.trekking.example,+49 40 9477041,true,de,false,ACCOUNT_MANAGER,2029-09-06
3005,1669,Lukas,Müller,Warehouse,lukas.muller@hamburg.trekking.example,+49 40 8575475,false,de,false,WEBSITE,2028-09-06
3006,1670,Signe,Christensen,Store Manager,signe.christensen@selkashop.example,+45 93 74 40 30,true,da,false,WEBSITE,2028-09-06
3007,1671,Kristjan,Kask,Store Manager,kristjan.kask@forest.adventure.example,+372 5145 6491,true,et,true,TRADE_FAIR,2029-09-06
3008,1671,Liis,Tamm,Purchasing,liis.tamm@forest.adventure.example,+372 5148 8258,false,et,true,TRADE_FAIR,2028-09-06
3009,1671,Kristjan,Tamm,Accounts Payable,kristjan.tamm@forest.adventure.example,+372 5734 5824,false,et,true,WEBSITE,2028-09-06
3010,1672,Vegard,Nygaard,Store Manager,vegard.nygaard@stavanger.sport.fritid.example,+47 992 74 608,true,nb,false,ACCOUNT_MANAGER,2028-09-06
3011,1672,Bjørn,Hansen,Warehouse,bjorn.hansen@stavanger.sport.fritid.example,+47 974 52 946,false,nb,true,WEBSITE,2028-09-06
3012,1672,Solveig,Berg,Accounts Payable,solveig.berg@stavanger.sport.fritid.example,+47 960 17 094,false,nb,true,PORTAL,2029-09-06
3013,1673,Jonas,Weber,Store Manager,jonas.weber@weber.urheilu.example,+49 40 0686360,true,de,true,PORTAL,2029-09-06
3014,1674,Triin,Kukk,Store Manager,triin.kukk@tamm.friluft.example,+372 5746 4609,true,et,true,ACCOUNT_MANAGER,2031-09-06
3015,1674,Kristjan,Saar,Buyer,kristjan.saar@tamm.friluft.example,+372 5006 2605,false,et,true,ACCOUNT_MANAGER,2031-09-06
3016,1675,Sofia,Lindberg,Store Manager,sofia.lindberg@skog.trekking.example,+46 70 934 18 43,true,sv,true,ACCOUNT_MANAGER,2031-09-06
3017,1675,Nils,Karlsson,Buyer,nils.karlsson@skog.trekking.example,+46 70 207 16 30,false,sv,true,TRADE_FAIR,2031-09-06
3018,1675,Maja,Nilsson,Buyer,maja.nilsson@skog.trekking.example,+46 70 912 67 84,false,sv,true,ACCOUNT_MANAGER,2031-09-06
3019,1676,Marit,Haugen,Store Manager,marit.haugen@stavanger.outdoor.example,+47 969 42 653,true,nb,true,WEBSITE,2031-09-06
3020,1676,Ole,Dahl,Buyer,ole.dahl@stavanger.outdoor.example,+47 922 35 270,false,nb,false,ACCOUNT_MANAGER,2028-09-06
3021,1676,Anette,Andersen,Purchasing,anette.andersen@stavanger.outdoor.example,+47 949 41 157,false,nb,true,TRADE_FAIR,2031-09-06
3022,1677,Sanna,Korhonen,Store Manager,sanna.korhonen@hameenlinna.fritid.example,+358 40 017 4249,true,fi,false,TRADE_FAIR,2031-09-06
3023,1678,Johan,Lundqvist,Store Manager,johan.lundqvist@hikers.sports.example,+46 70 303 23 97,true,sv,false,WEBSITE,2028-09-06
3024,1678,Magnus,Strand,Warehouse,magnus.strand@hikers.sports.example,+46 70 036 74 45,false,sv,false,PORTAL,2029-09-06
3025,1679,Sindre,Berg,Store Manager,sindre.berg@aapa.friluft.example,+47 925 65 179,true,nb,true,PORTAL,2031-09-06
3026,1679,Sigrid,Nygaard,Accounts Payable,sigrid.nygaard@aapa.friluft.example,+47 931 54 075,false,nb,true,PORTAL,2028-09-06
3027,1680,Venla,Niemi,Store Manager,venla.niemi@vinter.friluft.example,+358 40 544 7086,true,fi,true,WEBSITE,2028-09-06
3028,1680,Juhani,Korhonen,Owner,juhani.korhonen@vinter.friluft.example,+358 40 101 4599,false,fi,false,ACCOUNT_MANAGER,2031-09-06
3029,1681,Bjørn,Bakke,Store Manager,bjorn.bakke@aurora.urheilu.example,+47 950 86 338,true,nb,false,WEBSITE,2031-09-06
3030,1682,Eero,Laine,Store Manager,eero.laine@keroshop.example,+358 40 699 5459,true,fi,true,PORTAL,2028-09-06
3031,1682,Olli,Korhonen,Warehouse,olli.korhonen@keroshop.example,+358 40 745 9861,false,fi,true,TRADE_FAIR,2028-09-06
3032,1683,Olli,Nieminen,Store Manager,olli.nieminen@fjord.adventure.example,+358 40 173 2194,true,fi,false,TRADE_FAIR,2029-09-06
3033,1684,Kaisa,Koskinen,Store Manager,kaisa.koskinen@saarinen.outdoor.example,+358 40 149 2318,true,fi,true,TRADE_FAIR,2028-09-06
3034,1685,Signe,Poulsen,Store Manager,signe.poulsen@kolding.outfitters.example,+45 98 97 99 21,true,da,true,PORTAL,2029-09-06
3035,1686,Camilla,Madsen,Store Manager,camilla.madsen@vidde.fritid.example,+45 40 56 26 18,true,da,true,TRADE_FAIR,2031-09-06
3036,1686,Jonas,Jensen,Accounts Payable,jonas.jensen@vidde.fritid.example,+45 17 24 05 02,false,da,false,ACCOUNT_MANAGER,2031-09-06
3037,1687,Lars,Andersson,Store Manager,lars.andersson@fjall.fritid.example,+46 70 011 61 40,true,sv,true,WEBSITE,2031-09-06
3038,1687,Anders,Karlsson,Assistant Manager,anders.karlsson@fjall.fritid.example,+46 70 242 51 31,false,sv,true,ACCOUNT_MANAGER,2031-09-06
3039,1688,Juhani,Järvinen,Store Manager,juhani.jarvinen@lake.fritid.example,+358 40 686 0801,true,fi,false,ACCOUNT_MANAGER,2029-09-06
3040,1689,Laura,Salo,Store Manager,laura.salo@vaasa.adventures.example,+358 40 150 3279,true,fi,true,PORTAL,2028-09-06
3041,1689,Maija,Nieminen,Purchasing,maija.nieminen@vaasa.adventures.example,+358 40 999 4772,false,fi,true,WEBSITE,2028-09-06
3042,1690,Mette,Kjær,Store Manager,mette.kjaer@metsa.urheilu.example,+45 69 88 18 64,true,da,false,TRADE_FAIR,2029-09-06
3043,1690,Frederik,Kjær,Accounts Payable,frederik.kjaer@metsa.urheilu.example,+45 22 27 64 26,false,da,false,PORTAL,2031-09-06
3044,1691,Tuomas,Rantanen,Store Manager,tuomas.rantanen@nordlys.turutstyr.example,+358 40 476 9934,true,fi,false,WEBSITE,2028-09-06
3045,1691,Lauri,Lehto,Accounts Payable,lauri.lehto@nordlys.turutstyr.example,+358 40 049 5261,false,fi,true,PORTAL,2029-09-06
3046,1692,Vegard,Dahl,Store Manager,vegard.dahl@alta.outfitters.example,+47 922 47 628,true,nb,false,TRADE_FAIR,2029-09-06
3047,1692,Ole,Johansen,Buyer,ole.johansen@alta.outfitters.example,+47 992 20 261,false,nb,true,TRADE_FAIR,2029-09-06
3048,1693,Olli,Järvinen,Store Manager,olli.jarvinen@aapa.sport.example,+358 40 993 5877,true,fi,false,TRADE_FAIR,2029-09-06
3049,1694,Elin,Bergström,Store Manager,elin.bergstrom@uppsala.urheilu.example,+46 70 194 32 33,true,sv,true,ACCOUNT_MANAGER,2029-09-06
3050,1695,Ville,Nieminen,Store Manager,ville.nieminen@aurora.fritid.example,+358 40 457 4152,true,fi,true,ACCOUNT_MANAGER,2031-09-06
3051,1696,Petra,Koch,Store Manager,petra.koch@munich.adventures.example,+49 40 7233371,true,de,true,WEBSITE,2031-09-06
3052,1696,Markus,Schmidt,Warehouse,markus.schmidt@munich.adventures.example,+49 40 2633512,false,de,true,WEBSITE,2031-09-06
3053,1696,Felix,Wagner,Accounts Payable,felix.wagner@munich.adventures.example,+49 40 3673493,false,de,true,PORTAL,2029-09-06
3054,1697,Henrik,Strand,Store Manager,henrik.strand@orebro.fritid.example,+46 70 846 39 47,true,sv,false,PORTAL,2031-09-06
3055,1697,Linnea,Karlsson,Purchasing,linnea.karlsson@orebro.fritid.example,+46 70 290 55 71,false,sv,true,PORTAL,2031-09-06
3056,1698,Kadri,Mägi,Store Manager,kadri.magi@tamm.urheilu.example,+372 5948 3891,true,et,false,TRADE_FAIR,2028-09-06
3057,1698,Kadri,Saar,Accounts Payable,kadri.saar@tamm.urheilu.example,+372 5323 2557,false,et,false,WEBSITE,2029-09-06
3058,1699,Hege,Bakke,Store Manager,hege.bakke@vaara.sport.example,+47 909 80 580,true,nb,true,TRADE_FAIR,2029-09-06
3059,1699,Marit,Larsen,Warehouse,marit.larsen@vaara.sport.example,+47 948 53 497,false,nb,true,TRADE_FAIR,2029-09-06
3060,1700,Kaisa,Rantanen,Store Manager,kaisa.rantanen@rovaniemi.camping.example,+358 40 984 6917,true,fi,false,PORTAL,2031-09-06
3061,1701,Pernille,Thomsen,Store Manager,pernille.thomsen@kaira.sports.example,+45 10 60 14 51,true,da,true,ACCOUNT_MANAGER,2029-09-06
3062,1702,Morten,Thomsen,Store Manager,morten.thomsen@odense.fritid.example,+45 00 99 26 67,true,da,false,PORTAL,2029-09-06
3063,1702,Louise,Sørensen,Owner,louise.sorensen@odense.fritid.example,+45 34 97 34 84,false,da,true,ACCOUNT_MANAGER,2028-09-06
3064,1703,Jukka,Salminen,Store Manager,jukka.salminen@aapa.trekking.example,+358 40 255 3364,true,fi,false,TRADE_FAIR,2031-09-06
3065,1703,Eero,Laine,Buyer,eero.laine@aapa.trekking.example,+358 40 472 5045,false,fi,true,PORTAL,2029-09-06
3066,1704,Linnea,Olsson,Store Manager,linnea.olsson@bergstrom.outdoor.example,+46 70 148 26 21,true,sv,true,PORTAL,2031-09-06
3067,1704,Frida,Nilsson,Purchasing,frida.nilsson@bergstrom.outdoor.example,+46 70 817 97 50,false,sv,true,ACCOUNT_MANAGER,2029-09-06
3068,1705,Eero,Mäkinen,Store Manager,eero.makinen@kittila.turutstyr.example,+358 40 048 4033,true,fi,false,PORTAL,2028-09-06
3069,1705,Pekka,Lehto,Owner,pekka.lehto@kittila.turutstyr.example,+358 40 699 3549,false,fi,false,TRADE_FAIR,2029-09-06
3070,1705,Lauri,Hämäläinen,Owner,lauri.hamalainen@kittila.turutstyr.example,+358 40 966 3486,false,fi,false,ACCOUNT_MANAGER,2028-09-06
3071,1706,Juhani,Mäkinen,Store Manager,juhani.makinen@forest.urheilu.example,+358 40 371 2428,true,fi,true,WEBSITE,2028-09-06
3072,1707,Ebba,Gustafsson,Store Manager,ebba.gustafsson@kiruna.hiking.association.example,+46 70 088 11 01,true,sv,false,PORTAL,2029-09-06
3073,1707,Elin,Eriksson,Owner,elin.eriksson@kiruna.hiking.association.example,+46 70 132 27 83,false,sv,true,WEBSITE,2031-09-06
3074,1707,Lovisa,Johansson,Warehouse,lovisa.johansson@kiruna.hiking.association.example,+46 70 244 76 71,false,sv,false,ACCOUNT_MANAGER,2029-09-06
3075,1708,Frida,Lindberg,Store Manager,frida.lindberg@nietosshop.example,+46 70 047 05 95,true,sv,false,ACCOUNT_MANAGER,2028-09-06
3076,1709,Johan,Johansson,Store Manager,johan.johansson@olsson.urheilu.example,+46 70 711 54 11,true,sv,false,ACCOUNT_MANAGER,2031-09-06
3077,1709,Gustav,Svensson,Accounts Payable,gustav.svensson@olsson.urheilu.example,+46 70 321 62 60,false,sv,false,ACCOUNT_MANAGER,2029-09-06
3078,1710,Freja,Kjær,Store Manager,freja.kjaer@jorgensen.sport.example,+45 70 08 93 20,true,da,true,PORTAL,2029-09-06
3079,1710,Mads,Rasmussen,Purchasing,mads.rasmussen@jorgensen.sport.example,+45 37 82 48 13,false,da,true,TRADE_FAIR,2029-09-06
3080,1711,Jørgen,Olsen,Store Manager,jorgen.olsen@nilsen.friluft.example,+47 947 79 451,true,nb,false,WEBSITE,2029-09-06
3081,1711,Torbjørn,Dahl,Buyer,torbjorn.dahl@nilsen.friluft.example,+47 913 19 577,false,nb,true,PORTAL,2031-09-06
3082,1712,Anders,Bergström,Store Manager,anders.bergstrom@holm.sport.example,+46 70 530 78 68,true,sv,true,WEBSITE,2028-09-06
3083,1713,Niels,Sørensen,Store Manager,niels.sorensen@fjord.sport.example,+45 82 47 58 36,true,da,true,ACCOUNT_MANAGER,2028-09-06
3084,1713,Lærke,Rasmussen,Warehouse,laerke.rasmussen@fjord.sport.example,+45 21 33 36 84,false,da,true,PORTAL,2031-09-06
3085,1714,Sara,Strand,Store Manager,sara.strand@basecampstore.example,+46 70 306 32 01,true,sv,true,TRADE_FAIR,2029-09-06
3086,1714,Emma,Persson,Buyer,emma.persson@basecampstore.example,+46 70 366 00 58,false,sv,true,TRADE_FAIR,2028-09-06
3087,1714,Per,Strand,Accounts Payable,per.strand@basecampstore.example,+46 70 397 46 96,false,sv,true,ACCOUNT_MANAGER,2031-09-06
3088,1715,Anette,Berg,Store Manager,anette.berg@kaira.outdoor.example,+47 927 29 630,true,nb,false,PORTAL,2031-09-06
3089,1715,Vegard,Kristiansen,Purchasing,vegard.kristiansen@kaira.outdoor.example,+47 944 47 801,false,nb,false,PORTAL,2031-09-06
3090,1715,Eirik,Karlsen,Warehouse,eirik.karlsen@kaira.outdoor.example,+47 955 23 755,false,nb,false,WEBSITE,2029-09-06
3091,1716,Olli,Mäkinen,Store Manager,olli.makinen@kero.sports.example,+358 40 594 4120,true,fi,false,TRADE_FAIR,2029-09-06
3092,1716,Jukka,Järvinen,Accounts Payable,jukka.jarvinen@kero.sports.example,+358 40 892 0456,false,fi,false,WEBSITE,2028-09-06
3093,1716,Aino,Niemi,Buyer,aino.niemi@kero.sports.example,+358 40 214 9572,false,fi,false,WEBSITE,2031-09-06
3094,1717,Petra,Schmidt,Store Manager,petra.schmidt@munich.fritid.example,+49 40 7083355,true,de,false,ACCOUNT_MANAGER,2031-09-06
3095,1717,Markus,Weber,Owner,markus.weber@munich.fritid.example,+49 40 1193553,false,de,false,TRADE_FAIR,2029-09-06
3096,1718,Matti,Korhonen,Store Manager,matti.korhonen@virtanen.sport.example,+358 40 180 7567,true,fi,false,ACCOUNT_MANAGER,2029-09-06
3097,1719,Ulf,Bergström,Store Manager,ulf.bergstrom@aurora.outfitters.example,+46 70 819 97 68,true,sv,true,PORTAL,2029-09-06
3098,1719,Frida,Bergström,Buyer,frida.bergstrom@aurora.outfitters.example,+46 70 991 29 19,false,sv,true,ACCOUNT_MANAGER,2028-09-06
3099,1720,Anna,Weber,Store Manager,anna.weber@selka.urheilu.example,+49 40 8922129,true,de,true,WEBSITE,2029-09-06
3100,1720,Petra,Hoffmann,Purchasing,petra.hoffmann@selka.urheilu.example,+49 40 7842030,false,de,true,PORTAL,2029-09-06
3101,1720,Felix,Wagner,Accounts Payable,felix.wagner@selka.urheilu.example,+49 40 4891783,false,de,false,ACCOUNT_MANAGER,2028-09-06
3102,1721,Kari,Pedersen,Store Manager,kari.pedersen@era.adventure.example,+47 984 30 174,true,nb,false,PORTAL,2029-09-06
3103,1721,Kristian,Nygaard,Accounts Payable,kristian.nygaard@era.adventure.example,+47 983 52 724,false,nb,false,TRADE_FAIR,2028-09-06
3104,1721,Solveig,Berg,Buyer,solveig.berg@era.adventure.example,+47 951 75 371,false,nb,true,ACCOUNT_MANAGER,2028-09-06
3105,1722,Frederik,Poulsen,Store Manager,frederik.poulsen@aalborg.urheilu.example,+45 20 93 18 01,true,da,false,WEBSITE,2028-09-06
3106,1722,Jonas,Jensen,Assistant Manager,jonas.jensen@aalborg.urheilu.example,+45 41 82 20 00,false,da,true,TRADE_FAIR,2031-09-06
3107,1723,Antti,Aho,Store Manager,antti.aho@vaasa.retki.example,+358 40 344 0898,true,fi,true,PORTAL,2031-09-06
3108,1723,Timo,Aho,Warehouse,timo.aho@vaasa.retki.example,+358 40 088 4914,false,fi,true,WEBSITE,2029-09-06
3109,1724,Mattias,Karlsson,Store Manager,mattias.karlsson@arctic.outfitters.example,+46 70 859 40 71,true,sv,false,ACCOUNT_MANAGER,2029-09-06
3110,1725,Lauri,Rantanen,Store Manager,lauri.rantanen@seinajoki.outdoor.example,+358 40 374 4269,true,fi,false,PORTAL,2031-09-06
3111,1726,Mette,Rasmussen,Store Manager,mette.rasmussen@kalottigear.example,+45 38 86 18 04,true,da,true,TRADE_FAIR,2031-09-06
3112,1726,Frederik,Thomsen,Assistant Manager,frederik.thomsen@kalottigear.example,+45 10 55 40 01,false,da,false,WEBSITE,2028-09-06
3113,1727,Pernille,Jensen,Store Manager,pernille.jensen@vaara.outdoor.example,+45 97 31 50 63,true,da,true,PORTAL,2029-09-06
3114,1728,Pekka,Nieminen,Store Manager,pekka.nieminen@era.turutstyr.example,+358 40 141 9868,true,fi,false,WEBSITE,2029-09-06
3115,1728,Helmi,Virtanen,Buyer,helmi.virtanen@era.turutstyr.example,+358 40 850 4846,false,fi,false,TRADE_FAIR,2031-09-06
3116,1729,Sigrid,Andersen,Store Manager,sigrid.andersen@alesund.expeditions.example,+47 902 84 233,true,nb,true,TRADE_FAIR,2029-09-06
3117,1730,Björn,Johansson,Store Manager,bjorn.johansson@johansson.urheilu.example,+46 70 893 02 43,true,sv,false,PORTAL,2031-09-06
3118,1730,Oskar,Lindberg,Buyer,oskar.lindberg@johansson.urheilu.example,+46 70 347 17 46,false,sv,true,WEBSITE,2029-09-06
3119,1731,Linnea,Åberg,Store Manager,linnea.aberg@kiruna.fritid.example,+46 70 244 36 03,true,sv,false,PORTAL,2031-09-06
3120,1731,Elin,Persson,Owner,elin.persson@kiruna.fritid.example,+46 70 787 16 66,false,sv,true,ACCOUNT_MANAGER,2031-09-06
3121,1731,Erik,Lindberg,Buyer,erik.lindberg@kiruna.fritid.example,+46 70 716 11 79,false,sv,false,WEBSITE,2029-09-06
3122,1732,Sanna,Rantanen,Store Manager,sanna.rantanen@espoo.rental.example,+358 40 948 7425,true,fi,false,PORTAL,2031-09-06
3123,1732,Juhani,Lehtonen,Warehouse,juhani.lehtonen@espoo.rental.example,+358 40 236 9924,false,fi,false,ACCOUNT_MANAGER,2031-09-06
3124,1733,Jonas,Poulsen,Store Manager,jonas.poulsen@vuoma.turutstyr.example,+45 95 50 13 06,true,da,false,PORTAL,2029-09-06
3125,1733,Freja,Rasmussen,Buyer,freja.rasmussen@vuoma.turutstyr.example,+45 82 01 37 22,false,da,false,ACCOUNT_MANAGER,2031-09-06
3126,1733,Mette,Rasmussen,Accounts Payable,mette.rasmussen@vuoma.turutstyr.example,+45 34 93 53 96,false,da,false,TRADE_FAIR,2031-09-06
3127,1734,Jonas,Jørgensen,Store Manager,jonas.jorgensen@ridge24.example,+45 71 77 95 78,true,da,false,ACCOUNT_MANAGER,2029-09-06
3128,1734,Lærke,Kjær,Owner,laerke.kjaer@ridge24.example,+45 49 82 80 78,false,da,false,WEBSITE,2029-09-06
3129,1735,Sigrid,Nilsen,Store Manager,sigrid.nilsen@vinter.retki.example,+47 977 58 552,true,nb,true,ACCOUNT_MANAGER,2031-09-06
3130,1735,Ole,Karlsen,Purchasing,ole.karlsen@vinter.retki.example,+47 911 52 824,false,nb,true,TRADE_FAIR,2028-09-06
3131,1736,Mathias,Johansen,Store Manager,mathias.johansen@polar.urheilu.example,+47 905 69 889,true,nb,false,TRADE_FAIR,2029-09-06
3132,1736,Kari,Karlsen,Owner,kari.karlsen@polar.urheilu.example,+47 952 96 057,false,nb,false,ACCOUNT_MANAGER,2031-09-06
3133,1736,Ole,Pedersen,Purchasing,ole.pedersen@polar.urheilu.example,+47 955 56 491,false,nb,true,TRADE_FAIR,2028-09-06
3134,1737,Tone,Larsen,Store Manager,tone.larsen@vinter.sport.fritid.example,+47 975 89 262,true,nb,false,ACCOUNT_MANAGER,2029-09-06
3135,1737,Jørgen,Bakke,Owner,jorgen.bakke@vinter.sport.fritid.example,+47 980 73 435,false,nb,false,PORTAL,2028-09-06
3136,1738,Julia,Hoffmann,Store Manager,julia.hoffmann@nietos.camping.example,+49 40 1016682,true,de,false,WEBSITE,2029-09-06
3137,1738,Julia,Wagner,Buyer,julia.wagner@nietos.camping.example,+49 40 2721891,false,de,false,PORTAL,2028-09-06
3138,1738,Lena,Wagner,Assistant Manager,lena.wagner@nietos.camping.example,+49 40 0016621,false,de,false,PORTAL,2028-09-06
3139,1739,Katharina,Hoffmann,Store Manager,katharina.hoffmann@flensburg.sport.fritid.example,+49 40 9349514,true,de,false,ACCOUNT_MANAGER,2031-09-06
3140,1739,Petra,Schmidt,Warehouse,petra.schmidt@flensburg.sport.fritid.example,+49 40 6714679,false,de,false,ACCOUNT_MANAGER,2029-09-06
3141,1739,Tobias,Schmidt,Owner,tobias.schmidt@flensburg.sport.fritid.example,+49 40 0286981,false,de,true,TRADE_FAIR,2031-09-06
3142,1740,Lars,Strand,Store Manager,lars.strand@lulea.outfitters.example,+46 70 081 55 35,true,sv,true,ACCOUNT_MANAGER,2029-09-06
3143,1741,Tuomas,Salo,Store Manager,tuomas.salo@rovaniemi.fritid.example,+358 40 807 4735,true,fi,true,PORTAL,2028-09-06
3144,1741,Katri,Salo,Buyer,katri.salo@rovaniemi.fritid.example,+358 40 482 4856,false,fi,true,TRADE_FAIR,2028-09-06
3145,1742,Tanel,Saar,Store Manager,tanel.saar@summit.turutstyr.example,+372 5501 8127,true,et,false,ACCOUNT_MANAGER,2028-09-06
3146,1743,Kristian,Hansen,Store Manager,kristian.hansen@summitstore.example,+47 927 59 661,true,nb,true,ACCOUNT_MANAGER,2029-09-06
3147,1743,Ingrid,Hansen,Assistant Manager,ingrid.hansen@summitstore.example,+47 951 29 423,false,nb,true,WEBSITE,2031-09-06
3148,1744,Lovisa,Persson,Store Manager,lovisa.persson@kairastore.example,+46 70 826 31 02,true,sv,false,ACCOUNT_MANAGER,2031-09-06
3149,1744,Sofia,Lindberg,Purchasing,sofia.lindberg@kairastore.example,+46 70 437 03 94,false,sv,true,WEBSITE,2028-09-06
3150,1744,Emma,Åberg,Accounts Payable,emma.aberg@kairastore.example,+46 70 840 12 73,false,sv,false,WEBSITE,2028-09-06
3151,1745,Kari,Olsen,Store Manager,kari.olsen@hansen.sport.example,+47 995 78 927,true,nb,true,WEBSITE,2029-09-06
3152,1745,Anette,Olsen,Buyer,anette.olsen@hansen.sport.example,+47 903 35 285,false,nb,false,TRADE_FAIR,2029-09-06
3153,1746,Sanna,Koskinen,Store Manager,sanna.koskinen@loiste.retki.example,+358 40 915 0545,true,fi,true,WEBSITE,2028-09-06
3154,1746,Jari,Heikkinen,Accounts Payable,jari.heikkinen@loiste.retki.example,+358 40 194 0197,false,fi,true,TRADE_FAIR,2031-09-06
3155,1747,Aino,Virtanen,Store Manager,aino.virtanen@lake.sports.example,+358 40 088 0731,true,fi,true,PORTAL,2029-09-06
3156,1747,Pekka,Korhonen,Accounts Payable,pekka.korhonen@lake.sports.example,+358 40 405 6059,false,fi,false,ACCOUNT_MANAGER,2028-09-06
3157,1748,Olli,Nieminen,Store Manager,olli.nieminen@skog24.example,+358 40 434 9867,true,fi,true,WEBSITE,2029-09-06
3158,1748,Anni,Aho,Owner,anni.aho@skog24.example,+358 40 129 7261,false,fi,true,ACCOUNT_MANAGER,2029-09-06
3159,1749,Magnus,Strand,Store Manager,magnus.strand@sundsvall.sport.fritid.example,+46 70 886 88 41,true,sv,false,PORTAL,2029-09-06
3160,1750,Lauri,Heikkinen,Store Manager,lauri.heikkinen@makinen.urheilu.example,+358 40 308 1783,true,fi,true,ACCOUNT_MANAGER,2031-09-06
3161,1750,Sanna,Salo,Owner,sanna.salo@makinen.urheilu.example,+358 40 531 1762,false,fi,false,ACCOUNT_MANAGER,2031-09-06
3162,1750,Eero,Rantanen,Purchasing,eero.rantanen@makinen.urheilu.example,+358 40 558 1871,false,fi,true,TRADE_FAIR,2031-09-06
3163,1751,Anders,Persson,Store Manager,anders.persson@nordlys.outdoor.example,+46 70 151 77 44,true,sv,true,WEBSITE,2029-09-06
3164,1751,Lovisa,Gustafsson,Purchasing,lovisa.gustafsson@nordlys.outdoor.example,+46 70 731 91 64,false,sv,false,WEBSITE,2031-09-06
3165,1752,Eero,Rantanen,Store Manager,eero.rantanen@kittila.guides.example,+358 40 808 2780,true,fi,true,ACCOUNT_MANAGER,2028-09-06
3166,1752,Helmi,Niemi,Assistant Manager,helmi.niemi@kittila.guides.example,+358 40 103 6656,false,fi,false,WEBSITE,2028-09-06
3167,1752,Noora,Lehto,Warehouse,noora.lehto@kittila.guides.example,+358 40 566 3947,false,fi,true,ACCOUNT_MANAGER,2029-09-06
3168,1753,Elin,Olsson,Store Manager,elin.olsson@falun.sports.example,+46 70 779 19 55,true,sv,true,TRADE_FAIR,2028-09-06
3169,1753,Gustav,Olsson,Accounts Payable,gustav.olsson@falun.sports.example,+46 70 535 25 53,false,sv,true,WEBSITE,2031-09-06
3170,1754,Sigrid,Andersen,Store Manager,sigrid.andersen@berg.outdoor.example,+47 908 13 877,true,nb,true,PORTAL,2029-09-06
3171,1755,Felix,Fischer,Store Manager,felix.fischer@fischer.urheilu.example,+49 40 5566427,true,de,true,TRADE_FAIR,2031-09-06
3172,1756,Håkon,Hansen,Store Manager,hakon.hansen@basecamp.urheilu.example,+47 989 23 589,true,nb,false,PORTAL,2031-09-06
3173,1756,Silje,Nilsen,Owner,silje.nilsen@basecamp.urheilu.example,+47 990 75 744,false,nb,true,PORTAL,2029-09-06
3174,1757,Timo,Lehtonen,Store Manager,timo.lehtonen@suvanto.outfitters.example,+358 40 368 7091,true,fi,false,PORTAL,2028-09-06
3175,1757,Tuomas,Hämäläinen,Purchasing,tuomas.hamalainen@suvanto.outfitters.example,+358 40 804 1224,false,fi,true,TRADE_FAIR,2029-09-06
3176,1757,Mikko,Aho,Accounts Payable,mikko.aho@suvanto.outfitters.example,+358 40 237 8707,false,fi,false,TRADE_FAIR,2028-09-06
3177,1758,Björn,Olsson,Store Manager,bjorn.olsson@gavle.rental.example,+46 70 374 32 61,true,sv,false,PORTAL,2031-09-06
3178,1758,Sofia,Olsson,Assistant Manager,sofia.olsson@gavle.rental.example,+46 70 413 22 79,false,sv,false,PORTAL,2029-09-06
3179,1759,Lena,Becker,Store Manager,lena.becker@muller.friluft.example,+49 40 3340099,true,de,true,ACCOUNT_MANAGER,2028-09-06
3180,1760,Kadri,Saar,Store Manager,kadri.saar@tallinn.scouts.example,+372 5218 9651,true,et,true,WEBSITE,2029-09-06
3181,1760,Priit,Ilves,Purchasing,priit.ilves@tallinn.scouts.example,+372 5790 2401,false,et,true,WEBSITE,2028-09-06
3182,1760,Kadri,Rebane,Owner,kadri.rebane@tallinn.scouts.example,+372 5808 7424,false,et,true,TRADE_FAIR,2029-09-06
3183,1761,Jørgen,Andersen,Store Manager,jorgen.andersen@bergen.hiking.association.example,+47 993 33 535,true,nb,false,ACCOUNT_MANAGER,2031-09-06
3184,1762,Petra,Fischer,Store Manager,petra.fischer@kalotti.adventure.example,+49 40 3543438,true,de,false,TRADE_FAIR,2029-09-06
3185,1762,Tobias,Becker,Owner,tobias.becker@kalotti.adventure.example,+49 40 5490884,false,de,true,ACCOUNT_MANAGER,2031-09-06
3186,1763,Anni,Laine,Store Manager,anni.laine@fjord.turutstyr.example,+358 40 621 7370,true,fi,true,PORTAL,2028-09-06
3187,1764,Emma,Lindberg,Store Manager,emma.lindberg@forest.retki.example,+46 70 850 81 06,true,sv,true,ACCOUNT_MANAGER,2029-09-06
3188,1764,Gustav,Eriksson,Assistant Manager,gustav.eriksson@forest.retki.example,+46 70 135 92 93,false,sv,true,ACCOUNT_MANAGER,2028-09-06
3189,1765,Camilla,Poulsen,Store Manager,camilla.poulsen@rakka.sports.example,+45 67 21 17 09,true,da,true,WEBSITE,2029-09-06
3190,1766,Petra,Müller,Store Manager,petra.muller@koch.sport.example,+49 40 1099337,true,de,false,ACCOUNT_MANAGER,2031-09-06
3191,1766,Markus,Weber,Assistant Manager,markus.weber@koch.sport.example,+49 40 5373530,false,de,false,ACCOUNT_MANAGER,2029-09-06
3192,1767,Ole,Karlsen,Store Manager,ole.karlsen@trondheim.outdoor.school.example,+47 983 36 927,true,nb,false,PORTAL,2028-09-06
3193,1768,Eero,Heikkinen,Store Manager,eero.heikkinen@lehto.outdoor.example,+358 40 753 1071,true,fi,true,WEBSITE,2029-09-06
3194,1768,Tuomas,Mäkinen,Purchasing,tuomas.makinen@lehto.outdoor.example,+358 40 381 2301,false,fi,true,WEBSITE,2028-09-06
3195,1769,Oskar,Bergström,Store Manager,oskar.bergstrom@goteborg.outdoor.example,+46 70 280 48 55,true,sv,false,ACCOUNT_MANAGER,2031-09-06
3196,1769,Astrid,Nilsson,Owner,astrid.nilsson@goteborg.outdoor.example,+46 70 723 48 48,false,sv,true,WEBSITE,2029-09-06
3197,1770,Frida,Nilsson,Store Manager,frida.nilsson@suvanto.adventure.example,+46 70 896 25 40,true,sv,true,TRADE_FAIR,2029-09-06
3198,1770,Nils,Eriksson,Warehouse,nils.eriksson@suvanto.adventure.example,+46 70 435 42 79,false,sv,false,PORTAL,2028-09-06
3199,1771,Lauri,Saarinen,Store Manager,lauri.saarinen@hameenlinna.outdoor.example,+358 40 747 1412,true,fi,true,PORTAL,2031-09-06
3200,1772,Anette,Dahl,Store Manager,anette.dahl@oslo.sport.fritid.example,+47 990 29 847,true,nb,true,WEBSITE,2031-09-06
3201,1772,Mathias,Kristiansen,Buyer,mathias.kristiansen@oslo.sport.fritid.example,+47 910 54 049,false,nb,false,TRADE_FAIR,2031-09-06
3202,1772,Torbjørn,Moen,Warehouse,torbjorn.moen@oslo.sport.fritid.example,+47 940 57 011,false,nb,true,PORTAL,2031-09-06
3203,1773,Linnea,Åberg,Store Manager,linnea.aberg@kiruna.retki.example,+46 70 543 99 22,true,sv,true,ACCOUNT_MANAGER,2031-09-06
3204,1773,Karin,Åberg,Owner,karin.aberg@kiruna.retki.example,+46 70 945 77 19,false,sv,false,WEBSITE,2031-09-06
3205,1774,Kristjan,Sepp,Store Manager,kristjan.sepp@parnu.rental.example,+372 5354 6387,true,et,true,PORTAL,2028-09-06
3206,1774,Tanel,Ilves,Owner,tanel.ilves@parnu.rental.example,+372 5424 1611,false,et,true,TRADE_FAIR,2028-09-06
3207,1775,Henrik,Persson,Store Manager,henrik.persson@nietos.adventure.example,+46 70 336 87 12,true,sv,false,TRADE_FAIR,2031-09-06
3208,1775,Ebba,Strand,Accounts Payable,ebba.strand@nietos.adventure.example,+46 70 474 68 78,false,sv,true,ACCOUNT_MANAGER,2029-09-06
3209,1775,Mattias,Strand,Purchasing,mattias.strand@nietos.adventure.example,+46 70 211 41 37,false,sv,true,PORTAL,2031-09-06
3210,1776,Juhani,Virtanen,Store Manager,juhani.virtanen@selka.fritid.example,+358 40 591 2205,true,fi,false,PORTAL,2031-09-06
3211,1776,Helmi,Heikkinen,Buyer,helmi.heikkinen@selka.fritid.example,+358 40 096 8472,false,fi,true,WEBSITE,2028-09-06
3212,1776,Olli,Aho,Assistant Manager,olli.aho@selka.fritid.example,+358 40 211 2284,false,fi,false,PORTAL,2028-09-06
3213,1777,Marit,Andersen,Store Manager,marit.andersen@trail.outfitters.example,+47 990 82 081,true,nb,true,PORTAL,2028-09-06
3214,1777,Eirik,Nilsen,Warehouse,eirik.nilsen@trail.outfitters.example,+47 949 96 365,false,nb,false,WEBSITE,2029-09-06
3215,1778,Mathias,Johansen,Store Manager,mathias.johansen@nietos.turutstyr.example,+47 922 15 745,true,nb,true,WEBSITE,2029-09-06
3216,1778,Mathias,Berg,Buyer,mathias.berg@nietos.turutstyr.example,+47 982 56 794,false,nb,false,WEBSITE,2028-09-06
3217,1778,Vegard,Moen,Owner,vegard.moen@nietos.turutstyr.example,+47 953 76 522,false,nb,true,TRADE_FAIR,2031-09-06
3218,1779,Sigrid,Nilsen,Store Manager,sigrid.nilsen@aapastore.example,+47 947 93 222,true,nb,false,TRADE_FAIR,2029-09-06
3219,1779,Håkon,Haugen,Owner,hakon.haugen@aapastore.example,+47 958 79 604,false,nb,true,TRADE_FAIR,2028-09-06
3220,1780,Riikka,Lehto,Store Manager,riikka.lehto@era.outdoor.example,+358 40 947 6270,true,fi,false,WEBSITE,2028-09-06
3221,1780,Katri,Niemi,Warehouse,katri.niemi@era.outdoor.example,+358 40 974 8688,false,fi,false,TRADE_FAIR,2028-09-06
3222,1781,Freja,Jensen,Store Manager,freja.jensen@compass24.example,+45 25 52 60 95,true,da,false,WEBSITE,2029-09-06
3223,1781,Louise,Kjær,Owner,louise.kjaer@compass24.example,+45 17 05 35 83,false,da,true,ACCOUNT_MANAGER,2028-09-06
3224,1781,Frederik,Jørgensen,Accounts Payable,frederik.jorgensen@compass24.example,+45 13 45 68 06,false,da,true,ACCOUNT_MANAGER,2031-09-06
3225,1782,Vegard,Nilsen,Store Manager,vegard.nilsen@arctic.fritid.example,+47 912 86 224,true,nb,true,TRADE_FAIR,2029-09-06
3226,1782,Hege,Larsen,Assistant Manager,hege.larsen@arctic.fritid.example,+47 913 97 369,false,nb,true,WEBSITE,2028-09-06
3227,1783,Jari,Salminen,Store Manager,jari.salminen@vaasa.outfitters.example,+358 40 896 0363,true,fi,true,WEBSITE,2031-09-06
3228,1783,Jukka,Kallio,Buyer,jukka.kallio@vaasa.outfitters.example,+358 40 040 6106,false,fi,true,TRADE_FAIR,2029-09-06
3229,1784,Julia,Koch,Store Manager,julia.koch@vintershop.example,+49 40 6378577,true,de,true,TRADE_FAIR,2029-09-06
3230,1785,Eirik,Pedersen,Store Manager,eirik.pedersen@kristiansand.turutstyr.example,+47 995 99 947,true,nb,true,WEBSITE,2029-09-06
3231,1785,Sigrid,Nilsen,Buyer,sigrid.nilsen@kristiansand.turutstyr.example,+47 945 32 724,false,nb,true,TRADE_FAIR,2028-09-06
3232,1786,Vegard,Andersen,Store Manager,vegard.andersen@drammen.alpine.club.example,+47 963 52 062,true,nb,false,PORTAL,2028-09-06
3233,1786,Mathias,Haugen,Buyer,mathias.haugen@drammen.alpine.club.example,+47 920 30 502,false,nb,true,TRADE_FAIR,2028-09-06
3234,1787,Håkon,Pedersen,Store Manager,hakon.pedersen@compass.fritid.example,+47 927 05 169,true,nb,true,PORTAL,2031-09-06
3235,1787,Tone,Johansen,Accounts Payable,tone.johansen@compass.fritid.example,+47 981 55 374,false,nb,true,ACCOUNT_MANAGER,2028-09-06
3236,1788,Liis,Kask,Store Manager,liis.kask@kalotti.urheilu.example,+372 5937 5090,true,et,true,TRADE_FAIR,2031-09-06
3237,1788,Mart,Sepp,Buyer,mart.sepp@kalotti.urheilu.example,+372 5642 6377,false,et,true,TRADE_FAIR,2029-09-06
3238,1788,Mart,Sepp,Assistant Manager,mart.sepp.tallinn@kalotti.urheilu.example,+372 5616 5828,false,et,false,ACCOUNT_MANAGER,2028-09-06
3239,1789,Laura,Salo,Store Manager,laura.salo@skog.outdoor.example,+358 40 473 7509,true,fi,true,TRADE_FAIR,2028-09-06
3240,1790,Kristian,Bakke,Store Manager,kristian.bakke@metsastore.example,+47 980 60 061,true,nb,true,PORTAL,2029-09-06
3241,1791,Mathias,Dahl,Store Manager,mathias.dahl@rakkagear.example,+47 923 04 458,true,nb,true,WEBSITE,2028-09-06
3242,1792,Björn,Persson,Store Manager,bjorn.persson@loiste.friluft.example,+46 70 084 42 38,true,sv,true,WEBSITE,2031-09-06
3243,1793,Freja,Nielsen,Store Manager,freja.nielsen@copenhagen.fritid.example,+45 80 47 17 76,true,da,true,ACCOUNT_MANAGER,2028-09-06
3244,1794,Jørgen,Berg,Store Manager,jorgen.berg@drammen.adventure.example,+47 932 37 142,true,nb,false,WEBSITE,2031-09-06
3245,1795,Mette,Christensen,Store Manager,mette.christensen@roskilde.outdoor.school.example,+45 07 48 08 90,true,da,false,WEBSITE,2031-09-06
3246,1795,Signe,Thomsen,Owner,signe.thomsen@roskilde.outdoor.school.example,+45 09 76 85 90,false,da,true,ACCOUNT_MANAGER,2028-09-06
3247,1796,Markus,Müller,Store Manager,markus.muller@kaira.sports.example,+49 40 5487618,true,de,false,WEBSITE,2029-09-06
3248,1797,Matti,Mäkinen,Store Manager,matti.makinen@nordlysstore.example,+358 40 603 8997,true,fi,true,ACCOUNT_MANAGER,2031-09-06
3249,1797,Riikka,Rantanen,Assistant Manager,riikka.rantanen@nordlysstore.example,+358 40 544 0330,false,fi,true,TRADE_FAIR,2029-09-06
3250,1798,Elina,Järvinen,Store Manager,elina.jarvinen@helsinki.sports.example,+358 40 832 4002,true,fi,false,PORTAL,2031-09-06
3251,1798,Kaisa,Salo,Accounts Payable,kaisa.salo@helsinki.sports.example,+358 40 201 9241,false,fi,true,WEBSITE,2028-09-06
3252,1798,Aino,Niemi,Assistant Manager,aino.niemi@helsinki.sports.example,+358 40 030 2506,false,fi,true,TRADE_FAIR,2028-09-06
3253,1799,Mart,Tamm,Store Manager,mart.tamm@tartu.guides.example,+372 5261 5927,true,et,false,PORTAL,2029-09-06
3254,1800,Hanna,Åberg,Store Manager,hanna.aberg@vuoma.sports.example,+46 70 590 09 88,true,sv,false,ACCOUNT_MANAGER,2028-09-06
3255,1801,Gustav,Åberg,Store Manager,gustav.aberg@lundqvist.friluft.example,+46 70 171 73 39,true,sv,true,ACCOUNT_MANAGER,2029-09-06
3256,1801,Sara,Eriksson,Assistant Manager,sara.eriksson@lundqvist.friluft.example,+46 70 457 44 41,false,sv,false,PORTAL,2029-09-06
3257,1802,Per,Åberg,Store Manager,per.aberg@orebro.sport.example,+46 70 869 91 27,true,sv,false,ACCOUNT_MANAGER,2028-09-06
3258,1802,Linnea,Johansson,Owner,linnea.johansson@orebro.sport.example,+46 70 297 51 70,false,sv,false,WEBSITE,2031-09-06
3259,1802,Anders,Andersson,Purchasing,anders.andersson@orebro.sport.example,+46 70 787 58 07,false,sv,false,PORTAL,2029-09-06
3260,1803,Lukas,Müller,Store Manager,lukas.muller@summit.sports.example,+49 40 6053434,true,de,false,PORTAL,2028-09-06
3261,1804,Jari,Korhonen,Store Manager,jari.korhonen@kalotti.urheilu.example,+358 40 735 9526,true,fi,true,TRADE_FAIR,2031-09-06
3262,1805,Mads,Rasmussen,Store Manager,mads.rasmussen@vuoma.sport.fritid.example,+45 33 36 50 51,true,da,true,TRADE_FAIR,2028-09-06
3263,1805,Ida,Thomsen,Accounts Payable,ida.thomsen@vuoma.sport.fritid.example,+45 10 56 79 07,false,da,false,PORTAL,2031-09-06
3264,1805,Camilla,Rasmussen,Accounts Payable,camilla.rasmussen@vuoma.sport.fritid.example,+45 71 08 16 64,false,da,true,WEBSITE,2029-09-06
3265,1806,Magnus,Svensson,Store Manager,magnus.svensson@sundsvall.alpine.club.example,+46 70 327 60 69,true,sv,true,PORTAL,2031-09-06
3266,1806,Lars,Lundqvist,Owner,lars.lundqvist@sundsvall.alpine.club.example,+46 70 283 71 46,false,sv,true,TRADE_FAIR,2031-09-06
3267,1806,Per,Eriksson,Purchasing,per.eriksson@sundsvall.alpine.club.example,+46 70 727 71 81,false,sv,false,ACCOUNT_MANAGER,2029-09-06
3268,1807,Gustav,Lindberg,Store Manager,gustav.lindberg@larsson.urheilu.example,+46 70 165 13 09,true,sv,false,TRADE_FAIR,2029-09-06
3269,1808,Björn,Åberg,Store Manager,bjorn.aberg@falun.sport.example,+46 70 751 98 33,true,sv,true,ACCOUNT_MANAGER,2031-09-06
3270,1808,Magnus,Olsson,Assistant Manager,magnus.olsson@falun.sport.example,+46 70 359 81 40,false,sv,true,ACCOUNT_MANAGER,2028-09-06
3271,1808,Emma,Persson,Warehouse,emma.persson@falun.sport.example,+46 70 326 70 16,false,sv,true,WEBSITE,2028-09-06
3272,1809,Björn,Lindberg,Store Manager,bjorn.lindberg@karlsson.sport.example,+46 70 068 66 60,true,sv,false,PORTAL,2031-09-06
3273,1810,Maija,Järvinen,Store Manager,maija.jarvinen@loiste.sports.example,+358 40 463 0046,true,fi,true,TRADE_FAIR,2029-09-06
3274,1810,Matti,Salminen,Purchasing,matti.salminen@loiste.sports.example,+358 40 201 1705,false,fi,true,PORTAL,2029-09-06
3275,1811,Karin,Persson,Store Manager,karin.persson@rakkagear.example,+46 70 872 68 78,true,sv,true,PORTAL,2029-09-06
3276,1811,Ebba,Strand,Warehouse,ebba.strand@rakkagear.example,+46 70 390 90 63,false,sv,true,WEBSITE,2031-09-06
3277,1811,Mattias,Karlsson,Buyer,mattias.karlsson@rakkagear.example,+46 70 644 74 75,false,sv,true,PORTAL,2029-09-06
3278,1812,Ulf,Lundqvist,Store Manager,ulf.lundqvist@vuoma.urheilu.example,+46 70 996 28 70,true,sv,true,TRADE_FAIR,2031-09-06
3279,1812,Anders,Persson,Purchasing,anders.persson@vuoma.urheilu.example,+46 70 701 35 46,false,sv,true,WEBSITE,2029-09-06
3280,1813,Ville,Heikkinen,Store Manager,ville.heikkinen@heikkinen.outdoor.example,+358 40 934 0490,true,fi,false,WEBSITE,2031-09-06
3281,1813,Juhani,Salminen,Warehouse,juhani.salminen@heikkinen.outdoor.example,+358 40 198 2471,false,fi,false,ACCOUNT_MANAGER,2028-09-06
3282,1814,Karin,Åberg,Store Manager,karin.aberg@lundqvist.sport.example,+46 70 301 89 22,true,sv,true,WEBSITE,2029-09-06
3283,1815,Pekka,Niemi,Store Manager,pekka.niemi@kalottigear.example,+358 40 878 1076,true,fi,true,ACCOUNT_MANAGER,2031-09-06
3284,1815,Jari,Aho,Accounts Payable,jari.aho@kalottigear.example,+358 40 226 7609,false,fi,true,PORTAL,2031-09-06
3285,1816,Hege,Hansen,Store Manager,hege.hansen@aurora.outfitters.example,+47 971 52 804,true,nb,false,WEBSITE,2028-09-06
3286,1817,Lovisa,Persson,Store Manager,lovisa.persson@forest.friluft.example,+46 70 977 63 04,true,sv,false,WEBSITE,2029-09-06
3287,1818,Mattias,Nilsson,Store Manager,mattias.nilsson@polar.sport.example,+46 70 975 02 93,true,sv,true,TRADE_FAIR,2031-09-06
3288,1818,Anders,Karlsson,Buyer,anders.karlsson@polar.sport.example,+46 70 805 07 38,false,sv,true,ACCOUNT_MANAGER,2031-09-06
3289,1818,Ulf,Strand,Accounts Payable,ulf.strand@polar.sport.example,+46 70 701 07 95,false,sv,true,PORTAL,2031-09-06
3290,1819,Håkon,Karlsen,Store Manager,hakon.karlsen@skogstore.example,+47 996 19 461,true,nb,true,PORTAL,2031-09-06
3291,1820,Hege,Nilsen,Store Manager,hege.nilsen@vidde.retki.example,+47 909 76 371,true,nb,false,ACCOUNT_MANAGER,2031-09-06
3292,1820,Kari,Dahl,Purchasing,kari.dahl@vidde.retki.example,+47 935 81 476,false,nb,false,PORTAL,2028-09-06
3293,1821,Hege,Moen,Store Manager,hege.moen@suvantoshop.example,+47 994 82 052,true,nb,true,TRADE_FAIR,2029-09-06
3294,1821,Mathias,Haugen,Accounts Payable,mathias.haugen@suvantoshop.example,+47 957 35 469,false,nb,true,TRADE_FAIR,2031-09-06
3295,1822,Riikka,Kallio,Store Manager,riikka.kallio@polar.urheilu.example,+358 40 779 7799,true,fi,false,WEBSITE,2031-09-06
3296,1823,Eirik,Olsen,Store Manager,eirik.olsen@trail.retki.example,+47 984 86 634,true,nb,false,WEBSITE,2031-09-06
3297,1824,Ulf,Eriksson,Store Manager,ulf.eriksson@vuomastore.example,+46 70 117 06 96,true,sv,false,ACCOUNT_MANAGER,2029-09-06
3298,1825,Sofia,Gustafsson,Store Manager,sofia.gustafsson@compass.outfitters.example,+46 70 928 34 69,true,sv,true,ACCOUNT_MANAGER,2028-09-06
3299,1826,Katri,Aho,Store Manager,katri.aho@arctic.sport.fritid.example,+358 40 579 9791,true,fi,true,TRADE_FAIR,2029-09-06
3300,1827,Lauri,Mäkinen,Store Manager,lauri.makinen@lahti.outdoor.example,+358 40 727 9715,true,fi,false,ACCOUNT_MANAGER,2029-09-06
3301,1827,Pekka,Aho,Purchasing,pekka.aho@lahti.outdoor.example,+358 40 950 3179,false,fi,false,TRADE_FAIR,2028-09-06
3302,1827,Lauri,Korhonen,Accounts Payable,lauri.korhonen@lahti.outdoor.example,+358 40 565 2194,false,fi,false,TRADE_FAIR,2028-09-06
3303,1828,Aino,Korhonen,Store Manager,aino.korhonen@trail.fritid.example,+358 40 006 9919,true,fi,true,WEBSITE,2031-09-06
3304,1829,Per,Bergström,Store Manager,per.bergstrom@ostersund.sport.example,+46 70 340 37 94,true,sv,false,TRADE_FAIR,2028-09-06
3305,1829,Magnus,Karlsson,Assistant Manager,magnus.karlsson@ostersund.sport.example,+46 70 405 59 52,false,sv,false,TRADE_FAIR,2031-09-06
3306,1830,Astrid,Larsson,Store Manager,astrid.larsson@uppsala.scouts.example,+46 70 465 54 84,true,sv,true,TRADE_FAIR,2028-09-06
3307,1830,Oskar,Bergström,Accounts Payable,oskar.bergstrom@uppsala.scouts.example,+46 70 829 40 08,false,sv,true,ACCOUNT_MANAGER,2028-09-06
3308,1831,Bjørn,Berg,Store Manager,bjorn.berg@alesund.friluft.example,+47 942 61 666,true,nb,false,WEBSITE,2029-09-06
3309,1831,Sigrid,Andersen,Owner,sigrid.andersen@alesund.friluft.example,+47 933 16 841,false,nb,false,WEBSITE,2028-09-06
3310,1832,Torbjørn,Nygaard,Store Manager,torbjorn.nygaard@suvanto.urheilu.example,+47 981 64 872,true,nb,false,ACCOUNT_MANAGER,2028-09-06
3311,1833,Elin,Åberg,Store Manager,elin.aberg@goteborg.trekking.example,+46 70 607 29 23,true,sv,true,ACCOUNT_MANAGER,2029-09-06
3312,1833,Magnus,Nilsson,Accounts Payable,magnus.nilsson@goteborg.trekking.example,+46 70 328 22 18,false,sv,true,ACCOUNT_MANAGER,2031-09-06
3313,1833,Elin,Eriksson,Buyer,elin.eriksson@goteborg.trekking.example,+46 70 152 96 90,false,sv,true,TRADE_FAIR,2031-09-06
3314,1834,Pekka,Koskinen,Store Manager,pekka.koskinen@nordlys.sports.example,+358 40 998 0039,true,fi,false,PORTAL,2028-09-06
3315,1834,Jukka,Nieminen,Warehouse,jukka.nieminen@nordlys.sports.example,+358 40 089 6402,false,fi,false,WEBSITE,2031-09-06
3316,1835,Triin,Kukk,Store Manager,triin.kukk@ruska.turutstyr.example,+372 5817 3226,true,et,true,WEBSITE,2028-09-06
3317,1835,Liis,Tamm,Warehouse,liis.tamm@ruska.turutstyr.example,+372 5383 7504,false,et,false,WEBSITE,2029-09-06
3318,1836,Emma,Larsson,Store Manager,emma.larsson@aurora.sports.example,+46 70 440 15 95,true,sv,false,ACCOUNT_MANAGER,2029-09-06
3319,1836,Björn,Eriksson,Owner,bjorn.eriksson@aurora.sports.example,+46 70 183 73 17,false,sv,true,WEBSITE,2031-09-06
3320,1837,Felix,Wagner,Store Manager,felix.wagner@rakka.outfitters.example,+49 40 8783393,true,de,true,TRADE_FAIR,2028-09-06
3321,1837,Lukas,Becker,Owner,lukas.becker@rakka.outfitters.example,+49 40 0246051,false,de,false,TRADE_FAIR,2029-09-06
3322,1837,Markus,Wagner,Warehouse,markus.wagner@rakka.outfitters.example,+49 40 4757533,false,de,true,TRADE_FAIR,2028-09-06
3323,1838,Håkon,Karlsen,Store Manager,hakon.karlsen@hikers.outfitters.example,+47 911 73 467,true,nb,true,TRADE_FAIR,2029-09-06
3324,1838,Torbjørn,Moen,Assistant Manager,torbjorn.moen@hikers.outfitters.example,+47 943 37 546,false,nb,true,TRADE_FAIR,2029-09-06
3325,1839,Björn,Johansson,Store Manager,bjorn.johansson@keroshop.example,+46 70 993 54 65,true,sv,false,ACCOUNT_MANAGER,2031-09-06
3326,1840,Lovisa,Nilsson,Store Manager,lovisa.nilsson@are.guides.example,+46 70 775 38 67,true,sv,false,TRADE_FAIR,2028-09-06
3327,1840,Ebba,Andersson,Warehouse,ebba.andersson@are.guides.example,+46 70 846 40 92,false,sv,false,ACCOUNT_MANAGER,2028-09-06
3328,1840,Johan,Olsson,Purchasing,johan.olsson@are.guides.example,+46 70 429 45 55,false,sv,true,WEBSITE,2029-09-06
3329,1841,Oskar,Strand,Store Manager,oskar.strand@karlstad.adventure.example,+46 70 916 32 78,true,sv,false,TRADE_FAIR,2028-09-06
3330,1841,Sofia,Gustafsson,Accounts Payable,sofia.gustafsson@karlstad.adventure.example,+46 70 820 93 87,false,sv,true,TRADE_FAIR,2031-09-06
3331,1842,Sara,Karlsson,Store Manager,sara.karlsson@ruska.sports.example,+46 70 397 54 70,true,sv,false,WEBSITE,2031-09-06
3332,1842,Nils,Johansson,Buyer,nils.johansson@ruska.sports.example,+46 70 673 38 94,false,sv,false,TRADE_FAIR,2028-09-06
3333,1843,Hege,Andersen,Store Manager,hege.andersen@oslo.outdoor.example,+47 903 61 026,true,nb,true,TRADE_FAIR,2031-09-06
3334,1844,Kari,Olsen,Store Manager,kari.olsen@kaira.camping.example,+47 964 17 617,true,nb,true,PORTAL,2028-09-06
3335,1845,Juhani,Korhonen,Store Manager,juhani.korhonen@kalottistore.example,+358 40 300 2640,true,fi,false,TRADE_FAIR,2031-09-06
3336,1845,Olli,Heikkinen,Assistant Manager,olli.heikkinen@kalottistore.example,+358 40 249 8442,false,fi,false,ACCOUNT_MANAGER,2029-09-06
3337,1846,Riikka,Korhonen,Store Manager,riikka.korhonen@selkastore.example,+358 40 947 0900,true,fi,true,WEBSITE,2028-09-06
3338,1846,Mikko,Saarinen,Assistant Manager,mikko.saarinen@selkastore.example,+358 40 270 0534,false,fi,true,ACCOUNT_MANAGER,2029-09-06
3339,1847,Eero,Heikkinen,Store Manager,eero.heikkinen@joensuu.turutstyr.example,+358 40 327 6483,true,fi,false,TRADE_FAIR,2028-09-06
3340,1847,Helmi,Kallio,Buyer,helmi.kallio@joensuu.turutstyr.example,+358 40 541 9315,false,fi,true,TRADE_FAIR,2031-09-06
3341,1848,Mathias,Hansen,Store Manager,mathias.hansen@skogshop.example,+47 942 94 103,true,nb,true,WEBSITE,2031-09-06
3342,1849,Linnea,Lindberg,Store Manager,linnea.lindberg@vaara.retki.example,+46 70 863 64 09,true,sv,true,TRADE_FAIR,2028-09-06
3343,1850,Mathias,Karlsen,Store Manager,mathias.karlsen@drammen.fritid.example,+47 996 58 980,true,nb,true,PORTAL,2029-09-06
3344,1850,Eirik,Larsen,Accounts Payable,eirik.larsen@drammen.fritid.example,+47 963 28 810,false,nb,true,WEBSITE,2028-09-06
3345,1850,Sindre,Johansen,Owner,sindre.johansen@drammen.fritid.example,+47 945 24 819,false,nb,false,TRADE_FAIR,2028-09-06
3346,1851,Anni,Aho,Store Manager,anni.aho@trail.outfitters.example,+358 40 335 2361,true,fi,true,ACCOUNT_MANAGER,2028-09-06
3347,1851,Venla,Nieminen,Buyer,venla.nieminen@trail.outfitters.example,+358 40 323 6052,false,fi,false,ACCOUNT_MANAGER,2031-09-06
3348,1851,Aino,Rantanen,Owner,aino.rantanen@trail.outfitters.example,+358 40 820 4865,false,fi,false,ACCOUNT_MANAGER,2031-09-06
3349,1852,Solveig,Karlsen,Store Manager,solveig.karlsen@kero24.example,+47 948 66 599,true,nb,false,ACCOUNT_MANAGER,2031-09-06
3350,1852,Marit,Karlsen,Purchasing,marit.karlsen@kero24.example,+47 981 77 469,false,nb,true,ACCOUNT_MANAGER,2029-09-06
3351,1852,Nora,Berg,Warehouse,nora.berg@kero24.example,+47 924 08 774,false,nb,false,TRADE_FAIR,2029-09-06
3352,1853,Hege,Nygaard,Store Manager,hege.nygaard@trondheim.urheilu.example,+47 984 02 906,true,nb,false,ACCOUNT_MANAGER,2029-09-06
3353,1853,Ole,Haugen,Purchasing,ole.haugen@trondheim.urheilu.example,+47 998 64 419,false,nb,true,TRADE_FAIR,2029-09-06
3354,1854,Ingrid,Haugen,Store Manager,ingrid.haugen@tromso.fritid.example,+47 941 03 239,true,nb,false,ACCOUNT_MANAGER,2029-09-06
3355,1855,Vegard,Andersen,Store Manager,vegard.andersen@bergen.trekking.example,+47 987 63 398,true,nb,false,WEBSITE,2028-09-06
3356,1855,Nora,Moen,Buyer,nora.moen@bergen.trekking.example,+47 932 68 040,false,nb,true,TRADE_FAIR,2029-09-06
3357,1856,Louise,Nielsen,Store Manager,louise.nielsen@fjord.urheilu.example,+45 01 75 83 34,true,da,true,PORTAL,2031-09-06
3358,1857,Søren,Poulsen,Store Manager,soren.poulsen@poulsen.sport.example,+45 53 25 14 29,true,da,false,ACCOUNT_MANAGER,2031-09-06
3359,1857,Jonas,Nielsen,Buyer,jonas.nielsen@poulsen.sport.example,+45 34 56 52 13,false,da,true,WEBSITE,2028-09-06
3360,1858,Lena,Schmidt,Store Manager,lena.schmidt@kero.outfitters.example,+49 40 1575784,true,de,true,WEBSITE,2028-09-06
3361,1859,Aino,Aho,Store Manager,aino.aho@tampere.turutstyr.example,+358 40 734 4640,true,fi,false,TRADE_FAIR,2029-09-06
3362,1859,Jari,Lehto,Accounts Payable,jari.lehto@tampere.turutstyr.example,+358 40 268 3123,false,fi,true,TRADE_FAIR,2031-09-06
3363,1860,Mathias,Pedersen,Store Manager,mathias.pedersen@basecamp24.example,+47 945 21 002,true,nb,false,PORTAL,2028-09-06
3364,1861,Elin,Strand,Store Manager,elin.strand@goteborg.turutstyr.example,+46 70 722 04 51,true,sv,false,TRADE_FAIR,2029-09-06
3365,1861,Lovisa,Gustafsson,Warehouse,lovisa.gustafsson@goteborg.turutstyr.example,+46 70 689 76 29,false,sv,false,TRADE_FAIR,2028-09-06
3366,1862,Sigrid,Karlsen,Store Manager,sigrid.karlsen@vaara.fritid.example,+47 930 63 465,true,nb,true,WEBSITE,2031-09-06
3367,1863,Noora,Salminen,Store Manager,noora.salminen@loiste.turutstyr.example,+358 40 238 9908,true,fi,true,TRADE_FAIR,2029-09-06
3368,1863,Matti,Niemi,Owner,matti.niemi@loiste.turutstyr.example,+358 40 569 8808,false,fi,true,ACCOUNT_MANAGER,2028-09-06
3369,1864,Eirik,Nilsen,Store Manager,eirik.nilsen@kristiansand.friluft.example,+47 983 08 151,true,nb,true,ACCOUNT_MANAGER,2031-09-06
3370,1864,Sindre,Johansen,Assistant Manager,sindre.johansen@kristiansand.friluft.example,+47 949 32 441,false,nb,false,ACCOUNT_MANAGER,2031-09-06
3371,1864,Sindre,Karlsen,Owner,sindre.karlsen@kristiansand.friluft.example,+47 994 18 713,false,nb,true,ACCOUNT_MANAGER,2029-09-06
3372,1865,Signe,Nielsen,Store Manager,signe.nielsen@kero.sport.fritid.example,+45 60 54 76 68,true,da,false,ACCOUNT_MANAGER,2029-09-06
3373,1865,Louise,Rasmussen,Warehouse,louise.rasmussen@kero.sport.fritid.example,+45 12 91 97 13,false,da,false,TRADE_FAIR,2029-09-06
3374,1866,Anna,Wagner,Store Manager,anna.wagner@aurora.sport.fritid.example,+49 40 4054534,true,de,false,WEBSITE,2031-09-06
3375,1866,Jonas,Hoffmann,Accounts Payable,jonas.hoffmann@aurora.sport.fritid.example,+49 40 1007198,false,de,false,PORTAL,2031-09-06
3376,1867,Lars,Nilsson,Store Manager,lars.nilsson@are.scouts.example,+46 70 291 52 84,true,sv,true,PORTAL,2028-09-06
3377,1868,Mathias,Nilsen,Store Manager,mathias.nilsen@alta.sports.example,+47 972 34 633,true,nb,false,PORTAL,2028-09-06
3378,1869,Gustav,Gustafsson,Store Manager,gustav.gustafsson@loistestore.example,+46 70 622 05 86,true,sv,false,TRADE_FAIR,2029-09-06
3379,1869,Mattias,Holm,Owner,mattias.holm@loistestore.example,+46 70 683 27 19,false,sv,true,WEBSITE,2031-09-06
3380,1870,Frederik,Sørensen,Store Manager,frederik.sorensen@kaamos.trekking.example,+45 83 32 28 14,true,da,true,ACCOUNT_MANAGER,2028-09-06
3381,1871,Henrik,Persson,Store Manager,henrik.persson@orebro.alpine.club.example,+46 70 999 96 13,true,sv,false,PORTAL,2028-09-06
3382,1872,Astrid,Strand,Store Manager,astrid.strand@loiste.outfitters.example,+46 70 174 02 01,true,sv,true,ACCOUNT_MANAGER,2031-09-06
3383,1873,Frederik,Rasmussen,Store Manager,frederik.rasmussen@roskilde.fritid.example,+45 19 96 27 96,true,da,false,TRADE_FAIR,2028-09-06
3384,1874,Frida,Lundqvist,Store Manager,frida.lundqvist@umea.retki.example,+46 70 521 09 24,true,sv,false,PORTAL,2028-09-06
3385,1875,Emma,Nilsson,Store Manager,emma.nilsson@kaamos.turutstyr.example,+46 70 781 43 48,true,sv,true,ACCOUNT_MANAGER,2031-09-06
3386,1875,Emma,Lundqvist,Purchasing,emma.lundqvist@kaamos.turutstyr.example,+46 70 278 61 25,false,sv,false,ACCOUNT_MANAGER,2028-09-06
3387,1876,Noora,Heikkinen,Store Manager,noora.heikkinen@kokkola.sport.example,+358 40 950 4932,true,fi,false,TRADE_FAIR,2029-09-06
3388,1876,Jukka,Saarinen,Purchasing,jukka.saarinen@kokkola.sport.example,+358 40 557 4531,false,fi,true,PORTAL,2028-09-06
3389,1877,Noora,Hämäläinen,Store Manager,noora.hamalainen@skog.urheilu.example,+358 40 517 5808,true,fi,false,PORTAL,2031-09-06
3390,1878,Rasmus,Jørgensen,Store Manager,rasmus.jorgensen@rakka.camping.example,+45 59 63 43 42,true,da,false,TRADE_FAIR,2028-09-06
3391,1878,Signe,Jensen,Warehouse,signe.jensen@rakka.camping.example,+45 66 37 74 83,false,da,true,WEBSITE,2029-09-06
3392,1878,Morten,Thomsen,Purchasing,morten.thomsen@rakka.camping.example,+45 48 90 65 69,false,da,true,PORTAL,2028-09-06
3393,1879,Hege,Nygaard,Store Manager,hege.nygaard@tromso.sport.fritid.example,+47 910 02 279,true,nb,true,TRADE_FAIR,2028-09-06
3394,1879,Solveig,Olsen,Purchasing,solveig.olsen@tromso.sport.fritid.example,+47 922 43 153,false,nb,false,TRADE_FAIR,2029-09-06
3395,1879,Anette,Haugen,Owner,anette.haugen@tromso.sport.fritid.example,+47 938 78 727,false,nb,false,ACCOUNT_MANAGER,2029-09-06
3396,1880,Kristjan,Rebane,Store Manager,kristjan.rebane@tartu.adventure.example,+372 5895 2803,true,et,false,TRADE_FAIR,2028-09-06
3397,1880,Tanel,Rebane,Assistant Manager,tanel.rebane@tartu.adventure.example,+372 5574 4095,false,et,true,PORTAL,2029-09-06
3398,1880,Tanel,Saar,Assistant Manager,tanel.saar@tartu.adventure.example,+372 5448 6148,false,et,true,TRADE_FAIR,2028-09-06
3399,1881,Ulf,Karlsson,Store Manager,ulf.karlsson@vinter.camping.example,+46 70 014 87 38,true,sv,true,WEBSITE,2029-09-06
3400,1882,Ida,Kjær,Store Manager,ida.kjaer@era.urheilu.example,+45 66 89 65 00,true,da,true,PORTAL,2029-09-06
3401,1883,Niels,Jensen,Store Manager,niels.jensen@suvantogear.example,+45 93 50 93 31,true,da,true,ACCOUNT_MANAGER,2031-09-06
3402,1883,Louise,Kjær,Assistant Manager,louise.kjaer@suvantogear.example,+45 55 40 21 94,false,da,true,ACCOUNT_MANAGER,2031-09-06
3403,1884,Tuomas,Salo,Store Manager,tuomas.salo@tampere.alpine.club.example,+358 40 073 5566,true,fi,true,PORTAL,2029-09-06
3404,1884,Noora,Laine,Buyer,noora.laine@tampere.alpine.club.example,+358 40 721 4703,false,fi,true,ACCOUNT_MANAGER,2028-09-06
3405,1884,Noora,Mäkinen,Purchasing,noora.makinen@tampere.alpine.club.example,+358 40 721 9376,false,fi,false,WEBSITE,2028-09-06
3406,1885,Björn,Persson,Store Manager,bjorn.persson@bergstrom.urheilu.example,+46 70 890 39 03,true,sv,false,WEBSITE,2029-09-06
3407,1885,Gustav,Gustafsson,Warehouse,gustav.gustafsson@bergstrom.urheilu.example,+46 70 602 22 24,false,sv,true,TRADE_FAIR,2029-09-06
3408,1885,Elin,Lundqvist,Accounts Payable,elin.lundqvist@bergstrom.urheilu.example,+46 70 728 40 13,false,sv,false,PORTAL,2028-09-06
3409,1886,Hege,Pedersen,Store Manager,hege.pedersen@tromso.scouts.example,+47 914 66 972,true,nb,false,WEBSITE,2028-09-06
3410,1886,Hege,Olsen,Assistant Manager,hege.olsen@tromso.scouts.example,+47 997 87 922,false,nb,false,WEBSITE,2029-09-06
3411,1887,Gustav,Lindberg,Store Manager,gustav.lindberg@svensson.friluft.example,+46 70 792 57 64,true,sv,true,ACCOUNT_MANAGER,2028-09-06
3412,1887,Magnus,Nilsson,Buyer,magnus.nilsson@svensson.friluft.example,+46 70 953 90 37,false,sv,false,WEBSITE,2031-09-06
3413,1888,Ebba,Johansson,Store Manager,ebba.johansson@malmo.alpine.club.example,+46 70 280 49 98,true,sv,true,PORTAL,2029-09-06
3414,1888,Sara,Åberg,Buyer,sara.aberg@malmo.alpine.club.example,+46 70 067 39 72,false,sv,false,ACCOUNT_MANAGER,2029-09-06
3415,1889,Mattias,Lundqvist,Store Manager,mattias.lundqvist@era.sport.fritid.example,+46 70 045 18 01,true,sv,true,ACCOUNT_MANAGER,2029-09-06
3416,1889,Karin,Andersson,Owner,karin.andersson@era.sport.fritid.example,+46 70 122 46 35,false,sv,true,TRADE_FAIR,2031-09-06
3417,1889,Björn,Lundqvist,Purchasing,bjorn.lundqvist@era.sport.fritid.example,+46 70 713 83 33,false,sv,true,ACCOUNT_MANAGER,2028-09-06
3418,1890,Anni,Hämäläinen,Store Manager,anni.hamalainen@compass.outdoor.example,+358 40 347 1589,true,fi,true,ACCOUNT_MANAGER,2029-09-06
3419,1890,Sanna,Salminen,Owner,sanna.salminen@compass.outdoor.example,+358 40 983 8306,false,fi,false,TRADE_FAIR,2031-09-06
3420,1891,Maija,Salminen,Store Manager,maija.salminen@loiste24.example,+358 40 354 3533,true,fi,true,WEBSITE,2031-09-06
3421,1891,Tuomas,Salo,Owner,tuomas.salo@loiste24.example,+358 40 647 6883,false,fi,false,TRADE_FAIR,2029-09-06
3422,1892,Frederik,Christensen,Store Manager,frederik.christensen@kayak.outfitters.example,+45 28 28 97 16,true,da,true,PORTAL,2029-09-06
3423,1892,Pernille,Rasmussen,Buyer,pernille.rasmussen@kayak.outfitters.example,+45 87 13 07 65,false,da,false,WEBSITE,2029-09-06
3424,1893,Henrik,Strand,Store Manager,henrik.strand@gavle.urheilu.example,+46 70 714 52 17,true,sv,false,TRADE_FAIR,2028-09-06
3425,1893,Maja,Gustafsson,Warehouse,maja.gustafsson@gavle.urheilu.example,+46 70 350 94 89,false,sv,false,ACCOUNT_MANAGER,2029-09-06
3426,1893,Mattias,Bergström,Owner,mattias.bergstrom@gavle.urheilu.example,+46 70 006 65 97,false,sv,true,PORTAL,2031-09-06
3427,1894,Eirik,Andersen,Store Manager,eirik.andersen@compass24.example,+47 935 81 329,true,nb,false,ACCOUNT_MANAGER,2028-09-06
3428,1894,Tone,Pedersen,Purchasing,tone.pedersen@compass24.example,+47 948 35 862,false,nb,true,TRADE_FAIR,2031-09-06
3429,1895,Magnus,Johansson,Store Manager,magnus.johansson@selka.adventure.example,+46 70 213 76 52,true,sv,false,TRADE_FAIR,2028-09-06
3430,1896,Solveig,Karlsen,Store Manager,solveig.karlsen@kayak.camping.example,+47 928 33 459,true,nb,true,TRADE_FAIR,2029-09-06
3431,1897,Sofia,Holm,Store Manager,sofia.holm@falun.adventure.example,+46 70 056 65 75,true,sv,false,PORTAL,2028-09-06
3432,1897,Karin,Lindberg,Assistant Manager,karin.lindberg@falun.adventure.example,+46 70 687 53 23,false,sv,true,ACCOUNT_MANAGER,2029-09-06
3433,1898,Ebba,Bergström,Store Manager,ebba.bergstrom@nietos.trekking.example,+46 70 817 19 50,true,sv,true,WEBSITE,2028-09-06
3434,1898,Erik,Bergström,Warehouse,erik.bergstrom@nietos.trekking.example,+46 70 955 29 53,false,sv,true,TRADE_FAIR,2031-09-06
3435,1899,Jukka,Laine,Store Manager,jukka.laine@lakegear.example,+358 40 808 4166,true,fi,false,TRADE_FAIR,2031-09-06
3436,1900,Jukka,Järvinen,Store Manager,jukka.jarvinen@era.camping.example,+358 40 293 5964,true,fi,true,ACCOUNT_MANAGER,2031-09-06
3437,1900,Ville,Lehto,Buyer,ville.lehto@era.camping.example,+358 40 131 6792,false,fi,true,PORTAL,2028-09-06
3438,1901,Sindre,Haugen,Store Manager,sindre.haugen@kristiansand.alpine.club.example,+47 946 29 414,true,nb,true,WEBSITE,2028-09-06
3439,1901,Ole,Larsen,Purchasing,ole.larsen@kristiansand.alpine.club.example,+47 992 91 061,false,nb,true,ACCOUNT_MANAGER,2028-09-06
3440,1901,Vegard,Hansen,Assistant Manager,vegard.hansen@kristiansand.alpine.club.example,+47 958 72 977,false,nb,true,PORTAL,2031-09-06
3441,1902,Ulf,Larsson,Store Manager,ulf.larsson@aurora.urheilu.example,+46 70 236 41 96,true,sv,false,TRADE_FAIR,2031-09-06
3442,1902,Linnea,Svensson,Buyer,linnea.svensson@aurora.urheilu.example,+46 70 476 19 83,false,sv,true,ACCOUNT_MANAGER,2031-09-06
3443,1902,Erik,Karlsson,Warehouse,erik.karlsson@aurora.urheilu.example,+46 70 579 62 37,false,sv,true,TRADE_FAIR,2028-09-06
3444,1903,Tobias,Becker,Store Manager,tobias.becker@hamburg.alpine.club.example,+49 40 9109695,true,de,false,WEBSITE,2028-09-06
3445,1903,Markus,Schmidt,Owner,markus.schmidt@hamburg.alpine.club.example,+49 40 9579987,false,de,false,ACCOUNT_MANAGER,2028-09-06
3446,1904,Sindre,Kristiansen,Store Manager,sindre.kristiansen@bodo.adventure.example,+47 947 14 211,true,nb,false,PORTAL,2029-09-06
3447,1904,Bjørn,Larsen,Purchasing,bjorn.larsen@bodo.adventure.example,+47 962 85 411,false,nb,false,PORTAL,2029-09-06
3448,1904,Ole,Moen,Accounts Payable,ole.moen@bodo.adventure.example,+47 948 86 883,false,nb,false,PORTAL,2031-09-06
3449,1905,Marit,Nygaard,Store Manager,marit.nygaard@bodo.friluft.example,+47 992 47 221,true,nb,false,WEBSITE,2029-09-06
3450,1905,Vegard,Dahl,Accounts Payable,vegard.dahl@bodo.friluft.example,+47 976 71 590,false,nb,true,TRADE_FAIR,2031-09-06
3451,1905,Ole,Pedersen,Owner,ole.pedersen@bodo.friluft.example,+47 922 93 938,false,nb,true,ACCOUNT_MANAGER,2028-09-06
3452,1906,Håkon,Pedersen,Store Manager,hakon.pedersen@metsa.urheilu.example,+47 907 19 162,true,nb,true,TRADE_FAIR,2028-09-06
3453,1907,Hege,Kristiansen,Store Manager,hege.kristiansen@nygaard.urheilu.example,+47 949 27 755,true,nb,true,TRADE_FAIR,2028-09-06
3454,1907,Torbjørn,Hansen,Assistant Manager,torbjorn.hansen@nygaard.urheilu.example,+47 960 68 577,false,nb,true,WEBSITE,2028-09-06
3455,1908,Olli,Rantanen,Store Manager,olli.rantanen@metsa.trekking.example,+358 40 918 0542,true,fi,false,PORTAL,2028-09-06
3456,1909,Frederik,Kjær,Store Manager,frederik.kjaer@lake.fritid.example,+45 47 20 26 53,true,da,false,TRADE_FAIR,2029-09-06
3457,1909,Ida,Christensen,Buyer,ida.christensen@lake.fritid.example,+45 39 73 52 59,false,da,false,WEBSITE,2029-09-06
3458,1910,Noora,Kallio,Store Manager,noora.kallio@fjord.urheilu.example,+358 40 883 1105,true,fi,true,ACCOUNT_MANAGER,2029-09-06
3459,1910,Mikko,Saarinen,Accounts Payable,mikko.saarinen@fjord.urheilu.example,+358 40 586 4892,false,fi,false,TRADE_FAIR,2031-09-06
3460,1911,Oskar,Andersson,Store Manager,oskar.andersson@gavle.outfitters.example,+46 70 911 46 02,true,sv,true,WEBSITE,2028-09-06
3461,1912,Erik,Eriksson,Store Manager,erik.eriksson@sundsvall.rental.example,+46 70 270 06 51,true,sv,false,ACCOUNT_MANAGER,2029-09-06
3462,1912,Frida,Olsson,Warehouse,frida.olsson@sundsvall.rental.example,+46 70 237 93 26,false,sv,true,TRADE_FAIR,2029-09-06
3463,1912,Emma,Johansson,Purchasing,emma.johansson@sundsvall.rental.example,+46 70 250 23 13,false,sv,false,PORTAL,2028-09-06
3464,1913,Matti,Aho,Store Manager,matti.aho@metsastore.example,+358 40 736 6770,true,fi,false,TRADE_FAIR,2028-09-06
3465,1914,Frida,Åberg,Store Manager,frida.aberg@ridge.sports.example,+46 70 582 65 61,true,sv,false,PORTAL,2029-09-06
3466,1914,Sofia,Persson,Assistant Manager,sofia.persson@ridge.sports.example,+46 70 255 32 02,false,sv,true,WEBSITE,2029-09-06
3467,1914,Lovisa,Andersson,Accounts Payable,lovisa.andersson@ridge.sports.example,+46 70 198 75 94,false,sv,true,ACCOUNT_MANAGER,2028-09-06
3468,1915,Maja,Larsson,Store Manager,maja.larsson@nietos.outdoor.example,+46 70 461 43 17,true,sv,true,TRADE_FAIR,2031-09-06
3469,1916,Jørgen,Johansen,Store Manager,jorgen.johansen@kalotti24.example,+47 917 54 282,true,nb,true,TRADE_FAIR,2028-09-06
3470,1917,Gustav,Eriksson,Store Manager,gustav.eriksson@orebro.sport.fritid.example,+46 70 820 49 98,true,sv,true,ACCOUNT_MANAGER,2028-09-06
3471,1917,Elin,Holm,Accounts Payable,elin.holm@orebro.sport.fritid.example,+46 70 696 72 89,false,sv,false,TRADE_FAIR,2029-09-06
3472,1918,Silje,Olsen,Store Manager,silje.olsen@kalotti.urheilu.example,+47 973 35 895,true,nb,false,TRADE_FAIR,2028-09-06
3473,1918,Bjørn,Johansen,Purchasing,bjorn.johansen@kalotti.urheilu.example,+47 946 91 614,false,nb,false,ACCOUNT_MANAGER,2031-09-06
3474,1919,Olli,Rantanen,Store Manager,olli.rantanen@ridgegear.example,+358 40 171 4503,true,fi,false,ACCOUNT_MANAGER,2028-09-06
3475,1920,Venla,Kallio,Store Manager,venla.kallio@jyvaskyla.fritid.example,+358 40 693 9134,true,fi,true,WEBSITE,2029-09-06
3476,1920,Anni,Lehto,Owner,anni.lehto@jyvaskyla.fritid.example,+358 40 578 0813,false,fi,true,WEBSITE,2029-09-06
3477,1921,Ingrid,Nygaard,Store Manager,ingrid.nygaard@kristiansand.hiking.association.example,+47 919 89 818,true,nb,true,TRADE_FAIR,2028-09-06
3478,1922,Ulf,Bergström,Store Manager,ulf.bergstrom@goteborg.camping.example,+46 70 302 89 07,true,sv,true,ACCOUNT_MANAGER,2028-09-06
3479,1922,Per,Karlsson,Assistant Manager,per.karlsson@goteborg.camping.example,+46 70 546 88 76,false,sv,true,TRADE_FAIR,2031-09-06
3480,1923,Mattias,Holm,Store Manager,mattias.holm@sundsvall.trekking.example,+46 70 686 02 00,true,sv,true,ACCOUNT_MANAGER,2031-09-06
3481,1924,Mette,Sørensen,Store Manager,mette.sorensen@odense.sport.example,+45 23 53 98 39,true,da,true,WEBSITE,2029-09-06
3482,1924,Signe,Jensen,Purchasing,signe.jensen@odense.sport.example,+45 37 71 98 89,false,da,true,ACCOUNT_MANAGER,2031-09-06
3483,1925,Camilla,Kjær,Store Manager,camilla.kjaer@metsa24.example,+45 06 95 75 42,true,da,false,ACCOUNT_MANAGER,2031-09-06
3484,1926,Maija,Mäkinen,Store Manager,maija.makinen@rovaniemi.retki.example,+358 40 960 6410,true,fi,true,TRADE_FAIR,2028-09-06
3485,1926,Maija,Virtanen,Owner,maija.virtanen@rovaniemi.retki.example,+358 40 350 3891,false,fi,false,PORTAL,2029-09-06
3486,1927,Lukas,Müller,Store Manager,lukas.muller@berlin.alpine.club.example,+49 40 3799950,true,de,true,PORTAL,2031-09-06
3487,1927,Julia,Hoffmann,Buyer,julia.hoffmann@berlin.alpine.club.example,+49 40 3096917,false,de,false,ACCOUNT_MANAGER,2031-09-06
3488,1927,Lukas,Weber,Assistant Manager,lukas.weber@berlin.alpine.club.example,+49 40 1588823,false,de,true,ACCOUNT_MANAGER,2028-09-06
3489,1928,Silje,Hansen,Store Manager,silje.hansen@aurora.sport.example,+47 903 55 294,true,nb,true,WEBSITE,2028-09-06
3490,1928,Nora,Pedersen,Purchasing,nora.pedersen@aurora.sport.example,+47 935 23 865,false,nb,true,WEBSITE,2031-09-06
3491,1929,Mattias,Nilsson,Store Manager,mattias.nilsson@vaarashop.example,+46 70 357 86 84,true,sv,true,WEBSITE,2028-09-06
3492,1929,Ebba,Svensson,Warehouse,ebba.svensson@vaarashop.example,+46 70 692 87 42,false,sv,false,ACCOUNT_MANAGER,2031-09-06
3493,1929,Elin,Lindberg,Buyer,elin.lindberg@vaarashop.example,+46 70 216 60 84,false,sv,false,WEBSITE,2028-09-06
3494,1930,Silje,Johansen,Store Manager,silje.johansen@bergen.camping.example,+47 966 89 285,true,nb,false,WEBSITE,2031-09-06
3495,1931,Helmi,Heikkinen,Store Manager,helmi.heikkinen@tampere.guides.example,+358 40 943 1855,true,fi,false,WEBSITE,2031-09-06
3496,1931,Laura,Laine,Accounts Payable,laura.laine@tampere.guides.example,+358 40 024 5179,false,fi,false,PORTAL,2031-09-06
3497,1932,Lars,Andersson,Store Manager,lars.andersson@trail.camping.example,+46 70 361 84 82,true,sv,true,TRADE_FAIR,2029-09-06
3498,1932,Oskar,Olsson,Assistant Manager,oskar.olsson@trail.camping.example,+46 70 017 25 24,false,sv,true,PORTAL,2031-09-06
3499,1933,Gustav,Johansson,Store Manager,gustav.johansson@lakestore.example,+46 70 591 04 28,true,sv,true,ACCOUNT_MANAGER,2029-09-06
3500,1934,Jonas,Rasmussen,Store Manager,jonas.rasmussen@hikers.fritid.example,+45 76 57 23 28,true,da,true,TRADE_FAIR,2028-09-06
3501,1934,Jonas,Jørgensen,Accounts Payable,jonas.jorgensen@hikers.fritid.example,+45 69 40 84 57,false,da,true,ACCOUNT_MANAGER,2028-09-06
3502,1934,Camilla,Thomsen,Warehouse,camilla.thomsen@hikers.fritid.example,+45 70 40 51 25,false,da,false,WEBSITE,2031-09-06
3503,1935,Riikka,Korhonen,Store Manager,riikka.korhonen@kokkola.outfitters.example,+358 40 361 1653,true,fi,false,ACCOUNT_MANAGER,2029-09-06
3504,1935,Lauri,Järvinen,Buyer,lauri.jarvinen@kokkola.outfitters.example,+358 40 352 2187,false,fi,true,ACCOUNT_MANAGER,2028-09-06
3505,1935,Helmi,Virtanen,Purchasing,helmi.virtanen@kokkola.outfitters.example,+358 40 440 2699,false,fi,false,TRADE_FAIR,2028-09-06
3506,1936,Frida,Svensson,Store Manager,frida.svensson@fjord.sport.fritid.example,+46 70 162 49 13,true,sv,false,PORTAL,2029-09-06
3507,1936,Astrid,Nilsson,Warehouse,astrid.nilsson@fjord.sport.fritid.example,+46 70 826 52 30,false,sv,false,PORTAL,2028-09-06
3508,1936,Magnus,Holm,Accounts Payable,magnus.holm@fjord.sport.fritid.example,+46 70 833 36 99,false,sv,true,PORTAL,2028-09-06
3509,1937,Pekka,Mäkinen,Store Manager,pekka.makinen@vinterstore.example,+358 40 947 7372,true,fi,false,ACCOUNT_MANAGER,2028-09-06
3510,1938,Ebba,Olsson,Store Manager,ebba.olsson@suvanto.friluft.example,+46 70 555 80 07,true,sv,false,WEBSITE,2031-09-06
3511,1938,Nils,Åberg,Warehouse,nils.aberg@suvanto.friluft.example,+46 70 286 53 58,false,sv,false,ACCOUNT_MANAGER,2029-09-06
3512,1939,Tobias,Becker,Store Manager,tobias.becker@aapashop.example,+49 40 4562422,true,de,true,WEBSITE,2029-09-06
3513,1939,Julia,Weber,Warehouse,julia.weber@aapashop.example,+49 40 1113414,false,de,true,TRADE_FAIR,2028-09-06
3514,1940,Ingrid,Olsen,Store Manager,ingrid.olsen@suvanto.camping.example,+47 921 70 300,true,nb,true,PORTAL,2029-09-06
3515,1941,Sindre,Haugen,Store Manager,sindre.haugen@lake.retki.example,+47 956 97 844,true,nb,true,PORTAL,2028-09-06
3516,1942,Solveig,Larsen,Store Manager,solveig.larsen@hamar.outfitters.example,+47 913 51 563,true,nb,true,WEBSITE,2031-09-06
3517,1943,Per,Lindberg,Store Manager,per.lindberg@goteborg.rental.example,+46 70 949 90 53,true,sv,true,PORTAL,2029-09-06
3518,1944,Louise,Madsen,Store Manager,louise.madsen@esbjerg.scouts.example,+45 90 48 27 61,true,da,false,WEBSITE,2028-09-06
3519,1945,Vegard,Andersen,Store Manager,vegard.andersen@fjord.retki.example,+47 960 44 460,true,nb,false,WEBSITE,2029-09-06
3520,1945,Bjørn,Pedersen,Buyer,bjorn.pedersen@fjord.retki.example,+47 935 93 597,false,nb,true,ACCOUNT_MANAGER,2029-09-06
3521,1946,Mette,Nielsen,Store Manager,mette.nielsen@ruska.sport.fritid.example,+45 86 71 43 65,true,da,true,TRADE_FAIR,2031-09-06
3522,1947,Mikko,Nieminen,Store Manager,mikko.nieminen@aho.friluft.example,+358 40 565 7190,true,fi,true,PORTAL,2029-09-06
3523,1947,Jukka,Aho,Owner,jukka.aho@aho.friluft.example,+358 40 673 7434,false,fi,false,ACCOUNT_MANAGER,2031-09-06
3524,1947,Helmi,Lehtonen,Assistant Manager,helmi.lehtonen@aho.friluft.example,+358 40 465 6132,false,fi,false,ACCOUNT_MANAGER,2031-09-06
3525,1948,Nora,Karlsen,Store Manager,nora.karlsen@keroshop.example,+47 992 81 762,true,nb,true,WEBSITE,2031-09-06
3526,1949,Lauri,Nieminen,Store Manager,lauri.nieminen@oulu.trekking.example,+358 40 324 5038,true,fi,false,WEBSITE,2031-09-06
3527,1949,Pekka,Hämäläinen,Accounts Payable,pekka.hamalainen@oulu.trekking.example,+358 40 288 9108,false,fi,false,ACCOUNT_MANAGER,2028-09-06
3528,1950,Sigrid,Andersen,Store Manager,sigrid.andersen@vaara.outdoor.example,+47 977 52 780,true,nb,true,TRADE_FAIR,2028-09-06
3529,1950,Jørgen,Kristiansen,Owner,jorgen.kristiansen@vaara.outdoor.example,+47 958 15 802,false,nb,false,WEBSITE,2028-09-06
3530,1951,Noora,Nieminen,Store Manager,noora.nieminen@kayakstore.example,+358 40 492 7120,true,fi,false,ACCOUNT_MANAGER,2031-09-06
3531,1952,Eirik,Haugen,Store Manager,eirik.haugen@skog.urheilu.example,+47 986 03 176,true,nb,false,PORTAL,2029-09-06
3532,1953,Anni,Korhonen,Store Manager,anni.korhonen@kayak.sport.fritid.example,+358 40 796 1420,true,fi,false,ACCOUNT_MANAGER,2031-09-06
3533,1953,Ville,Järvinen,Buyer,ville.jarvinen@kayak.sport.fritid.example,+358 40 357 7524,false,fi,false,PORTAL,2028-09-06
3534,1954,Håkon,Kristiansen,Store Manager,hakon.kristiansen@selka.sports.example,+47 959 29 108,true,nb,false,TRADE_FAIR,2029-09-06
3535,1954,Sindre,Haugen,Accounts Payable,sindre.haugen@selka.sports.example,+47 928 24 521,false,nb,true,WEBSITE,2028-09-06
3536,1955,Henrik,Gustafsson,Store Manager,henrik.gustafsson@vaara.sport.fritid.example,+46 70 409 99 75,true,sv,false,PORTAL,2028-09-06
3537,1955,Björn,Olsson,Assistant Manager,bjorn.olsson@vaara.sport.fritid.example,+46 70 698 44 65,false,sv,true,TRADE_FAIR,2031-09-06
3538,1956,Magnus,Persson,Store Manager,magnus.persson@karlstad.outdoor.school.example,+46 70 991 16 30,true,sv,false,TRADE_FAIR,2029-09-06
3539,1957,Louise,Poulsen,Store Manager,louise.poulsen@roskilde.sport.fritid.example,+45 75 15 91 17,true,da,true,WEBSITE,2028-09-06
3540,1957,Camilla,Poulsen,Owner,camilla.poulsen@roskilde.sport.fritid.example,+45 49 75 17 34,false,da,true,PORTAL,2029-09-06
3541,1957,Pernille,Rasmussen,Assistant Manager,pernille.rasmussen@roskilde.sport.fritid.example,+45 32 63 93 19,false,da,false,WEBSITE,2031-09-06
3542,1958,Maija,Aho,Store Manager,maija.aho@nietosstore.example,+358 40 512 2525,true,fi,false,PORTAL,2031-09-06
3543,1958,Sanna,Heikkinen,Accounts Payable,sanna.heikkinen@nietosstore.example,+358 40 244 4408,false,fi,true,PORTAL,2029-09-06
3544,1958,Anni,Hämäläinen,Warehouse,anni.hamalainen@nietosstore.example,+358 40 978 1254,false,fi,false,WEBSITE,2031-09-06
3545,1959,Emma,Holm,Store Manager,emma.holm@gavle.trekking.example,+46 70 577 15 23,true,sv,true,WEBSITE,2031-09-06
3546,1960,Maija,Lehto,Store Manager,maija.lehto@kayak.outdoor.example,+358 40 912 3699,true,fi,false,PORTAL,2029-09-06
3547,1960,Riikka,Nieminen,Purchasing,riikka.nieminen@kayak.outdoor.example,+358 40 128 6876,false,fi,true,WEBSITE,2029-09-06
3548,1961,Anni,Saarinen,Store Manager,anni.saarinen@kayak.sports.example,+358 40 669 1548,true,fi,true,WEBSITE,2029-09-06
3549,1962,Håkon,Nygaard,Store Manager,hakon.nygaard@lake.outdoor.example,+47 904 55 486,true,nb,false,TRADE_FAIR,2028-09-06
3550,1962,Silje,Karlsen,Accounts Payable,silje.karlsen@lake.outdoor.example,+47 938 22 713,false,nb,true,ACCOUNT_MANAGER,2031-09-06
3551,1963,Louise,Sørensen,Store Manager,louise.sorensen@selka.friluft.example,+45 74 74 73 00,true,da,true,ACCOUNT_MANAGER,2029-09-06
3552,1963,Louise,Jørgensen,Owner,louise.jorgensen@selka.friluft.example,+45 19 38 47 94,false,da,false,WEBSITE,2028-09-06
3553,1964,Pernille,Nielsen,Store Manager,pernille.nielsen@esbjerg.rental.example,+45 96 03 04 44,true,da,true,TRADE_FAIR,2031-09-06
3554,1964,Pernille,Sørensen,Accounts Payable,pernille.sorensen@esbjerg.rental.example,+45 09 09 46 58,false,da,false,TRADE_FAIR,2029-09-06
3555,1965,Venla,Niemi,Store Manager,venla.niemi@vidde24.example,+358 40 821 4204,true,fi,true,PORTAL,2028-09-06
3556,1965,Jari,Korhonen,Owner,jari.korhonen@vidde24.example,+358 40 674 1415,false,fi,false,WEBSITE,2029-09-06
3557,1966,Søren,Sørensen,Store Manager,soren.sorensen@kayak.trekking.example,+45 78 89 93 35,true,da,true,WEBSITE,2029-09-06
3558,1966,Frederik,Poulsen,Accounts Payable,frederik.poulsen@kayak.trekking.example,+45 62 95 81 70,false,da,true,ACCOUNT_MANAGER,2029-09-06
3559,1967,Tanel,Kask,Store Manager,tanel.kask@parnu.adventures.example,+372 5586 8455,true,et,false,PORTAL,2029-09-06
3560,1967,Tanel,Sepp,Buyer,tanel.sepp@parnu.adventures.example,+372 5825 8035,false,et,true,ACCOUNT_MANAGER,2031-09-06
3561,1967,Liis,Kukk,Purchasing,liis.kukk@parnu.adventures.example,+372 5006 8882,false,et,false,TRADE_FAIR,2028-09-06
3562,1968,Jonas,Wagner,Store Manager,jonas.wagner@arcticshop.example,+49 40 6347617,true,de,false,WEBSITE,2028-09-06
3563,1969,Tuomas,Järvinen,Store Manager,tuomas.jarvinen@vaara.urheilu.example,+358 40 935 3958,true,fi,true,ACCOUNT_MANAGER,2029-09-06
3564,1969,Aino,Salo,Assistant Manager,aino.salo@vaara.urheilu.example,+358 40 559 1421,false,fi,true,TRADE_FAIR,2029-09-06
3565,1970,Johan,Eriksson,Store Manager,johan.eriksson@gavle.hiking.association.example,+46 70 927 30 45,true,sv,true,ACCOUNT_MANAGER,2029-09-06
3566,1971,Sigrid,Haugen,Store Manager,sigrid.haugen@berg.friluft.example,+47 957 77 469,true,nb,false,TRADE_FAIR,2031-09-06
3567,1972,Camilla,Nielsen,Store Manager,camilla.nielsen@vaaragear.example,+45 34 41 77 64,true,da,true,PORTAL,2031-09-06
3568,1972,Signe,Christensen,Accounts Payable,signe.christensen@vaaragear.example,+45 20 99 00 34,false,da,true,WEBSITE,2031-09-06
3569,1973,Kristjan,Kask,Store Manager,kristjan.kask@tartu.rental.example,+372 5201 2720,true,et,true,PORTAL,2029-09-06
3570,1973,Mart,Tamm,Assistant Manager,mart.tamm@tartu.rental.example,+372 5185 7205,false,et,false,ACCOUNT_MANAGER,2031-09-06
3571,1973,Kristjan,Kask,Accounts Payable,kristjan.kask.tartu@tartu.rental.example,+372 5386 2403,false,et,true,WEBSITE,2029-09-06
3572,1974,Mikko,Salo,Store Manager,mikko.salo@kallio.friluft.example,+358 40 089 3175,true,fi,false,PORTAL,2029-09-06
3573,1974,Matti,Korhonen,Owner,matti.korhonen@kallio.friluft.example,+358 40 378 2544,false,fi,false,WEBSITE,2031-09-06
3574,1975,Erik,Andersson,Store Manager,erik.andersson@hikers.turutstyr.example,+46 70 619 83 62,true,sv,true,PORTAL,2028-09-06
3575,1976,Nils,Strand,Store Manager,nils.strand@umea.sport.example,+46 70 629 68 37,true,sv,true,TRADE_FAIR,2029-09-06
3576,1977,Kristian,Andersen,Store Manager,kristian.andersen@ridge.urheilu.example,+47 997 77 203,true,nb,false,WEBSITE,2031-09-06
3577,1977,Torbjørn,Andersen,Warehouse,torbjorn.andersen@ridge.urheilu.example,+47 923 83 921,false,nb,true,WEBSITE,2028-09-06
3578,1978,Ebba,Olsson,Store Manager,ebba.olsson@lindberg.urheilu.example,+46 70 201 73 84,true,sv,false,PORTAL,2031-09-06
3579,1978,Elin,Lundqvist,Owner,elin.lundqvist@lindberg.urheilu.example,+46 70 365 00 92,false,sv,true,ACCOUNT_MANAGER,2028-09-06
3580,1979,Katharina,Koch,Store Manager,katharina.koch@compass.urheilu.example,+49 40 6177743,true,de,false,TRADE_FAIR,2031-09-06
3581,1980,Mikko,Kallio,Store Manager,mikko.kallio@vuoma.sport.fritid.example,+358 40 056 7461,true,fi,true,WEBSITE,2031-09-06
3582,1980,Mikko,Virtanen,Purchasing,mikko.virtanen@vuoma.sport.fritid.example,+358 40 436 1459,false,fi,true,WEBSITE,2029-09-06
3583,1980,Kaisa,Lehto,Accounts Payable,kaisa.lehto@vuoma.sport.fritid.example,+358 40 358 7631,false,fi,true,WEBSITE,2029-09-06
3584,1981,Tuomas,Virtanen,Store Manager,tuomas.virtanen@jyvaskyla.adventures.example,+358 40 994 7885,true,fi,false,ACCOUNT_MANAGER,2028-09-06
3585,1981,Ville,Saarinen,Buyer,ville.saarinen@jyvaskyla.adventures.example,+358 40 922 8902,false,fi,false,ACCOUNT_MANAGER,2028-09-06
3586,1982,Pekka,Laine,Store Manager,pekka.laine@suvanto.urheilu.example,+358 40 130 5313,true,fi,false,WEBSITE,2028-09-06
3587,1983,Anette,Olsen,Store Manager,anette.olsen@polar.outdoor.example,+47 963 92 975,true,nb,true,TRADE_FAIR,2028-09-06
3588,1984,Oskar,Persson,Store Manager,oskar.persson@uppsala.trekking.example,+46 70 318 11 75,true,sv,true,WEBSITE,2028-09-06
3589,1985,Maija,Koskinen,Store Manager,maija.koskinen@hameenlinna.expeditions.example,+358 40 909 2026,true,fi,true,ACCOUNT_MANAGER,2031-09-06
3590,1985,Katri,Koskinen,Warehouse,katri.koskinen@hameenlinna.expeditions.example,+358 40 138 6330,false,fi,false,WEBSITE,2028-09-06
3591,1986,Matti,Laine,Store Manager,matti.laine@kerostore.example,+358 40 442 9276,true,fi,false,TRADE_FAIR,2031-09-06
3592,1987,Frederik,Madsen,Store Manager,frederik.madsen@kaira.trekking.example,+45 96 52 66 47,true,da,true,PORTAL,2028-09-06
3593,1987,Jonas,Poulsen,Assistant Manager,jonas.poulsen@kaira.trekking.example,+45 11 30 67 14,false,da,true,WEBSITE,2028-09-06
3594,1987,Signe,Nielsen,Assistant Manager,signe.nielsen@kaira.trekking.example,+45 87 59 18 63,false,da,true,WEBSITE,2029-09-06
3595,1988,Tanel,Saar,Store Manager,tanel.saar@fjord24.example,+372 5918 5691,true,et,false,WEBSITE,2031-09-06
3596,1988,Kadri,Kask,Buyer,kadri.kask@fjord24.example,+372 5274 9266,false,et,true,TRADE_FAIR,2028-09-06
3597,1989,Elina,Aho,Store Manager,elina.aho@helsinki.trekking.example,+358 40 208 4053,true,fi,false,TRADE_FAIR,2029-09-06
3598,1990,Ida,Jørgensen,Store Manager,ida.jorgensen@aalborg.scouts.example,+45 34 72 13 24,true,da,true,PORTAL,2028-09-06
3599,1991,Hanna,Andersson,Store Manager,hanna.andersson@loiste.outdoor.example,+46 70 324 05 84,true,sv,true,ACCOUNT_MANAGER,2031-09-06
3600,1991,Magnus,Eriksson,Assistant Manager,magnus.eriksson@loiste.outdoor.example,+46 70 972 14 42,false,sv,false,ACCOUNT_MANAGER,2028-09-06
3601,1992,Ville,Rantanen,Store Manager,ville.rantanen@aapa.camping.example,+358 40 790 6140,true,fi,true,TRADE_FAIR,2029-09-06
3602,1993,Nora,Johansen,Store Manager,nora.johansen@vuoma.friluft.example,+47 905 02 271,true,nb,false,WEBSITE,2031-09-06
3603,1993,Bjørn,Olsen,Warehouse,bjorn.olsen@vuoma.friluft.example,+47 977 69 059,false,nb,false,TRADE_FAIR,2031-09-06
3604,1994,Katri,Lehtonen,Store Manager,katri.lehtonen@heikkinen.urheilu.example,+358 40 865 7835,true,fi,true,ACCOUNT_MANAGER,2031-09-06
3605,1995,Morten,Rasmussen,Store Manager,morten.rasmussen@basecamp.adventure.example,+45 00 25 05 56,true,da,true,TRADE_FAIR,2028-09-06
3606,1996,Felix,Schmidt,Store Manager,felix.schmidt@vinter.trekking.example,+49 40 0460392,true,de,true,WEBSITE,2028-09-06
3607,1996,Felix,Becker,Accounts Payable,felix.becker@vinter.trekking.example,+49 40 3079523,false,de,true,TRADE_FAIR,2029-09-06
3608,1996,Anna,Schmidt,Owner,anna.schmidt@vinter.trekking.example,+49 40 8278040,false,de,true,TRADE_FAIR,2028-09-06
3609,1997,Maarja,Kask,Store Manager,maarja.kask@tallinn.sport.fritid.example,+372 5823 5815,true,et,false,TRADE_FAIR,2029-09-06
3610,1997,Triin,Rebane,Buyer,triin.rebane@tallinn.sport.fritid.example,+372 5125 7441,false,et,false,TRADE_FAIR,2028-09-06
3611,1998,Vegard,Andersen,Store Manager,vegard.andersen@fjall.fritid.example,+47 930 38 253,true,nb,false,WEBSITE,2031-09-06
3612,1998,Mathias,Hansen,Buyer,mathias.hansen@fjall.fritid.example,+47 913 74 318,false,nb,false,WEBSITE,2029-09-06
3613,1999,Mette,Jørgensen,Store Manager,mette.jorgensen@viddestore.example,+45 37 42 07 80,true,da,true,PORTAL,2028-09-06
3614,1999,Mette,Jørgensen,Accounts Payable,mette.jorgensen.odense@viddestore.example,+45 37 63 05 62,false,da,false,ACCOUNT_MANAGER,2029-09-06
3615,2000,Rasmus,Jørgensen,Store Manager,rasmus.jorgensen@trail.adventure.example,+45 68 25 19 96,true,da,true,TRADE_FAIR,2031-09-06
3616,2000,Jonas,Kjær,Warehouse,jonas.kjaer@trail.adventure.example,+45 53 99 79 10,false,da,true,TRADE_FAIR,2031-09-06
3617,2001,Lovisa,Svensson,Store Manager,lovisa.svensson@era.retki.example,+46 70 333 07 13,true,sv,false,ACCOUNT_MANAGER,2028-09-06
3618,2001,Magnus,Andersson,Purchasing,magnus.andersson@era.retki.example,+46 70 569 21 13,false,sv,false,WEBSITE,2028-09-06
3619,2002,Katri,Saarinen,Store Manager,katri.saarinen@kaamos.sports.example,+358 40 604 5715,true,fi,false,TRADE_FAIR,2028-09-06
3620,2002,Eero,Salo,Accounts Payable,eero.salo@kaamos.sports.example,+358 40 926 5239,false,fi,true,TRADE_FAIR,2031-09-06
3621,2002,Matti,Saarinen,Assistant Manager,matti.saarinen@kaamos.sports.example,+358 40 986 8739,false,fi,true,TRADE_FAIR,2031-09-06
3622,2003,Henrik,Åberg,Store Manager,henrik.aberg@aurora.adventure.example,+46 70 281 27 91,true,sv,true,WEBSITE,2029-09-06
3623,2003,Mattias,Karlsson,Owner,mattias.karlsson@aurora.adventure.example,+46 70 231 10 36,false,sv,true,ACCOUNT_MANAGER,2028-09-06
3624,2004,Aino,Heikkinen,Store Manager,aino.heikkinen@joensuu.outfitters.example,+358 40 714 5223,true,fi,false,TRADE_FAIR,2029-09-06
3625,2004,Ville,Salo,Owner,ville.salo@joensuu.outfitters.example,+358 40 037 0814,false,fi,true,WEBSITE,2028-09-06
3626,2004,Lauri,Korhonen,Buyer,lauri.korhonen@joensuu.outfitters.example,+358 40 248 2426,false,fi,true,WEBSITE,2031-09-06
3627,2005,Lauri,Heikkinen,Store Manager,lauri.heikkinen@vidde.sport.fritid.example,+358 40 802 5259,true,fi,true,TRADE_FAIR,2028-09-06
3628,2006,Priit,Saar,Store Manager,priit.saar@tallinn.friluft.example,+372 5838 4403,true,et,true,WEBSITE,2031-09-06
3629,2007,Signe,Thomsen,Store Manager,signe.thomsen@kaira.outfitters.example,+45 79 35 95 57,true,da,false,ACCOUNT_MANAGER,2029-09-06
3630,2008,Per,Johansson,Store Manager,per.johansson@aapastore.example,+46 70 831 21 82,true,sv,true,TRADE_FAIR,2029-09-06
3631,2009,Ulf,Holm,Store Manager,ulf.holm@selka.urheilu.example,+46 70 330 91 95,true,sv,true,ACCOUNT_MANAGER,2029-09-06
3632,2010,Magnus,Gustafsson,Store Manager,magnus.gustafsson@fjord.outfitters.example,+46 70 696 21 71,true,sv,true,WEBSITE,2031-09-06
3633,2011,Juhani,Kallio,Store Manager,juhani.kallio@seinajoki.sport.example,+358 40 507 8333,true,fi,true,PORTAL,2031-09-06
3634,2012,Ville,Salminen,Store Manager,ville.salminen@aapa.sport.fritid.example,+358 40 851 4058,true,fi,false,TRADE_FAIR,2031-09-06
3635,2012,Juhani,Virtanen,Purchasing,juhani.virtanen@aapa.sport.fritid.example,+358 40 623 2907,false,fi,true,WEBSITE,2028-09-06
3636,2013,Lukas,Fischer,Store Manager,lukas.fischer@aapa.outdoor.example,+49 40 8379736,true,de,false,WEBSITE,2028-09-06
3637,2013,Jonas,Schmidt,Buyer,jonas.schmidt@aapa.outdoor.example,+49 40 5794847,false,de,true,ACCOUNT_MANAGER,2029-09-06
3638,2013,Jonas,Fischer,Buyer,jonas.fischer@aapa.outdoor.example,+49 40 4007417,false,de,false,ACCOUNT_MANAGER,2028-09-06
3639,2014,Jukka,Lehto,Store Manager,jukka.lehto@era.sport.fritid.example,+358 40 314 1540,true,fi,false,TRADE_FAIR,2029-09-06
3640,2015,Mads,Sørensen,Store Manager,mads.sorensen@loiste24.example,+45 41 41 26 77,true,da,true,TRADE_FAIR,2028-09-06
3641,2016,Maija,Niemi,Store Manager,maija.niemi@vinter.trekking.example,+358 40 645 2055,true,fi,true,ACCOUNT_MANAGER,2028-09-06
3642,2017,Olli,Heikkinen,Store Manager,olli.heikkinen@kalotti.turutstyr.example,+358 40 454 1009,true,fi,false,ACCOUNT_MANAGER,2031-09-06
3643,2017,Venla,Niemi,Warehouse,venla.niemi@kalotti.turutstyr.example,+358 40 119 1840,false,fi,true,PORTAL,2028-09-06
3644,2017,Antti,Hämäläinen,Buyer,antti.hamalainen@kalotti.turutstyr.example,+358 40 947 0988,false,fi,false,WEBSITE,2031-09-06
3645,2018,Noora,Salminen,Store Manager,noora.salminen@koskinen.urheilu.example,+358 40 553 2955,true,fi,false,WEBSITE,2028-09-06
3646,2018,Laura,Järvinen,Warehouse,laura.jarvinen@koskinen.urheilu.example,+358 40 330 7977,false,fi,false,WEBSITE,2028-09-06
3647,2019,Anette,Hansen,Store Manager,anette.hansen@lillehammer.sport.example,+47 922 66 832,true,nb,true,WEBSITE,2028-09-06
3648,2019,Mathias,Bakke,Accounts Payable,mathias.bakke@lillehammer.sport.example,+47 973 32 862,false,nb,true,TRADE_FAIR,2028-09-06
3649,2019,Jørgen,Johansen,Buyer,jorgen.johansen@lillehammer.sport.example,+47 955 41 184,false,nb,true,TRADE_FAIR,2028-09-06
3650,2020,Kadri,Kukk,Store Manager,kadri.kukk@tartu.urheilu.example,+372 5134 5147,true,et,false,PORTAL,2031-09-06
3651,2020,Kristjan,Mägi,Warehouse,kristjan.magi@tartu.urheilu.example,+372 5379 3990,false,et,true,ACCOUNT_MANAGER,2029-09-06
3652,2021,Venla,Aho,Store Manager,venla.aho@forest.outdoor.example,+358 40 203 6215,true,fi,false,TRADE_FAIR,2029-09-06
3653,2022,Marit,Olsen,Store Manager,marit.olsen@vuoma.retki.example,+47 987 54 816,true,nb,false,TRADE_FAIR,2031-09-06
3654,2022,Vegard,Pedersen,Purchasing,vegard.pedersen@vuoma.retki.example,+47 973 24 827,false,nb,true,PORTAL,2029-09-06
3655,2023,Lars,Gustafsson,Store Manager,lars.gustafsson@kaira.adventure.example,+46 70 001 59 05,true,sv,true,TRADE_FAIR,2031-09-06
3656,2024,Mette,Poulsen,Store Manager,mette.poulsen@aarhus.sport.fritid.example,+45 40 09 78 68,true,da,false,WEBSITE,2028-09-06
3657,2024,Ida,Thomsen,Purchasing,ida.thomsen@aarhus.sport.fritid.example,+45 50 05 64 28,false,da,true,PORTAL,2028-09-06
3658,2025,Maija,Mäkinen,Store Manager,maija.makinen@summit.sports.example,+358 40 565 4466,true,fi,true,PORTAL,2028-09-06
3659,2025,Kaisa,Aho,Purchasing,kaisa.aho@summit.sports.example,+358 40 136 0922,false,fi,false,WEBSITE,2029-09-06
3660,2026,Sindre,Nygaard,Store Manager,sindre.nygaard@oslo.scouts.example,+47 986 89 595,true,nb,false,ACCOUNT_MANAGER,2031-09-06
3661,2026,Ingrid,Pedersen,Buyer,ingrid.pedersen@oslo.scouts.example,+47 943 84 305,false,nb,true,WEBSITE,2028-09-06
3662,2026,Nora,Pedersen,Purchasing,nora.pedersen@oslo.scouts.example,+47 912 07 128,false,nb,true,PORTAL,2029-09-06
3663,2027,Mathias,Haugen,Store Manager,mathias.haugen@compass.sports.example,+47 902 77 217,true,nb,false,WEBSITE,2029-09-06
3664,2027,Tone,Johansen,Accounts Payable,tone.johansen@compass.sports.example,+47 971 82 089,false,nb,true,ACCOUNT_MANAGER,2029-09-06
3665,2028,Björn,Eriksson,Store Manager,bjorn.eriksson@arctic.friluft.example,+46 70 423 33 42,true,sv,false,WEBSITE,2031-09-06
3666,2028,Ulf,Strand,Buyer,ulf.strand@arctic.friluft.example,+46 70 299 87 16,false,sv,false,WEBSITE,2029-09-06
3667,2028,Maja,Gustafsson,Accounts Payable,maja.gustafsson@arctic.friluft.example,+46 70 721 69 79,false,sv,true,TRADE_FAIR,2028-09-06
3668,2029,Maija,Kallio,Store Manager,maija.kallio@nietos24.example,+358 40 109 3803,true,fi,true,ACCOUNT_MANAGER,2028-09-06
3669,2029,Olli,Niemi,Owner,olli.niemi@nietos24.example,+358 40 329 8756,false,fi,true,TRADE_FAIR,2029-09-06
3670,2029,Pekka,Kallio,Assistant Manager,pekka.kallio@nietos24.example,+358 40 333 4867,false,fi,true,PORTAL,2031-09-06
3671,2030,Søren,Sørensen,Store Manager,soren.sorensen@odense.expeditions.example,+45 89 22 92 40,true,da,true,PORTAL,2029-09-06
3672,2030,Louise,Thomsen,Owner,louise.thomsen@odense.expeditions.example,+45 05 32 21 41,false,da,false,TRADE_FAIR,2031-09-06
3673,2030,Ida,Nielsen,Assistant Manager,ida.nielsen@odense.expeditions.example,+45 33 33 95 39,false,da,true,TRADE_FAIR,2031-09-06
3674,2031,Mette,Kjær,Store Manager,mette.kjaer@odense.retki.example,+45 96 94 06 83,true,da,true,TRADE_FAIR,2028-09-06
3675,2032,Tuomas,Järvinen,Store Manager,tuomas.jarvinen@korhonen.outdoor.example,+358 40 564 8277,true,fi,true,WEBSITE,2031-09-06
3676,2032,Eero,Saarinen,Accounts Payable,eero.saarinen@korhonen.outdoor.example,+358 40 240 5530,false,fi,true,TRADE_FAIR,2029-09-06
3677,2032,Anni,Kallio,Accounts Payable,anni.kallio@korhonen.outdoor.example,+358 40 108 7926,false,fi,true,ACCOUNT_MANAGER,2028-09-06
3678,2033,Ebba,Gustafsson,Store Manager,ebba.gustafsson@summit.sport.example,+46 70 485 01 62,true,sv,true,PORTAL,2029-09-06
3679,2033,Hanna,Larsson,Owner,hanna.larsson@summit.sport.example,+46 70 915 86 37,false,sv,true,PORTAL,2028-09-06
3680,2033,Henrik,Svensson,Warehouse,henrik.svensson@summit.sport.example,+46 70 142 71 15,false,sv,false,WEBSITE,2029-09-06
3681,2034,Mikko,Nieminen,Store Manager,mikko.nieminen@turku.outdoor.example,+358 40 360 7397,true,fi,false,TRADE_FAIR,2028-09-06
3682,2035,Kadri,Ilves,Store Manager,kadri.ilves@kayakstore.example,+372 5666 0612,true,et,false,ACCOUNT_MANAGER,2028-09-06
3683,2035,Priit,Ilves,Owner,priit.ilves@kayakstore.example,+372 5003 9531,false,et,true,PORTAL,2029-09-06
3684,2036,Sara,Lindberg,Store Manager,sara.lindberg@kiruna.rental.example,+46 70 769 01 79,true,sv,true,WEBSITE,2028-09-06
3685,2037,Ville,Rantanen,Store Manager,ville.rantanen@basecamp.turutstyr.example,+358 40 836 9740,true,fi,true,WEBSITE,2031-09-06
3686,2038,Petra,Hoffmann,Store Manager,petra.hoffmann@berlin.trekking.example,+49 40 0161222,true,de,true,TRADE_FAIR,2029-09-06
3687,2039,Ole,Bakke,Store Manager,ole.bakke@trondheim.sport.fritid.example,+47 988 31 748,true,nb,false,TRADE_FAIR,2031-09-06
3688,2039,Nora,Hansen,Purchasing,nora.hansen@trondheim.sport.fritid.example,+47 995 35 321,false,nb,false,TRADE_FAIR,2029-09-06
3689,2039,Vegard,Nygaard,Purchasing,vegard.nygaard@trondheim.sport.fritid.example,+47 940 32 036,false,nb,false,PORTAL,2031-09-06
3690,2040,Astrid,Eriksson,Store Manager,astrid.eriksson@compass.trekking.example,+46 70 618 42 71,true,sv,false,WEBSITE,2029-09-06
3691,2041,Hanna,Lindberg,Store Manager,hanna.lindberg@kaamos.adventure.example,+46 70 603 21 71,true,sv,true,PORTAL,2028-09-06
3692,2041,Ulf,Andersson,Warehouse,ulf.andersson@kaamos.adventure.example,+46 70 976 84 93,false,sv,true,WEBSITE,2031-09-06
3693,2042,Kari,Moen,Store Manager,kari.moen@ruska.friluft.example,+47 921 49 034,true,nb,false,TRADE_FAIR,2031-09-06
3694,2043,Anna,Becker,Store Manager,anna.becker@summit.outfitters.example,+49 40 6630076,true,de,false,WEBSITE,2028-09-06
3695,2044,Bjørn,Johansen,Store Manager,bjorn.johansen@basecamp.sports.example,+47 950 78 573,true,nb,true,ACCOUNT_MANAGER,2031-09-06
3696,2044,Tone,Kristiansen,Accounts Payable,tone.kristiansen@basecamp.sports.example,+47 937 57 235,false,nb,true,ACCOUNT_MANAGER,2029-09-06
3697,2045,Lauri,Saarinen,Store Manager,lauri.saarinen@vaasa.rental.example,+358 40 133 2973,true,fi,false,PORTAL,2029-09-06
3698,2045,Maija,Aho,Owner,maija.aho@vaasa.rental.example,+358 40 918 5349,false,fi,true,TRADE_FAIR,2029-09-06
3699,2046,Ulf,Larsson,Store Manager,ulf.larsson@lake.sport.fritid.example,+46 70 364 01 35,true,sv,false,WEBSITE,2029-09-06
3700,2046,Karin,Lindberg,Owner,karin.lindberg@lake.sport.fritid.example,+46 70 228 76 25,false,sv,true,TRADE_FAIR,2029-09-06
3701,2047,Søren,Nielsen,Store Manager,soren.nielsen@kolding.outdoor.example,+45 13 78 34 82,true,da,false,PORTAL,2028-09-06
3702,2047,Frederik,Madsen,Warehouse,frederik.madsen@kolding.outdoor.example,+45 45 87 92 59,false,da,true,ACCOUNT_MANAGER,2028-09-06
3703,2048,Lars,Karlsson,Store Manager,lars.karlsson@are.turutstyr.example,+46 70 607 61 22,true,sv,true,WEBSITE,2028-09-06
3704,2048,Astrid,Andersson,Warehouse,astrid.andersson@are.turutstyr.example,+46 70 506 35 70,false,sv,true,PORTAL,2028-09-06
3705,2049,Matti,Saarinen,Store Manager,matti.saarinen@niemi.outdoor.example,+358 40 457 6794,true,fi,true,PORTAL,2028-09-06
3706,2050,Lærke,Rasmussen,Store Manager,laerke.rasmussen@summit24.example,+45 07 68 22 35,true,da,false,TRADE_FAIR,2028-09-06
3707,2051,Björn,Eriksson,Store Manager,bjorn.eriksson@uppsala.expeditions.example,+46 70 347 03 78,true,sv,true,ACCOUNT_MANAGER,2031-09-06
3708,2051,Sara,Nilsson,Buyer,sara.nilsson@uppsala.expeditions.example,+46 70 285 51 21,false,sv,false,WEBSITE,2031-09-06
3709,2052,Nils,Strand,Store Manager,nils.strand@polar.adventure.example,+46 70 153 87 65,true,sv,false,ACCOUNT_MANAGER,2029-09-06
3710,2052,Ebba,Strand,Owner,ebba.strand@polar.adventure.example,+46 70 579 88 44,false,sv,true,PORTAL,2028-09-06
3711,2053,Elin,Persson,Store Manager,elin.persson@kayak.outfitters.example,+46 70 208 12 82,true,sv,false,ACCOUNT_MANAGER,2029-09-06
3712,2053,Frida,Åberg,Accounts Payable,frida.aberg@kayak.outfitters.example,+46 70 500 92 26,false,sv,false,PORTAL,2029-09-06
3713,2054,Hanna,Strand,Store Manager,hanna.strand@ruskashop.example,+46 70 832 69 24,true,sv,false,WEBSITE,2029-09-06
3714,2054,Magnus,Lundqvist,Owner,magnus.lundqvist@ruskashop.example,+46 70 154 07 07,false,sv,true,ACCOUNT_MANAGER,2028-09-06
3715,2054,Frida,Holm,Accounts Payable,frida.holm@ruskashop.example,+46 70 978 75 72,false,sv,true,TRADE_FAIR,2029-09-06
3716,2055,Magnus,Bergström,Store Manager,magnus.bergstrom@gavle.sport.example,+46 70 247 59 15,true,sv,true,PORTAL,2028-09-06
3717,2055,Emma,Holm,Warehouse,emma.holm@gavle.sport.example,+46 70 323 86 73,false,sv,false,PORTAL,2031-09-06
3718,2056,Signe,Sørensen,Store Manager,signe.sorensen@vidde.friluft.example,+45 03 68 63 71,true,da,false,ACCOUNT_MANAGER,2029-09-06
3719,2056,Søren,Christensen,Purchasing,soren.christensen@vidde.friluft.example,+45 43 86 09 48,false,da,true,WEBSITE,2031-09-06
3720,2057,Camilla,Sørensen,Store Manager,camilla.sorensen@esbjerg.sports.example,+45 47 97 89 07,true,da,true,TRADE_FAIR,2031-09-06
3721,2058,Anette,Olsen,Store Manager,anette.olsen@karlsen.friluft.example,+47 984 78 056,true,nb,false,ACCOUNT_MANAGER,2029-09-06
3722,2058,Vegard,Nygaard,Owner,vegard.nygaard@karlsen.friluft.example,+47 943 53 538,false,nb,true,TRADE_FAIR,2028-09-06
3723,2058,Bjørn,Nilsen,Owner,bjorn.nilsen@karlsen.friluft.example,+47 940 18 558,false,nb,false,TRADE_FAIR,2028-09-06
3724,2059,Elina,Korhonen,Store Manager,elina.korhonen@basecamp.retki.example,+358 40 166 8711,true,fi,false,WEBSITE,2029-09-06
3725,2059,Timo,Heikkinen,Purchasing,timo.heikkinen@basecamp.retki.example,+358 40 952 3894,false,fi,true,WEBSITE,2031-09-06
3726,2059,Olli,Korhonen,Buyer,olli.korhonen@basecamp.retki.example,+358 40 219 9197,false,fi,true,TRADE_FAIR,2028-09-06
3727,2060,Tuomas,Virtanen,Store Manager,tuomas.virtanen@lahti.alpine.club.example,+358 40 900 7125,true,fi,true,TRADE_FAIR,2031-09-06
3728,2061,Kadri,Rebane,Store Manager,kadri.rebane@aapastore.example,+372 5485 9106,true,et,false,WEBSITE,2028-09-06
3729,2062,Laura,Nieminen,Store Manager,laura.nieminen@kuusamo.turutstyr.example,+358 40 854 9843,true,fi,false,PORTAL,2031-09-06
3730,2063,Louise,Thomsen,Store Manager,louise.thomsen@arcticshop.example,+45 74 67 84 70,true,da,false,WEBSITE,2028-09-06
3731,2064,Lukas,Fischer,Store Manager,lukas.fischer@arctic.friluft.example,+49 40 5031533,true,de,true,PORTAL,2029-09-06
3732,2065,Mikko,Koskinen,Store Manager,mikko.koskinen@kayak24.example,+358 40 546 7008,true,fi,true,ACCOUNT_MANAGER,2028-09-06
3733,2065,Riikka,Koskinen,Assistant Manager,riikka.koskinen@kayak24.example,+358 40 402 3860,false,fi,false,TRADE_FAIR,2031-09-06
3734,2065,Jari,Järvinen,Purchasing,jari.jarvinen@kayak24.example,+358 40 586 1664,false,fi,false,ACCOUNT_MANAGER,2029-09-06
3735,2066,Oskar,Strand,Store Manager,oskar.strand@vaaragear.example,+46 70 111 65 14,true,sv,false,ACCOUNT_MANAGER,2028-09-06
3736,2066,Ulf,Johansson,Warehouse,ulf.johansson@vaaragear.example,+46 70 101 52 80,false,sv,false,PORTAL,2028-09-06
3737,2067,Olli,Laine,Store Manager,olli.laine@vaasa.outdoor.example,+358 40 127 8744,true,fi,false,ACCOUNT_MANAGER,2028-09-06
3738,2067,Olli,Virtanen,Owner,olli.virtanen@vaasa.outdoor.example,+358 40 097 4134,false,fi,false,TRADE_FAIR,2028-09-06
3739,2067,Kaisa,Niemi,Owner,kaisa.niemi@vaasa.outdoor.example,+358 40 399 9636,false,fi,true,TRADE_FAIR,2031-09-06
3740,2068,Riikka,Järvinen,Store Manager,riikka.jarvinen@helsinki.outdoor.school.example,+358 40 613 5690,true,fi,false,PORTAL,2029-09-06
3741,2068,Katri,Nieminen,Warehouse,katri.nieminen@helsinki.outdoor.school.example,+358 40 083 3423,false,fi,true,TRADE_FAIR,2028-09-06
3742,2069,Mette,Thomsen,Store Manager,mette.thomsen@jensen.sport.example,+45 22 68 63 57,true,da,true,WEBSITE,2031-09-06
3743,2070,Ebba,Persson,Store Manager,ebba.persson@sundsvall.hiking.association.example,+46 70 689 89 69,true,sv,true,ACCOUNT_MANAGER,2028-09-06
3744,2070,Nils,Andersson,Buyer,nils.andersson@sundsvall.hiking.association.example,+46 70 779 69 01,false,sv,true,PORTAL,2031-09-06
3745,2071,Tone,Haugen,Store Manager,tone.haugen@polarstore.example,+47 977 16 013,true,nb,false,PORTAL,2031-09-06
3746,2071,Sigrid,Johansen,Assistant Manager,sigrid.johansen@polarstore.example,+47 934 36 638,false,nb,true,WEBSITE,2028-09-06
3747,2071,Kari,Pedersen,Accounts Payable,kari.pedersen@polarstore.example,+47 963 69 979,false,nb,true,ACCOUNT_MANAGER,2028-09-06
3748,2072,Tuomas,Mäkinen,Store Manager,tuomas.makinen@turku.hiking.association.example,+358 40 218 4876,true,fi,false,PORTAL,2031-09-06
3749,2073,Pernille,Poulsen,Store Manager,pernille.poulsen@sorensen.friluft.example,+45 47 56 59 97,true,da,false,PORTAL,2031-09-06
3750,2074,Mart,Mägi,Store Manager,mart.magi@magi.outdoor.example,+372 5018 4264,true,et,false,TRADE_FAIR,2031-09-06
3751,2074,Kadri,Sepp,Assistant Manager,kadri.sepp@magi.outdoor.example,+372 5016 3819,false,et,true,PORTAL,2029-09-06
3752,2075,Anders,Bergström,Store Manager,anders.bergstrom@kalotti.friluft.example,+46 70 856 89 66,true,sv,true,PORTAL,2028-09-06
3753,2075,Erik,Bergström,Purchasing,erik.bergstrom@kalotti.friluft.example,+46 70 154 86 24,false,sv,false,ACCOUNT_MANAGER,2029-09-06
3754,2076,Lærke,Madsen,Store Manager,laerke.madsen@copenhagen.outdoor.example,+45 50 81 58 10,true,da,false,WEBSITE,2031-09-06
3755,2076,Rasmus,Christensen,Owner,rasmus.christensen@copenhagen.outdoor.example,+45 51 09 70 15,false,da,true,TRADE_FAIR,2028-09-06
3756,2077,Sara,Andersson,Store Manager,sara.andersson@are.sports.example,+46 70 638 24 76,true,sv,true,ACCOUNT_MANAGER,2031-09-06
3757,2077,Emma,Gustafsson,Assistant Manager,emma.gustafsson@are.sports.example,+46 70 561 70 34,false,sv,true,TRADE_FAIR,2028-09-06
3758,2078,Jonas,Nielsen,Store Manager,jonas.nielsen@roskilde.outdoor.example,+45 19 00 52 91,true,da,true,WEBSITE,2031-09-06
3759,2079,Camilla,Sørensen,Store Manager,camilla.sorensen@aarhus.urheilu.example,+45 51 78 02 49,true,da,true,PORTAL,2031-09-06
3760,2080,Torbjørn,Olsen,Store Manager,torbjorn.olsen@kero.outdoor.example,+47 962 16 882,true,nb,true,WEBSITE,2028-09-06
3761,2081,Nils,Bergström,Store Manager,nils.bergstrom@are.sport.fritid.example,+46 70 572 63 56,true,sv,true,PORTAL,2031-09-06
3762,2081,Linnea,Andersson,Owner,linnea.andersson@are.sport.fritid.example,+46 70 534 31 98,false,sv,false,ACCOUNT_MANAGER,2029-09-06
3763,2081,Björn,Lundqvist,Owner,bjorn.lundqvist@are.sport.fritid.example,+46 70 544 46 36,false,sv,true,ACCOUNT_MANAGER,2028-09-06
3764,2082,Jørgen,Nygaard,Store Manager,jorgen.nygaard@haugen.friluft.example,+47 912 90 532,true,nb,false,WEBSITE,2031-09-06
3765,2083,Mads,Sørensen,Store Manager,mads.sorensen@kolding.alpine.club.example,+45 72 06 02 99,true,da,false,PORTAL,2028-09-06
3766,2084,Lærke,Jørgensen,Store Manager,laerke.jorgensen@aurora.sport.example,+45 84 19 69 29,true,da,true,PORTAL,2029-09-06
3767,2084,Freja,Thomsen,Accounts Payable,freja.thomsen@aurora.sport.example,+45 45 56 99 53,false,da,true,PORTAL,2031-09-06
3768,2085,Juhani,Virtanen,Store Manager,juhani.virtanen@kittila.alpine.club.example,+358 40 252 6235,true,fi,true,ACCOUNT_MANAGER,2028-09-06
3769,2086,Antti,Koskinen,Store Manager,antti.koskinen@nordlys.sport.fritid.example,+358 40 390 2290,true,fi,true,ACCOUNT_MANAGER,2029-09-06
3770,2086,Riikka,Virtanen,Accounts Payable,riikka.virtanen@nordlys.sport.fritid.example,+358 40 718 4876,false,fi,true,ACCOUNT_MANAGER,2029-09-06
3771,2087,Ebba,Karlsson,Store Manager,ebba.karlsson@karlstad.sports.example,+46 70 459 36 46,true,sv,true,WEBSITE,2029-09-06
3772,2088,Lauri,Virtanen,Store Manager,lauri.virtanen@fjall.outfitters.example,+358 40 452 3303,true,fi,false,WEBSITE,2028-09-06
3773,2088,Katri,Heikkinen,Buyer,katri.heikkinen@fjall.outfitters.example,+358 40 659 1622,false,fi,true,ACCOUNT_MANAGER,2029-09-06
3774,2089,Magnus,Persson,Store Manager,magnus.persson@vaara.urheilu.example,+46 70 435 93 33,true,sv,false,ACCOUNT_MANAGER,2029-09-06
3775,2089,Frida,Åberg,Accounts Payable,frida.aberg@vaara.urheilu.example,+46 70 785 50 39,false,sv,true,WEBSITE,2029-09-06
3776,2090,Mattias,Holm,Store Manager,mattias.holm@era.outdoor.example,+46 70 758 60 45,true,sv,false,TRADE_FAIR,2029-09-06
3777,2090,Karin,Karlsson,Assistant Manager,karin.karlsson@era.outdoor.example,+46 70 414 27 78,false,sv,false,PORTAL,2031-09-06
3778,2091,Tobias,Hoffmann,Store Manager,tobias.hoffmann@era.friluft.example,+49 40 6053452,true,de,true,TRADE_FAIR,2028-09-06
3779,2092,Mathias,Dahl,Store Manager,mathias.dahl@polar.sport.fritid.example,+47 917 76 374,true,nb,true,ACCOUNT_MANAGER,2031-09-06
3780,2092,Hege,Olsen,Purchasing,hege.olsen@polar.sport.fritid.example,+47 910 57 430,false,nb,true,WEBSITE,2031-09-06
3781,2093,Kristian,Karlsen,Store Manager,kristian.karlsen@kaira.friluft.example,+47 926 16 718,true,nb,true,WEBSITE,2031-09-06
3782,2093,Ole,Karlsen,Buyer,ole.karlsen@kaira.friluft.example,+47 956 48 845,false,nb,true,TRADE_FAIR,2028-09-06
3783,2094,Liis,Kukk,Store Manager,liis.kukk@vaara.retki.example,+372 5625 3034,true,et,true,PORTAL,2031-09-06
3784,2095,Olli,Korhonen,Store Manager,olli.korhonen@aurora.camping.example,+358 40 101 0955,true,fi,true,PORTAL,2029-09-06
3785,2096,Henrik,Olsson,Store Manager,henrik.olsson@compassshop.example,+46 70 163 31 81,true,sv,true,WEBSITE,2028-09-06
3786,2096,Mattias,Larsson,Purchasing,mattias.larsson@compassshop.example,+46 70 508 32 01,false,sv,true,ACCOUNT_MANAGER,2028-09-06
3787,2096,Henrik,Bergström,Assistant Manager,henrik.bergstrom@compassshop.example,+46 70 422 97 09,false,sv,true,PORTAL,2031-09-06
3788,2097,Matti,Laine,Store Manager,matti.laine@oulu.camping.example,+358 40 798 2584,true,fi,true,PORTAL,2031-09-06
3789,2097,Noora,Lehto,Assistant Manager,noora.lehto@oulu.camping.example,+358 40 979 2478,false,fi,true,ACCOUNT_MANAGER,2028-09-06
3790,2097,Anni,Salminen,Assistant Manager,anni.salminen@oulu.camping.example,+358 40 142 5358,false,fi,false,TRADE_FAIR,2031-09-06
3791,2098,Mathias,Karlsen,Store Manager,mathias.karlsen@larsen.friluft.example,+47 929 95 018,true,nb,false,ACCOUNT_MANAGER,2031-09-06
3792,2098,Jørgen,Olsen,Assistant Manager,jorgen.olsen@larsen.friluft.example,+47 994 32 597,false,nb,true,PORTAL,2029-09-06
3793,2099,Eirik,Kristiansen,Store Manager,eirik.kristiansen@nordlys.outdoor.example,+47 995 05 717,true,nb,false,ACCOUNT_MANAGER,2028-09-06
3794,2099,Vegard,Pedersen,Purchasing,vegard.pedersen@nordlys.outdoor.example,+47 919 86 180,false,nb,true,WEBSITE,2029-09-06
3795,2100,Ebba,Holm,Store Manager,ebba.holm@fjordgear.example,+46 70 192 98 90,true,sv,true,ACCOUNT_MANAGER,2028-09-06
3796,2101,Håkon,Hansen,Store Manager,hakon.hansen@selka.fritid.example,+47 927 05 495,true,nb,true,PORTAL,2031-09-06
3797,2101,Anette,Haugen,Owner,anette.haugen@selka.fritid.example,+47 996 48 595,false,nb,true,ACCOUNT_MANAGER,2029-09-06
3798,2101,Bjørn,Larsen,Assistant Manager,bjorn.larsen@selka.fritid.example,+47 920 33 871,false,nb,true,ACCOUNT_MANAGER,2028-09-06
3799,2102,Rasmus,Thomsen,Store Manager,rasmus.thomsen@odense.alpine.club.example,+45 73 81 97 55,true,da,false,TRADE_FAIR,2029-09-06
3800,2103,Maja,Johansson,Store Manager,maja.johansson@lake.camping.example,+46 70 502 65 52,true,sv,false,TRADE_FAIR,2029-09-06
3801,2104,Lærke,Rasmussen,Store Manager,laerke.rasmussen@jorgensen.urheilu.example,+45 44 12 43 44,true,da,true,PORTAL,2031-09-06
3802,2105,Ingrid,Olsen,Store Manager,ingrid.olsen@skog.sports.example,+47 953 78 674,true,nb,true,TRADE_FAIR,2031-09-06
3803,2106,Torbjørn,Berg,Store Manager,torbjorn.berg@loistegear.example,+47 969 36 352,true,nb,true,TRADE_FAIR,2029-09-06
3804,2106,Kristian,Larsen,Purchasing,kristian.larsen@loistegear.example,+47 959 64 951,false,nb,true,TRADE_FAIR,2028-09-06
3805,2107,Pernille,Nielsen,Store Manager,pernille.nielsen@arctic.friluft.example,+45 82 30 03 67,true,da,false,TRADE_FAIR,2028-09-06
3806,2107,Freja,Sørensen,Accounts Payable,freja.sorensen@arctic.friluft.example,+45 93 10 54 52,false,da,true,PORTAL,2028-09-06
3807,2107,Rasmus,Kjær,Buyer,rasmus.kjaer@arctic.friluft.example,+45 54 94 98 53,false,da,true,ACCOUNT_MANAGER,2029-09-06
3808,2108,Katharina,Müller,Store Manager,katharina.muller@berlin.fritid.example,+49 40 1804768,true,de,true,WEBSITE,2029-09-06
3809,2108,Katharina,Wagner,Owner,katharina.wagner@berlin.fritid.example,+49 40 5367848,false,de,true,WEBSITE,2028-09-06
3810,2109,Solveig,Johansen,Store Manager,solveig.johansen@trail.sport.fritid.example,+47 967 05 907,true,nb,true,WEBSITE,2029-09-06
3811,2110,Karin,Karlsson,Store Manager,karin.karlsson@falun.trekking.example,+46 70 877 33 71,true,sv,true,TRADE_FAIR,2029-09-06
3812,2111,Camilla,Thomsen,Store Manager,camilla.thomsen@skog.urheilu.example,+45 43 21 18 74,true,da,true,ACCOUNT_MANAGER,2029-09-06
3813,2111,Søren,Jørgensen,Owner,soren.jorgensen@skog.urheilu.example,+45 90 27 89 25,false,da,false,TRADE_FAIR,2029-09-06
3814,2112,Ole,Larsen,Store Manager,ole.larsen@ruska.outfitters.example,+47 907 68 455,true,nb,true,PORTAL,2031-09-06
3815,2112,Mathias,Berg,Assistant Manager,mathias.berg@ruska.outfitters.example,+47 968 63 946,false,nb,true,ACCOUNT_MANAGER,2028-09-06
3816,2113,Camilla,Madsen,Store Manager,camilla.madsen@vaara.trekking.example,+45 08 90 54 40,true,da,true,TRADE_FAIR,2029-09-06
3817,2113,Jonas,Jørgensen,Warehouse,jonas.jorgensen@vaara.trekking.example,+45 37 96 15 27,false,da,true,TRADE_FAIR,2031-09-06
3818,2114,Olli,Hämäläinen,Store Manager,olli.hamalainen@arctic.retki.example,+358 40 156 0386,true,fi,false,TRADE_FAIR,2028-09-06
3819,2114,Lauri,Saarinen,Accounts Payable,lauri.saarinen@arctic.retki.example,+358 40 599 7486,false,fi,false,TRADE_FAIR,2028-09-06
3820,2114,Timo,Koskinen,Purchasing,timo.koskinen@arctic.retki.example,+358 40 645 7699,false,fi,true,WEBSITE,2028-09-06
3821,2115,Lukas,Wagner,Store Manager,lukas.wagner@kaamosshop.example,+49 40 1107990,true,de,true,WEBSITE,2031-09-06
3822,2115,Katharina,Schmidt,Warehouse,katharina.schmidt@kaamosshop.example,+49 40 4087651,false,de,true,PORTAL,2031-09-06
3823,2116,Jari,Lehtonen,Store Manager,jari.lehtonen@lahti.outdoor.school.example,+358 40 447 4005,true,fi,false,ACCOUNT_MANAGER,2028-09-06
3824,2116,Maija,Niemi,Buyer,maija.niemi@lahti.outdoor.school.example,+358 40 078 0990,false,fi,true,ACCOUNT_MANAGER,2031-09-06
3825,2117,Håkon,Olsen,Store Manager,hakon.olsen@bodo.camping.example,+47 930 28 423,true,nb,false,ACCOUNT_MANAGER,2031-09-06
3826,2117,Ole,Moen,Owner,ole.moen@bodo.camping.example,+47 990 39 944,false,nb,false,WEBSITE,2029-09-06
3827,2118,Tone,Dahl,Store Manager,tone.dahl@polar.camping.example,+47 987 73 378,true,nb,false,WEBSITE,2031-09-06
3828,2118,Eirik,Bakke,Accounts Payable,eirik.bakke@polar.camping.example,+47 952 66 491,false,nb,true,WEBSITE,2029-09-06
3829,2119,Vegard,Karlsen,Store Manager,vegard.karlsen@kaamos.sport.fritid.example,+47 974 93 460,true,nb,true,TRADE_FAIR,2031-09-06
3830,2120,Aino,Aho,Store Manager,aino.aho@summit.sport.example,+358 40 328 6322,true,fi,true,ACCOUNT_MANAGER,2028-09-06
3831,2121,Ulf,Lindberg,Store Manager,ulf.lindberg@suvanto.sports.example,+46 70 158 67 75,true,sv,true,WEBSITE,2028-09-06
3832,2121,Astrid,Åberg,Buyer,astrid.aberg@suvanto.sports.example,+46 70 365 21 35,false,sv,false,TRADE_FAIR,2028-09-06
3833,2121,Erik,Andersson,Owner,erik.andersson@suvanto.sports.example,+46 70 695 98 00,false,sv,true,PORTAL,2028-09-06
3834,2122,Anders,Bergström,Store Manager,anders.bergstrom@ostersund.outdoor.example,+46 70 622 41 76,true,sv,true,PORTAL,2029-09-06
3835,2123,Katharina,Wagner,Store Manager,katharina.wagner@kiel.fritid.example,+49 40 8676219,true,de,true,TRADE_FAIR,2031-09-06
3836,2124,Ole,Karlsen,Store Manager,ole.karlsen@dahl.friluft.example,+47 962 22 864,true,nb,true,WEBSITE,2031-09-06
3837,2124,Anette,Nilsen,Assistant Manager,anette.nilsen@dahl.friluft.example,+47 928 33 961,false,nb,false,WEBSITE,2028-09-06
3838,2125,Solveig,Johansen,Store Manager,solveig.johansen@skog.sport.example,+47 909 88 873,true,nb,false,ACCOUNT_MANAGER,2031-09-06
3839,2126,Søren,Christensen,Store Manager,soren.christensen@selka.sport.example,+45 75 87 29 51,true,da,true,PORTAL,2031-09-06
3840,2126,Mette,Kjær,Buyer,mette.kjaer@selka.sport.example,+45 35 18 69 25,false,da,true,PORTAL,2031-09-06
3841,2127,Lauri,Hämäläinen,Store Manager,lauri.hamalainen@aho.urheilu.example,+358 40 493 1572,true,fi,false,TRADE_FAIR,2028-09-06
3842,2128,Mathias,Olsen,Store Manager,mathias.olsen@kero.sport.fritid.example,+47 981 38 741,true,nb,false,TRADE_FAIR,2029-09-06
3843,2129,Lærke,Thomsen,Store Manager,laerke.thomsen@aarhus.adventure.example,+45 37 26 58 48,true,da,false,PORTAL,2029-09-06
3844,2130,Bjørn,Larsen,Store Manager,bjorn.larsen@kerostore.example,+47 968 41 235,true,nb,true,PORTAL,2029-09-06
3845,2130,Tone,Nilsen,Assistant Manager,tone.nilsen@kerostore.example,+47 925 50 854,false,nb,true,PORTAL,2029-09-06
3846,2131,Marit,Haugen,Store Manager,marit.haugen@stavanger.retki.example,+47 996 49 581,true,nb,false,PORTAL,2028-09-06
3847,2131,Sindre,Nilsen,Assistant Manager,sindre.nilsen@stavanger.retki.example,+47 991 56 908,false,nb,true,TRADE_FAIR,2028-09-06
3848,2132,Lærke,Rasmussen,Store Manager,laerke.rasmussen@nielsen.friluft.example,+45 26 25 96 06,true,da,true,WEBSITE,2031-09-06
3849,2133,Freja,Thomsen,Store Manager,freja.thomsen@rakkagear.example,+45 04 57 63 81,true,da,false,PORTAL,2028-09-06
3850,2133,Mette,Christensen,Accounts Payable,mette.christensen@rakkagear.example,+45 37 74 51 30,false,da,false,TRADE_FAIR,2031-09-06
3851,2133,Rasmus,Poulsen,Owner,rasmus.poulsen@rakkagear.example,+45 43 41 33 50,false,da,false,ACCOUNT_MANAGER,2031-09-06
3852,2134,Per,Holm,Store Manager,per.holm@loiste.adventure.example,+46 70 583 25 23,true,sv,false,WEBSITE,2029-09-06
3853,2134,Erik,Gustafsson,Assistant Manager,erik.gustafsson@loiste.adventure.example,+46 70 500 51 72,false,sv,true,PORTAL,2028-09-06
3854,2135,Katri,Saarinen,Store Manager,katri.saarinen@rovaniemi.outfitters.example,+358 40 646 5659,true,fi,true,TRADE_FAIR,2028-09-06
3855,2135,Tuomas,Saarinen,Accounts Payable,tuomas.saarinen@rovaniemi.outfitters.example,+358 40 163 9340,false,fi,true,PORTAL,2029-09-06
3856,2135,Kaisa,Aho,Accounts Payable,kaisa.aho@rovaniemi.outfitters.example,+358 40 171 3481,false,fi,false,TRADE_FAIR,2029-09-06
3857,2136,Solveig,Johansen,Store Manager,solveig.johansen@tromso.trekking.example,+47 965 73 497,true,nb,false,WEBSITE,2029-09-06
3858,2136,Bjørn,Kristiansen,Purchasing,bjorn.kristiansen@tromso.trekking.example,+47 961 96 138,false,nb,false,ACCOUNT_MANAGER,2029-09-06
3859,2137,Jørgen,Nygaard,Store Manager,jorgen.nygaard@kaira.fritid.example,+47 966 38 604,true,nb,false,PORTAL,2028-09-06
3860,2138,Kristian,Johansen,Store Manager,kristian.johansen@kalotti.turutstyr.example,+47 926 50 911,true,nb,true,PORTAL,2028-09-06
3861,2139,Astrid,Karlsson,Store Manager,astrid.karlsson@lake.sport.example,+46 70 787 36 55,true,sv,false,WEBSITE,2029-09-06
3862,2139,Frida,Bergström,Owner,frida.bergstrom@lake.sport.example,+46 70 846 86 65,false,sv,true,PORTAL,2028-09-06
3863,2139,Ulf,Gustafsson,Warehouse,ulf.gustafsson@lake.sport.example,+46 70 812 56 00,false,sv,false,TRADE_FAIR,2029-09-06
3864,2140,Kari,Andersen,Store Manager,kari.andersen@era.outfitters.example,+47 910 45 052,true,nb,false,TRADE_FAIR,2028-09-06
3865,2141,Frederik,Thomsen,Store Manager,frederik.thomsen@aapa.sport.fritid.example,+45 54 80 90 74,true,da,true,ACCOUNT_MANAGER,2029-09-06
3866,2141,Rasmus,Kjær,Owner,rasmus.kjaer@aapa.sport.fritid.example,+45 41 45 20 05,false,da,false,PORTAL,2029-09-06
3867,2141,Rasmus,Jensen,Assistant Manager,rasmus.jensen@aapa.sport.fritid.example,+45 29 03 57 73,false,da,false,TRADE_FAIR,2028-09-06
3868,2142,Kari,Pedersen,Store Manager,kari.pedersen@suvanto.trekking.example,+47 961 38 115,true,nb,true,ACCOUNT_MANAGER,2029-09-06
3869,2143,Ville,Korhonen,Store Manager,ville.korhonen@hameenlinna.hiking.association.example,+358 40 932 5328,true,fi,true,ACCOUNT_MANAGER,2031-09-06
3870,2143,Laura,Niemi,Accounts Payable,laura.niemi@hameenlinna.hiking.association.example,+358 40 821 7845,false,fi,true,WEBSITE,2031-09-06
3871,2144,Morten,Jørgensen,Store Manager,morten.jorgensen@nielsen.urheilu.example,+45 21 12 12 71,true,da,true,WEBSITE,2029-09-06
3872,2145,Freja,Rasmussen,Store Manager,freja.rasmussen@kayak.outdoor.example,+45 23 45 68 96,true,da,true,PORTAL,2028-09-06
3873,2145,Louise,Thomsen,Owner,louise.thomsen@kayak.outdoor.example,+45 18 99 89 29,false,da,true,WEBSITE,2031-09-06
3874,2146,Mette,Christensen,Store Manager,mette.christensen@nietos.camping.example,+45 15 66 50 30,true,da,false,ACCOUNT_MANAGER,2031-09-06
3875,2146,Pernille,Sørensen,Assistant Manager,pernille.sorensen@nietos.camping.example,+45 86 27 36 73,false,da,false,TRADE_FAIR,2029-09-06
3876,2146,Rasmus,Sørensen,Buyer,rasmus.sorensen@nietos.camping.example,+45 39 33 89 60,false,da,true,ACCOUNT_MANAGER,2028-09-06
3877,2147,Jari,Kallio,Store Manager,jari.kallio@vinter.camping.example,+358 40 679 3778,true,fi,false,ACCOUNT_MANAGER,2031-09-06
3878,2147,Katri,Rantanen,Warehouse,katri.rantanen@vinter.camping.example,+358 40 871 6256,false,fi,false,PORTAL,2029-09-06
3879,2148,Felix,Weber,Store Manager,felix.weber@becker.friluft.example,+49 40 4043149,true,de,false,WEBSITE,2031-09-06
3880,2148,Jonas,Becker,Accounts Payable,jonas.becker@becker.friluft.example,+49 40 1508937,false,de,true,WEBSITE,2028-09-06
3881,2148,Tobias,Becker,Accounts Payable,tobias.becker@becker.friluft.example,+49 40 1855971,false,de,false,WEBSITE,2028-09-06
3882,2149,Tanel,Mägi,Store Manager,tanel.magi@vinter.fritid.example,+372 5990 4172,true,et,false,ACCOUNT_MANAGER,2028-09-06
3883,2149,Triin,Ilves,Warehouse,triin.ilves@vinter.fritid.example,+372 5638 2888,false,et,true,ACCOUNT_MANAGER,2029-09-06
3884,2150,Johan,Åberg,Store Manager,johan.aberg@sundsvall.outdoor.school.example,+46 70 377 87 85,true,sv,false,ACCOUNT_MANAGER,2028-09-06
3885,2151,Jonas,Jørgensen,Store Manager,jonas.jorgensen@compass.sports.example,+45 16 12 18 34,true,da,false,ACCOUNT_MANAGER,2029-09-06
3886,2152,Torbjørn,Dahl,Store Manager,torbjorn.dahl@trail.adventure.example,+47 980 50 097,true,nb,false,ACCOUNT_MANAGER,2031-09-06
3887,2153,Ingrid,Nilsen,Store Manager,ingrid.nilsen@vuoma.trekking.example,+47 916 40 402,true,nb,true,TRADE_FAIR,2028-09-06
3888,2153,Marit,Dahl,Accounts Payable,marit.dahl@vuoma.trekking.example,+47 988 66 200,false,nb,false,WEBSITE,2028-09-06
3889,2154,Eero,Niemi,Store Manager,eero.niemi@nordlys.sport.example,+358 40 244 4719,true,fi,false,PORTAL,2028-09-06
3890,2154,Aino,Virtanen,Warehouse,aino.virtanen@nordlys.sport.example,+358 40 610 5220,false,fi,true,TRADE_FAIR,2031-09-06
3891,2155,Kaisa,Saarinen,Store Manager,kaisa.saarinen@ruskastore.example,+358 40 475 9564,true,fi,true,ACCOUNT_MANAGER,2031-09-06
3892,2155,Antti,Salo,Warehouse,antti.salo@ruskastore.example,+358 40 488 7005,false,fi,true,WEBSITE,2029-09-06
3893,2156,Lærke,Rasmussen,Store Manager,laerke.rasmussen@ridge.fritid.example,+45 31 42 39 92,true,da,false,WEBSITE,2028-09-06
3894,2157,Antti,Lehto,Store Manager,antti.lehto@joensuu.sports.example,+358 40 904 9439,true,fi,false,TRADE_FAIR,2029-09-06
3895,2158,Kaisa,Rantanen,Store Manager,kaisa.rantanen@hikers.friluft.example,+358 40 452 9422,true,fi,false,ACCOUNT_MANAGER,2028-09-06
3896,2159,Pernille,Sørensen,Store Manager,pernille.sorensen@compass.fritid.example,+45 17 83 92 79,true,da,false,TRADE_FAIR,2031-09-06
3897,2159,Louise,Thomsen,Warehouse,louise.thomsen@compass.fritid.example,+45 06 22 03 23,false,da,true,WEBSITE,2031-09-06
3898,2160,Sindre,Haugen,Store Manager,sindre.haugen@kristiansand.retki.example,+47 960 14 503,true,nb,true,WEBSITE,2029-09-06
3899,2160,Tone,Haugen,Assistant Manager,tone.haugen@kristiansand.retki.example,+47 963 36 934,false,nb,true,PORTAL,2029-09-06
3900,2161,Ville,Rantanen,Store Manager,ville.rantanen@hikersshop.example,+358 40 422 6671,true,fi,true,PORTAL,2028-09-06
3901,2161,Eero,Niemi,Purchasing,eero.niemi@hikersshop.example,+358 40 933 4316,false,fi,true,PORTAL,2031-09-06
3902,2162,Sofia,Åberg,Store Manager,sofia.aberg@vidde.turutstyr.example,+46 70 162 84 97,true,sv,true,TRADE_FAIR,2031-09-06
3903,2162,Emma,Svensson,Assistant Manager,emma.svensson@vidde.turutstyr.example,+46 70 891 29 71,false,sv,false,TRADE_FAIR,2029-09-06
3904,2163,Per,Holm,Store Manager,per.holm@kaira.retki.example,+46 70 310 24 93,true,sv,false,WEBSITE,2028-09-06
3905,2163,Sofia,Eriksson,Buyer,sofia.eriksson@kaira.retki.example,+46 70 339 83 66,false,sv,true,TRADE_FAIR,2031-09-06
3906,2163,Sara,Bergström,Owner,sara.bergstrom@kaira.retki.example,+46 70 397 43 95,false,sv,false,TRADE_FAIR,2029-09-06
3907,2164,Marit,Karlsen,Store Manager,marit.karlsen@nordlysshop.example,+47 933 00 612,true,nb,true,TRADE_FAIR,2031-09-06
3908,2164,Torbjørn,Pedersen,Warehouse,torbjorn.pedersen@nordlysshop.example,+47 900 28 404,false,nb,false,ACCOUNT_MANAGER,2031-09-06
3909,2165,Tone,Nilsen,Store Manager,tone.nilsen@skog.turutstyr.example,+47 947 95 492,true,nb,false,TRADE_FAIR,2029-09-06
3910,2166,Anni,Aho,Store Manager,anni.aho@jyvaskyla.trekking.example,+358 40 835 8437,true,fi,true,ACCOUNT_MANAGER,2028-09-06
3911,2167,Gustav,Lindberg,Store Manager,gustav.lindberg@falun.camping.example,+46 70 040 61 03,true,sv,false,TRADE_FAIR,2028-09-06
3912,2167,Gustav,Gustafsson,Accounts Payable,gustav.gustafsson@falun.camping.example,+46 70 209 91 73,false,sv,true,ACCOUNT_MANAGER,2028-09-06
3913,2168,Ingrid,Dahl,Store Manager,ingrid.dahl@vuoma.sports.example,+47 954 42 146,true,nb,false,WEBSITE,2028-09-06
3914,2169,Anni,Hämäläinen,Store Manager,anni.hamalainen@metsa.urheilu.example,+358 40 179 7573,true,fi,false,ACCOUNT_MANAGER,2031-09-06
3915,2169,Antti,Salminen,Warehouse,antti.salminen@metsa.urheilu.example,+358 40 771 2761,false,fi,true,TRADE_FAIR,2031-09-06
3916,2170,Astrid,Karlsson,Store Manager,astrid.karlsson@lake.adventure.example,+46 70 885 25 92,true,sv,true,WEBSITE,2029-09-06
3917,2170,Maja,Svensson,Purchasing,maja.svensson@lake.adventure.example,+46 70 035 76 82,false,sv,true,ACCOUNT_MANAGER,2028-09-06
3918,2171,Anette,Larsen,Store Manager,anette.larsen@forest.turutstyr.example,+47 974 41 911,true,nb,true,ACCOUNT_MANAGER,2029-09-06
3919,2171,Sindre,Dahl,Purchasing,sindre.dahl@forest.turutstyr.example,+47 944 64 294,false,nb,false,ACCOUNT_MANAGER,2029-09-06
3920,2172,Nils,Eriksson,Store Manager,nils.eriksson@fjall.turutstyr.example,+46 70 045 04 92,true,sv,false,WEBSITE,2029-09-06
3921,2172,Nils,Johansson,Accounts Payable,nils.johansson@fjall.turutstyr.example,+46 70 061 49 55,false,sv,true,TRADE_FAIR,2028-09-06
3922,2172,Gustav,Andersson,Buyer,gustav.andersson@fjall.turutstyr.example,+46 70 186 44 29,false,sv,false,PORTAL,2031-09-06
3923,2173,Maija,Niemi,Store Manager,maija.niemi@fjall.retki.example,+358 40 166 9080,true,fi,true,WEBSITE,2029-09-06
3924,2174,Antti,Lehto,Store Manager,antti.lehto@aurora.adventure.example,+358 40 280 5646,true,fi,false,PORTAL,2029-09-06
3925,2174,Jukka,Järvinen,Owner,jukka.jarvinen@aurora.adventure.example,+358 40 017 9442,false,fi,true,PORTAL,2028-09-06
3926,2175,Bjørn,Haugen,Store Manager,bjorn.haugen@karlsen.urheilu.example,+47 908 48 711,true,nb,false,PORTAL,2029-09-06
3927,2175,Kristian,Haugen,Assistant Manager,kristian.haugen@karlsen.urheilu.example,+47 980 15 424,false,nb,true,TRADE_FAIR,2028-09-06
3928,2175,Kristian,Larsen,Accounts Payable,kristian.larsen@karlsen.urheilu.example,+47 940 69 404,false,nb,true,PORTAL,2029-09-06
3929,2176,Sara,Eriksson,Store Manager,sara.eriksson@arctic.adventure.example,+46 70 021 37 80,true,sv,true,PORTAL,2028-09-06
3930,2177,Matti,Heikkinen,Store Manager,matti.heikkinen@makinen.outdoor.example,+358 40 981 6732,true,fi,false,WEBSITE,2029-09-06
3931,2178,Henrik,Bergström,Store Manager,henrik.bergstrom@malmo.turutstyr.example,+46 70 604 90 60,true,sv,true,PORTAL,2029-09-06
3932,2179,Jørgen,Karlsen,Store Manager,jorgen.karlsen@hikers.outdoor.example,+47 945 63 378,true,nb,true,PORTAL,2031-09-06
3933,2180,Mathias,Pedersen,Store Manager,mathias.pedersen@bodo.rental.example,+47 938 41 683,true,nb,false,TRADE_FAIR,2031-09-06
3934,2180,Anette,Andersen,Assistant Manager,anette.andersen@bodo.rental.example,+47 964 64 627,false,nb,true,ACCOUNT_MANAGER,2029-09-06
3935,2181,Juhani,Järvinen,Store Manager,juhani.jarvinen@aho.sport.example,+358 40 504 7335,true,fi,false,ACCOUNT_MANAGER,2031-09-06
3936,2181,Lauri,Aho,Owner,lauri.aho@aho.sport.example,+358 40 688 1592,false,fi,true,ACCOUNT_MANAGER,2029-09-06
3937,2181,Jukka,Lehtonen,Warehouse,jukka.lehtonen@aho.sport.example,+358 40 391 9065,false,fi,true,ACCOUNT_MANAGER,2029-09-06
3938,2182,Lars,Lindberg,Store Manager,lars.lindberg@karlstad.camping.example,+46 70 614 14 99,true,sv,false,WEBSITE,2028-09-06
3939,2182,Johan,Nilsson,Owner,johan.nilsson@karlstad.camping.example,+46 70 784 55 14,false,sv,false,WEBSITE,2031-09-06
3940,2183,Torbjørn,Larsen,Store Manager,torbjorn.larsen@nietos.outfitters.example,+47 963 68 490,true,nb,true,WEBSITE,2031-09-06
3941,2184,Riikka,Niemi,Store Manager,riikka.niemi@kuusamo.trekking.example,+358 40 032 6090,true,fi,true,WEBSITE,2031-09-06
3942,2184,Olli,Hämäläinen,Assistant Manager,olli.hamalainen@kuusamo.trekking.example,+358 40 756 5169,false,fi,true,PORTAL,2029-09-06
3943,2185,Sara,Gustafsson,Store Manager,sara.gustafsson@hikers.retki.example,+46 70 793 00 08,true,sv,true,WEBSITE,2028-09-06
3944,2186,Freja,Christensen,Store Manager,freja.christensen@odense.outdoor.school.example,+45 16 20 84 49,true,da,false,ACCOUNT_MANAGER,2028-09-06
3945,2187,Anette,Karlsen,Store Manager,anette.karlsen@metsa.sport.fritid.example,+47 972 69 121,true,nb,false,TRADE_FAIR,2029-09-06
3946,2188,Gustav,Gustafsson,Store Manager,gustav.gustafsson@linkoping.adventures.example,+46 70 948 48 22,true,sv,false,ACCOUNT_MANAGER,2028-09-06
3947,2188,Nils,Persson,Buyer,nils.persson@linkoping.adventures.example,+46 70 548 41 24,false,sv,false,ACCOUNT_MANAGER,2028-09-06
3948,2189,Mart,Tamm,Store Manager,mart.tamm@tallinn.sports.example,+372 5950 7272,true,et,false,PORTAL,2031-09-06
3949,2190,Pekka,Korhonen,Store Manager,pekka.korhonen@seinajoki.scouts.example,+358 40 589 9587,true,fi,false,ACCOUNT_MANAGER,2028-09-06
3950,2190,Noora,Koskinen,Assistant Manager,noora.koskinen@seinajoki.scouts.example,+358 40 063 8635,false,fi,true,WEBSITE,2029-09-06
3951,2190,Olli,Nieminen,Owner,olli.nieminen@seinajoki.scouts.example,+358 40 999 4390,false,fi,true,WEBSITE,2031-09-06
3952,2191,Rasmus,Madsen,Store Manager,rasmus.madsen@kero24.example,+45 63 72 75 52,true,da,true,ACCOUNT_MANAGER,2029-09-06
3953,2192,Linnea,Strand,Store Manager,linnea.strand@nordlys.turutstyr.example,+46 70 636 26 22,true,sv,true,ACCOUNT_MANAGER,2031-09-06
3954,2193,Niels,Poulsen,Store Manager,niels.poulsen@copenhagen.sports.example,+45 87 31 90 42,true,da,true,WEBSITE,2031-09-06
3955,2194,Ida,Sørensen,Store Manager,ida.sorensen@lake.sports.example,+45 11 38 01 71,true,da,false,WEBSITE,2031-09-06
3956,2194,Rasmus,Christensen,Assistant Manager,rasmus.christensen@lake.sports.example,+45 74 80 59 12,false,da,true,WEBSITE,2028-09-06
3957,2195,Lærke,Christensen,Store Manager,laerke.christensen@keroshop.example,+45 51 89 37 70,true,da,false,TRADE_FAIR,2031-09-06
3958,2196,Astrid,Gustafsson,Store Manager,astrid.gustafsson@metsa.retki.example,+46 70 607 67 84,true,sv,false,ACCOUNT_MANAGER,2028-09-06
3959,2196,Sara,Lundqvist,Owner,sara.lundqvist@metsa.retki.example,+46 70 971 99 40,false,sv,true,TRADE_FAIR,2029-09-06
3960,2197,Mattias,Nilsson,Store Manager,mattias.nilsson@hikersstore.example,+46 70 159 67 84,true,sv,true,WEBSITE,2031-09-06
3961,2198,Henrik,Strand,Store Manager,henrik.strand@sundsvall.scouts.example,+46 70 403 07 54,true,sv,true,ACCOUNT_MANAGER,2031-09-06
3962,2199,Niels,Rasmussen,Store Manager,niels.rasmussen@vuomashop.example,+45 14 42 48 47,true,da,true,WEBSITE,2029-09-06
3963,2200,Noora,Kallio,Store Manager,noora.kallio@kaamosshop.example,+358 40 132 7935,true,fi,true,PORTAL,2029-09-06
3964,2201,Ida,Christensen,Store Manager,ida.christensen@kjaer.urheilu.example,+45 94 15 89 47,true,da,false,WEBSITE,2031-09-06
3965,2201,Rasmus,Madsen,Owner,rasmus.madsen@kjaer.urheilu.example,+45 54 90 18 09,false,da,false,PORTAL,2031-09-06
3966,2202,Elina,Niemi,Store Manager,elina.niemi@rovaniemi.adventure.example,+358 40 330 7895,true,fi,true,ACCOUNT_MANAGER,2029-09-06
3967,2202,Lauri,Hämäläinen,Purchasing,lauri.hamalainen@rovaniemi.adventure.example,+358 40 487 8752,false,fi,true,PORTAL,2028-09-06
3968,2203,Lærke,Rasmussen,Store Manager,laerke.rasmussen@aalborg.outfitters.example,+45 68 23 85 46,true,da,true,TRADE_FAIR,2028-09-06
3969,2204,Anders,Olsson,Store Manager,anders.olsson@falun.urheilu.example,+46 70 375 39 68,true,sv,false,ACCOUNT_MANAGER,2031-09-06
3970,2205,Tobias,Weber,Store Manager,tobias.weber@kalotti.fritid.example,+49 40 0013067,true,de,false,PORTAL,2031-09-06
3971,2205,Petra,Müller,Assistant Manager,petra.muller@kalotti.fritid.example,+49 40 1562574,false,de,false,WEBSITE,2029-09-06
3972,2205,Petra,Wagner,Buyer,petra.wagner@kalotti.fritid.example,+49 40 9630742,false,de,true,ACCOUNT_MANAGER,2028-09-06
3973,2206,Hanna,Andersson,Store Manager,hanna.andersson@metsa.adventure.example,+46 70 402 52 28,true,sv,false,PORTAL,2028-09-06
3974,2207,Lukas,Schmidt,Store Manager,lukas.schmidt@lake.turutstyr.example,+49 40 0481722,true,de,true,ACCOUNT_MANAGER,2031-09-06
3975,2208,Noora,Mäkinen,Store Manager,noora.makinen@arctic.camping.example,+358 40 108 2804,true,fi,false,WEBSITE,2029-09-06
3976,2209,Vegard,Dahl,Store Manager,vegard.dahl@kaira.retki.example,+47 903 51 350,true,nb,false,ACCOUNT_MANAGER,2031-09-06
3977,2209,Nora,Haugen,Purchasing,nora.haugen@kaira.retki.example,+47 950 67 799,false,nb,true,PORTAL,2031-09-06
3978,2209,Anette,Hansen,Warehouse,anette.hansen@kaira.retki.example,+47 930 62 239,false,nb,true,PORTAL,2029-09-06
3979,2210,Lauri,Niemi,Store Manager,lauri.niemi@kittila.retki.example,+358 40 294 7870,true,fi,false,PORTAL,2029-09-06
3980,2211,Helmi,Lehto,Store Manager,helmi.lehto@forest.adventure.example,+358 40 929 0650,true,fi,false,ACCOUNT_MANAGER,2029-09-06
3981,2212,Frida,Strand,Store Manager,frida.strand@malmo.camping.example,+46 70 779 43 64,true,sv,true,TRADE_FAIR,2031-09-06
3982,2212,Björn,Strand,Warehouse,bjorn.strand@malmo.camping.example,+46 70 175 57 40,false,sv,true,WEBSITE,2028-09-06
3983,2213,Timo,Salminen,Store Manager,timo.salminen@basecamp24.example,+358 40 609 1324,true,fi,true,PORTAL,2029-09-06
3984,2214,Julia,Koch,Store Manager,julia.koch@compass.friluft.example,+49 40 8157961,true,de,false,TRADE_FAIR,2031-09-06
3985,2215,Matti,Virtanen,Store Manager,matti.virtanen@ridge.outdoor.example,+358 40 899 8891,true,fi,false,PORTAL,2031-09-06
3986,2216,Mathias,Karlsen,Store Manager,mathias.karlsen@tromso.camping.example,+47 901 69 683,true,nb,true,TRADE_FAIR,2029-09-06
3987,2217,Juhani,Heikkinen,Store Manager,juhani.heikkinen@compass.sports.example,+358 40 330 5267,true,fi,false,TRADE_FAIR,2031-09-06
3988,2217,Sanna,Laine,Buyer,sanna.laine@compass.sports.example,+358 40 223 7381,false,fi,false,ACCOUNT_MANAGER,2031-09-06
3989,2217,Antti,Heikkinen,Purchasing,antti.heikkinen@compass.sports.example,+358 40 802 1240,false,fi,true,PORTAL,2029-09-06
3990,2218,Antti,Nieminen,Store Manager,antti.nieminen@loiste.outfitters.example,+358 40 192 1484,true,fi,true,PORTAL,2028-09-06
3991,2218,Timo,Korhonen,Accounts Payable,timo.korhonen@loiste.outfitters.example,+358 40 777 5169,false,fi,true,WEBSITE,2031-09-06
3992,2218,Timo,Rantanen,Buyer,timo.rantanen@loiste.outfitters.example,+358 40 026 5815,false,fi,true,WEBSITE,2031-09-06
3993,2219,Karin,Holm,Store Manager,karin.holm@kerostore.example,+46 70 418 72 50,true,sv,true,TRADE_FAIR,2031-09-06
3994,2219,Lovisa,Bergström,Assistant Manager,lovisa.bergstrom@kerostore.example,+46 70 608 54 08,false,sv,false,WEBSITE,2028-09-06
3995,2220,Lærke,Kjær,Store Manager,laerke.kjaer@thomsen.friluft.example,+45 03 99 58 05,true,da,false,ACCOUNT_MANAGER,2029-09-06
3996,2220,Signe,Rasmussen,Warehouse,signe.rasmussen@thomsen.friluft.example,+45 48 34 66 33,false,da,true,PORTAL,2029-09-06
3997,2221,Lena,Koch,Store Manager,lena.koch@berlin.adventures.example,+49 40 3718720,true,de,true,WEBSITE,2031-09-06
3998,2222,Kristjan,Saar,Store Manager,kristjan.saar@keroshop.example,+372 5992 2401,true,et,true,PORTAL,2028-09-06
3999,2222,Kadri,Rebane,Assistant Manager,kadri.rebane@keroshop.example,+372 5353 0704,false,et,true,ACCOUNT_MANAGER,2028-09-06
4000,2223,Sigrid,Bakke,Store Manager,sigrid.bakke@arctic.trekking.example,+47 925 06 578,true,nb,false,ACCOUNT_MANAGER,2031-09-06
4001,2223,Tone,Haugen,Buyer,tone.haugen@arctic.trekking.example,+47 946 81 954,false,nb,false,ACCOUNT_MANAGER,2031-09-06
4002,2224,Silje,Johansen,Store Manager,silje.johansen@ruska.sport.example,+47 900 69 666,true,nb,true,PORTAL,2031-09-06
4003,2224,Silje,Berg,Buyer,silje.berg@ruska.sport.example,+47 993 31 164,false,nb,true,PORTAL,2031-09-06
4004,2224,Anette,Kristiansen,Owner,anette.kristiansen@ruska.sport.example,+47 923 05 831,false,nb,false,PORTAL,2028-09-06
4005,2225,Niels,Jørgensen,Store Manager,niels.jorgensen@odense.trekking.example,+45 48 71 68 30,true,da,true,WEBSITE,2031-09-06
4006,2226,Jonas,Müller,Store Manager,jonas.muller@hikers.outfitters.example,+49 40 7237399,true,de,true,WEBSITE,2031-09-06
4007,2226,Tobias,Fischer,Warehouse,tobias.fischer@hikers.outfitters.example,+49 40 3549033,false,de,true,TRADE_FAIR,2031-09-06
4008,2227,Petra,Becker,Store Manager,petra.becker@kayakgear.example,+49 40 6950063,true,de,false,TRADE_FAIR,2028-09-06
4009,2227,Felix,Schmidt,Accounts Payable,felix.schmidt@kayakgear.example,+49 40 3582277,false,de,true,WEBSITE,2029-09-06
4010,2228,Felix,Koch,Store Manager,felix.koch@lakestore.example,+49 40 8459296,true,de,true,TRADE_FAIR,2029-09-06
4011,2229,Magnus,Lindberg,Store Manager,magnus.lindberg@sundsvall.outfitters.example,+46 70 915 50 63,true,sv,true,TRADE_FAIR,2028-09-06
4012,2230,Sanna,Salo,Store Manager,sanna.salo@kaamos.sport.fritid.example,+358 40 915 0216,true,fi,false,WEBSITE,2029-09-06
4013,2231,Olli,Saarinen,Store Manager,olli.saarinen@kaamos.sport.example,+358 40 897 4511,true,fi,true,ACCOUNT_MANAGER,2029-09-06
4014,2232,Morten,Madsen,Store Manager,morten.madsen@madsen.urheilu.example,+45 40 32 10 54,true,da,true,WEBSITE,2028-09-06
4015,2232,Ida,Nielsen,Assistant Manager,ida.nielsen@madsen.urheilu.example,+45 86 93 78 09,false,da,false,ACCOUNT_MANAGER,2031-09-06
4016,2233,Silje,Andersen,Store Manager,silje.andersen@lake.trekking.example,+47 964 98 354,true,nb,true,PORTAL,2031-09-06
4017,2233,Torbjørn,Kristiansen,Purchasing,torbjorn.kristiansen@lake.trekking.example,+47 989 66 101,false,nb,false,ACCOUNT_MANAGER,2028-09-06
4018,2234,Ville,Korhonen,Store Manager,ville.korhonen@lahti.sport.fritid.example,+358 40 347 4502,true,fi,false,PORTAL,2031-09-06
4019,2234,Noora,Virtanen,Purchasing,noora.virtanen@lahti.sport.fritid.example,+358 40 848 7846,false,fi,true,TRADE_FAIR,2029-09-06
4020,2234,Aino,Kallio,Accounts Payable,aino.kallio@lahti.sport.fritid.example,+358 40 232 1007,false,fi,false,TRADE_FAIR,2028-09-06
4021,2235,Marit,Nygaard,Store Manager,marit.nygaard@arctic.urheilu.example,+47 930 08 948,true,nb,false,ACCOUNT_MANAGER,2028-09-06
4022,2236,Laura,Lehto,Store Manager,laura.lehto@compass.trekking.example,+358 40 869 2234,true,fi,false,WEBSITE,2031-09-06
4023,2237,Silje,Olsen,Store Manager,silje.olsen@summit.fritid.example,+47 945 12 925,true,nb,false,PORTAL,2029-09-06
4024,2237,Bjørn,Bakke,Owner,bjorn.bakke@summit.fritid.example,+47 948 23 289,false,nb,true,PORTAL,2029-09-06
4025,2238,Vegard,Kristiansen,Store Manager,vegard.kristiansen@rakka.turutstyr.example,+47 982 98 494,true,nb,true,PORTAL,2028-09-06
4026,2238,Solveig,Larsen,Purchasing,solveig.larsen@rakka.turutstyr.example,+47 989 76 854,false,nb,true,ACCOUNT_MANAGER,2028-09-06
4027,2238,Solveig,Haugen,Buyer,solveig.haugen@rakka.turutstyr.example,+47 945 41 883,false,nb,true,TRADE_FAIR,2031-09-06
4028,2239,Noora,Niemi,Store Manager,noora.niemi@vinter.urheilu.example,+358 40 171 0719,true,fi,true,PORTAL,2028-09-06
4029,2240,Lars,Andersson,Store Manager,lars.andersson@nordlys.urheilu.example,+46 70 199 86 03,true,sv,true,WEBSITE,2028-09-06
4030,2240,Henrik,Bergström,Accounts Payable,henrik.bergstrom@nordlys.urheilu.example,+46 70 758 86 59,false,sv,false,WEBSITE,2031-09-06
4031,2241,Maja,Bergström,Store Manager,maja.bergstrom@skog.sports.example,+46 70 405 61 72,true,sv,false,WEBSITE,2028-09-06
4032,2241,Henrik,Persson,Buyer,henrik.persson@skog.sports.example,+46 70 696 62 97,false,sv,true,TRADE_FAIR,2031-09-06
4033,2242,Lars,Andersson,Store Manager,lars.andersson@ruska.retki.example,+46 70 939 89 15,true,sv,true,PORTAL,2031-09-06
4034,2242,Henrik,Bergström,Buyer,henrik.bergstrom@ruska.retki.example,+46 70 038 75 83,false,sv,true,ACCOUNT_MANAGER,2029-09-06
4035,2242,Erik,Lundqvist,Owner,erik.lundqvist@ruska.retki.example,+46 70 241 35 33,false,sv,true,PORTAL,2029-09-06
4036,2243,Lauri,Laine,Store Manager,lauri.laine@kallio.outdoor.example,+358 40 434 0354,true,fi,true,PORTAL,2031-09-06
4037,2243,Lauri,Koskinen,Buyer,lauri.koskinen@kallio.outdoor.example,+358 40 334 7056,false,fi,true,ACCOUNT_MANAGER,2031-09-06
4038,2244,Gustav,Andersson,Store Manager,gustav.andersson@nietosgear.example,+46 70 368 42 10,true,sv,true,TRADE_FAIR,2028-09-06
4039,2244,Elin,Holm,Warehouse,elin.holm@nietosgear.example,+46 70 354 79 85,false,sv,false,PORTAL,2031-09-06
4040,2245,Lauri,Rantanen,Store Manager,lauri.rantanen@forest24.example,+358 40 649 8178,true,fi,true,PORTAL,2029-09-06
4041,2245,Laura,Heikkinen,Purchasing,laura.heikkinen@forest24.example,+358 40 506 5239,false,fi,true,ACCOUNT_MANAGER,2029-09-06
4042,2246,Linnea,Bergström,Store Manager,linnea.bergstrom@linkoping.adventure.example,+46 70 722 14 09,true,sv,true,WEBSITE,2029-09-06
4043,2247,Sofia,Eriksson,Store Manager,sofia.eriksson@rakka.camping.example,+46 70 159 97 29,true,sv,true,WEBSITE,2029-09-06
4044,2247,Emma,Strand,Buyer,emma.strand@rakka.camping.example,+46 70 426 40 09,false,sv,false,PORTAL,2031-09-06
4045,2248,Rasmus,Rasmussen,Store Manager,rasmus.rasmussen@thomsen.outdoor.example,+45 96 40 85 66,true,da,true,TRADE_FAIR,2028-09-06
4046,2248,Ida,Jensen,Purchasing,ida.jensen@thomsen.outdoor.example,+45 45 66 33 00,false,da,true,PORTAL,2031-09-06
4047,2249,Oskar,Johansson,Store Manager,oskar.johansson@malmo.fritid.example,+46 70 712 99 92,true,sv,true,ACCOUNT_MANAGER,2029-09-06
4048,2249,Frida,Karlsson,Purchasing,frida.karlsson@malmo.fritid.example,+46 70 035 54 39,false,sv,false,TRADE_FAIR,2031-09-06
4049,2250,Vegard,Bakke,Store Manager,vegard.bakke@ruska.trekking.example,+47 910 21 839,true,nb,true,TRADE_FAIR,2031-09-06
4050,2250,Jørgen,Larsen,Buyer,jorgen.larsen@ruska.trekking.example,+47 904 38 110,false,nb,false,TRADE_FAIR,2029-09-06
4051,2250,Anette,Pedersen,Owner,anette.pedersen@ruska.trekking.example,+47 923 93 492,false,nb,true,WEBSITE,2031-09-06
4052,2251,Astrid,Johansson,Store Manager,astrid.johansson@vaara.sport.example,+46 70 650 07 64,true,sv,false,ACCOUNT_MANAGER,2029-09-06
4053,2252,Nils,Karlsson,Store Manager,nils.karlsson@aapa.friluft.example,+46 70 824 77 26,true,sv,false,PORTAL,2029-09-06
4054,2252,Sara,Eriksson,Owner,sara.eriksson@aapa.friluft.example,+46 70 129 30 74,false,sv,true,WEBSITE,2028-09-06
4055,2252,Magnus,Andersson,Purchasing,magnus.andersson@aapa.friluft.example,+46 70 051 71 59,false,sv,false,ACCOUNT_MANAGER,2029-09-06
4056,2253,Sara,Olsson,Store Manager,sara.olsson@lake.trekking.example,+46 70 307 40 80,true,sv,true,ACCOUNT_MANAGER,2029-09-06
4057,2253,Sara,Strand,Assistant Manager,sara.strand@lake.trekking.example,+46 70 819 16 19,false,sv,false,ACCOUNT_MANAGER,2031-09-06
4058,2254,Jukka,Koskinen,Store Manager,jukka.koskinen@vinter.retki.example,+358 40 447 8462,true,fi,false,TRADE_FAIR,2028-09-06
4059,2255,Björn,Eriksson,Store Manager,bjorn.eriksson@trail.sport.fritid.example,+46 70 827 31 54,true,sv,false,PORTAL,2028-09-06
4060,2255,Sara,Bergström,Accounts Payable,sara.bergstrom@trail.sport.fritid.example,+46 70 231 91 53,false,sv,false,PORTAL,2029-09-06
4061,2256,Lars,Persson,Store Manager,lars.persson@lake.sports.example,+46 70 182 15 68,true,sv,false,ACCOUNT_MANAGER,2031-09-06
4062,2257,Frida,Lundqvist,Store Manager,frida.lundqvist@nilsson.sport.example,+46 70 206 82 20,true,sv,true,ACCOUNT_MANAGER,2031-09-06
4063,2257,Ebba,Larsson,Warehouse,ebba.larsson@nilsson.sport.example,+46 70 080 62 17,false,sv,false,TRADE_FAIR,2031-09-06
4064,2257,Gustav,Karlsson,Owner,gustav.karlsson@nilsson.sport.example,+46 70 415 91 81,false,sv,true,ACCOUNT_MANAGER,2029-09-06
4065,2258,Antti,Korhonen,Store Manager,antti.korhonen@espoo.hiking.association.example,+358 40 014 5822,true,fi,true,PORTAL,2029-09-06
4066,2258,Jari,Rantanen,Warehouse,jari.rantanen@espoo.hiking.association.example,+358 40 294 8774,false,fi,true,TRADE_FAIR,2029-09-06
4067,2258,Ville,Lehtonen,Owner,ville.lehtonen@espoo.hiking.association.example,+358 40 787 7632,false,fi,false,WEBSITE,2031-09-06
4068,2259,Vegard,Moen,Store Manager,vegard.moen@compass.sport.example,+47 997 53 657,true,nb,true,TRADE_FAIR,2028-09-06
4069,2260,Sigrid,Haugen,Store Manager,sigrid.haugen@fjall.outdoor.example,+47 942 77 182,true,nb,false,TRADE_FAIR,2028-09-06
4070,2261,Mette,Jensen,Store Manager,mette.jensen@odense.guides.example,+45 29 61 41 20,true,da,false,WEBSITE,2028-09-06
4071,2261,Jonas,Kjær,Warehouse,jonas.kjaer@odense.guides.example,+45 29 55 80 78,false,da,false,WEBSITE,2029-09-06
4072,2261,Signe,Sørensen,Assistant Manager,signe.sorensen@odense.guides.example,+45 88 88 98 36,false,da,false,ACCOUNT_MANAGER,2029-09-06
4073,2262,Jonas,Rasmussen,Store Manager,jonas.rasmussen@esbjerg.fritid.example,+45 45 35 03 04,true,da,false,WEBSITE,2028-09-06
4074,2262,Signe,Kjær,Warehouse,signe.kjaer@esbjerg.fritid.example,+45 74 96 86 90,false,da,false,TRADE_FAIR,2031-09-06
4075,2262,Pernille,Kjær,Accounts Payable,pernille.kjaer@esbjerg.fritid.example,+45 13 41 49 90,false,da,false,WEBSITE,2031-09-06
4076,2263,Tobias,Wagner,Store Manager,tobias.wagner@hoffmann.sport.example,+49 40 9613744,true,de,true,WEBSITE,2029-09-06
4077,2263,Julia,Koch,Buyer,julia.koch@hoffmann.sport.example,+49 40 7806983,false,de,false,TRADE_FAIR,2029-09-06
4078,2263,Julia,Weber,Accounts Payable,julia.weber@hoffmann.sport.example,+49 40 7239587,false,de,true,ACCOUNT_MANAGER,2031-09-06
4079,2264,Björn,Eriksson,Store Manager,bjorn.eriksson@forest.sport.fritid.example,+46 70 421 94 64,true,sv,false,PORTAL,2028-09-06
4080,2265,Karin,Larsson,Store Manager,karin.larsson@selka24.example,+46 70 074 44 09,true,sv,false,ACCOUNT_MANAGER,2031-09-06
4081,2265,Maja,Åberg,Accounts Payable,maja.aberg@selka24.example,+46 70 824 97 09,false,sv,true,WEBSITE,2028-09-06
4082,2265,Sara,Strand,Purchasing,sara.strand@selka24.example,+46 70 020 44 95,false,sv,true,PORTAL,2031-09-06
4083,2266,Liis,Rebane,Store Manager,liis.rebane@tartu.fritid.example,+372 5516 6843,true,et,true,PORTAL,2028-09-06
4084,2266,Priit,Mägi,Buyer,priit.magi@tartu.fritid.example,+372 5094 3672,false,et,false,TRADE_FAIR,2031-09-06
4085,2267,Erik,Gustafsson,Store Manager,erik.gustafsson@kiruna.camping.example,+46 70 351 05 95,true,sv,false,PORTAL,2028-09-06
4086,2267,Ebba,Gustafsson,Buyer,ebba.gustafsson@kiruna.camping.example,+46 70 763 44 24,false,sv,true,TRADE_FAIR,2028-09-06
4087,2267,Maja,Lundqvist,Buyer,maja.lundqvist@kiruna.camping.example,+46 70 568 00 16,false,sv,true,WEBSITE,2029-09-06
4088,2268,Sanna,Rantanen,Store Manager,sanna.rantanen@basecampstore.example,+358 40 528 5551,true,fi,false,ACCOUNT_MANAGER,2031-09-06
4089,2268,Eero,Nieminen,Buyer,eero.nieminen@basecampstore.example,+358 40 734 0994,false,fi,true,ACCOUNT_MANAGER,2028-09-06
4090,2268,Matti,Hämäläinen,Owner,matti.hamalainen@basecampstore.example,+358 40 563 4896,false,fi,true,WEBSITE,2028-09-06
4091,2269,Mikko,Virtanen,Store Manager,mikko.virtanen@joensuu.scouts.example,+358 40 738 7233,true,fi,true,PORTAL,2028-09-06
4092,2269,Mikko,Saarinen,Warehouse,mikko.saarinen@joensuu.scouts.example,+358 40 375 6330,false,fi,false,WEBSITE,2028-09-06
4093,2270,Timo,Hämäläinen,Store Manager,timo.hamalainen@oulu.adventures.example,+358 40 673 5443,true,fi,true,TRADE_FAIR,2031-09-06
4094,2270,Katri,Nieminen,Purchasing,katri.nieminen@oulu.adventures.example,+358 40 012 3735,false,fi,true,WEBSITE,2029-09-06
4095,2271,Mart,Saar,Store Manager,mart.saar@ruska.outfitters.example,+372 5797 3438,true,et,false,ACCOUNT_MANAGER,2028-09-06
4096,2272,Mads,Sørensen,Store Manager,mads.sorensen@aalborg.expeditions.example,+45 85 26 65 57,true,da,true,ACCOUNT_MANAGER,2031-09-06
4097,2273,Jørgen,Karlsen,Store Manager,jorgen.karlsen@kayak.friluft.example,+47 928 68 668,true,nb,true,TRADE_FAIR,2029-09-06
4098,2274,Solveig,Bakke,Store Manager,solveig.bakke@loiste.turutstyr.example,+47 955 06 864,true,nb,true,WEBSITE,2031-09-06
4099,2275,Matti,Aho,Store Manager,matti.aho@fjall.turutstyr.example,+358 40 525 1282,true,fi,true,PORTAL,2029-09-06
4100,2275,Sanna,Rantanen,Purchasing,sanna.rantanen@fjall.turutstyr.example,+358 40 852 7711,false,fi,true,PORTAL,2031-09-06
4101,2276,Johan,Strand,Store Manager,johan.strand@gavle.adventures.example,+46 70 586 21 39,true,sv,false,WEBSITE,2031-09-06
4102,2276,Björn,Andersson,Owner,bjorn.andersson@gavle.adventures.example,+46 70 292 36 50,false,sv,false,ACCOUNT_MANAGER,2028-09-06
4103,2277,Kaisa,Salminen,Store Manager,kaisa.salminen@loisteshop.example,+358 40 505 8708,true,fi,false,WEBSITE,2031-09-06
4104,2278,Lukas,Koch,Store Manager,lukas.koch@flensburg.outfitters.example,+49 40 4832187,true,de,true,ACCOUNT_MANAGER,2031-09-06
4105,2279,Erik,Nilsson,Store Manager,erik.nilsson@kiruna.sport.fritid.example,+46 70 075 09 83,true,sv,false,ACCOUNT_MANAGER,2031-09-06
4106,2279,Erik,Johansson,Assistant Manager,erik.johansson@kiruna.sport.fritid.example,+46 70 781 29 51,false,sv,false,WEBSITE,2029-09-06
4107,2280,Sigrid,Johansen,Store Manager,sigrid.johansen@suvanto24.example,+47 945 12 227,true,nb,true,WEBSITE,2029-09-06
4108,2280,Kristian,Olsen,Accounts Payable,kristian.olsen@suvanto24.example,+47 969 24 130,false,nb,true,WEBSITE,2029-09-06
4109,2280,Solveig,Olsen,Buyer,solveig.olsen@suvanto24.example,+47 937 40 165,false,nb,true,TRADE_FAIR,2028-09-06
4110,2281,Venla,Aho,Store Manager,venla.aho@vinter.outfitters.example,+358 40 341 9214,true,fi,true,ACCOUNT_MANAGER,2028-09-06
4111,2281,Juhani,Lehto,Buyer,juhani.lehto@vinter.outfitters.example,+358 40 577 8529,false,fi,false,WEBSITE,2029-09-06
4112,2282,Mikko,Laine,Store Manager,mikko.laine@vaarashop.example,+358 40 145 9641,true,fi,true,WEBSITE,2029-09-06
4113,2282,Mikko,Mäkinen,Warehouse,mikko.makinen@vaarashop.example,+358 40 504 5072,false,fi,true,TRADE_FAIR,2029-09-06
4114,2282,Katri,Korhonen,Buyer,katri.korhonen@vaarashop.example,+358 40 367 7779,false,fi,true,TRADE_FAIR,2029-09-06
4115,2283,Björn,Eriksson,Store Manager,bjorn.eriksson@lake.turutstyr.example,+46 70 236 38 17,true,sv,true,TRADE_FAIR,2028-09-06
4116,2283,Erik,Johansson,Owner,erik.johansson@lake.turutstyr.example,+46 70 832 34 50,false,sv,true,ACCOUNT_MANAGER,2031-09-06
4117,2284,Solveig,Pedersen,Store Manager,solveig.pedersen@hikersstore.example,+47 973 97 806,true,nb,true,WEBSITE,2029-09-06
4118,2284,Sindre,Nygaard,Warehouse,sindre.nygaard@hikersstore.example,+47 913 57 071,false,nb,true,ACCOUNT_MANAGER,2028-09-06
4119,2285,Søren,Jørgensen,Store Manager,soren.jorgensen@kairastore.example,+45 93 95 16 21,true,da,true,PORTAL,2029-09-06
4120,2286,Ole,Dahl,Store Manager,ole.dahl@rakka.sport.example,+47 996 50 167,true,nb,true,WEBSITE,2029-09-06
4121,2287,Lærke,Christensen,Store Manager,laerke.christensen@fjall.friluft.example,+45 11 02 92 77,true,da,false,PORTAL,2031-09-06
4122,2287,Ida,Kjær,Accounts Payable,ida.kjaer@fjall.friluft.example,+45 95 10 73 53,false,da,true,ACCOUNT_MANAGER,2028-09-06
4123,2287,Camilla,Jørgensen,Owner,camilla.jorgensen@fjall.friluft.example,+45 81 41 10 69,false,da,true,WEBSITE,2028-09-06
4124,2288,Ebba,Lundqvist,Store Manager,ebba.lundqvist@vuoma.fritid.example,+46 70 973 76 20,true,sv,true,WEBSITE,2029-09-06
4125,2289,Lauri,Saarinen,Store Manager,lauri.saarinen@nordlys.retki.example,+358 40 072 9011,true,fi,false,ACCOUNT_MANAGER,2029-09-06
4126,2289,Antti,Laine,Owner,antti.laine@nordlys.retki.example,+358 40 906 1695,false,fi,true,PORTAL,2031-09-06
4127,2290,Torbjørn,Andersen,Store Manager,torbjorn.andersen@vidde.urheilu.example,+47 980 21 044,true,nb,true,ACCOUNT_MANAGER,2028-09-06
4128,2290,Ole,Nygaard,Assistant Manager,ole.nygaard@vidde.urheilu.example,+47 935 85 321,false,nb,true,WEBSITE,2029-09-06
4129,2290,Ole,Nilsen,Purchasing,ole.nilsen@vidde.urheilu.example,+47 980 20 644,false,nb,true,WEBSITE,2028-09-06
4130,2291,Jørgen,Moen,Store Manager,jorgen.moen@viddestore.example,+47 928 21 883,true,nb,true,ACCOUNT_MANAGER,2031-09-06
4131,2291,Silje,Karlsen,Purchasing,silje.karlsen@viddestore.example,+47 981 76 785,false,nb,false,PORTAL,2028-09-06
4132,2292,Mathias,Kristiansen,Store Manager,mathias.kristiansen@viddeshop.example,+47 985 90 449,true,nb,true,TRADE_FAIR,2029-09-06
4133,2292,Mathias,Johansen,Owner,mathias.johansen@viddeshop.example,+47 906 31 339,false,nb,true,WEBSITE,2029-09-06
4134,2293,Ingrid,Dahl,Store Manager,ingrid.dahl@oslo.sports.example,+47 973 16 982,true,nb,false,PORTAL,2029-09-06
4135,2294,Bjørn,Larsen,Store Manager,bjorn.larsen@hamar.retki.example,+47 944 30 430,true,nb,true,TRADE_FAIR,2029-09-06
4136,2294,Anette,Andersen,Buyer,anette.andersen@hamar.retki.example,+47 918 30 442,false,nb,false,TRADE_FAIR,2029-09-06
4137,2294,Tone,Moen,Assistant Manager,tone.moen@hamar.retki.example,+47 967 71 042,false,nb,true,TRADE_FAIR,2031-09-06
4138,2295,Riikka,Niemi,Store Manager,riikka.niemi@rovaniemi.urheilu.example,+358 40 500 0521,true,fi,false,ACCOUNT_MANAGER,2028-09-06
4139,2296,Frederik,Sørensen,Store Manager,frederik.sorensen@aarhus.outfitters.example,+45 92 43 29 58,true,da,true,WEBSITE,2029-09-06
4140,2297,Tobias,Fischer,Store Manager,tobias.fischer@skog.adventure.example,+49 40 0724266,true,de,true,WEBSITE,2031-09-06
4141,2298,Elina,Salminen,Store Manager,elina.salminen@kero.camping.example,+358 40 630 7290,true,fi,false,PORTAL,2028-09-06
4142,2298,Tuomas,Korhonen,Buyer,tuomas.korhonen@kero.camping.example,+358 40 314 2515,false,fi,true,PORTAL,2031-09-06
4143,2299,Juhani,Kallio,Store Manager,juhani.kallio@kokkola.fritid.example,+358 40 912 2635,true,fi,true,WEBSITE,2031-09-06
4144,2299,Antti,Heikkinen,Buyer,antti.heikkinen@kokkola.fritid.example,+358 40 213 5427,false,fi,true,ACCOUNT_MANAGER,2029-09-06
4145,2299,Eero,Niemi,Purchasing,eero.niemi@kokkola.fritid.example,+358 40 537 8141,false,fi,true,TRADE_FAIR,2028-09-06
4146,2300,Nils,Nilsson,Store Manager,nils.nilsson@vaara.sports.example,+46 70 310 30 58,true,sv,true,PORTAL,2028-09-06
4147,2300,Magnus,Larsson,Owner,magnus.larsson@vaara.sports.example,+46 70 891 23 39,false,sv,true,PORTAL,2029-09-06
4148,2301,Tanel,Ilves,Store Manager,tanel.ilves@tartu.expeditions.example,+372 5781 3795,true,et,false,PORTAL,2031-09-06
4149,2302,Ville,Korhonen,Store Manager,ville.korhonen@polar.sport.example,+358 40 917 2779,true,fi,false,ACCOUNT_MANAGER,2029-09-06
4150,2303,Björn,Olsson,Store Manager,bjorn.olsson@compass.camping.example,+46 70 013 62 06,true,sv,true,TRADE_FAIR,2029-09-06
4151,2303,Linnea,Lindberg,Owner,linnea.lindberg@compass.camping.example,+46 70 116 48 79,false,sv,true,PORTAL,2031-09-06
4152,2304,Lauri,Lehto,Store Manager,lauri.lehto@ridge.sport.example,+358 40 610 1771,true,fi,false,PORTAL,2028-09-06
4153,2305,Lauri,Kallio,Store Manager,lauri.kallio@kero.trekking.example,+358 40 143 8733,true,fi,false,PORTAL,2029-09-06
4154,2306,Hanna,Johansson,Store Manager,hanna.johansson@trail.urheilu.example,+46 70 336 46 63,true,sv,true,PORTAL,2028-09-06
4155,2307,Timo,Rantanen,Store Manager,timo.rantanen@kokkola.camping.example,+358 40 442 9030,true,fi,false,ACCOUNT_MANAGER,2028-09-06
4156,2308,Louise,Jørgensen,Store Manager,louise.jorgensen@aarhus.camping.example,+45 73 15 59 92,true,da,true,ACCOUNT_MANAGER,2028-09-06
4157,2308,Signe,Rasmussen,Purchasing,signe.rasmussen@aarhus.camping.example,+45 34 38 52 19,false,da,true,PORTAL,2029-09-06
4158,2308,Niels,Jørgensen,Assistant Manager,niels.jorgensen@aarhus.camping.example,+45 23 79 51 19,false,da,true,ACCOUNT_MANAGER,2031-09-06
4159,2309,Emma,Bergström,Store Manager,emma.bergstrom@rakka.fritid.example,+46 70 538 82 46,true,sv,false,PORTAL,2031-09-06
4160,2310,Helmi,Salminen,Store Manager,helmi.salminen@nietos.turutstyr.example,+358 40 840 5595,true,fi,true,TRADE_FAIR,2031-09-06
4161,2310,Kaisa,Nieminen,Purchasing,kaisa.nieminen@nietos.turutstyr.example,+358 40 746 0656,false,fi,false,ACCOUNT_MANAGER,2031-09-06
4162,2311,Mikko,Lehto,Store Manager,mikko.lehto@selka.retki.example,+358 40 795 5346,true,fi,false,ACCOUNT_MANAGER,2028-09-06
4163,2312,Pernille,Nielsen,Store Manager,pernille.nielsen@vuomagear.example,+45 78 14 97 22,true,da,true,PORTAL,2028-09-06
4164,2312,Pernille,Christensen,Warehouse,pernille.christensen@vuomagear.example,+45 79 18 06 65,false,da,true,TRADE_FAIR,2031-09-06
4165,2312,Niels,Rasmussen,Assistant Manager,niels.rasmussen@vuomagear.example,+45 96 88 58 80,false,da,false,TRADE_FAIR,2029-09-06
4166,2313,Ulf,Lundqvist,Store Manager,ulf.lundqvist@fjord.fritid.example,+46 70 899 96 40,true,sv,false,WEBSITE,2031-09-06
4167,2313,Ulf,Svensson,Assistant Manager,ulf.svensson@fjord.fritid.example,+46 70 475 90 82,false,sv,false,WEBSITE,2028-09-06
4168,2314,Juhani,Laine,Store Manager,juhani.laine@turku.sport.example,+358 40 350 3192,true,fi,false,PORTAL,2029-09-06
4169,2314,Ville,Heikkinen,Purchasing,ville.heikkinen@turku.sport.example,+358 40 127 9148,false,fi,true,WEBSITE,2031-09-06
4170,2315,Aino,Salo,Store Manager,aino.salo@kittila.urheilu.example,+358 40 106 9557,true,fi,false,TRADE_FAIR,2029-09-06
4171,2315,Pekka,Laine,Warehouse,pekka.laine@kittila.urheilu.example,+358 40 291 8071,false,fi,false,PORTAL,2029-09-06
4172,2315,Matti,Aho,Purchasing,matti.aho@kittila.urheilu.example,+358 40 024 5745,false,fi,true,WEBSITE,2029-09-06
4173,2316,Jonas,Christensen,Store Manager,jonas.christensen@vinter.retki.example,+45 93 08 47 60,true,da,true,TRADE_FAIR,2029-09-06
4174,2316,Niels,Rasmussen,Owner,niels.rasmussen@vinter.retki.example,+45 28 19 80 04,false,da,false,WEBSITE,2031-09-06
4175,2316,Mette,Nielsen,Warehouse,mette.nielsen@vinter.retki.example,+45 04 84 06 88,false,da,true,ACCOUNT_MANAGER,2028-09-06
4176,2317,Eirik,Dahl,Store Manager,eirik.dahl@haugen.sport.example,+47 916 99 164,true,nb,false,ACCOUNT_MANAGER,2028-09-06
4177,2317,Anette,Pedersen,Purchasing,anette.pedersen@haugen.sport.example,+47 902 54 457,false,nb,false,TRADE_FAIR,2031-09-06
4178,2318,Lauri,Aho,Store Manager,lauri.aho@metsa24.example,+358 40 444 8849,true,fi,true,PORTAL,2028-09-06
4179,2318,Matti,Salo,Buyer,matti.salo@metsa24.example,+358 40 822 4408,false,fi,false,ACCOUNT_MANAGER,2028-09-06
4180,2319,Eero,Niemi,Store Manager,eero.niemi@kero.sport.fritid.example,+358 40 358 7977,true,fi,true,PORTAL,2029-09-06
4181,2319,Helmi,Salminen,Purchasing,helmi.salminen@kero.sport.fritid.example,+358 40 195 1983,false,fi,true,ACCOUNT_MANAGER,2029-09-06
4182,2319,Maija,Järvinen,Accounts Payable,maija.jarvinen@kero.sport.fritid.example,+358 40 169 4559,false,fi,false,WEBSITE,2031-09-06
4183,2320,Mathias,Nygaard,Store Manager,mathias.nygaard@stavanger.camping.example,+47 972 87 011,true,nb,false,WEBSITE,2029-09-06
4184,2320,Solveig,Karlsen,Buyer,solveig.karlsen@stavanger.camping.example,+47 994 32 254,false,nb,true,WEBSITE,2031-09-06
4185,2320,Bjørn,Pedersen,Buyer,bjorn.pedersen@stavanger.camping.example,+47 921 99 847,false,nb,false,WEBSITE,2029-09-06
4186,2321,Maarja,Mägi,Store Manager,maarja.magi@sepp.urheilu.example,+372 5493 9237,true,et,true,ACCOUNT_MANAGER,2028-09-06
4187,2321,Kristjan,Mägi,Owner,kristjan.magi@sepp.urheilu.example,+372 5671 8955,false,et,true,WEBSITE,2031-09-06
4188,2322,Jukka,Salo,Store Manager,jukka.salo@lake.camping.example,+358 40 744 1043,true,fi,true,PORTAL,2029-09-06
4189,2322,Pekka,Salo,Accounts Payable,pekka.salo@lake.camping.example,+358 40 194 2943,false,fi,false,WEBSITE,2031-09-06
4190,2323,Signe,Jørgensen,Store Manager,signe.jorgensen@nordlys.outdoor.example,+45 64 67 31 30,true,da,false,PORTAL,2031-09-06
4191,2324,Tanel,Rebane,Store Manager,tanel.rebane@basecamp.trekking.example,+372 5315 8561,true,et,false,TRADE_FAIR,2031-09-06
4192,2325,Matti,Lehtonen,Store Manager,matti.lehtonen@kairashop.example,+358 40 296 0882,true,fi,false,TRADE_FAIR,2028-09-06
4193,2326,Solveig,Moen,Store Manager,solveig.moen@kairagear.example,+47 926 80 376,true,nb,false,TRADE_FAIR,2028-09-06
4194,2326,Nora,Olsen,Buyer,nora.olsen@kairagear.example,+47 955 48 115,false,nb,true,PORTAL,2029-09-06
4195,2326,Nora,Nilsen,Owner,nora.nilsen@kairagear.example,+47 934 67 821,false,nb,false,PORTAL,2028-09-06
4196,2327,Laura,Aho,Store Manager,laura.aho@salo.friluft.example,+358 40 396 7911,true,fi,true,TRADE_FAIR,2029-09-06
4197,2327,Timo,Heikkinen,Owner,timo.heikkinen@salo.friluft.example,+358 40 196 6089,false,fi,false,ACCOUNT_MANAGER,2031-09-06
4198,2327,Pekka,Aho,Warehouse,pekka.aho@salo.friluft.example,+358 40 456 1234,false,fi,false,TRADE_FAIR,2029-09-06
4199,2328,Tone,Moen,Store Manager,tone.moen@vinter.fritid.example,+47 994 49 736,true,nb,true,ACCOUNT_MANAGER,2028-09-06
4200,2329,Signe,Madsen,Store Manager,signe.madsen@viddegear.example,+45 92 04 96 47,true,da,false,ACCOUNT_MANAGER,2028-09-06
4201,2330,Nora,Moen,Store Manager,nora.moen@olsen.outdoor.example,+47 910 07 235,true,nb,true,TRADE_FAIR,2028-09-06
4202,2330,Bjørn,Haugen,Accounts Payable,bjorn.haugen@olsen.outdoor.example,+47 945 21 560,false,nb,false,TRADE_FAIR,2028-09-06
4203,2331,Tone,Johansen,Store Manager,tone.johansen@stavanger.fritid.example,+47 992 12 007,true,nb,true,WEBSITE,2028-09-06
4204,2332,Lovisa,Bergström,Store Manager,lovisa.bergstrom@selka.trekking.example,+46 70 236 81 76,true,sv,true,WEBSITE,2031-09-06
4205,2333,Priit,Kask,Store Manager,priit.kask@ridge.outdoor.example,+372 5692 6595,true,et,true,ACCOUNT_MANAGER,2031-09-06
4206,2334,Jonas,Koch,Store Manager,jonas.koch@nietos.friluft.example,+49 40 9732841,true,de,false,ACCOUNT_MANAGER,2028-09-06
4207,2334,Julia,Koch,Purchasing,julia.koch@nietos.friluft.example,+49 40 5271562,false,de,false,PORTAL,2029-09-06
4208,2334,Lukas,Becker,Purchasing,lukas.becker@nietos.friluft.example,+49 40 9271371,false,de,false,PORTAL,2029-09-06
4209,2335,Kristjan,Kask,Store Manager,kristjan.kask@ruskashop.example,+372 5950 3734,true,et,true,TRADE_FAIR,2028-09-06
4210,2335,Kristjan,Rebane,Purchasing,kristjan.rebane@ruskashop.example,+372 5343 3661,false,et,false,ACCOUNT_MANAGER,2029-09-06
4211,2336,Mattias,Larsson,Store Manager,mattias.larsson@selka.friluft.example,+46 70 739 18 45,true,sv,true,PORTAL,2031-09-06
4212,2336,Maja,Strand,Accounts Payable,maja.strand@selka.friluft.example,+46 70 575 01 37,false,sv,true,PORTAL,2029-09-06
4213,2336,Magnus,Åberg,Accounts Payable,magnus.aberg@selka.friluft.example,+46 70 774 58 75,false,sv,true,WEBSITE,2029-09-06
4214,2337,Pekka,Laine,Store Manager,pekka.laine@kuusamo.sport.fritid.example,+358 40 714 9767,true,fi,false,TRADE_FAIR,2031-09-06
4215,2337,Pekka,Hämäläinen,Buyer,pekka.hamalainen@kuusamo.sport.fritid.example,+358 40 377 9145,false,fi,false,ACCOUNT_MANAGER,2029-09-06
4216,2338,Ingrid,Andersen,Store Manager,ingrid.andersen@hamar.scouts.example,+47 986 98 170,true,nb,false,TRADE_FAIR,2028-09-06
4217,2338,Bjørn,Dahl,Buyer,bjorn.dahl@hamar.scouts.example,+47 968 00 361,false,nb,true,PORTAL,2031-09-06
4218,2339,Tuomas,Hämäläinen,Store Manager,tuomas.hamalainen@basecamp.outfitters.example,+358 40 951 0386,true,fi,true,ACCOUNT_MANAGER,2028-09-06
4219,2339,Tuomas,Järvinen,Warehouse,tuomas.jarvinen@basecamp.outfitters.example,+358 40 543 9202,false,fi,false,PORTAL,2028-09-06
4220,2340,Priit,Tamm,Store Manager,priit.tamm@nietos.sport.example,+372 5066 7524,true,et,false,PORTAL,2029-09-06
4221,2340,Mart,Kukk,Warehouse,mart.kukk@nietos.sport.example,+372 5886 7739,false,et,true,WEBSITE,2029-09-06
4222,2341,Maja,Svensson,Store Manager,maja.svensson@kaamos.sports.example,+46 70 484 11 60,true,sv,true,TRADE_FAIR,2031-09-06
4223,2341,Emma,Lundqvist,Owner,emma.lundqvist@kaamos.sports.example,+46 70 380 75 17,false,sv,true,ACCOUNT_MANAGER,2031-09-06
4224,2342,Anna,Weber,Store Manager,anna.weber@berlin.turutstyr.example,+49 40 5927372,true,de,true,TRADE_FAIR,2031-09-06
4225,2343,Frida,Andersson,Store Manager,frida.andersson@basecampgear.example,+46 70 253 55 05,true,sv,false,TRADE_FAIR,2029-09-06
4226,2344,Erik,Nilsson,Store Manager,erik.nilsson@vinter.turutstyr.example,+46 70 137 79 26,true,sv,false,WEBSITE,2028-09-06
4227,2344,Johan,Lundqvist,Warehouse,johan.lundqvist@vinter.turutstyr.example,+46 70 522 47 34,false,sv,true,WEBSITE,2031-09-06
4228,2345,Olli,Koskinen,Store Manager,olli.koskinen@tampere.sport.example,+358 40 816 7968,true,fi,false,TRADE_FAIR,2028-09-06
4229,2346,Louise,Jørgensen,Store Manager,louise.jorgensen@aalborg.sports.example,+45 85 62 82 65,true,da,false,ACCOUNT_MANAGER,2028-09-06
4230,2346,Frederik,Nielsen,Owner,frederik.nielsen@aalborg.sports.example,+45 94 34 28 08,false,da,false,TRADE_FAIR,2029-09-06
4231,2346,Jonas,Sørensen,Warehouse,jonas.sorensen@aalborg.sports.example,+45 02 29 00 16,false,da,false,TRADE_FAIR,2031-09-06
4232,2347,Jonas,Rasmussen,Store Manager,jonas.rasmussen@era.sport.fritid.example,+45 95 93 17 51,true,da,true,WEBSITE,2031-09-06
4233,2347,Louise,Poulsen,Assistant Manager,louise.poulsen@era.sport.fritid.example,+45 16 92 13 23,false,da,false,TRADE_FAIR,2028-09-06
4234,2348,Lovisa,Lundqvist,Store Manager,lovisa.lundqvist@goteborg.fritid.example,+46 70 991 25 04,true,sv,true,ACCOUNT_MANAGER,2031-09-06
4235,2349,Felix,Koch,Store Manager,felix.koch@aurora.adventure.example,+49 40 6062029,true,de,false,TRADE_FAIR,2031-09-06
4236,2349,Felix,Müller,Buyer,felix.muller@aurora.adventure.example,+49 40 5190808,false,de,false,WEBSITE,2029-09-06
4237,2349,Markus,Müller,Owner,markus.muller@aurora.adventure.example,+49 40 1050625,false,de,true,TRADE_FAIR,2031-09-06
4238,2350,Vegard,Berg,Store Manager,vegard.berg@lillehammer.hiking.association.example,+47 940 08 739,true,nb,true,TRADE_FAIR,2031-09-06
4239,2350,Solveig,Johansen,Buyer,solveig.johansen@lillehammer.hiking.association.example,+47 918 49 210,false,nb,false,PORTAL,2031-09-06
4240,2351,Vegard,Andersen,Store Manager,vegard.andersen@vaara.friluft.example,+47 975 58 393,true,nb,true,TRADE_FAIR,2031-09-06
4241,2351,Vegard,Johansen,Assistant Manager,vegard.johansen@vaara.friluft.example,+47 985 90 617,false,nb,true,WEBSITE,2031-09-06
4242,2352,Sanna,Lehto,Store Manager,sanna.lehto@nieminen.sport.example,+358 40 488 2516,true,fi,false,ACCOUNT_MANAGER,2028-09-06
4243,2352,Olli,Heikkinen,Assistant Manager,olli.heikkinen@nieminen.sport.example,+358 40 213 6492,false,fi,false,TRADE_FAIR,2031-09-06
4244,2353,Eirik,Hansen,Store Manager,eirik.hansen@alesund.fritid.example,+47 984 96 024,true,nb,true,TRADE_FAIR,2029-09-06
4245,2354,Kristjan,Ilves,Store Manager,kristjan.ilves@tallinn.adventure.example,+372 5475 7308,true,et,true,WEBSITE,2029-09-06
4246,2354,Mart,Kukk,Assistant Manager,mart.kukk@tallinn.adventure.example,+372 5372 8305,false,et,false,WEBSITE,2031-09-06
4247,2354,Triin,Rebane,Owner,triin.rebane@tallinn.adventure.example,+372 5246 4766,false,et,true,TRADE_FAIR,2029-09-06
4248,2355,Markus,Müller,Store Manager,markus.muller@vuoma.sports.example,+49 40 0330877,true,de,true,WEBSITE,2028-09-06
4249,2355,Tobias,Schmidt,Accounts Payable,tobias.schmidt@vuoma.sports.example,+49 40 4632320,false,de,true,TRADE_FAIR,2031-09-06
4250,2355,Tobias,Fischer,Accounts Payable,tobias.fischer@vuoma.sports.example,+49 40 1874962,false,de,false,ACCOUNT_MANAGER,2029-09-06
4251,2356,Jonas,Sørensen,Store Manager,jonas.sorensen@suvanto.camping.example,+45 30 10 22 95,true,da,false,TRADE_FAIR,2028-09-06
4252,2357,Håkon,Olsen,Store Manager,hakon.olsen@nietos.fritid.example,+47 991 95 782,true,nb,true,TRADE_FAIR,2031-09-06
4253,2357,Mathias,Kristiansen,Owner,mathias.kristiansen@nietos.fritid.example,+47 943 51 362,false,nb,true,ACCOUNT_MANAGER,2029-09-06
4254,2357,Vegard,Nygaard,Owner,vegard.nygaard@nietos.fritid.example,+47 931 69 259,false,nb,true,WEBSITE,2028-09-06
4255,2358,Kaisa,Kallio,Store Manager,kaisa.kallio@aurora.urheilu.example,+358 40 207 2720,true,fi,false,PORTAL,2029-09-06
4256,2358,Lauri,Saarinen,Purchasing,lauri.saarinen@aurora.urheilu.example,+358 40 138 4479,false,fi,true,PORTAL,2031-09-06
4257,2359,Marit,Kristiansen,Store Manager,marit.kristiansen@aurora.sport.fritid.example,+47 924 66 684,true,nb,false,PORTAL,2028-09-06
4258,2359,Bjørn,Nygaard,Purchasing,bjorn.nygaard@aurora.sport.fritid.example,+47 945 44 761,false,nb,false,PORTAL,2028-09-06
4259,2360,Jonas,Christensen,Store Manager,jonas.christensen@hikers.trekking.example,+45 73 29 24 81,true,da,true,PORTAL,2029-09-06
4260,2360,Louise,Christensen,Owner,louise.christensen@hikers.trekking.example,+45 38 89 02 59,false,da,true,ACCOUNT_MANAGER,2029-09-06
4261,2360,Morten,Christensen,Buyer,morten.christensen@hikers.trekking.example,+45 95 02 30 58,false,da,true,ACCOUNT_MANAGER,2029-09-06
4262,2361,Aino,Laine,Store Manager,aino.laine@trail.turutstyr.example,+358 40 770 3313,true,fi,false,PORTAL,2029-09-06
4263,2361,Katri,Salo,Purchasing,katri.salo@trail.turutstyr.example,+358 40 319 1236,false,fi,false,ACCOUNT_MANAGER,2028-09-06
4264,2362,Antti,Koskinen,Store Manager,antti.koskinen@vidde.turutstyr.example,+358 40 167 8413,true,fi,false,TRADE_FAIR,2028-09-06
4265,2363,Anna,Wagner,Store Manager,anna.wagner@kiel.rental.example,+49 40 2020589,true,de,false,ACCOUNT_MANAGER,2029-09-06
4266,2363,Lukas,Müller,Accounts Payable,lukas.muller@kiel.rental.example,+49 40 7130673,false,de,false,ACCOUNT_MANAGER,2029-09-06
4267,2364,Markus,Müller,Store Manager,markus.muller@schmidt.sport.example,+49 40 6906214,true,de,false,WEBSITE,2028-09-06
4268,2365,Sigrid,Larsen,Store Manager,sigrid.larsen@vaarashop.example,+47 951 59 351,true,nb,false,PORTAL,2029-09-06
4269,2365,Tone,Bakke,Buyer,tone.bakke@vaarashop.example,+47 991 08 655,false,nb,false,PORTAL,2029-09-06
4270,2366,Tuomas,Salminen,Store Manager,tuomas.salminen@kero.sport.example,+358 40 221 9582,true,fi,true,ACCOUNT_MANAGER,2031-09-06
4271,2367,Signe,Poulsen,Store Manager,signe.poulsen@sorensen.urheilu.example,+45 73 89 85 82,true,da,false,PORTAL,2031-09-06
4272,2368,Pernille,Poulsen,Store Manager,pernille.poulsen@nordlys.adventure.example,+45 54 92 07 00,true,da,false,PORTAL,2028-09-06
4273,2369,Anette,Larsen,Store Manager,anette.larsen@bergen.sports.example,+47 905 05 146,true,nb,true,ACCOUNT_MANAGER,2029-09-06
4274,2369,Ingrid,Pedersen,Buyer,ingrid.pedersen@bergen.sports.example,+47 969 73 180,false,nb,false,PORTAL,2031-09-06
4275,2370,Søren,Jensen,Store Manager,soren.jensen@esbjerg.camping.example,+45 55 52 33 63,true,da,true,ACCOUNT_MANAGER,2029-09-06
4276,2370,Niels,Jørgensen,Owner,niels.jorgensen@esbjerg.camping.example,+45 36 81 29 31,false,da,true,PORTAL,2028-09-06
4277,2371,Maarja,Rebane,Store Manager,maarja.rebane@selkagear.example,+372 5893 3825,true,et,true,ACCOUNT_MANAGER,2031-09-06
4278,2371,Tanel,Ilves,Purchasing,tanel.ilves@selkagear.example,+372 5178 9494,false,et,true,ACCOUNT_MANAGER,2029-09-06
4279,2372,Jari,Aho,Store Manager,jari.aho@fjord.sport.fritid.example,+358 40 339 0037,true,fi,false,PORTAL,2029-09-06
4280,2373,Mattias,Åberg,Store Manager,mattias.aberg@nordlys.sport.example,+46 70 768 56 14,true,sv,true,PORTAL,2029-09-06
4281,2374,Pekka,Lehto,Store Manager,pekka.lehto@loiste.sport.example,+358 40 002 6887,true,fi,false,PORTAL,2028-09-06
4282,2375,Ida,Madsen,Store Manager,ida.madsen@compass.adventure.example,+45 50 25 37 14,true,da,false,TRADE_FAIR,2031-09-06
4283,2376,Lena,Becker,Store Manager,lena.becker@fjall.turutstyr.example,+49 40 1146598,true,de,false,PORTAL,2031-09-06
4284,2377,Vegard,Hansen,Store Manager,vegard.hansen@fjordgear.example,+47 979 61 318,true,nb,false,TRADE_FAIR,2031-09-06
4285,2378,Matti,Korhonen,Store Manager,matti.korhonen@kuopio.expeditions.example,+358 40 600 0052,true,fi,true,ACCOUNT_MANAGER,2028-09-06
4286,2379,Linnea,Bergström,Store Manager,linnea.bergstrom@ostersund.outdoor.school.example,+46 70 862 35 27,true,sv,true,TRADE_FAIR,2028-09-06
4287,2380,Riikka,Heikkinen,Store Manager,riikka.heikkinen@ruska.camping.example,+358 40 298 9394,true,fi,false,WEBSITE,2031-09-06
4288,2380,Olli,Lehtonen,Warehouse,olli.lehtonen@ruska.camping.example,+358 40 176 5949,false,fi,true,WEBSITE,2029-09-06
4289,2381,Kristjan,Tamm,Store Manager,kristjan.tamm@parnu.outfitters.example,+372 5961 7148,true,et,false,ACCOUNT_MANAGER,2031-09-06
4290,2382,Lovisa,Johansson,Store Manager,lovisa.johansson@vuoma.outfitters.example,+46 70 115 87 86,true,sv,false,TRADE_FAIR,2029-09-06
4291,2382,Per,Persson,Owner,per.persson@vuoma.outfitters.example,+46 70 589 63 07,false,sv,false,TRADE_FAIR,2028-09-06
4292,2383,Kristian,Moen,Store Manager,kristian.moen@nietos24.example,+47 959 50 737,true,nb,false,WEBSITE,2031-09-06
4293,2383,Nora,Hansen,Accounts Payable,nora.hansen@nietos24.example,+47 966 14 056,false,nb,false,PORTAL,2029-09-06
4294,2383,Anette,Berg,Assistant Manager,anette.berg@nietos24.example,+47 998 77 198,false,nb,true,WEBSITE,2029-09-06
4295,2384,Jari,Hämäläinen,Store Manager,jari.hamalainen@kaamos.retki.example,+358 40 823 6582,true,fi,true,PORTAL,2028-09-06
4296,2384,Timo,Mäkinen,Purchasing,timo.makinen@kaamos.retki.example,+358 40 590 1987,false,fi,false,PORTAL,2029-09-06
4297,2385,Ida,Jørgensen,Store Manager,ida.jorgensen@fjall.sport.fritid.example,+45 75 75 72 14,true,da,false,ACCOUNT_MANAGER,2028-09-06
4298,2386,Frida,Andersson,Store Manager,frida.andersson@metsa.outdoor.example,+46 70 406 85 86,true,sv,false,ACCOUNT_MANAGER,2028-09-06
4299,2387,Katharina,Koch,Store Manager,katharina.koch@hamburg.friluft.example,+49 40 1378566,true,de,false,TRADE_FAIR,2028-09-06
4300,2388,Sara,Holm,Store Manager,sara.holm@nordlys.sport.fritid.example,+46 70 846 62 59,true,sv,false,ACCOUNT_MANAGER,2029-09-06
4301,2389,Ebba,Johansson,Store Manager,ebba.johansson@gavle.sports.example,+46 70 638 66 33,true,sv,false,TRADE_FAIR,2029-09-06
4302,2390,Laura,Lehto,Store Manager,laura.lehto@polar.camping.example,+358 40 989 8957,true,fi,false,TRADE_FAIR,2031-09-06
4303,2391,Marit,Haugen,Store Manager,marit.haugen@alta.rental.example,+47 978 96 739,true,nb,true,TRADE_FAIR,2031-09-06
4304,2391,Mathias,Kristiansen,Buyer,mathias.kristiansen@alta.rental.example,+47 921 38 946,false,nb,false,ACCOUNT_MANAGER,2028-09-06
4305,2391,Sindre,Nilsen,Owner,sindre.nilsen@alta.rental.example,+47 977 64 592,false,nb,false,TRADE_FAIR,2029-09-06
4306,2392,Sara,Eriksson,Store Manager,sara.eriksson@vuoma.sport.fritid.example,+46 70 135 50 41,true,sv,false,ACCOUNT_MANAGER,2028-09-06
4307,2392,Astrid,Åberg,Owner,astrid.aberg@vuoma.sport.fritid.example,+46 70 800 52 40,false,sv,false,WEBSITE,2031-09-06
4308,2392,Nils,Strand,Purchasing,nils.strand@vuoma.sport.fritid.example,+46 70 719 82 00,false,sv,false,ACCOUNT_MANAGER,2031-09-06
4309,2393,Anette,Karlsen,Store Manager,anette.karlsen@bergen.sport.example,+47 908 00 603,true,nb,false,PORTAL,2031-09-06
4310,2393,Anette,Pedersen,Accounts Payable,anette.pedersen@bergen.sport.example,+47 973 98 782,false,nb,true,ACCOUNT_MANAGER,2028-09-06
4311,2394,Maarja,Kask,Store Manager,maarja.kask@rebane.outdoor.example,+372 5545 5717,true,et,false,WEBSITE,2031-09-06
4312,2395,Hanna,Svensson,Store Manager,hanna.svensson@rakka.trekking.example,+46 70 726 40 59,true,sv,false,PORTAL,2029-09-06
4313,2395,Sofia,Karlsson,Accounts Payable,sofia.karlsson@rakka.trekking.example,+46 70 707 96 06,false,sv,true,WEBSITE,2031-09-06
4314,2396,Ebba,Bergström,Store Manager,ebba.bergstrom@compass.friluft.example,+46 70 820 21 71,true,sv,true,PORTAL,2028-09-06
4315,2396,Björn,Gustafsson,Owner,bjorn.gustafsson@compass.friluft.example,+46 70 855 00 02,false,sv,false,TRADE_FAIR,2029-09-06
4316,2396,Sara,Johansson,Warehouse,sara.johansson@compass.friluft.example,+46 70 838 24 34,false,sv,true,ACCOUNT_MANAGER,2031-09-06
4317,2397,Rasmus,Madsen,Store Manager,rasmus.madsen@aarhus.expeditions.example,+45 14 69 50 49,true,da,false,PORTAL,2029-09-06
4318,2398,Tone,Kristiansen,Store Manager,tone.kristiansen@lake.friluft.example,+47 957 94 934,true,nb,false,ACCOUNT_MANAGER,2031-09-06
4319,2399,Oskar,Bergström,Store Manager,oskar.bergstrom@trail.adventure.example,+46 70 200 35 52,true,sv,false,PORTAL,2029-09-06
4320,2400,Emma,Larsson,Store Manager,emma.larsson@vaara.outfitters.example,+46 70 037 52 42,true,sv,true,TRADE_FAIR,2031-09-06
