id,customer_number,name,chain_name,segment,country,city,postal_code,street,vat_number,email_domain,phone,credit_limit,payment_terms_days,customer_discount_pct,account_manager_id,created_at,active
1,C-10001,Retkivakka Tampere,Retkivakka,CHAIN_STORE,FI,Tampere,33100,Puistokatu 33,FI35133467,retkivakka.example,+358 40 235 1401,100000.00,60,0.0,8,2018-07-15,true
2,C-10002,Vidderna Sport Kiruna,Vidderna Sport,CHAIN_STORE,SE,Kiruna,981 31,Hamngatan 78,SE753826555201,vidderna.sport.example,+46 70 978 57 07,5000.00,45,0.0,8,2023-01-08,true
3,C-10003,Stigfinnare Umeå,Stigfinnare,CHAIN_STORE,SE,Umeå,903 26,Järnvägsgatan 21,SE386689456601,stigfinnare.example,+46 70 978 64 14,5000.00,30,10.0,8,2017-05-03,true
4,C-10004,Fjellkroken Sport Tromsø,Fjellkroken Sport,CHAIN_STORE,NO,Tromsø,9008,Havnegata 96,NO727104771MVA,fjellkroken.sport.example,+47 912 20 076,40000.00,30,0.0,9,2024-06-08,true
5,C-10005,Kystlinje Sport Aarhus,Kystlinje Sport,CHAIN_STORE,DK,Aarhus,8000,Vestergade 69,DK18856964,kystlinje.sport.example,+45 70 74 05 33,10000.00,30,0.0,8,2018-02-01,true
6,C-10006,Suuntima Sport Rovaniemi,Suuntima Sport,CHAIN_STORE,FI,Rovaniemi,96100,Rantatie 86,FI10251416,suuntima.sport.example,+358 40 705 3535,10000.00,30,12.0,9,2026-07-20,true
7,C-10007,Retkivakka Vaasa,Retkivakka,CHAIN_STORE,FI,Vaasa,65100,Kauppakatu 38,FI94452890,retkivakka.example,+358 40 111 9558,10000.00,30,7.5,9,2020-08-18,true
8,C-10008,Retkivakka Espoo,Retkivakka,CHAIN_STORE,FI,Espoo,02100,Torikatu 42,FI97867412,retkivakka.example,+358 40 817 6937,5000.00,30,5.0,9,2019-11-03,true
9,C-10009,Retkivakka Vaasa Hämeenkatu,Retkivakka,CHAIN_STORE,FI,Vaasa,65100,Teollisuustie 52,FI03020051,retkivakka.example,+358 40 204 7583,100000.00,30,5.0,10,2022-01-03,true
10,C-10010,Retkivakka Hämeenlinna,Retkivakka,CHAIN_STORE,FI,Hämeenlinna,13100,Teollisuustie 19,FI05430629,retkivakka.example,+358 40 593 1022,25000.00,45,10.0,8,2026-08-08,true
11,C-10011,Retkivakka Jyväskylä,Retkivakka,CHAIN_STORE,FI,Jyväskylä,40100,Teollisuustie 51,FI93499529,retkivakka.example,+358 40 879 8773,15000.00,30,5.0,10,2017-06-08,true
12,C-10012,Retkivakka Helsinki,Retkivakka,CHAIN_STORE,FI,Helsinki,00100,Keskuskatu 10,FI38940317,retkivakka.example,+358 40 584 0653,5000.00,30,5.0,8,2022-03-10,true
13,C-10013,Retkivakka Lahti,Retkivakka,CHAIN_STORE,FI,Lahti,15100,Torikatu 81,FI49557274,retkivakka.example,+358 40 045 2936,5000.00,30,12.0,9,2019-11-06,true
14,C-10014,Retkivakka Vaasa Yliopistonkatu,Retkivakka,CHAIN_STORE,FI,Vaasa,65100,Torikatu 95,FI70100282,retkivakka.example,+358 40 171 5731,15000.00,30,10.0,9,2021-12-30,false
15,C-10015,Retkivakka Kuopio,Retkivakka,CHAIN_STORE,FI,Kuopio,70100,Teollisuustie 15,FI57723773,retkivakka.example,+358 40 725 6679,10000.00,60,5.0,8,2023-12-22,true
16,C-10016,Retkivakka Joensuu,Retkivakka,CHAIN_STORE,FI,Joensuu,80100,Kauppakatu 102,FI88718390,retkivakka.example,+358 40 602 9692,40000.00,30,0.0,8,2017-10-19,true
17,C-10017,Retkivakka Turku,Retkivakka,CHAIN_STORE,FI,Turku,20100,Yliopistonkatu 53,FI22207531,retkivakka.example,+358 40 579 7890,15000.00,14,7.5,9,2025-12-17,true
18,C-10018,Retkivakka Joensuu Yliopistonkatu,Retkivakka,CHAIN_STORE,FI,Joensuu,80100,Rantatie 2,FI23030402,retkivakka.example,+358 40 257 6229,10000.00,14,12.0,9,2023-11-09,true
19,C-10019,Retkivakka Rovaniemi,Retkivakka,CHAIN_STORE,FI,Rovaniemi,96100,Yliopistonkatu 21,FI16499900,retkivakka.example,+358 40 765 2697,10000.00,30,5.0,9,2025-01-18,true
20,C-10020,Retkivakka Kuopio Hämeenkatu,Retkivakka,CHAIN_STORE,FI,Kuopio,70100,Kauppakatu 31,FI13033677,retkivakka.example,+358 40 366 7241,60000.00,30,5.0,10,2024-03-13,true
21,C-10021,Retkivakka Oulu,Retkivakka,CHAIN_STORE,FI,Oulu,90100,Yliopistonkatu 117,FI53758559,retkivakka.example,+358 40 824 4652,5000.00,30,5.0,9,2018-06-06,true
22,C-10022,Retkivakka Vaasa Mannerheimintie,Retkivakka,CHAIN_STORE,FI,Vaasa,65100,Yliopistonkatu 42,FI67019840,retkivakka.example,+358 40 848 4176,25000.00,30,3.0,8,2022-05-03,true
23,C-10023,Retkivakka Hämeenlinna Rantatie,Retkivakka,CHAIN_STORE,FI,Hämeenlinna,13100,Kauppakatu 87,FI35081142,retkivakka.example,+358 40 056 3598,25000.00,45,3.0,10,2017-06-19,true
24,C-10024,Retkivakka Tampere Puistokatu,Retkivakka,CHAIN_STORE,FI,Tampere,33100,Rantatie 65,FI83633066,retkivakka.example,+358 40 834 5985,40000.00,60,0.0,8,2026-06-11,true
25,C-10025,Retkivakka Turku Rantatie,Retkivakka,CHAIN_STORE,FI,Turku,20100,Yliopistonkatu 81,FI73684619,retkivakka.example,+358 40 752 9660,100000.00,30,2.0,10,2025-06-16,true
26,C-10026,Retkivakka Helsinki Keskuskatu,Retkivakka,CHAIN_STORE,FI,Helsinki,00100,Mannerheimintie 11,FI13228417,retkivakka.example,+358 40 695 3225,5000.00,30,10.0,9,2024-02-25,true
27,C-10027,Retkivakka Kokkola,Retkivakka,CHAIN_STORE,FI,Kokkola,67100,Teollisuustie 34,FI91324608,retkivakka.example,+358 40 872 4450,5000.00,14,10.0,9,2016-06-26,true
28,C-10028,Retkivakka Kittilä,Retkivakka,CHAIN_STORE,FI,Kittilä,99100,Puistokatu 107,FI39211555,retkivakka.example,+358 40 576 1059,60000.00,60,3.0,8,2020-10-07,true
29,C-10029,Retkivakka Kittilä Puistokatu,Retkivakka,CHAIN_STORE,FI,Kittilä,99100,Yliopistonkatu 107,FI79702262,retkivakka.example,+358 40 512 5773,10000.00,30,5.0,8,2015-03-07,true
30,C-10030,Retkivakka Kokkola Puistokatu,Retkivakka,CHAIN_STORE,FI,Kokkola,67100,Hämeenkatu 32,FI65697415,retkivakka.example,+358 40 465 1583,15000.00,45,0.0,8,2019-01-01,true
31,C-10031,Retkivakka Vaasa Asemakatu,Retkivakka,CHAIN_STORE,FI,Vaasa,65100,Hämeenkatu 16,FI97401400,retkivakka.example,+358 40 966 9399,5000.00,14,5.0,8,2019-02-02,true
32,C-10032,Retkivakka Hämeenlinna Puistokatu,Retkivakka,CHAIN_STORE,FI,Hämeenlinna,13100,Hämeenkatu 23,FI32414102,retkivakka.example,+358 40 692 6675,25000.00,30,10.0,10,2016-08-03,true
33,C-10033,Retkivakka Jyväskylä Hämeenkatu,Retkivakka,CHAIN_STORE,FI,Jyväskylä,40100,Torikatu 27,FI25609198,retkivakka.example,+358 40 350 5140,15000.00,30,0.0,10,2015-03-02,true
34,C-10034,Retkivakka Joensuu Kauppakatu,Retkivakka,CHAIN_STORE,FI,Joensuu,80100,Yliopistonkatu 31,FI98922647,retkivakka.example,+358 40 357 3843,10000.00,14,7.5,8,2015-03-06,true
35,C-10035,Retkivakka Vaasa Keskuskatu,Retkivakka,CHAIN_STORE,FI,Vaasa,65100,Teollisuustie 38,FI30441859,retkivakka.example,+358 40 385 3206,100000.00,30,0.0,10,2024-02-28,true
36,C-10036,Retkivakka Oulu Keskuskatu,Retkivakka,CHAIN_STORE,FI,Oulu,90100,Mannerheimintie 92,FI05213752,retkivakka.example,+358 40 195 9026,10000.00,45,2.0,9,2015-09-20,true
37,C-10037,Retkivakka Kuusamo,Retkivakka,CHAIN_STORE,FI,Kuusamo,93600,Kauppakatu 110,FI92387190,retkivakka.example,+358 40 161 8031,5000.00,30,0.0,10,2017-12-03,true
38,C-10038,Retkivakka Vaasa Kauppakatu,Retkivakka,CHAIN_STORE,FI,Vaasa,65100,Hämeenkatu 90,FI62329304,retkivakka.example,+358 40 534 8279,60000.00,60,10.0,10,2018-08-17,true
39,C-10039,Retkivakka Espoo Asemakatu,Retkivakka,CHAIN_STORE,FI,Espoo,02100,Puistokatu 84,FI85364539,retkivakka.example,+358 40 299 2092,10000.00,30,2.0,8,2018-12-25,true
40,C-10040,Retkivakka Hämeenlinna Torikatu,Retkivakka,CHAIN_STORE,FI,Hämeenlinna,13100,Mannerheimintie 104,FI91908944,retkivakka.example,+358 40 216 2307,25000.00,30,7.5,9,2024-05-08,true
41,C-10041,Retkivakka Rovaniemi Torikatu,Retkivakka,CHAIN_STORE,FI,Rovaniemi,96100,Asemakatu 112,FI62451132,retkivakka.example,+358 40 683 6195,40000.00,14,12.0,8,2018-11-23,true
42,C-10042,Retkivakka Rovaniemi Mannerheimintie,Retkivakka,CHAIN_STORE,FI,Rovaniemi,96100,Teollisuustie 57,FI95978907,retkivakka.example,+358 40 938 2948,10000.00,14,3.0,10,2023-03-08,true
43,C-10043,Retkivakka Lahti Keskuskatu,Retkivakka,CHAIN_STORE,FI,Lahti,15100,Keskuskatu 1,FI04967580,retkivakka.example,+358 40 612 4494,40000.00,45,0.0,10,2016-08-07,true
44,C-10044,Retkivakka Hämeenlinna Kauppakatu,Retkivakka,CHAIN_STORE,FI,Hämeenlinna,13100,Torikatu 70,FI95928210,retkivakka.example,+358 40 143 8872,15000.00,30,12.0,9,2025-06-10,false
45,C-10045,Fjellkroken Sport Kiruna,Fjellkroken Sport,CHAIN_STORE,SE,Kiruna,981 31,Norra Esplanaden 93,SE220081579801,fjellkroken.sport.example,+46 70 756 93 99,15000.00,30,0.0,9,2023-05-23,true
46,C-10046,Fjellkroken Sport Karlstad,Fjellkroken Sport,CHAIN_STORE,SE,Karlstad,652 24,Kungsgatan 95,SE619572239301,fjellkroken.sport.example,+46 70 871 34 08,10000.00,30,2.0,10,2021-02-26,true
47,C-10047,Fjellkroken Sport Drammen,Fjellkroken Sport,CHAIN_STORE,NO,Drammen,3015,Industriveien 65,NO006383043MVA,fjellkroken.sport.example,+47 915 34 202,100000.00,45,0.0,8,2016-10-17,true
48,C-10048,Fjellkroken Sport Ålesund,Fjellkroken Sport,CHAIN_STORE,NO,Ålesund,6002,Skoleveien 79,NO833780282MVA,fjellkroken.sport.example,+47 920 59 115,10000.00,30,2.0,8,2019-05-11,true
49,C-10049,Fjellkroken Sport Kristiansand,Fjellkroken Sport,CHAIN_STORE,NO,Kristiansand,4610,Strandveien 106,NO326786380MVA,fjellkroken.sport.example,+47 944 45 280,100000.00,14,3.0,8,2022-10-11,false
50,C-10050,Fjellkroken Sport Linköping,Fjellkroken Sport,CHAIN_STORE,SE,Linköping,582 22,Skolgatan 5,SE960588139301,fjellkroken.sport.example,+46 70 139 09 94,15000.00,45,5.0,10,2025-06-13,true
51,C-10051,Fjellkroken Sport Kiruna Järnvägsgatan,Fjellkroken Sport,CHAIN_STORE,SE,Kiruna,981 31,Hamngatan 99,SE156297194301,fjellkroken.sport.example,+46 70 476 20 37,10000.00,60,0.0,9,2022-05-12,true
52,C-10052,Fjellkroken Sport Kiruna Fjällvägen,Fjellkroken Sport,CHAIN_STORE,SE,Kiruna,981 31,Kungsgatan 86,SE319193998401,fjellkroken.sport.example,+46 70 864 56 00,60000.00,30,0.0,10,2023-05-11,true
53,C-10053,Fjellkroken Sport Stockholm,Fjellkroken Sport,CHAIN_STORE,SE,Stockholm,111 20,Storgatan 98,SE217891739701,fjellkroken.sport.example,+46 70 180 11 05,10000.00,60,12.0,9,2024-08-07,true
54,C-10054,Fjellkroken Sport Östersund,Fjellkroken Sport,CHAIN_STORE,SE,Östersund,831 30,Kungsgatan 21,SE305948210301,fjellkroken.sport.example,+46 70 832 37 47,100000.00,30,12.0,8,2024-12-03,true
55,C-10055,Fjellkroken Sport Sundsvall,Fjellkroken Sport,CHAIN_STORE,SE,Sundsvall,852 30,Storgatan 2,SE589983348501,fjellkroken.sport.example,+46 70 961 89 45,10000.00,30,5.0,9,2018-06-19,true
56,C-10056,Fjellkroken Sport Göteborg,Fjellkroken Sport,CHAIN_STORE,SE,Göteborg,411 04,Storgatan 120,SE344042932101,fjellkroken.sport.example,+46 70 790 64 55,40000.00,30,7.5,10,2018-12-10,true
57,C-10057,Fjellkroken Sport Åre,Fjellkroken Sport,CHAIN_STORE,SE,Åre,837 52,Industrivägen 53,SE553356138701,fjellkroken.sport.example,+46 70 422 56 51,25000.00,60,0.0,9,2020-05-05,true
58,C-10058,Fjellkroken Sport Kristiansand Skoleveien,Fjellkroken Sport,CHAIN_STORE,NO,Kristiansand,4610,Skoleveien 53,NO506126947MVA,fjellkroken.sport.example,+47 983 30 272,5000.00,14,0.0,9,2018-10-28,true
59,C-10059,Fjellkroken Sport Stockholm Industrivägen,Fjellkroken Sport,CHAIN_STORE,SE,Stockholm,111 20,Norra Esplanaden 32,SE167544542001,fjellkroken.sport.example,+46 70 835 34 84,40000.00,45,10.0,8,2026-07-09,true
60,C-10060,Fjellkroken Sport Göteborg Skolgatan,Fjellkroken Sport,CHAIN_STORE,SE,Göteborg,411 04,Norra Esplanaden 76,SE805139581701,fjellkroken.sport.example,+46 70 178 75 01,15000.00,30,12.0,10,2019-06-04,true
61,C-10061,Fjellkroken Sport Hamar,Fjellkroken Sport,CHAIN_STORE,NO,Hamar,2317,Kirkegata 27,NO759799981MVA,fjellkroken.sport.example,+47 968 11 074,25000.00,30,5.0,9,2026-08-19,true
62,C-10062,Fjellkroken Sport Uppsala,Fjellkroken Sport,CHAIN_STORE,SE,Uppsala,753 10,Norra Esplanaden 118,SE893043708701,fjellkroken.sport.example,+46 70 178 60 39,25000.00,30,3.0,8,2021-05-23,true
63,C-10063,Fjellkroken Sport Linköping Skolgatan,Fjellkroken Sport,CHAIN_STORE,SE,Linköping,582 22,Storgatan 76,SE845878745001,fjellkroken.sport.example,+46 70 866 29 46,40000.00,60,2.0,10,2023-12-02,true
64,C-10064,Fjellkroken Sport Oslo,Fjellkroken Sport,CHAIN_STORE,NO,Oslo,0150,Industriveien 66,NO191302130MVA,fjellkroken.sport.example,+47 960 08 938,40000.00,14,3.0,8,2017-07-18,false
65,C-10065,Fjellkroken Sport Göteborg Järnvägsgatan,Fjellkroken Sport,CHAIN_STORE,SE,Göteborg,411 04,Kungsgatan 52,SE791572360901,fjellkroken.sport.example,+46 70 267 63 06,10000.00,30,5.0,10,2018-06-28,true
66,C-10066,Fjellkroken Sport Hamar Torggata,Fjellkroken Sport,CHAIN_STORE,NO,Hamar,2317,Fjellveien 120,NO147826225MVA,fjellkroken.sport.example,+47 977 81 936,5000.00,14,0.0,8,2024-11-22,true
67,C-10067,Fjellkroken Sport Tromsø Skoleveien,Fjellkroken Sport,CHAIN_STORE,NO,Tromsø,9008,Industriveien 116,NO969304836MVA,fjellkroken.sport.example,+47 929 25 678,25000.00,30,12.0,8,2024-06-15,true
68,C-10068,Fjellkroken Sport Lillehammer,Fjellkroken Sport,CHAIN_STORE,NO,Lillehammer,2609,Fjellveien 23,NO441216073MVA,fjellkroken.sport.example,+47 981 62 529,100000.00,30,10.0,8,2017-05-29,true
69,C-10069,Fjellkroken Sport Åre Drottninggatan,Fjellkroken Sport,CHAIN_STORE,SE,Åre,837 52,Drottninggatan 33,SE065527104101,fjellkroken.sport.example,+46 70 205 90 16,10000.00,30,7.5,8,2025-12-22,true
70,C-10070,Fjellkroken Sport Uppsala Drottninggatan,Fjellkroken Sport,CHAIN_STORE,SE,Uppsala,753 10,Fjällvägen 82,SE295671841901,fjellkroken.sport.example,+46 70 592 15 40,5000.00,30,0.0,8,2015-01-07,true
71,C-10071,Fjellkroken Sport Oslo Storgata,Fjellkroken Sport,CHAIN_STORE,NO,Oslo,0150,Storgata 50,NO508818684MVA,fjellkroken.sport.example,+47 913 64 295,100000.00,60,0.0,9,2016-04-28,true
72,C-10072,Fjellkroken Sport Stavanger,Fjellkroken Sport,CHAIN_STORE,NO,Stavanger,4006,Strandveien 118,NO511174026MVA,fjellkroken.sport.example,+47 962 33 818,15000.00,14,10.0,10,2021-03-29,true
73,C-10073,Fjellkroken Sport Lillehammer Strandveien,Fjellkroken Sport,CHAIN_STORE,NO,Lillehammer,2609,Strandveien 101,NO932683407MVA,fjellkroken.sport.example,+47 939 52 749,100000.00,14,5.0,8,2016-06-05,true
74,C-10074,Fjellkroken Sport Bodø,Fjellkroken Sport,CHAIN_STORE,NO,Bodø,8006,Industriveien 47,NO918770529MVA,fjellkroken.sport.example,+47 985 19 241,10000.00,45,0.0,8,2016-09-05,true
75,C-10075,Fjellkroken Sport Luleå,Fjellkroken Sport,CHAIN_STORE,SE,Luleå,972 31,Industrivägen 76,SE934081490701,fjellkroken.sport.example,+46 70 418 51 31,5000.00,45,0.0,8,2021-05-01,true
76,C-10076,Fjellkroken Sport Stavanger Industriveien,Fjellkroken Sport,CHAIN_STORE,NO,Stavanger,4006,Fjellveien 21,NO780284448MVA,fjellkroken.sport.example,+47 924 52 249,100000.00,60,0.0,10,2022-10-17,true
77,C-10077,Fjellkroken Sport Karlstad Storgatan,Fjellkroken Sport,CHAIN_STORE,SE,Karlstad,652 24,Fjällvägen 63,SE131908831301,fjellkroken.sport.example,+46 70 502 66 04,40000.00,60,7.5,9,2020-11-20,false
78,C-10078,Fjellkroken Sport Luleå Storgatan,Fjellkroken Sport,CHAIN_STORE,SE,Luleå,972 31,Drottninggatan 22,SE484453785401,fjellkroken.sport.example,+46 70 099 79 97,5000.00,30,2.0,10,2022-05-30,true
79,C-10079,Fjellkroken Sport Falun,Fjellkroken Sport,CHAIN_STORE,SE,Falun,791 71,Industrivägen 76,SE276123853001,fjellkroken.sport.example,+46 70 136 05 84,5000.00,30,10.0,8,2018-07-04,true
80,C-10080,Fjellkroken Sport Tromsø Storgata,Fjellkroken Sport,CHAIN_STORE,NO,Tromsø,9008,Industriveien 76,NO982641736MVA,fjellkroken.sport.example,+47 965 02 953,40000.00,45,5.0,9,2026-01-18,true
81,C-10081,Fjellkroken Sport Linköping Storgatan,Fjellkroken Sport,CHAIN_STORE,SE,Linköping,582 22,Järnvägsgatan 50,SE613847610001,fjellkroken.sport.example,+46 70 165 60 51,10000.00,30,7.5,8,2022-03-03,true
82,C-10082,Fjellkroken Sport Kristiansand Storgata,Fjellkroken Sport,CHAIN_STORE,NO,Kristiansand,4610,Torggata 71,NO901358472MVA,fjellkroken.sport.example,+47 904 87 245,10000.00,14,12.0,10,2016-07-22,true
83,C-10083,Fjellkroken Sport Bergen,Fjellkroken Sport,CHAIN_STORE,NO,Bergen,5003,Kirkegata 41,NO372139803MVA,fjellkroken.sport.example,+47 979 39 679,40000.00,30,0.0,10,2019-11-01,true
84,C-10084,Fjellkroken Sport Drammen Torggata,Fjellkroken Sport,CHAIN_STORE,NO,Drammen,3015,Storgata 8,NO890062526MVA,fjellkroken.sport.example,+47 947 13 589,15000.00,14,5.0,8,2015-11-13,true
85,C-10085,Fjellkroken Sport Östersund Järnvägsgatan,Fjellkroken Sport,CHAIN_STORE,SE,Östersund,831 30,Industrivägen 107,SE487388037201,fjellkroken.sport.example,+46 70 991 22 66,60000.00,30,0.0,8,2022-05-02,true
86,C-10086,Fjellkroken Sport Sundsvall Drottninggatan,Fjellkroken Sport,CHAIN_STORE,SE,Sundsvall,852 30,Hamngatan 66,SE556844543601,fjellkroken.sport.example,+46 70 901 10 95,60000.00,45,7.5,8,2025-08-29,false
87,C-10087,Fjellkroken Sport Kristiansand Torggata,Fjellkroken Sport,CHAIN_STORE,NO,Kristiansand,4610,Industriveien 91,NO170567231MVA,fjellkroken.sport.example,+47 932 55 436,100000.00,45,0.0,10,2018-10-24,true
88,C-10088,Fjellkroken Sport Uppsala Storgatan,Fjellkroken Sport,CHAIN_STORE,SE,Uppsala,753 10,Fjällvägen 7,SE386715079701,fjellkroken.sport.example,+46 70 083 77 88,100000.00,30,2.0,10,2021-12-02,true
89,C-10089,Fjellkroken Sport Bergen Havnegata,Fjellkroken Sport,CHAIN_STORE,NO,Bergen,5003,Torggata 44,NO891297853MVA,fjellkroken.sport.example,+47 949 19 901,10000.00,30,2.0,8,2018-09-09,true
90,C-10090,Fjellkroken Sport Stockholm Hamngatan,Fjellkroken Sport,CHAIN_STORE,SE,Stockholm,111 20,Hamngatan 119,SE618914332801,fjellkroken.sport.example,+46 70 606 13 14,40000.00,30,0.0,10,2018-08-09,true
91,C-10091,Stigfinnare Esbjerg,Stigfinnare,CHAIN_STORE,DK,Esbjerg,6700,Hovedgaden 34,DK31682191,stigfinnare.example,+45 30 19 87 98,5000.00,30,5.0,8,2023-08-04,true
92,C-10092,Stigfinnare Åre,Stigfinnare,CHAIN_STORE,SE,Åre,837 52,Skolgatan 110,SE996392920101,stigfinnare.example,+46 70 723 33 76,15000.00,30,2.0,8,2015-01-23,true
93,C-10093,Stigfinnare Aalborg,Stigfinnare,CHAIN_STORE,DK,Aalborg,9000,Vestergade 28,DK96856120,stigfinnare.example,+45 03 98 72 35,10000.00,45,5.0,8,2016-05-19,true
94,C-10094,Stigfinnare Kolding,Stigfinnare,CHAIN_STORE,DK,Kolding,6000,Industrivej 61,DK04021684,stigfinnare.example,+45 85 66 87 68,10000.00,14,12.0,9,2020-05-24,true
95,C-10095,Stigfinnare Copenhagen,Stigfinnare,CHAIN_STORE,DK,Copenhagen,1050,Vestergade 73,DK37189070,stigfinnare.example,+45 51 66 91 34,40000.00,45,0.0,8,2024-08-06,true
96,C-10096,Stigfinnare Copenhagen Hovedgaden,Stigfinnare,CHAIN_STORE,DK,Copenhagen,1050,Nørregade 35,DK37978285,stigfinnare.example,+45 19 61 22 85,25000.00,30,5.0,10,2026-07-26,false
97,C-10097,Stigfinnare Uppsala,Stigfinnare,CHAIN_STORE,SE,Uppsala,753 10,Skolgatan 81,SE249939330201,stigfinnare.example,+46 70 591 70 33,40000.00,30,10.0,8,2023-05-14,true
98,C-10098,Stigfinnare Odense,Stigfinnare,CHAIN_STORE,DK,Odense,5000,Skolevej 23,DK88716825,stigfinnare.example,+45 76 32 02 61,5000.00,45,0.0,10,2023-08-28,false
99,C-10099,Stigfinnare Odense Havnevej,Stigfinnare,CHAIN_STORE,DK,Odense,5000,Havnevej 98,DK69114920,stigfinnare.example,+45 49 32 15 28,40000.00,30,0.0,9,2018-06-12,true
100,C-10100,Stigfinnare Copenhagen Havnevej,Stigfinnare,CHAIN_STORE,DK,Copenhagen,1050,Vestergade 52,DK09645837,stigfinnare.example,+45 34 12 85 33,40000.00,14,3.0,9,2026-02-28,true
101,C-10101,Stigfinnare Aarhus,Stigfinnare,CHAIN_STORE,DK,Aarhus,8000,Nørregade 8,DK12971113,stigfinnare.example,+45 73 59 77 73,15000.00,14,5.0,9,2018-09-17,true
102,C-10102,Stigfinnare Stockholm,Stigfinnare,CHAIN_STORE,SE,Stockholm,111 20,Järnvägsgatan 31,SE260723280801,stigfinnare.example,+46 70 823 63 33,40000.00,30,7.5,9,2026-08-10,true
103,C-10103,Stigfinnare Umeå Industrivägen,Stigfinnare,CHAIN_STORE,SE,Umeå,903 26,Skolgatan 79,SE679780644701,stigfinnare.example,+46 70 189 61 87,100000.00,30,5.0,9,2021-10-14,true
104,C-10104,Stigfinnare Örebro,Stigfinnare,CHAIN_STORE,SE,Örebro,702 11,Järnvägsgatan 62,SE363958776901,stigfinnare.example,+46 70 900 99 92,15000.00,30,5.0,10,2021-02-24,true
105,C-10105,Stigfinnare Roskilde,Stigfinnare,CHAIN_STORE,DK,Roskilde,4000,Havnevej 57,DK32967043,stigfinnare.example,+45 93 60 03 01,40000.00,14,5.0,9,2024-02-07,true
106,C-10106,Stigfinnare Kiruna,Stigfinnare,CHAIN_STORE,SE,Kiruna,981 31,Norra Esplanaden 36,SE511384230601,stigfinnare.example,+46 70 903 91 24,15000.00,30,7.5,9,2022-07-17,true
107,C-10107,Stigfinnare Esbjerg Østergade,Stigfinnare,CHAIN_STORE,DK,Esbjerg,6700,Skolevej 27,DK70575438,stigfinnare.example,+45 08 80 62 48,100000.00,30,2.0,10,2017-03-13,true
108,C-10108,Stigfinnare Falun,Stigfinnare,CHAIN_STORE,SE,Falun,791 71,Industrivägen 76,SE328645108901,stigfinnare.example,+46 70 963 96 04,5000.00,30,0.0,9,2024-09-09,true
109,C-10109,Stigfinnare Odense Østergade,Stigfinnare,CHAIN_STORE,DK,Odense,5000,Industrivej 112,DK58780944,stigfinnare.example,+45 98 40 10 57,15000.00,30,7.5,9,2017-07-30,true
110,C-10110,Stigfinnare Aarhus Østergade,Stigfinnare,CHAIN_STORE,DK,Aarhus,8000,Østergade 111,DK32657601,stigfinnare.example,+45 97 26 60 92,100000.00,30,0.0,8,2021-10-09,true
111,C-10111,Stigfinnare Karlstad,Stigfinnare,CHAIN_STORE,SE,Karlstad,652 24,Fjällvägen 72,SE722118367901,stigfinnare.example,+46 70 448 13 37,60000.00,14,2.0,9,2017-02-17,true
112,C-10112,Stigfinnare Karlstad Drottninggatan,Stigfinnare,CHAIN_STORE,SE,Karlstad,652 24,Storgatan 22,SE483741822601,stigfinnare.example,+46 70 814 30 93,25000.00,30,10.0,8,2021-05-13,true
113,C-10113,Stigfinnare Sundsvall,Stigfinnare,CHAIN_STORE,SE,Sundsvall,852 30,Järnvägsgatan 49,SE718319771501,stigfinnare.example,+46 70 465 13 40,40000.00,60,2.0,9,2026-03-07,true
114,C-10114,Stigfinnare Falun Norra,Stigfinnare,CHAIN_STORE,SE,Falun,791 71,Skolgatan 114,SE712985058001,stigfinnare.example,+46 70 940 73 08,60000.00,30,7.5,10,2018-06-16,true
115,C-10115,Stigfinnare Östersund,Stigfinnare,CHAIN_STORE,SE,Östersund,831 30,Järnvägsgatan 45,SE362734780601,stigfinnare.example,+46 70 232 57 26,100000.00,60,12.0,10,2024-01-13,true
116,C-10116,Stigfinnare Esbjerg Nørregade,Stigfinnare,CHAIN_STORE,DK,Esbjerg,6700,Østergade 103,DK08249432,stigfinnare.example,+45 25 26 23 27,5000.00,45,3.0,8,2026-07-11,true
117,C-10117,Stigfinnare Aalborg Industrivej,Stigfinnare,CHAIN_STORE,DK,Aalborg,9000,Nørregade 81,DK35843190,stigfinnare.example,+45 54 84 15 00,60000.00,14,5.0,8,2015-03-28,true
118,C-10118,Stigfinnare Odense Industrivej,Stigfinnare,CHAIN_STORE,DK,Odense,5000,Skolevej 52,DK27695782,stigfinnare.example,+45 24 88 09 15,40000.00,14,0.0,10,2020-09-02,true
119,C-10119,Stigfinnare Aarhus Havnevej,Stigfinnare,CHAIN_STORE,DK,Aarhus,8000,Nørregade 64,DK71708476,stigfinnare.example,+45 09 10 73 37,25000.00,30,12.0,9,2015-02-23,true
120,C-10120,Stigfinnare Stockholm Fjällvägen,Stigfinnare,CHAIN_STORE,SE,Stockholm,111 20,Norra Esplanaden 21,SE927470578301,stigfinnare.example,+46 70 173 26 04,60000.00,30,0.0,9,2021-04-25,true
121,C-10121,Stigfinnare Gävle,Stigfinnare,CHAIN_STORE,SE,Gävle,803 20,Järnvägsgatan 120,SE640842613601,stigfinnare.example,+46 70 317 54 40,100000.00,30,0.0,8,2016-02-12,true
122,C-10122,Stigfinnare Uppsala Drottninggatan,Stigfinnare,CHAIN_STORE,SE,Uppsala,753 10,Norra Esplanaden 93,SE793605189101,stigfinnare.example,+46 70 616 08 99,25000.00,30,0.0,9,2023-10-21,true
123,C-10123,Stigfinnare Karlstad Storgatan,Stigfinnare,CHAIN_STORE,SE,Karlstad,652 24,Skolgatan 30,SE724118610701,stigfinnare.example,+46 70 370 38 46,15000.00,30,5.0,10,2024-05-13,true
124,C-10124,Stigfinnare Aalborg Havnevej,Stigfinnare,CHAIN_STORE,DK,Aalborg,9000,Skolevej 75,DK26968681,stigfinnare.example,+45 75 33 26 92,5000.00,30,0.0,9,2026-08-10,true
125,C-10125,Brevidde Friluft Drammen,Brevidde Friluft,CHAIN_STORE,NO,Drammen,3015,Industriveien 76,NO164175583MVA,brevidde.friluft.example,+47 963 93 539,10000.00,30,0.0,8,2026-05-22,true
126,C-10126,Brevidde Friluft Hamar,Brevidde Friluft,CHAIN_STORE,NO,Hamar,2317,Torggata 2,NO578377526MVA,brevidde.friluft.example,+47 907 86 371,5000.00,30,10.0,10,2017-04-02,true
127,C-10127,Brevidde Friluft Bodø,Brevidde Friluft,CHAIN_STORE,NO,Bodø,8006,Storgata 97,NO813809305MVA,brevidde.friluft.example,+47 967 92 467,15000.00,30,12.0,10,2021-12-03,true
128,C-10128,Brevidde Friluft Drammen Havnegata,Brevidde Friluft,CHAIN_STORE,NO,Drammen,3015,Torggata 43,NO999998190MVA,brevidde.friluft.example,+47 946 42 878,15000.00,60,0.0,10,2018-08-06,true
129,C-10129,Brevidde Friluft Kristiansand,Brevidde Friluft,CHAIN_STORE,NO,Kristiansand,4610,Torggata 86,NO189764810MVA,brevidde.friluft.example,+47 923 30 273,5000.00,30,0.0,10,2020-01-31,true
130,C-10130,Brevidde Friluft Bodø Havnegata,Brevidde Friluft,CHAIN_STORE,NO,Bodø,8006,Kirkegata 70,NO877206474MVA,brevidde.friluft.example,+47 953 29 403,100000.00,14,0.0,10,2020-07-11,true
131,C-10131,Brevidde Friluft Bodø Kirkegata,Brevidde Friluft,CHAIN_STORE,NO,Bodø,8006,Kirkegata 32,NO482075195MVA,brevidde.friluft.example,+47 938 52 986,5000.00,45,5.0,9,2020-11-19,true
132,C-10132,Brevidde Friluft Stavanger,Brevidde Friluft,CHAIN_STORE,NO,Stavanger,4006,Storgata 29,NO517381617MVA,brevidde.friluft.example,+47 968 17 721,60000.00,60,2.0,8,2025-07-06,true
133,C-10133,Brevidde Friluft Tromsø,Brevidde Friluft,CHAIN_STORE,NO,Tromsø,9008,Skoleveien 89,NO163262926MVA,brevidde.friluft.example,+47 949 15 201,5000.00,30,5.0,10,2021-06-10,true
134,C-10134,Brevidde Friluft Lillehammer,Brevidde Friluft,CHAIN_STORE,NO,Lillehammer,2609,Storgata 38,NO391492378MVA,brevidde.friluft.example,+47 982 14 389,10000.00,45,0.0,10,2023-01-08,true
135,C-10135,Brevidde Friluft Stavanger Kirkegata,Brevidde Friluft,CHAIN_STORE,NO,Stavanger,4006,Havnegata 118,NO640429818MVA,brevidde.friluft.example,+47 950 91 872,60000.00,14,7.5,9,2020-07-11,true
136,C-10136,Brevidde Friluft Oslo,Brevidde Friluft,CHAIN_STORE,NO,Oslo,0150,Torggata 116,NO170086437MVA,brevidde.friluft.example,+47 974 68 577,60000.00,14,5.0,10,2017-06-02,true
137,C-10137,Brevidde Friluft Tromsø Fjellveien,Brevidde Friluft,CHAIN_STORE,NO,Tromsø,9008,Storgata 80,NO867501483MVA,brevidde.friluft.example,+47 957 63 477,15000.00,30,7.5,10,2024-05-17,true
138,C-10138,Brevidde Friluft Hamar Fjellveien,Brevidde Friluft,CHAIN_STORE,NO,Hamar,2317,Torggata 59,NO221987250MVA,brevidde.friluft.example,+47 965 58 838,40000.00,60,7.5,8,2024-08-20,true
139,C-10139,Brevidde Friluft Ålesund,Brevidde Friluft,CHAIN_STORE,NO,Ålesund,6002,Fjellveien 99,NO971464224MVA,brevidde.friluft.example,+47 937 17 957,100000.00,30,0.0,9,2017-11-24,true
140,C-10140,Brevidde Friluft Bodø Skoleveien,Brevidde Friluft,CHAIN_STORE,NO,Bodø,8006,Skoleveien 2,NO176903659MVA,brevidde.friluft.example,+47 978 75 788,25000.00,30,10.0,8,2023-01-28,true
141,C-10141,Brevidde Friluft Hamar Kirkegata,Brevidde Friluft,CHAIN_STORE,NO,Hamar,2317,Fjellveien 60,NO083830700MVA,brevidde.friluft.example,+47 900 64 367,15000.00,30,12.0,8,2025-05-29,true
142,C-10142,Brevidde Friluft Tromsø Industriveien,Brevidde Friluft,CHAIN_STORE,NO,Tromsø,9008,Strandveien 15,NO204751813MVA,brevidde.friluft.example,+47 927 29 096,10000.00,30,0.0,8,2020-02-17,true
143,C-10143,Brevidde Friluft Hamar Torggata,Brevidde Friluft,CHAIN_STORE,NO,Hamar,2317,Strandveien 72,NO021003632MVA,brevidde.friluft.example,+47 912 77 570,100000.00,45,12.0,8,2018-04-22,true
144,C-10144,Brevidde Friluft Bergen,Brevidde Friluft,CHAIN_STORE,NO,Bergen,5003,Fjellveien 89,NO866449994MVA,brevidde.friluft.example,+47 905 91 007,15000.00,30,5.0,8,2017-06-05,true
145,C-10145,Brevidde Friluft Drammen Industriveien,Brevidde Friluft,CHAIN_STORE,NO,Drammen,3015,Storgata 28,NO982267773MVA,brevidde.friluft.example,+47 901 83 392,60000.00,30,5.0,8,2020-07-10,true
146,C-10146,Brevidde Friluft Hamar Storgata,Brevidde Friluft,CHAIN_STORE,NO,Hamar,2317,Torggata 42,NO897812245MVA,brevidde.friluft.example,+47 997 63 515,15000.00,30,0.0,10,2022-07-16,true
147,C-10147,Suuntima Sport Helsinki,Suuntima Sport,CHAIN_STORE,FI,Helsinki,00100,Mannerheimintie 66,FI34482912,suuntima.sport.example,+358 40 829 2241,10000.00,14,12.0,9,2020-11-21,true
148,C-10148,Suuntima Sport Oulu,Suuntima Sport,CHAIN_STORE,FI,Oulu,90100,Asemakatu 13,FI02165929,suuntima.sport.example,+358 40 062 9235,10000.00,30,0.0,10,2015-06-27,false
149,C-10149,Suuntima Sport Seinäjoki,Suuntima Sport,CHAIN_STORE,FI,Seinäjoki,60100,Torikatu 64,FI22326171,suuntima.sport.example,+358 40 182 1213,15000.00,14,12.0,8,2018-01-31,true
150,C-10150,Suuntima Sport Kittilä,Suuntima Sport,CHAIN_STORE,FI,Kittilä,99100,Torikatu 8,FI86514300,suuntima.sport.example,+358 40 606 8608,25000.00,30,10.0,10,2018-11-12,true
151,C-10151,Suuntima Sport Kuusamo,Suuntima Sport,CHAIN_STORE,FI,Kuusamo,93600,Rantatie 100,FI21885223,suuntima.sport.example,+358 40 309 4541,15000.00,30,2.0,8,2019-07-24,true
152,C-10152,Suuntima Sport Kittilä Torikatu,Suuntima Sport,CHAIN_STORE,FI,Kittilä,99100,Rantatie 93,FI52696705,suuntima.sport.example,+358 40 265 8046,60000.00,30,7.5,8,2015-05-02,true
153,C-10153,Suuntima Sport Seinäjoki Mannerheimintie,Suuntima Sport,CHAIN_STORE,FI,Seinäjoki,60100,Kauppakatu 48,FI69161041,suuntima.sport.example,+358 40 646 8418,100000.00,45,5.0,8,2024-01-18,true
154,C-10154,Suuntima Sport Helsinki Rantatie,Suuntima Sport,CHAIN_STORE,FI,Helsinki,00100,Teollisuustie 105,FI63786391,suuntima.sport.example,+358 40 864 5350,60000.00,60,12.0,9,2022-04-23,false
155,C-10155,Suuntima Sport Kittilä Teollisuustie,Suuntima Sport,CHAIN_STORE,FI,Kittilä,99100,Rantatie 30,FI08964846,suuntima.sport.example,+358 40 089 4384,10000.00,30,0.0,10,2023-05-20,true
156,C-10156,Suuntima Sport Vaasa,Suuntima Sport,CHAIN_STORE,FI,Vaasa,65100,Asemakatu 27,FI97181615,suuntima.sport.example,+358 40 895 2653,25000.00,30,12.0,8,2019-09-16,true
157,C-10157,Suuntima Sport Jyväskylä,Suuntima Sport,CHAIN_STORE,FI,Jyväskylä,40100,Rantatie 73,FI41954957,suuntima.sport.example,+358 40 134 2468,40000.00,45,5.0,10,2026-08-28,true
158,C-10158,Suuntima Sport Lahti,Suuntima Sport,CHAIN_STORE,FI,Lahti,15100,Rantatie 43,FI61065807,suuntima.sport.example,+358 40 191 7064,25000.00,30,12.0,8,2022-07-28,true
159,C-10159,Suuntima Sport Espoo,Suuntima Sport,CHAIN_STORE,FI,Espoo,02100,Mannerheimintie 39,FI67646669,suuntima.sport.example,+358 40 888 0280,60000.00,60,10.0,10,2026-07-13,true
160,C-10160,Suuntima Sport Kuopio,Suuntima Sport,CHAIN_STORE,FI,Kuopio,70100,Mannerheimintie 76,FI72447753,suuntima.sport.example,+358 40 551 3007,25000.00,30,0.0,8,2021-04-03,true
161,C-10161,Suuntima Sport Kittilä Keskuskatu,Suuntima Sport,CHAIN_STORE,FI,Kittilä,99100,Puistokatu 84,FI21001532,suuntima.sport.example,+358 40 050 1012,15000.00,14,10.0,10,2021-09-20,true
162,C-10162,Suuntima Sport Hämeenlinna,Suuntima Sport,CHAIN_STORE,FI,Hämeenlinna,13100,Kauppakatu 106,FI63222282,suuntima.sport.example,+358 40 038 5180,60000.00,30,7.5,9,2022-07-12,false
163,C-10163,Suuntima Sport Rovaniemi Rantatie,Suuntima Sport,CHAIN_STORE,FI,Rovaniemi,96100,Teollisuustie 40,FI99498762,suuntima.sport.example,+358 40 497 3608,60000.00,60,12.0,8,2021-05-12,true
164,C-10164,Suuntima Sport Oulu Hämeenkatu,Suuntima Sport,CHAIN_STORE,FI,Oulu,90100,Yliopistonkatu 18,FI61664000,suuntima.sport.example,+358 40 089 6203,10000.00,14,10.0,9,2025-07-09,true
165,C-10165,Suuntima Sport Jyväskylä Hämeenkatu,Suuntima Sport,CHAIN_STORE,FI,Jyväskylä,40100,Keskuskatu 54,FI32972678,suuntima.sport.example,+358 40 654 0144,60000.00,14,5.0,8,2024-09-27,true
166,C-10166,Suuntima Sport Kittilä Hämeenkatu,Suuntima Sport,CHAIN_STORE,FI,Kittilä,99100,Torikatu 94,FI70958605,suuntima.sport.example,+358 40 451 1987,60000.00,30,0.0,8,2026-05-11,true
167,C-10167,Suuntima Sport Tampere,Suuntima Sport,CHAIN_STORE,FI,Tampere,33100,Teollisuustie 68,FI90333741,suuntima.sport.example,+358 40 074 0702,5000.00,60,2.0,8,2016-10-24,true
168,C-10168,Suuntima Sport Kittilä Asemakatu,Suuntima Sport,CHAIN_STORE,FI,Kittilä,99100,Puistokatu 40,FI43242357,suuntima.sport.example,+358 40 199 3515,25000.00,45,0.0,10,2020-05-30,true
169,C-10169,Suuntima Sport Kittilä Yliopistonkatu,Suuntima Sport,CHAIN_STORE,FI,Kittilä,99100,Mannerheimintie 71,FI13228304,suuntima.sport.example,+358 40 983 3762,60000.00,14,10.0,8,2022-04-24,true
170,C-10170,Suuntima Sport Kokkola,Suuntima Sport,CHAIN_STORE,FI,Kokkola,67100,Asemakatu 70,FI46904235,suuntima.sport.example,+358 40 254 0669,100000.00,60,0.0,9,2021-11-21,true
171,C-10171,Suuntima Sport Kittilä Mannerheimintie,Suuntima Sport,CHAIN_STORE,FI,Kittilä,99100,Asemakatu 99,FI72072735,suuntima.sport.example,+358 40 928 0493,10000.00,45,0.0,10,2019-09-02,true
172,C-10172,Suuntima Sport Seinäjoki Keskuskatu,Suuntima Sport,CHAIN_STORE,FI,Seinäjoki,60100,Rantatie 18,FI79465448,suuntima.sport.example,+358 40 012 6618,40000.00,45,3.0,10,2022-10-14,true
173,C-10173,Suuntima Sport Kittilä Kauppakatu,Suuntima Sport,CHAIN_STORE,FI,Kittilä,99100,Yliopistonkatu 105,FI95212967,suuntima.sport.example,+358 40 088 5068,40000.00,60,0.0,9,2023-07-16,true
174,C-10174,Kystlinje Sport Copenhagen,Kystlinje Sport,CHAIN_STORE,DK,Copenhagen,1050,Industrivej 102,DK66328201,kystlinje.sport.example,+45 78 90 84 55,25000.00,30,0.0,10,2017-10-22,true
175,C-10175,Kystlinje Sport Aarhus Vestergade,Kystlinje Sport,CHAIN_STORE,DK,Aarhus,8000,Industrivej 29,DK43142286,kystlinje.sport.example,+45 57 57 06 26,10000.00,30,10.0,10,2026-01-15,true
176,C-10176,Kystlinje Sport Aarhus Hovedgaden,Kystlinje Sport,CHAIN_STORE,DK,Aarhus,8000,Vestergade 102,DK25785107,kystlinje.sport.example,+45 67 12 77 83,5000.00,30,5.0,8,2023-04-07,true
177,C-10177,Kystlinje Sport Odense,Kystlinje Sport,CHAIN_STORE,DK,Odense,5000,Skolevej 5,DK39169184,kystlinje.sport.example,+45 16 07 73 02,5000.00,30,12.0,8,2023-07-21,true
178,C-10178,Kystlinje Sport Esbjerg,Kystlinje Sport,CHAIN_STORE,DK,Esbjerg,6700,Havnevej 115,DK22837344,kystlinje.sport.example,+45 77 34 02 19,10000.00,14,0.0,10,2015-09-16,true
179,C-10179,Kystlinje Sport Kolding,Kystlinje Sport,CHAIN_STORE,DK,Kolding,6000,Vestergade 64,DK33738330,kystlinje.sport.example,+45 52 26 78 68,5000.00,45,0.0,8,2018-03-10,true
180,C-10180,Kystlinje Sport Odense Østergade,Kystlinje Sport,CHAIN_STORE,DK,Odense,5000,Vestergade 2,DK23340310,kystlinje.sport.example,+45 70 93 64 43,15000.00,30,0.0,10,2026-05-23,true
181,C-10181,Kystlinje Sport Copenhagen Hovedgaden,Kystlinje Sport,CHAIN_STORE,DK,Copenhagen,1050,Havnevej 84,DK12745297,kystlinje.sport.example,+45 21 36 70 55,15000.00,45,0.0,8,2019-05-20,false
182,C-10182,Kystlinje Sport Aalborg,Kystlinje Sport,CHAIN_STORE,DK,Aalborg,9000,Vestergade 22,DK45541747,kystlinje.sport.example,+45 21 59 22 91,100000.00,45,2.0,10,2018-04-16,true
183,C-10183,Kystlinje Sport Kolding Vestergade,Kystlinje Sport,CHAIN_STORE,DK,Kolding,6000,Nørregade 3,DK61663006,kystlinje.sport.example,+45 53 88 64 27,10000.00,30,12.0,9,2018-05-30,true
184,C-10184,Kystlinje Sport Roskilde,Kystlinje Sport,CHAIN_STORE,DK,Roskilde,4000,Vestergade 63,DK73021813,kystlinje.sport.example,+45 22 30 79 24,40000.00,14,0.0,8,2024-08-16,true
185,C-10185,Kystlinje Sport Esbjerg Vestergade,Kystlinje Sport,CHAIN_STORE,DK,Esbjerg,6700,Hovedgaden 33,DK90842833,kystlinje.sport.example,+45 48 32 52 53,15000.00,14,5.0,8,2026-07-01,true
186,C-10186,Kystlinje Sport Kolding Skolevej,Kystlinje Sport,CHAIN_STORE,DK,Kolding,6000,Havnevej 92,DK71875131,kystlinje.sport.example,+45 62 13 02 09,40000.00,30,5.0,9,2016-04-13,true
187,C-10187,Kystlinje Sport Aarhus Industrivej,Kystlinje Sport,CHAIN_STORE,DK,Aarhus,8000,Nørregade 47,DK36203150,kystlinje.sport.example,+45 45 47 78 12,25000.00,30,12.0,8,2022-05-30,true
188,C-10188,Kystlinje Sport Aalborg Havnevej,Kystlinje Sport,CHAIN_STORE,DK,Aalborg,9000,Nørregade 42,DK37856307,kystlinje.sport.example,+45 83 81 19 66,5000.00,45,2.0,9,2019-02-12,true
189,C-10189,Vidderna Sport Falun,Vidderna Sport,CHAIN_STORE,SE,Falun,791 71,Industrivägen 2,SE179222444201,vidderna.sport.example,+46 70 903 92 15,5000.00,30,0.0,10,2021-12-25,true
190,C-10190,Vidderna Sport Linköping,Vidderna Sport,CHAIN_STORE,SE,Linköping,582 22,Norra Esplanaden 73,SE970735621201,vidderna.sport.example,+46 70 757 59 94,10000.00,14,0.0,8,2025-12-30,true
191,C-10191,Vidderna Sport Örebro,Vidderna Sport,CHAIN_STORE,SE,Örebro,702 11,Järnvägsgatan 8,SE402328193301,vidderna.sport.example,+46 70 073 00 30,15000.00,14,3.0,9,2018-10-28,true
192,C-10192,Vidderna Sport Luleå,Vidderna Sport,CHAIN_STORE,SE,Luleå,972 31,Kungsgatan 29,SE491604641501,vidderna.sport.example,+46 70 433 24 17,15000.00,30,0.0,10,2022-05-30,true
193,C-10193,Vidderna Sport Stockholm,Vidderna Sport,CHAIN_STORE,SE,Stockholm,111 20,Storgatan 33,SE998393224401,vidderna.sport.example,+46 70 270 42 26,15000.00,14,3.0,8,2017-03-13,true
194,C-10194,Vidderna Sport Luleå Storgatan,Vidderna Sport,CHAIN_STORE,SE,Luleå,972 31,Skolgatan 95,SE631578492301,vidderna.sport.example,+46 70 830 71 52,10000.00,45,10.0,8,2018-05-28,true
195,C-10195,Vidderna Sport Sundsvall,Vidderna Sport,CHAIN_STORE,SE,Sundsvall,852 30,Storgatan 7,SE096186808601,vidderna.sport.example,+46 70 348 48 90,15000.00,30,5.0,10,2019-12-15,true
196,C-10196,Vidderna Sport Luleå Norra,Vidderna Sport,CHAIN_STORE,SE,Luleå,972 31,Skolgatan 95,SE724046916901,vidderna.sport.example,+46 70 209 44 12,40000.00,30,7.5,9,2018-11-24,true
197,C-10197,Vidderna Sport Östersund,Vidderna Sport,CHAIN_STORE,SE,Östersund,831 30,Industrivägen 26,SE521642611001,vidderna.sport.example,+46 70 163 93 52,60000.00,60,5.0,9,2021-09-29,true
198,C-10198,Vidderna Sport Falun Skolgatan,Vidderna Sport,CHAIN_STORE,SE,Falun,791 71,Skolgatan 103,SE508663202501,vidderna.sport.example,+46 70 612 90 51,60000.00,45,2.0,9,2026-07-27,true
199,C-10199,Vidderna Sport Falun Norra,Vidderna Sport,CHAIN_STORE,SE,Falun,791 71,Norra Esplanaden 115,SE046360585601,vidderna.sport.example,+46 70 807 00 97,25000.00,30,10.0,10,2017-06-06,true
200,C-10200,Vidderna Sport Gävle,Vidderna Sport,CHAIN_STORE,SE,Gävle,803 20,Industrivägen 18,SE842269154801,vidderna.sport.example,+46 70 669 55 67,5000.00,60,0.0,8,2026-06-01,true
201,C-10201,Vidderna Sport Stockholm Kungsgatan,Vidderna Sport,CHAIN_STORE,SE,Stockholm,111 20,Kungsgatan 74,SE607403485501,vidderna.sport.example,+46 70 177 80 07,100000.00,14,0.0,9,2015-11-01,false
202,C-10202,Vidderna Sport Göteborg,Vidderna Sport,CHAIN_STORE,SE,Göteborg,411 04,Drottninggatan 85,SE958037839201,vidderna.sport.example,+46 70 434 66 69,25000.00,45,0.0,8,2015-05-25,true
203,C-10203,Vidderna Sport Östersund Drottninggatan,Vidderna Sport,CHAIN_STORE,SE,Östersund,831 30,Skolgatan 94,SE955469063101,vidderna.sport.example,+46 70 601 26 59,60000.00,60,10.0,9,2016-01-24,false
204,C-10204,Vidderna Sport Luleå Järnvägsgatan,Vidderna Sport,CHAIN_STORE,SE,Luleå,972 31,Skolgatan 85,SE720028433001,vidderna.sport.example,+46 70 963 58 04,10000.00,30,0.0,8,2020-09-10,true
205,C-10205,Vidderna Sport Uppsala,Vidderna Sport,CHAIN_STORE,SE,Uppsala,753 10,Kungsgatan 119,SE262163318101,vidderna.sport.example,+46 70 829 57 80,25000.00,60,0.0,8,2022-02-17,true
206,C-10206,Vidderna Sport Östersund Storgatan,Vidderna Sport,CHAIN_STORE,SE,Östersund,831 30,Industrivägen 119,SE952711260601,vidderna.sport.example,+46 70 394 43 51,5000.00,30,0.0,9,2022-01-19,true
207,C-10207,Vidderna Sport Falun Kungsgatan,Vidderna Sport,CHAIN_STORE,SE,Falun,791 71,Norra Esplanaden 60,SE344418483801,vidderna.sport.example,+46 70 021 75 60,25000.00,30,3.0,8,2025-06-18,true
208,C-10208,Kairankulma Helsinki,Kairankulma,CHAIN_STORE,FI,Helsinki,00100,Puistokatu 76,FI81787029,kairankulma.example,+358 40 964 8177,15000.00,60,0.0,9,2026-08-03,true
209,C-10209,Kairankulma Tampere,Kairankulma,CHAIN_STORE,FI,Tampere,33100,Yliopistonkatu 77,FI44014562,kairankulma.example,+358 40 472 4100,60000.00,30,0.0,8,2015-09-24,true
210,C-10210,Kairankulma Tampere Teollisuustie,Kairankulma,CHAIN_STORE,FI,Tampere,33100,Keskuskatu 23,FI03297472,kairankulma.example,+358 40 090 3398,40000.00,60,0.0,10,2021-09-23,true
211,C-10211,Kairankulma Hämeenlinna,Kairankulma,CHAIN_STORE,FI,Hämeenlinna,13100,Yliopistonkatu 95,FI90399451,kairankulma.example,+358 40 035 5129,25000.00,14,7.5,9,2026-04-10,true
212,C-10212,Kairankulma Oulu,Kairankulma,CHAIN_STORE,FI,Oulu,90100,Torikatu 14,FI13487153,kairankulma.example,+358 40 299 6094,5000.00,30,7.5,10,2018-05-20,false
213,C-10213,Kairankulma Joensuu,Kairankulma,CHAIN_STORE,FI,Joensuu,80100,Puistokatu 44,FI41980449,kairankulma.example,+358 40 315 9417,40000.00,60,3.0,9,2022-10-16,true
214,C-10214,Kairankulma Jyväskylä,Kairankulma,CHAIN_STORE,FI,Jyväskylä,40100,Rantatie 37,FI80158986,kairankulma.example,+358 40 628 4588,10000.00,14,3.0,8,2015-01-17,true
215,C-10215,Kairankulma Joensuu Asemakatu,Kairankulma,CHAIN_STORE,FI,Joensuu,80100,Rantatie 21,FI45973819,kairankulma.example,+358 40 525 7349,100000.00,60,0.0,9,2015-07-22,true
216,C-10216,Kairankulma Joensuu Hämeenkatu,Kairankulma,CHAIN_STORE,FI,Joensuu,80100,Torikatu 13,FI96955779,kairankulma.example,+358 40 808 4036,5000.00,45,2.0,8,2015-08-15,true
217,C-10217,Kairankulma Seinäjoki,Kairankulma,CHAIN_STORE,FI,Seinäjoki,60100,Puistokatu 72,FI67913442,kairankulma.example,+358 40 965 9426,15000.00,30,0.0,8,2015-04-17,true
218,C-10218,Kairankulma Joensuu Keskuskatu,Kairankulma,CHAIN_STORE,FI,Joensuu,80100,Puistokatu 36,FI51473696,kairankulma.example,+358 40 866 5189,5000.00,30,5.0,9,2015-04-05,true
219,C-10219,Kairankulma Kittilä,Kairankulma,CHAIN_STORE,FI,Kittilä,99100,Teollisuustie 56,FI68038546,kairankulma.example,+358 40 886 7326,100000.00,30,3.0,9,2015-11-10,true
220,C-10220,Östersund Scouts,,CLUB_OR_SCHOOL,SE,Östersund,831 30,Storgatan 118,SE400557321801,ostersund.scouts.example,+46 70 726 95 21,10000.00,30,0.0,9,2026-04-30,true
221,C-10221,Trail Sport & Fritid Oy,,INDEPENDENT,FI,Oulu,90100,Rantatie 24,FI28301002,trail.sport.fritid.example,+358 40 303 3949,5000.00,30,5.0,9,2021-01-15,true
222,C-10222,Schmidt Friluft GmbH,,INDEPENDENT,DE,Berlin,10115,Bergweg 105,DE256858063,schmidt.friluft.example,+49 40 0293531,40000.00,30,0.0,8,2019-12-18,true
223,C-10223,Vaara24 AS,,ONLINE,NO,Drammen,3015,Fjellveien 69,NO419444904MVA,vaara24.example,+47 916 04 549,60000.00,14,0.0,8,2020-01-09,true
224,C-10224,Aarhus Retki ApS,,INDEPENDENT,DK,Aarhus,8000,Østergade 3,DK05901535,aarhus.retki.example,+45 64 09 92 76,10000.00,45,7.5,8,2019-08-07,true
225,C-10225,Berlin Outfitters GmbH,,INDEPENDENT,DE,Berlin,10115,Am Markt 88,DE180387216,berlin.outfitters.example,+49 40 0596700,10000.00,30,0.0,9,2021-03-11,true
226,C-10226,Metsä Sport Oy,,INDEPENDENT,FI,Oulu,90100,Rantatie 45,FI33351000,metsa.sport.example,+358 40 104 3746,40000.00,30,0.0,9,2021-06-02,true
227,C-10227,Loiste Friluft Oy,,INDEPENDENT,FI,Jyväskylä,40100,Mannerheimintie 87,FI62349374,loiste.friluft.example,+358 40 555 2760,25000.00,30,0.0,10,2022-09-04,true
228,C-10228,Johansson Outdoor AB,,INDEPENDENT,SE,Gävle,803 20,Järnvägsgatan 2,SE287744473801,johansson.outdoor.example,+46 70 209 73 12,40000.00,30,10.0,8,2020-08-31,true
229,C-10229,Ridge24 AS,,ONLINE,NO,Lillehammer,2609,Storgata 69,NO606925773MVA,ridge24.example,+47 935 92 631,10000.00,30,7.5,10,2023-04-01,true
230,C-10230,Vinter Trekking AS,,INDEPENDENT,NO,Hamar,2317,Skoleveien 43,NO080450168MVA,vinter.trekking.example,+47 956 32 232,40000.00,45,0.0,9,2025-09-14,true
231,C-10231,Falun Rental AB,,RENTAL_OUTFITTER,SE,Falun,791 71,Fjällvägen 58,SE311038656201,falun.rental.example,+46 70 708 15 72,25000.00,30,5.0,9,2021-06-30,true
232,C-10232,Seinäjoki Urheilu Oy,,INDEPENDENT,FI,Seinäjoki,60100,Kauppakatu 43,FI68762404,seinajoki.urheilu.example,+358 40 480 2926,25000.00,30,0.0,9,2024-12-06,true
233,C-10233,Stavanger Guides AS,,RENTAL_OUTFITTER,NO,Stavanger,4006,Kirkegata 76,NO401693277MVA,stavanger.guides.example,+47 936 18 030,10000.00,45,2.0,9,2023-09-20,true
234,C-10234,Rakka Fritid GmbH,,INDEPENDENT,DE,Hamburg,20095,Hauptstraße 9,DE552404718,rakka.fritid.example,+49 40 0770673,10000.00,45,10.0,9,2021-02-04,true
235,C-10235,Aapagear AB,,ONLINE,SE,Karlstad,652 24,Fjällvägen 10,SE409752918401,aapagear.example,+46 70 217 40 46,60000.00,14,5.0,9,2026-06-02,true
236,C-10236,Nietos Retki AS,,DEPARTMENT_STORE,NO,Tromsø,9008,Torggata 112,NO561768845MVA,nietos.retki.example,+47 906 13 193,10000.00,30,0.0,10,2025-04-30,false
237,C-10237,Kristiansen Urheilu AS,,INDEPENDENT,NO,Tromsø,9008,Havnegata 98,NO748500196MVA,kristiansen.urheilu.example,+47 955 41 851,15000.00,60,0.0,8,2020-05-18,true
238,C-10238,Larsen Urheilu AS,,DEPARTMENT_STORE,NO,Bergen,5003,Industriveien 46,NO597642271MVA,larsen.urheilu.example,+47 948 32 225,60000.00,14,7.5,9,2015-12-29,true
239,C-10239,Kittilä Expeditions Oy,,RENTAL_OUTFITTER,FI,Kittilä,99100,Mannerheimintie 10,FI22666375,kittila.expeditions.example,+358 40 789 4078,100000.00,60,10.0,9,2025-01-12,true
240,C-10240,Lindberg Outdoor AB,,INDEPENDENT,SE,Linköping,582 22,Hamngatan 7,SE124814637601,lindberg.outdoor.example,+46 70 965 35 74,5000.00,30,0.0,9,2018-02-09,true
241,C-10241,Kuopio Guides Oy,,RENTAL_OUTFITTER,FI,Kuopio,70100,Mannerheimintie 108,FI59702300,kuopio.guides.example,+358 40 673 8930,10000.00,30,7.5,10,2018-07-13,true
242,C-10242,Kaira Outfitters Oy,,INDEPENDENT,FI,Vaasa,65100,Torikatu 27,FI01109699,kaira.outfitters.example,+358 40 264 5090,5000.00,30,0.0,9,2015-05-10,true
243,C-10243,Trail Adventure GmbH,,INDEPENDENT,DE,Kiel,24103,Hafenstraße 100,DE532820770,trail.adventure.example,+49 40 9273499,25000.00,30,10.0,8,2023-02-01,true
244,C-10244,Copenhagen Urheilu ApS,,INDEPENDENT,DK,Copenhagen,1050,Østergade 57,DK87304245,copenhagen.urheilu.example,+45 13 83 63 13,60000.00,30,12.0,9,2021-01-19,false
245,C-10245,Kayak Fritid Oy,,INDEPENDENT,FI,Turku,20100,Torikatu 107,FI42327762,kayak.fritid.example,+358 40 159 3756,25000.00,14,7.5,10,2024-09-12,true
246,C-10246,Uppsala Outdoor AB,,INDEPENDENT,SE,Uppsala,753 10,Järnvägsgatan 113,SE100474401301,uppsala.outdoor.example,+46 70 848 73 03,15000.00,30,2.0,10,2019-08-30,true
247,C-10247,Åberg Outdoor AB,,INDEPENDENT,SE,Kiruna,981 31,Norra Esplanaden 66,SE884467111601,aberg.outdoor.example,+46 70 745 29 19,100000.00,14,3.0,10,2019-11-19,true
248,C-10248,Helsinki Guides Oy,,RENTAL_OUTFITTER,FI,Helsinki,00100,Keskuskatu 104,FI43659154,helsinki.guides.example,+358 40 101 8673,15000.00,30,0.0,9,2021-12-14,true
249,C-10249,Aapa Trekking AS,,INDEPENDENT,NO,Stavanger,4006,Skoleveien 89,NO066782628MVA,aapa.trekking.example,+47 952 46 241,5000.00,60,0.0,10,2018-05-04,true
250,C-10250,Nietosgear Oy,,ONLINE,FI,Kokkola,67100,Teollisuustie 29,FI18475541,nietosgear.example,+358 40 711 3166,25000.00,30,0.0,8,2022-07-27,true
251,C-10251,Falun Retki AB,,INDEPENDENT,SE,Falun,791 71,Norra Esplanaden 29,SE985712609901,falun.retki.example,+46 70 425 20 66,25000.00,14,12.0,10,2023-07-28,true
252,C-10252,Forest Sports ApS,,INDEPENDENT,DK,Copenhagen,1050,Skolevej 33,DK58300300,forest.sports.example,+45 13 49 80 81,40000.00,14,0.0,10,2016-07-23,true
253,C-10253,Oslo Adventures AS,,RENTAL_OUTFITTER,NO,Oslo,0150,Fjellveien 107,NO825382291MVA,oslo.adventures.example,+47 971 93 134,15000.00,45,7.5,10,2016-10-11,true
254,C-10254,Rakka Urheilu Oy,,INDEPENDENT,FI,Tampere,33100,Rantatie 62,FI16660984,rakka.urheilu.example,+358 40 338 8469,15000.00,14,0.0,8,2018-05-02,false
255,C-10255,Ridge Outfitters Oy,,INDEPENDENT,FI,Helsinki,00100,Mannerheimintie 10,FI96674275,ridge.outfitters.example,+358 40 125 1938,40000.00,14,12.0,9,2025-06-02,true
256,C-10256,Karlsson Friluft AB,,INDEPENDENT,SE,Stockholm,111 20,Drottninggatan 15,SE985033472801,karlsson.friluft.example,+46 70 578 91 89,100000.00,60,12.0,8,2022-11-22,true
257,C-10257,Kalotti Camping Oy,,INDEPENDENT,FI,Kuopio,70100,Teollisuustie 57,FI64551294,kalotti.camping.example,+358 40 350 2983,100000.00,30,0.0,9,2016-10-04,true
258,C-10258,Hoffmann Friluft GmbH,,INDEPENDENT,DE,Flensburg,24937,Bahnhofstraße 14,DE627129960,hoffmann.friluft.example,+49 40 2746248,15000.00,30,7.5,9,2026-06-15,true
259,C-10259,Vidde Urheilu ApS,,INDEPENDENT,DK,Esbjerg,6700,Vestergade 118,DK50224618,vidde.urheilu.example,+45 35 68 15 80,10000.00,60,3.0,10,2020-04-08,true
260,C-10260,Jyväskylä Outdoor School,,CLUB_OR_SCHOOL,FI,Jyväskylä,40100,Puistokatu 114,FI87687296,jyvaskyla.outdoor.school.example,+358 40 301 7768,100000.00,45,0.0,10,2026-07-27,true
261,C-10261,Örebro Sports AB,,INDEPENDENT,SE,Örebro,702 11,Norra Esplanaden 11,SE302427082901,orebro.sports.example,+46 70 693 61 94,5000.00,30,12.0,9,2025-09-04,true
262,C-10262,Nietosgear AS,,ONLINE,NO,Oslo,0150,Strandveien 1,NO860304028MVA,nietosgear.example,+47 944 65 045,10000.00,30,12.0,9,2018-06-17,true
263,C-10263,Viddegear AB,,ONLINE,SE,Umeå,903 26,Hamngatan 65,SE558095104301,viddegear.example,+46 70 496 30 21,25000.00,30,5.0,9,2019-12-21,true
264,C-10264,Kuopio Adventures Oy,,RENTAL_OUTFITTER,FI,Kuopio,70100,Asemakatu 115,FI51711733,kuopio.adventures.example,+358 40 745 6180,100000.00,30,0.0,8,2024-11-06,true
265,C-10265,Kristiansen Friluft AS,,INDEPENDENT,NO,Tromsø,9008,Torggata 37,NO086823792MVA,kristiansen.friluft.example,+47 956 63 119,25000.00,30,0.0,10,2024-07-28,true
266,C-10266,Ilves Sport OÜ,,INDEPENDENT,EE,Tallinn,10111,Tartu mnt 62,EE358344345,ilves.sport.example,+372 5440 5825,15000.00,30,7.5,10,2026-03-20,true
267,C-10267,Viddestore GmbH,,ONLINE,DE,Flensburg,24937,Bahnhofstraße 78,DE516802675,viddestore.example,+49 40 4978322,10000.00,30,0.0,10,2025-05-25,true
268,C-10268,Summit24 AS,,ONLINE,NO,Ålesund,6002,Kirkegata 101,NO214692968MVA,summit24.example,+47 979 22 482,10000.00,14,7.5,8,2019-04-28,true
269,C-10269,Kaira24 ApS,,ONLINE,DK,Roskilde,4000,Nørregade 17,DK51159460,kaira24.example,+45 26 83 53 92,5000.00,30,5.0,9,2015-04-19,true
270,C-10270,Flensburg Outdoor GmbH,,INDEPENDENT,DE,Flensburg,24937,Hauptstraße 84,DE405076297,flensburg.outdoor.example,+49 40 5801348,100000.00,30,5.0,8,2021-11-09,true
271,C-10271,Kokkola Urheilu Oy,,INDEPENDENT,FI,Kokkola,67100,Puistokatu 83,FI69625108,kokkola.urheilu.example,+358 40 245 6155,15000.00,14,3.0,8,2020-11-10,true
272,C-10272,Arcticstore AS,,ONLINE,NO,Lillehammer,2609,Skoleveien 84,NO462161849MVA,arcticstore.example,+47 945 08 768,10000.00,14,2.0,9,2026-06-27,true
273,C-10273,Östersund Guides AB,,RENTAL_OUTFITTER,SE,Östersund,831 30,Hamngatan 62,SE527031206101,ostersund.guides.example,+46 70 291 39 75,40000.00,30,5.0,9,2026-06-10,true
274,C-10274,Jyväskylä Turutstyr Oy,,INDEPENDENT,FI,Jyväskylä,40100,Torikatu 117,FI74619567,jyvaskyla.turutstyr.example,+358 40 546 7965,100000.00,30,5.0,9,2016-09-15,true
275,C-10275,Vidde Sports AS,,INDEPENDENT,NO,Trondheim,7010,Industriveien 108,NO935950901MVA,vidde.sports.example,+47 935 18 553,15000.00,30,2.0,9,2023-11-15,true
276,C-10276,Rakka Turutstyr ApS,,INDEPENDENT,DK,Esbjerg,6700,Skolevej 109,DK68988839,rakka.turutstyr.example,+45 16 43 22 58,15000.00,30,12.0,8,2026-07-06,false
277,C-10277,Aarhus Sports ApS,,DEPARTMENT_STORE,DK,Aarhus,8000,Hovedgaden 93,DK03953488,aarhus.sports.example,+45 56 00 64 99,100000.00,30,7.5,8,2023-09-20,true
278,C-10278,Trail Adventure Oy,,DEPARTMENT_STORE,FI,Joensuu,80100,Torikatu 66,FI91201662,trail.adventure.example,+358 40 682 8947,5000.00,60,0.0,10,2015-09-11,true
279,C-10279,Metsä Friluft AS,,DEPARTMENT_STORE,NO,Trondheim,7010,Strandveien 89,NO165056352MVA,metsa.friluft.example,+47 983 94 578,40000.00,30,0.0,10,2025-03-31,true
280,C-10280,Seinäjoki Guides Oy,,RENTAL_OUTFITTER,FI,Seinäjoki,60100,Keskuskatu 119,FI59431201,seinajoki.guides.example,+358 40 494 6307,15000.00,45,5.0,10,2021-04-16,true
281,C-10281,Kayak Urheilu Oy,,INDEPENDENT,FI,Tampere,33100,Keskuskatu 25,FI26660665,kayak.urheilu.example,+358 40 770 0107,100000.00,14,5.0,8,2023-04-19,true
282,C-10282,Kuopio Urheilu Oy,,INDEPENDENT,FI,Kuopio,70100,Rantatie 70,FI66392762,kuopio.urheilu.example,+358 40 877 7252,40000.00,30,3.0,9,2018-11-30,true
283,C-10283,Compass Sport ApS,,INDEPENDENT,DK,Aarhus,8000,Østergade 110,DK85192368,compass.sport.example,+45 22 74 28 64,15000.00,45,7.5,10,2023-01-03,true
284,C-10284,Nietos Outfitters AB,,INDEPENDENT,SE,Göteborg,411 04,Storgatan 86,SE466873031701,nietos.outfitters.example,+46 70 355 89 31,10000.00,14,0.0,10,2015-01-30,true
285,C-10285,Olsson Sport AB,,INDEPENDENT,SE,Stockholm,111 20,Industrivägen 40,SE664817086501,olsson.sport.example,+46 70 662 44 30,10000.00,30,0.0,8,2023-07-10,true
286,C-10286,Tromsø Urheilu AS,,INDEPENDENT,NO,Tromsø,9008,Torggata 4,NO924738343MVA,tromso.urheilu.example,+47 911 86 034,10000.00,30,2.0,10,2023-11-10,true
287,C-10287,Kuopio Rental Oy,,RENTAL_OUTFITTER,FI,Kuopio,70100,Teollisuustie 73,FI50549865,kuopio.rental.example,+358 40 000 5824,15000.00,30,2.0,10,2026-07-14,true
288,C-10288,Åre Rental AB,,RENTAL_OUTFITTER,SE,Åre,837 52,Fjällvägen 100,SE111823925201,are.rental.example,+46 70 388 31 71,60000.00,60,12.0,9,2026-03-19,true
289,C-10289,Roskilde Expeditions ApS,,RENTAL_OUTFITTER,DK,Roskilde,4000,Nørregade 32,DK53904907,roskilde.expeditions.example,+45 34 20 23 55,5000.00,60,12.0,10,2021-03-01,true
290,C-10290,Luleå Outdoor AB,,INDEPENDENT,SE,Luleå,972 31,Skolgatan 97,SE668622266401,lulea.outdoor.example,+46 70 953 29 24,15000.00,60,0.0,8,2019-11-23,true
291,C-10291,Polarstore Oy,,ONLINE,FI,Kittilä,99100,Puistokatu 104,FI32876874,polarstore.example,+358 40 273 9428,15000.00,60,2.0,8,2022-06-07,true
292,C-10292,Esbjerg Urheilu ApS,,DEPARTMENT_STORE,DK,Esbjerg,6700,Vestergade 35,DK32091987,esbjerg.urheilu.example,+45 70 06 67 26,25000.00,30,0.0,9,2025-01-10,false
293,C-10293,Nielsen Outdoor ApS,,INDEPENDENT,DK,Roskilde,4000,Hovedgaden 16,DK62275268,nielsen.outdoor.example,+45 95 93 72 31,15000.00,45,0.0,8,2021-03-22,true
294,C-10294,Loiste Camping ApS,,INDEPENDENT,DK,Kolding,6000,Nørregade 82,DK66242120,loiste.camping.example,+45 84 60 45 28,10000.00,60,0.0,9,2026-06-28,true
295,C-10295,Loistestore AS,,ONLINE,NO,Bodø,8006,Industriveien 29,NO709448563MVA,loistestore.example,+47 985 55 868,10000.00,30,0.0,8,2020-02-11,true
296,C-10296,Lahti Expeditions Oy,,RENTAL_OUTFITTER,FI,Lahti,15100,Mannerheimintie 99,FI84785880,lahti.expeditions.example,+358 40 546 3256,10000.00,30,2.0,9,2025-03-10,true
297,C-10297,Ålesund Alpine Club,,CLUB_OR_SCHOOL,NO,Ålesund,6002,Torggata 17,NO763049832MVA,alesund.alpine.club.example,+47 925 13 641,25000.00,30,0.0,10,2015-08-02,true
298,C-10298,Rakka Turutstyr Oy,,INDEPENDENT,FI,Turku,20100,Hämeenkatu 13,FI76689486,rakka.turutstyr.example,+358 40 407 5700,25000.00,30,0.0,10,2023-11-30,true
299,C-10299,Bakke Outdoor AS,,DEPARTMENT_STORE,NO,Ålesund,6002,Kirkegata 83,NO837210562MVA,bakke.outdoor.example,+47 988 23 411,5000.00,14,5.0,10,2022-05-27,true
300,C-10300,Rakkastore AB,,ONLINE,SE,Kiruna,981 31,Järnvägsgatan 1,SE622390899601,rakkastore.example,+46 70 813 95 80,15000.00,45,3.0,8,2020-04-20,true
301,C-10301,Koskinen Sport Oy,,INDEPENDENT,FI,Kuopio,70100,Kauppakatu 94,FI06692127,koskinen.sport.example,+358 40 978 2086,15000.00,30,3.0,8,2021-07-11,false
302,C-10302,Salminen Sport Oy,,INDEPENDENT,FI,Vaasa,65100,Asemakatu 118,FI77130787,salminen.sport.example,+358 40 416 6745,25000.00,30,3.0,10,2020-03-09,true
303,C-10303,Rovaniemi Adventures Oy,,RENTAL_OUTFITTER,FI,Rovaniemi,96100,Rantatie 40,FI65664043,rovaniemi.adventures.example,+358 40 969 5113,25000.00,45,3.0,8,2026-07-28,true
304,C-10304,Vinter Urheilu AB,,INDEPENDENT,SE,Malmö,211 20,Kungsgatan 26,SE319487902801,vinter.urheilu.example,+46 70 991 46 05,100000.00,30,2.0,10,2023-07-23,true
305,C-10305,Niemi Sport Oy,,INDEPENDENT,FI,Kokkola,67100,Asemakatu 119,FI78505603,niemi.sport.example,+358 40 143 7282,60000.00,45,2.0,8,2025-10-15,true
306,C-10306,Trondheim Adventures AS,,RENTAL_OUTFITTER,NO,Trondheim,7010,Industriveien 100,NO219438058MVA,trondheim.adventures.example,+47 958 19 262,40000.00,30,7.5,10,2019-11-10,true
307,C-10307,Erä Urheilu AB,,INDEPENDENT,SE,Kiruna,981 31,Järnvägsgatan 82,SE522165240201,era.urheilu.example,+46 70 596 90 37,5000.00,30,0.0,10,2019-04-26,true
308,C-10308,Arctic Fritid AB,,INDEPENDENT,SE,Sundsvall,852 30,Kungsgatan 28,SE836075450101,arctic.fritid.example,+46 70 346 10 54,5000.00,45,12.0,8,2016-01-21,true
309,C-10309,Aurora Sport & Fritid Oy,,INDEPENDENT,FI,Helsinki,00100,Rantatie 17,FI33981492,aurora.sport.fritid.example,+358 40 703 8601,100000.00,60,5.0,9,2026-02-13,true
310,C-10310,Turku Adventures Oy,,RENTAL_OUTFITTER,FI,Turku,20100,Torikatu 64,FI47900925,turku.adventures.example,+358 40 854 7818,40000.00,60,10.0,8,2023-07-09,true
311,C-10311,Nordlys Friluft AB,,DEPARTMENT_STORE,SE,Östersund,831 30,Järnvägsgatan 49,SE446230321501,nordlys.friluft.example,+46 70 847 42 60,25000.00,30,0.0,9,2021-10-10,true
312,C-10312,Stavanger Friluft AS,,INDEPENDENT,NO,Stavanger,4006,Industriveien 19,NO145828530MVA,stavanger.friluft.example,+47 996 89 993,40000.00,60,5.0,9,2016-01-12,true
313,C-10313,Trail Friluft Oy,,INDEPENDENT,FI,Turku,20100,Yliopistonkatu 45,FI87704348,trail.friluft.example,+358 40 421 7893,10000.00,30,0.0,8,2024-01-21,true
314,C-10314,Hiker's Outfitters AB,,DEPARTMENT_STORE,SE,Uppsala,753 10,Storgatan 27,SE585122173401,hikers.outfitters.example,+46 70 920 71 38,100000.00,30,5.0,9,2018-03-11,true
315,C-10315,Trail Sport ApS,,INDEPENDENT,DK,Kolding,6000,Skolevej 36,DK74907717,trail.sport.example,+45 35 55 40 57,10000.00,30,7.5,8,2022-11-03,true
316,C-10316,Aurora Turutstyr AB,,INDEPENDENT,SE,Uppsala,753 10,Storgatan 58,SE873753056401,aurora.turutstyr.example,+46 70 435 82 29,100000.00,30,10.0,8,2020-04-23,true
317,C-10317,Lehtonen Urheilu Oy,,DEPARTMENT_STORE,FI,Rovaniemi,96100,Rantatie 97,FI75237174,lehtonen.urheilu.example,+358 40 092 1171,15000.00,45,7.5,10,2016-09-06,true
318,C-10318,Forest Urheilu AS,,INDEPENDENT,NO,Bodø,8006,Havnegata 12,NO413955731MVA,forest.urheilu.example,+47 980 79 406,25000.00,30,7.5,8,2022-03-01,true
319,C-10319,Kalottistore AB,,ONLINE,SE,Falun,791 71,Kungsgatan 111,SE391791818801,kalottistore.example,+46 70 734 15 83,60000.00,30,3.0,9,2026-02-18,true
320,C-10320,Munich Guides GmbH,,RENTAL_OUTFITTER,DE,Munich,80331,Bahnhofstraße 95,DE747761798,munich.guides.example,+49 40 7369510,25000.00,30,0.0,8,2023-04-08,true
321,C-10321,Aurorashop AB,,ONLINE,SE,Stockholm,111 20,Kungsgatan 119,SE542857420501,aurorashop.example,+46 70 960 98 33,60000.00,14,3.0,9,2015-10-27,true
322,C-10322,Roskilde Alpine Club,,CLUB_OR_SCHOOL,DK,Roskilde,4000,Havnevej 82,DK80582719,roskilde.alpine.club.example,+45 92 17 91 64,40000.00,30,5.0,8,2025-12-30,true
323,C-10323,Kalotti Camping AB,,INDEPENDENT,SE,Åre,837 52,Fjällvägen 63,SE276735511901,kalotti.camping.example,+46 70 968 05 85,15000.00,60,12.0,9,2020-07-08,true
324,C-10324,Johansen Outdoor AS,,DEPARTMENT_STORE,NO,Tromsø,9008,Storgata 9,NO702701437MVA,johansen.outdoor.example,+47 976 70 337,10000.00,14,10.0,8,2017-01-11,false
325,C-10325,Nietos Urheilu ApS,,INDEPENDENT,DK,Odense,5000,Nørregade 72,DK60361443,nietos.urheilu.example,+45 83 65 55 17,15000.00,60,5.0,10,2015-08-19,true
326,C-10326,Madsen Sport ApS,,INDEPENDENT,DK,Kolding,6000,Nørregade 24,DK00729153,madsen.sport.example,+45 17 05 06 53,10000.00,45,7.5,10,2016-08-19,true
327,C-10327,Espoo Friluft Oy,,INDEPENDENT,FI,Espoo,02100,Rantatie 29,FI52149783,espoo.friluft.example,+358 40 541 2154,60000.00,30,0.0,8,2023-05-22,true
328,C-10328,Kalotti Outdoor AB,,INDEPENDENT,SE,Uppsala,753 10,Drottninggatan 46,SE948443521001,kalotti.outdoor.example,+46 70 725 14 91,15000.00,14,0.0,8,2021-01-05,true
329,C-10329,Seinäjoki Outdoor School,,CLUB_OR_SCHOOL,FI,Seinäjoki,60100,Yliopistonkatu 40,FI80340054,seinajoki.outdoor.school.example,+358 40 832 7474,25000.00,30,3.0,10,2025-06-20,true
330,C-10330,Aalborg Adventures ApS,,RENTAL_OUTFITTER,DK,Aalborg,9000,Hovedgaden 60,DK89882599,aalborg.adventures.example,+45 42 94 91 56,10000.00,14,5.0,9,2026-02-18,true
331,C-10331,Arctic Urheilu Oy,,INDEPENDENT,FI,Hämeenlinna,13100,Asemakatu 43,FI95287008,arctic.urheilu.example,+358 40 363 9729,5000.00,30,10.0,8,2015-09-10,true
332,C-10332,Haugen Outdoor AS,,INDEPENDENT,NO,Drammen,3015,Torggata 98,NO416791990MVA,haugen.outdoor.example,+47 943 21 014,10000.00,30,5.0,10,2018-05-01,true
333,C-10333,Gävle Camping AB,,INDEPENDENT,SE,Gävle,803 20,Kungsgatan 3,SE310650204101,gavle.camping.example,+46 70 181 34 87,100000.00,30,0.0,8,2023-09-11,true
334,C-10334,Hämeenlinna Adventures Oy,,RENTAL_OUTFITTER,FI,Hämeenlinna,13100,Kauppakatu 111,FI60252669,hameenlinna.adventures.example,+358 40 540 4318,10000.00,30,0.0,8,2018-01-16,true
335,C-10335,Göteborg Sport AB,,DEPARTMENT_STORE,SE,Göteborg,411 04,Hamngatan 55,SE335574481601,goteborg.sport.example,+46 70 115 11 22,100000.00,30,0.0,9,2021-05-11,false
336,C-10336,Stockholm Scouts,,CLUB_OR_SCHOOL,SE,Stockholm,111 20,Drottninggatan 20,SE421431301601,stockholm.scouts.example,+46 70 200 09 24,5000.00,30,7.5,10,2017-04-05,true
337,C-10337,Rasmussen Urheilu ApS,,DEPARTMENT_STORE,DK,Roskilde,4000,Nørregade 60,DK63223594,rasmussen.urheilu.example,+45 31 13 70 02,25000.00,30,10.0,8,2015-12-20,true
338,C-10338,Gävle Fritid AB,,INDEPENDENT,SE,Gävle,803 20,Storgatan 97,SE367855697801,gavle.fritid.example,+46 70 609 42 94,60000.00,45,0.0,8,2017-05-16,true
339,C-10339,Roskilde Camping ApS,,INDEPENDENT,DK,Roskilde,4000,Nørregade 21,DK10255827,roskilde.camping.example,+45 97 68 58 60,5000.00,45,0.0,8,2020-08-21,true
340,C-10340,Karlsson Urheilu AB,,INDEPENDENT,SE,Sundsvall,852 30,Drottninggatan 117,SE120019857901,karlsson.urheilu.example,+46 70 237 82 70,60000.00,60,0.0,8,2025-04-06,true
341,C-10341,Luleå Scouts,,CLUB_OR_SCHOOL,SE,Luleå,972 31,Skolgatan 120,SE465636658801,lulea.scouts.example,+46 70 250 08 80,40000.00,30,5.0,9,2023-03-28,true
342,C-10342,Kaamos Fritid AB,,INDEPENDENT,SE,Göteborg,411 04,Norra Esplanaden 82,SE611721825101,kaamos.fritid.example,+46 70 062 81 31,40000.00,30,5.0,9,2026-01-28,true
343,C-10343,Thomsen Sport ApS,,INDEPENDENT,DK,Aarhus,8000,Hovedgaden 64,DK20617824,thomsen.sport.example,+45 21 10 11 85,40000.00,30,10.0,10,2022-06-08,true
344,C-10344,Berlin Retki GmbH,,INDEPENDENT,DE,Berlin,10115,Hauptstraße 78,DE881945962,berlin.retki.example,+49 40 9013991,15000.00,30,5.0,10,2020-05-07,true
345,C-10345,Ålesund Adventures AS,,RENTAL_OUTFITTER,NO,Ålesund,6002,Industriveien 102,NO929936519MVA,alesund.adventures.example,+47 934 38 566,60000.00,30,3.0,9,2026-02-14,true
346,C-10346,Kristiansen Outdoor AS,,INDEPENDENT,NO,Lillehammer,2609,Skoleveien 7,NO756701208MVA,kristiansen.outdoor.example,+47 977 58 758,60000.00,60,5.0,9,2018-10-23,true
347,C-10347,Virtanen Urheilu Oy,,INDEPENDENT,FI,Helsinki,00100,Teollisuustie 77,FI87324191,virtanen.urheilu.example,+358 40 599 5891,25000.00,45,12.0,8,2021-07-20,true
348,C-10348,Holm Outdoor AB,,INDEPENDENT,SE,Stockholm,111 20,Kungsgatan 91,SE511832567801,holm.outdoor.example,+46 70 078 43 23,40000.00,30,7.5,9,2022-07-16,true
349,C-10349,Lakestore ApS,,ONLINE,DK,Aarhus,8000,Havnevej 84,DK29630830,lakestore.example,+45 32 78 88 58,100000.00,14,3.0,8,2016-07-19,true
350,C-10350,Roskilde Turutstyr ApS,,INDEPENDENT,DK,Roskilde,4000,Skolevej 5,DK56627365,roskilde.turutstyr.example,+45 25 26 73 64,15000.00,30,0.0,10,2021-05-27,true
351,C-10351,Nordlysshop AB,,ONLINE,SE,Stockholm,111 20,Järnvägsgatan 16,SE304686418001,nordlysshop.example,+46 70 774 09 31,40000.00,30,0.0,8,2015-03-12,true
352,C-10352,Copenhagen Scouts,,CLUB_OR_SCHOOL,DK,Copenhagen,1050,Østergade 111,DK34031552,copenhagen.scouts.example,+45 04 93 34 44,40000.00,60,0.0,8,2023-08-09,true
353,C-10353,Seinäjoki Adventures Oy,,RENTAL_OUTFITTER,FI,Seinäjoki,60100,Mannerheimintie 63,FI86388195,seinajoki.adventures.example,+358 40 572 2301,15000.00,45,5.0,10,2021-11-19,true
354,C-10354,Kuusamo Adventure Oy,,INDEPENDENT,FI,Kuusamo,93600,Puistokatu 11,FI72285420,kuusamo.adventure.example,+358 40 719 9180,5000.00,45,2.0,9,2020-05-08,true
355,C-10355,Fjällshop AB,,ONLINE,SE,Uppsala,753 10,Skolgatan 1,SE350749629201,fjallshop.example,+46 70 640 24 44,60000.00,30,12.0,9,2023-02-18,true
356,C-10356,Trondheim Retki AS,,INDEPENDENT,NO,Trondheim,7010,Strandveien 20,NO976519952MVA,trondheim.retki.example,+47 954 26 127,5000.00,30,2.0,9,2024-06-24,true
357,C-10357,Ruska Sport Oy,,INDEPENDENT,FI,Vaasa,65100,Torikatu 53,FI13032909,ruska.sport.example,+358 40 216 1630,40000.00,45,0.0,9,2021-11-16,true
358,C-10358,Linköping Outfitters AB,,INDEPENDENT,SE,Linköping,582 22,Storgatan 66,SE083039631801,linkoping.outfitters.example,+46 70 037 51 14,25000.00,14,7.5,10,2015-03-13,true
359,C-10359,Kalotti Outdoor OÜ,,INDEPENDENT,EE,Tallinn,10111,Sadama tn 39,EE308700931,kalotti.outdoor.example,+372 5422 9971,100000.00,30,10.0,10,2020-03-27,true
360,C-10360,Koch Outdoor GmbH,,INDEPENDENT,DE,Berlin,10115,Bahnhofstraße 31,DE611130788,koch.outdoor.example,+49 40 6769072,5000.00,30,5.0,8,2016-07-20,true
361,C-10361,Poulsen Friluft ApS,,INDEPENDENT,DK,Copenhagen,1050,Industrivej 43,DK20391287,poulsen.friluft.example,+45 66 42 11 38,5000.00,45,3.0,10,2016-03-29,true
362,C-10362,Alta Alpine Club,,CLUB_OR_SCHOOL,NO,Alta,9510,Storgata 116,NO334799049MVA,alta.alpine.club.example,+47 990 63 527,40000.00,60,5.0,8,2016-02-29,true
363,C-10363,Falun Fritid AB,,INDEPENDENT,SE,Falun,791 71,Storgatan 25,SE438933209501,falun.fritid.example,+46 70 449 92 14,10000.00,45,0.0,10,2022-05-11,true
364,C-10364,Erä Adventure AB,,INDEPENDENT,SE,Linköping,582 22,Drottninggatan 48,SE879341644101,era.adventure.example,+46 70 564 82 56,15000.00,30,5.0,9,2025-01-20,true
365,C-10365,Forestgear AB,,ONLINE,SE,Örebro,702 11,Drottninggatan 70,SE169843878301,forestgear.example,+46 70 104 72 90,25000.00,30,0.0,8,2020-10-19,true
366,C-10366,Nietos Outdoor Oy,,INDEPENDENT,FI,Turku,20100,Hämeenkatu 6,FI58005444,nietos.outdoor.example,+358 40 601 5832,60000.00,60,7.5,8,2015-05-29,true
367,C-10367,Kerostore ApS,,ONLINE,DK,Esbjerg,6700,Hovedgaden 111,DK11890768,kerostore.example,+45 54 37 90 52,100000.00,14,12.0,9,2020-06-28,true
368,C-10368,Skog Trekking AS,,INDEPENDENT,NO,Alta,9510,Fjellveien 69,NO841019699MVA,skog.trekking.example,+47 977 80 977,25000.00,45,0.0,9,2021-03-23,true
369,C-10369,Selkä Sport & Fritid AS,,DEPARTMENT_STORE,NO,Tromsø,9008,Fjellveien 49,NO175038120MVA,selka.sport.fritid.example,+47 967 34 566,60000.00,30,7.5,8,2017-11-23,true
370,C-10370,Fjord24 ApS,,ONLINE,DK,Odense,5000,Nørregade 75,DK86399767,fjord24.example,+45 49 47 42 63,100000.00,45,0.0,10,2022-11-28,true
371,C-10371,Vaara Camping Oy,,INDEPENDENT,FI,Jyväskylä,40100,Kauppakatu 119,FI21156860,vaara.camping.example,+358 40 994 8928,40000.00,30,5.0,8,2021-04-08,true
372,C-10372,Åre Fritid AB,,INDEPENDENT,SE,Åre,837 52,Hamngatan 37,SE847290621401,are.fritid.example,+46 70 348 91 28,25000.00,60,3.0,9,2026-06-26,true
373,C-10373,Ruska Camping AB,,INDEPENDENT,SE,Örebro,702 11,Drottninggatan 78,SE063444474301,ruska.camping.example,+46 70 132 97 04,60000.00,30,5.0,10,2018-09-01,true
374,C-10374,Fjäll Sport AB,,INDEPENDENT,SE,Malmö,211 20,Industrivägen 51,SE668745396601,fjall.sport.example,+46 70 710 19 90,60000.00,30,3.0,9,2020-02-19,true
375,C-10375,Hiker's Friluft AS,,INDEPENDENT,NO,Bodø,8006,Storgata 50,NO931912293MVA,hikers.friluft.example,+47 921 49 038,60000.00,30,10.0,10,2023-09-24,true
376,C-10376,Östersund Turutstyr AB,,INDEPENDENT,SE,Östersund,831 30,Fjällvägen 54,SE701616473501,ostersund.turutstyr.example,+46 70 299 20 85,10000.00,60,0.0,8,2015-07-11,true
377,C-10377,Kristiansand Scouts,,CLUB_OR_SCHOOL,NO,Kristiansand,4610,Fjellveien 41,NO330740819MVA,kristiansand.scouts.example,+47 902 06 867,10000.00,60,5.0,8,2026-02-08,true
378,C-10378,Ruska Sport ApS,,INDEPENDENT,DK,Odense,5000,Vestergade 17,DK36571245,ruska.sport.example,+45 89 54 30 66,5000.00,45,5.0,8,2018-09-27,true
379,C-10379,Kolding Fritid ApS,,INDEPENDENT,DK,Kolding,6000,Vestergade 94,DK47877561,kolding.fritid.example,+45 91 83 70 67,60000.00,30,5.0,9,2016-12-22,true
380,C-10380,Örebro Outdoor School,,CLUB_OR_SCHOOL,SE,Örebro,702 11,Skolgatan 67,SE087994747401,orebro.outdoor.school.example,+46 70 236 57 77,10000.00,30,10.0,9,2025-05-01,true
381,C-10381,Compassshop Oy,,ONLINE,FI,Helsinki,00100,Rantatie 22,FI62684290,compassshop.example,+358 40 607 9083,60000.00,60,7.5,8,2022-04-13,true
382,C-10382,Tartu Sports OÜ,,INDEPENDENT,EE,Tartu,51003,Narva mnt 62,EE190453725,tartu.sports.example,+372 5927 8827,100000.00,30,0.0,9,2023-04-10,true
383,C-10383,Hamar Expeditions AS,,RENTAL_OUTFITTER,NO,Hamar,2317,Industriveien 3,NO967497409MVA,hamar.expeditions.example,+47 919 08 032,15000.00,60,0.0,10,2021-06-25,true
384,C-10384,Fjäll Sports Oy,,INDEPENDENT,FI,Helsinki,00100,Rantatie 28,FI18557787,fjall.sports.example,+358 40 867 1628,60000.00,45,10.0,10,2021-06-07,true
385,C-10385,Aurorashop AS,,ONLINE,NO,Tromsø,9008,Strandveien 84,NO955411068MVA,aurorashop.example,+47 938 00 137,5000.00,60,5.0,8,2020-11-15,true
386,C-10386,Jyväskylä Alpine Club,,CLUB_OR_SCHOOL,FI,Jyväskylä,40100,Hämeenkatu 2,FI84009582,jyvaskyla.alpine.club.example,+358 40 847 0459,5000.00,45,12.0,8,2024-07-10,true
387,C-10387,Trailshop AS,,ONLINE,NO,Alta,9510,Havnegata 117,NO305173065MVA,trailshop.example,+47 945 67 469,25000.00,30,12.0,9,2022-04-17,true
388,C-10388,Tartu Outdoor School,,CLUB_OR_SCHOOL,EE,Tartu,51003,Narva mnt 80,EE320626407,tartu.outdoor.school.example,+372 5644 6055,15000.00,30,7.5,9,2015-11-09,true
389,C-10389,Olsen Urheilu AS,,INDEPENDENT,NO,Bodø,8006,Havnegata 60,NO477564475MVA,olsen.urheilu.example,+47 999 54 135,25000.00,30,0.0,9,2015-02-18,true
390,C-10390,Hamar Friluft AS,,INDEPENDENT,NO,Hamar,2317,Skoleveien 91,NO573335447MVA,hamar.friluft.example,+47 903 49 769,25000.00,30,10.0,10,2020-06-30,true
391,C-10391,Roskilde Rental ApS,,RENTAL_OUTFITTER,DK,Roskilde,4000,Havnevej 8,DK68510589,roskilde.rental.example,+45 02 57 04 72,40000.00,45,3.0,8,2024-04-21,true
392,C-10392,Bergen Guides AS,,RENTAL_OUTFITTER,NO,Bergen,5003,Kirkegata 116,NO243450014MVA,bergen.guides.example,+47 944 21 204,25000.00,60,10.0,10,2026-01-07,true
393,C-10393,Kayak Retki Oy,,INDEPENDENT,FI,Turku,20100,Keskuskatu 106,FI00237002,kayak.retki.example,+358 40 493 2732,5000.00,30,0.0,10,2025-06-07,true
394,C-10394,Ridge Friluft Oy,,INDEPENDENT,FI,Kittilä,99100,Teollisuustie 28,FI94735316,ridge.friluft.example,+358 40 296 5298,60000.00,45,3.0,8,2023-08-06,true
395,C-10395,Stavanger Expeditions AS,,RENTAL_OUTFITTER,NO,Stavanger,4006,Storgata 53,NO274717753MVA,stavanger.expeditions.example,+47 905 75 420,25000.00,30,2.0,8,2025-04-21,true
396,C-10396,Kristiansand Camping AS,,INDEPENDENT,NO,Kristiansand,4610,Torggata 4,NO551051908MVA,kristiansand.camping.example,+47 935 61 511,15000.00,30,5.0,10,2025-01-17,true
397,C-10397,Summit Turutstyr Oy,,INDEPENDENT,FI,Oulu,90100,Rantatie 41,FI75454697,summit.turutstyr.example,+358 40 101 9635,40000.00,30,5.0,9,2026-07-11,true
398,C-10398,Nietos Camping OÜ,,INDEPENDENT,EE,Pärnu,80010,Pärnu mnt 16,EE248092445,nietos.camping.example,+372 5644 7802,60000.00,30,0.0,9,2024-05-12,true
399,C-10399,Tromsø Expeditions AS,,RENTAL_OUTFITTER,NO,Tromsø,9008,Havnegata 116,NO457418112MVA,tromso.expeditions.example,+47 936 12 908,25000.00,30,5.0,9,2022-03-18,true
400,C-10400,Lundqvist Outdoor AB,,INDEPENDENT,SE,Åre,837 52,Norra Esplanaden 9,SE524813764801,lundqvist.outdoor.example,+46 70 187 60 42,5000.00,14,2.0,9,2018-10-05,false
401,C-10401,Korhonen Friluft Oy,,INDEPENDENT,FI,Lahti,15100,Hämeenkatu 40,FI85991730,korhonen.friluft.example,+358 40 750 0975,100000.00,30,2.0,8,2025-11-13,true
402,C-10402,Loiste Sport ApS,,INDEPENDENT,DK,Aarhus,8000,Industrivej 49,DK42367309,loiste.sport.example,+45 33 50 50 51,5000.00,14,5.0,9,2023-02-06,true
403,C-10403,Kuusamo Camping Oy,,INDEPENDENT,FI,Kuusamo,93600,Rantatie 71,FI88100590,kuusamo.camping.example,+358 40 724 4919,15000.00,14,5.0,9,2017-06-29,true
404,C-10404,Helsinki Camping Oy,,INDEPENDENT,FI,Helsinki,00100,Puistokatu 8,FI14103383,helsinki.camping.example,+358 40 930 4593,100000.00,60,7.5,9,2018-09-22,false
405,C-10405,Gustafsson Urheilu AB,,INDEPENDENT,SE,Umeå,903 26,Norra Esplanaden 105,SE059071093101,gustafsson.urheilu.example,+46 70 770 90 39,15000.00,30,10.0,9,2019-03-30,true
406,C-10406,Andersson Urheilu AB,,INDEPENDENT,SE,Göteborg,411 04,Skolgatan 105,SE078521143201,andersson.urheilu.example,+46 70 310 48 40,60000.00,60,0.0,10,2023-11-03,true
407,C-10407,Polarstore AB,,ONLINE,SE,Kiruna,981 31,Norra Esplanaden 1,SE672607370601,polarstore.example,+46 70 476 19 72,10000.00,60,10.0,10,2022-02-15,true
408,C-10408,Pärnu Outdoor School,,CLUB_OR_SCHOOL,EE,Pärnu,80010,Narva mnt 112,EE041575704,parnu.outdoor.school.example,+372 5739 3777,10000.00,30,12.0,9,2024-10-18,true
409,C-10409,Joensuu Retki Oy,,INDEPENDENT,FI,Joensuu,80100,Hämeenkatu 89,FI31978551,joensuu.retki.example,+358 40 407 6534,5000.00,30,0.0,8,2020-05-05,true
410,C-10410,Kayakgear AB,,ONLINE,SE,Umeå,903 26,Kungsgatan 8,SE842439882101,kayakgear.example,+46 70 382 19 54,25000.00,30,0.0,8,2015-12-02,true
411,C-10411,Christensen Friluft ApS,,INDEPENDENT,DK,Aalborg,9000,Havnevej 20,DK91033251,christensen.friluft.example,+45 44 26 72 04,10000.00,30,5.0,10,2020-07-20,true
412,C-10412,Rantanen Sport Oy,,DEPARTMENT_STORE,FI,Kuusamo,93600,Puistokatu 95,FI49290849,rantanen.sport.example,+358 40 612 7555,40000.00,45,12.0,9,2017-06-01,true
413,C-10413,Svensson Sport AB,,INDEPENDENT,SE,Åre,837 52,Hamngatan 113,SE328384122501,svensson.sport.example,+46 70 475 17 34,15000.00,14,5.0,10,2022-09-27,true
414,C-10414,Loiste Turutstyr ApS,,INDEPENDENT,DK,Copenhagen,1050,Vestergade 77,DK90238654,loiste.turutstyr.example,+45 55 92 18 40,25000.00,30,5.0,9,2022-08-01,true
415,C-10415,Lahti Guides Oy,,RENTAL_OUTFITTER,FI,Lahti,15100,Torikatu 40,FI61040840,lahti.guides.example,+358 40 611 4425,10000.00,30,0.0,8,2020-03-09,true
416,C-10416,Eriksson Outdoor AB,,INDEPENDENT,SE,Östersund,831 30,Järnvägsgatan 66,SE735129802701,eriksson.outdoor.example,+46 70 345 50 04,60000.00,30,0.0,10,2022-11-05,true
417,C-10417,Linköping Expeditions AB,,RENTAL_OUTFITTER,SE,Linköping,582 22,Drottninggatan 55,SE262047326101,linkoping.expeditions.example,+46 70 385 51 47,5000.00,30,0.0,10,2020-02-19,true
418,C-10418,Karlstad Guides AB,,RENTAL_OUTFITTER,SE,Karlstad,652 24,Drottninggatan 93,SE457096424301,karlstad.guides.example,+46 70 110 31 48,40000.00,60,0.0,10,2026-02-16,true
419,C-10419,Kairagear Oy,,ONLINE,FI,Turku,20100,Hämeenkatu 39,FI80963776,kairagear.example,+358 40 469 7593,60000.00,30,5.0,10,2016-01-03,true
420,C-10420,Oslo Sport AS,,INDEPENDENT,NO,Oslo,0150,Industriveien 46,NO056831740MVA,oslo.sport.example,+47 985 28 776,40000.00,60,7.5,8,2023-12-13,true
421,C-10421,Tartu Camping OÜ,,DEPARTMENT_STORE,EE,Tartu,51003,Kooli tn 119,EE648904492,tartu.camping.example,+372 5691 9994,5000.00,30,5.0,9,2021-06-23,true
422,C-10422,Lehtonen Friluft Oy,,INDEPENDENT,FI,Helsinki,00100,Torikatu 93,FI94934300,lehtonen.friluft.example,+358 40 860 8624,10000.00,14,7.5,10,2017-08-30,true
423,C-10423,Nordlys Friluft Oy,,INDEPENDENT,FI,Kuopio,70100,Keskuskatu 62,FI64195995,nordlys.friluft.example,+358 40 627 2822,40000.00,45,0.0,8,2019-10-18,true
424,C-10424,Vidde Sport OÜ,,INDEPENDENT,EE,Tallinn,10111,Tartu mnt 80,EE881028741,vidde.sport.example,+372 5011 6039,15000.00,30,5.0,10,2018-01-19,true
425,C-10425,Polar Trekking GmbH,,INDEPENDENT,DE,Berlin,10115,Hauptstraße 18,DE562933804,polar.trekking.example,+49 40 2641628,100000.00,30,5.0,8,2019-04-06,true
426,C-10426,Falun Alpine Club,,CLUB_OR_SCHOOL,SE,Falun,791 71,Industrivägen 108,SE661211987801,falun.alpine.club.example,+46 70 053 71 27,5000.00,60,0.0,10,2018-12-02,true
427,C-10427,Stockholm Expeditions AB,,RENTAL_OUTFITTER,SE,Stockholm,111 20,Fjällvägen 5,SE682870240401,stockholm.expeditions.example,+46 70 261 92 06,40000.00,45,5.0,10,2022-12-28,true
428,C-10428,Umeå Sport & Fritid AB,,INDEPENDENT,SE,Umeå,903 26,Kungsgatan 8,SE284433716801,umea.sport.fritid.example,+46 70 392 78 12,100000.00,45,5.0,9,2021-05-24,true
429,C-10429,Compass Sport & Fritid Oy,,INDEPENDENT,FI,Turku,20100,Puistokatu 69,FI95694587,compass.sport.fritid.example,+358 40 039 7010,40000.00,60,0.0,10,2022-09-13,true
430,C-10430,Espoo Outfitters Oy,,DEPARTMENT_STORE,FI,Espoo,02100,Teollisuustie 99,FI37745198,espoo.outfitters.example,+358 40 075 6998,60000.00,14,0.0,9,2025-03-30,true
431,C-10431,Basecampshop AB,,ONLINE,SE,Luleå,972 31,Hamngatan 55,SE310568876901,basecampshop.example,+46 70 744 08 64,5000.00,30,0.0,10,2026-07-23,true
432,C-10432,Trail24 AB,,ONLINE,SE,Gävle,803 20,Hamngatan 16,SE836764831901,trail24.example,+46 70 193 48 90,40000.00,45,0.0,9,2026-05-11,true
433,C-10433,Karlstad Outdoor AB,,DEPARTMENT_STORE,SE,Karlstad,652 24,Skolgatan 58,SE993696761001,karlstad.outdoor.example,+46 70 708 69 33,15000.00,45,5.0,8,2015-07-25,false
434,C-10434,Summit Camping AS,,INDEPENDENT,NO,Bergen,5003,Torggata 24,NO391939195MVA,summit.camping.example,+47 959 87 750,15000.00,45,0.0,8,2022-09-01,true
435,C-10435,Kayakstore AB,,ONLINE,SE,Malmö,211 20,Storgatan 115,SE226456415901,kayakstore.example,+46 70 625 38 83,10000.00,30,5.0,8,2022-02-14,true
436,C-10436,Trondheim Hiking Association,,CLUB_OR_SCHOOL,NO,Trondheim,7010,Kirkegata 31,NO129374760MVA,trondheim.hiking.association.example,+47 954 97 289,60000.00,45,2.0,9,2020-10-23,true
437,C-10437,Suvantostore GmbH,,ONLINE,DE,Kiel,24103,Hafenstraße 109,DE191068800,suvantostore.example,+49 40 1198081,100000.00,60,12.0,8,2026-05-16,true
438,C-10438,Tallinn Expeditions OÜ,,RENTAL_OUTFITTER,EE,Tallinn,10111,Pärnu mnt 84,EE454643498,tallinn.expeditions.example,+372 5578 4350,5000.00,30,3.0,10,2020-09-10,true
439,C-10439,Vinter Sport AB,,INDEPENDENT,SE,Luleå,972 31,Storgatan 20,SE431560837801,vinter.sport.example,+46 70 337 45 94,60000.00,30,12.0,10,2025-10-20,true
440,C-10440,Lahti Rental Oy,,RENTAL_OUTFITTER,FI,Lahti,15100,Rantatie 80,FI24170275,lahti.rental.example,+358 40 441 2495,60000.00,30,0.0,10,2017-09-27,true
441,C-10441,Koch Friluft GmbH,,INDEPENDENT,DE,Kiel,24103,Bahnhofstraße 38,DE722654355,koch.friluft.example,+49 40 7952421,25000.00,30,12.0,10,2015-05-16,true
442,C-10442,Kalotti Friluft AS,,INDEPENDENT,NO,Tromsø,9008,Storgata 91,NO540136480MVA,kalotti.friluft.example,+47 924 27 484,10000.00,45,0.0,9,2023-09-22,true
443,C-10443,Aurora Turutstyr GmbH,,INDEPENDENT,DE,Berlin,10115,Bahnhofstraße 40,DE038753233,aurora.turutstyr.example,+49 40 6694496,60000.00,30,7.5,10,2015-10-09,true
444,C-10444,Odense Rental ApS,,RENTAL_OUTFITTER,DK,Odense,5000,Skolevej 93,DK60205479,odense.rental.example,+45 05 05 85 93,25000.00,45,10.0,8,2024-01-13,true
445,C-10445,Trailgear AB,,ONLINE,SE,Östersund,831 30,Industrivägen 45,SE643174994801,trailgear.example,+46 70 027 64 90,100000.00,45,0.0,9,2026-01-18,true
446,C-10446,Vinter Sport & Fritid Oy,,INDEPENDENT,FI,Kuopio,70100,Puistokatu 44,FI25239469,vinter.sport.fritid.example,+358 40 740 8928,5000.00,30,0.0,9,2020-01-01,true
447,C-10447,Ruska Sports GmbH,,INDEPENDENT,DE,Kiel,24103,Hafenstraße 83,DE632757751,ruska.sports.example,+49 40 0511863,15000.00,45,10.0,8,2024-06-19,true
448,C-10448,Vinter24 OÜ,,ONLINE,EE,Tartu,51003,Narva mnt 110,EE628178998,vinter24.example,+372 5639 9515,40000.00,14,0.0,9,2024-04-24,true
449,C-10449,Compassgear AB,,ONLINE,SE,Linköping,582 22,Storgatan 86,SE037881105401,compassgear.example,+46 70 905 32 06,60000.00,30,10.0,9,2017-11-16,true
450,C-10450,Åre Outdoor School,,CLUB_OR_SCHOOL,SE,Åre,837 52,Skolgatan 23,SE713495046101,are.outdoor.school.example,+46 70 030 87 94,5000.00,60,12.0,9,2017-01-13,true
451,C-10451,Nielsen Sport ApS,,DEPARTMENT_STORE,DK,Roskilde,4000,Skolevej 22,DK04611314,nielsen.sport.example,+45 00 74 40 40,15000.00,60,5.0,9,2018-04-10,true
452,C-10452,Bodø Hiking Association,,CLUB_OR_SCHOOL,NO,Bodø,8006,Kirkegata 12,NO525504719MVA,bodo.hiking.association.example,+47 989 59 563,40000.00,30,0.0,10,2020-04-25,true
453,C-10453,Ridgestore AS,,ONLINE,NO,Alta,9510,Torggata 77,NO689864691MVA,ridgestore.example,+47 963 98 484,15000.00,30,7.5,9,2024-05-14,true
454,C-10454,Kairashop AB,,ONLINE,SE,Umeå,903 26,Drottninggatan 96,SE073581046201,kairashop.example,+46 70 305 74 14,10000.00,30,2.0,8,2026-07-20,false
455,C-10455,Hamar Turutstyr AS,,INDEPENDENT,NO,Hamar,2317,Torggata 5,NO210786926MVA,hamar.turutstyr.example,+47 910 14 937,40000.00,30,5.0,8,2020-12-03,true
456,C-10456,Rakka Outdoor Oy,,INDEPENDENT,FI,Espoo,02100,Teollisuustie 117,FI99221989,rakka.outdoor.example,+358 40 262 4620,15000.00,14,0.0,10,2019-12-04,true
457,C-10457,Espoo Turutstyr Oy,,INDEPENDENT,FI,Espoo,02100,Hämeenkatu 87,FI57533093,espoo.turutstyr.example,+358 40 796 4596,60000.00,30,0.0,10,2026-06-02,true
458,C-10458,Kiruna Alpine Club,,CLUB_OR_SCHOOL,SE,Kiruna,981 31,Norra Esplanaden 3,SE889672704901,kiruna.alpine.club.example,+46 70 767 57 05,40000.00,30,2.0,8,2017-10-04,true
459,C-10459,Vidde Sport Oy,,DEPARTMENT_STORE,FI,Turku,20100,Kauppakatu 102,FI29619262,vidde.sport.example,+358 40 968 2645,5000.00,60,0.0,9,2022-10-24,true
460,C-10460,Bergen Alpine Club,,CLUB_OR_SCHOOL,NO,Bergen,5003,Torggata 83,NO459156820MVA,bergen.alpine.club.example,+47 994 77 821,100000.00,30,5.0,9,2015-10-03,true
461,C-10461,Basecampgear AS,,ONLINE,NO,Stavanger,4006,Fjellveien 31,NO445514534MVA,basecampgear.example,+47 972 30 161,40000.00,14,0.0,10,2022-08-28,true
462,C-10462,Copenhagen Expeditions ApS,,RENTAL_OUTFITTER,DK,Copenhagen,1050,Hovedgaden 75,DK83208869,copenhagen.expeditions.example,+45 64 59 36 28,100000.00,14,10.0,9,2022-09-27,true
463,C-10463,Fjord Fritid AS,,INDEPENDENT,NO,Hamar,2317,Fjellveien 16,NO962019536MVA,fjord.fritid.example,+47 954 46 597,25000.00,45,5.0,10,2024-03-12,true
464,C-10464,Fischer Sport GmbH,,INDEPENDENT,DE,Kiel,24103,Bergweg 61,DE531814964,fischer.sport.example,+49 40 7751631,5000.00,30,5.0,9,2018-05-03,true
465,C-10465,Vinter24 AB,,ONLINE,SE,Gävle,803 20,Fjällvägen 10,SE960398958801,vinter24.example,+46 70 875 39 95,25000.00,30,5.0,10,2018-07-07,true
466,C-10466,Tampere Expeditions Oy,,RENTAL_OUTFITTER,FI,Tampere,33100,Asemakatu 73,FI66150003,tampere.expeditions.example,+358 40 895 0111,5000.00,14,0.0,9,2023-10-13,true
467,C-10467,Kaira Camping AB,,INDEPENDENT,SE,Sundsvall,852 30,Järnvägsgatan 52,SE359839060201,kaira.camping.example,+46 70 204 34 65,25000.00,30,0.0,10,2024-06-11,true
468,C-10468,Luleå Guides AB,,RENTAL_OUTFITTER,SE,Luleå,972 31,Hamngatan 97,SE517958815201,lulea.guides.example,+46 70 505 70 45,10000.00,14,10.0,10,2026-05-12,true
469,C-10469,Oslo Alpine Club,,CLUB_OR_SCHOOL,NO,Oslo,0150,Storgata 15,NO447965240MVA,oslo.alpine.club.example,+47 922 30 979,100000.00,14,0.0,9,2021-07-12,true
470,C-10470,Salo Urheilu Oy,,INDEPENDENT,FI,Helsinki,00100,Torikatu 41,FI63687285,salo.urheilu.example,+358 40 498 8023,60000.00,14,3.0,10,2026-02-12,true
471,C-10471,Aapagear AS,,ONLINE,NO,Lillehammer,2609,Torggata 17,NO770246997MVA,aapagear.example,+47 925 28 381,60000.00,30,5.0,9,2015-04-09,true
472,C-10472,Kaamos24 Oy,,ONLINE,FI,Helsinki,00100,Mannerheimintie 51,FI12213613,kaamos24.example,+358 40 518 4627,5000.00,14,5.0,9,2020-12-23,true
473,C-10473,Trail Turutstyr AB,,DEPARTMENT_STORE,SE,Åre,837 52,Kungsgatan 37,SE264978708201,trail.turutstyr.example,+46 70 088 71 69,60000.00,14,0.0,8,2021-11-21,true
474,C-10474,Larsen Sport AS,,INDEPENDENT,NO,Drammen,3015,Kirkegata 54,NO034831486MVA,larsen.sport.example,+47 992 93 703,15000.00,30,0.0,8,2019-03-10,true
475,C-10475,Luleå Adventure AB,,INDEPENDENT,SE,Luleå,972 31,Norra Esplanaden 13,SE334216057601,lulea.adventure.example,+46 70 379 51 62,40000.00,14,5.0,10,2024-09-11,true
476,C-10476,Kaamos Retki AS,,INDEPENDENT,NO,Oslo,0150,Skoleveien 84,NO009768584MVA,kaamos.retki.example,+47 962 40 466,5000.00,14,10.0,8,2024-01-21,true
477,C-10477,Umeå Expeditions AB,,RENTAL_OUTFITTER,SE,Umeå,903 26,Hamngatan 82,SE440139633901,umea.expeditions.example,+46 70 268 48 23,10000.00,45,0.0,9,2022-08-25,true
478,C-10478,Luleå Hiking Association,,CLUB_OR_SCHOOL,SE,Luleå,972 31,Drottninggatan 100,SE428258105201,lulea.hiking.association.example,+46 70 510 71 15,40000.00,30,10.0,10,2025-10-06,true
479,C-10479,Kittilä Outdoor Oy,,DEPARTMENT_STORE,FI,Kittilä,99100,Teollisuustie 25,FI24121666,kittila.outdoor.example,+358 40 110 2574,10000.00,30,0.0,8,2016-08-20,true
480,C-10480,Aapa Outdoor AS,,INDEPENDENT,NO,Trondheim,7010,Storgata 4,NO016334392MVA,aapa.outdoor.example,+47 908 39 477,10000.00,14,5.0,8,2019-08-07,true
481,C-10481,Kittilä Hiking Association,,CLUB_OR_SCHOOL,FI,Kittilä,99100,Mannerheimintie 90,FI17353490,kittila.hiking.association.example,+358 40 747 6873,100000.00,30,3.0,10,2024-02-23,true
482,C-10482,Joensuu Sport & Fritid Oy,,INDEPENDENT,FI,Joensuu,80100,Rantatie 72,FI76349952,joensuu.sport.fritid.example,+358 40 592 4455,10000.00,30,0.0,10,2018-01-11,true
483,C-10483,Aalborg Adventure ApS,,DEPARTMENT_STORE,DK,Aalborg,9000,Østergade 115,DK27515267,aalborg.adventure.example,+45 22 45 49 04,15000.00,45,7.5,8,2015-03-16,true
484,C-10484,Vuoma Outfitters Oy,,INDEPENDENT,FI,Kuopio,70100,Kauppakatu 103,FI06305691,vuoma.outfitters.example,+358 40 918 0764,40000.00,60,2.0,9,2017-07-11,true
485,C-10485,Gustafsson Outdoor AB,,INDEPENDENT,SE,Stockholm,111 20,Storgatan 18,SE990205782201,gustafsson.outdoor.example,+46 70 284 40 65,60000.00,30,5.0,10,2016-08-01,true
486,C-10486,Kokkola Outdoor Oy,,INDEPENDENT,FI,Kokkola,67100,Mannerheimintie 118,FI24878729,kokkola.outdoor.example,+358 40 701 6697,10000.00,45,5.0,9,2018-10-20,true
487,C-10487,Suvantoshop AB,,ONLINE,SE,Falun,791 71,Industrivägen 60,SE209216431601,suvantoshop.example,+46 70 735 71 47,10000.00,30,2.0,9,2015-02-11,true
488,C-10488,Stavanger Hiking Association,,CLUB_OR_SCHOOL,NO,Stavanger,4006,Torggata 117,NO069078363MVA,stavanger.hiking.association.example,+47 901 79 611,10000.00,45,3.0,8,2026-06-07,true
489,C-10489,Strand Sport AB,,INDEPENDENT,SE,Uppsala,753 10,Kungsgatan 14,SE936792352801,strand.sport.example,+46 70 956 97 86,100000.00,30,12.0,9,2018-07-07,true
490,C-10490,Åberg Sport AB,,INDEPENDENT,SE,Sundsvall,852 30,Drottninggatan 58,SE087381325301,aberg.sport.example,+46 70 852 69 93,25000.00,30,7.5,8,2016-11-12,true
491,C-10491,Kiruna Guides AB,,RENTAL_OUTFITTER,SE,Kiruna,981 31,Järnvägsgatan 108,SE081583013301,kiruna.guides.example,+46 70 117 21 68,40000.00,45,3.0,10,2018-03-29,true
492,C-10492,Kiel Alpine Club,,CLUB_OR_SCHOOL,DE,Kiel,24103,Bergweg 67,DE638685576,kiel.alpine.club.example,+49 40 8804139,60000.00,45,0.0,9,2025-07-06,true
493,C-10493,Nietos Adventure Oy,,INDEPENDENT,FI,Oulu,90100,Asemakatu 21,FI21900970,nietos.adventure.example,+358 40 846 1932,25000.00,30,10.0,8,2015-01-03,true
494,C-10494,Åre Camping AB,,INDEPENDENT,SE,Åre,837 52,Fjällvägen 99,SE290223917001,are.camping.example,+46 70 035 83 83,10000.00,60,5.0,10,2017-03-14,false
495,C-10495,Suvanto Outfitters GmbH,,INDEPENDENT,DE,Berlin,10115,Bergweg 102,DE886730768,suvanto.outfitters.example,+49 40 3403862,5000.00,60,0.0,10,2019-09-02,true
496,C-10496,Kristiansand Rental AS,,RENTAL_OUTFITTER,NO,Kristiansand,4610,Skoleveien 102,NO074593428MVA,kristiansand.rental.example,+47 926 96 845,60000.00,30,7.5,9,2026-07-31,true
497,C-10497,Karlsson Outdoor AB,,INDEPENDENT,SE,Åre,837 52,Storgatan 26,SE986530622401,karlsson.outdoor.example,+46 70 710 10 17,10000.00,30,3.0,10,2025-05-28,true
498,C-10498,Vaaragear AS,,ONLINE,NO,Stavanger,4006,Havnegata 7,NO753250573MVA,vaaragear.example,+47 935 47 581,40000.00,30,12.0,10,2023-11-19,false
499,C-10499,Fjällgear AS,,ONLINE,NO,Hamar,2317,Storgata 100,NO715095705MVA,fjallgear.example,+47 912 21 407,40000.00,30,7.5,8,2024-09-26,true
500,C-10500,Summit Adventure AS,,INDEPENDENT,NO,Kristiansand,4610,Strandveien 84,NO321208723MVA,summit.adventure.example,+47 994 35 003,10000.00,45,2.0,10,2019-07-26,true
501,C-10501,Compassshop ApS,,ONLINE,DK,Esbjerg,6700,Østergade 99,DK36031430,compassshop.example,+45 04 73 14 08,100000.00,45,2.0,8,2020-04-20,true
502,C-10502,Johansen Urheilu AS,,INDEPENDENT,NO,Oslo,0150,Skoleveien 19,NO760929027MVA,johansen.urheilu.example,+47 966 61 392,25000.00,30,0.0,9,2023-02-16,true
503,C-10503,Vaasa Adventure Oy,,INDEPENDENT,FI,Vaasa,65100,Torikatu 77,FI02711378,vaasa.adventure.example,+358 40 344 5004,25000.00,30,0.0,8,2023-03-02,true
504,C-10504,Göteborg Urheilu AB,,INDEPENDENT,SE,Göteborg,411 04,Drottninggatan 82,SE338099839901,goteborg.urheilu.example,+46 70 582 84 51,15000.00,45,12.0,10,2016-08-28,true
505,C-10505,Skog Friluft AS,,INDEPENDENT,NO,Kristiansand,4610,Industriveien 92,NO276597856MVA,skog.friluft.example,+47 942 69 072,40000.00,30,12.0,10,2019-09-12,true
506,C-10506,Berlin Sport GmbH,,INDEPENDENT,DE,Berlin,10115,Bergweg 84,DE012676454,berlin.sport.example,+49 40 5760956,10000.00,14,5.0,10,2023-12-22,true
507,C-10507,Vidde Outfitters Oy,,INDEPENDENT,FI,Espoo,02100,Asemakatu 81,FI87594030,vidde.outfitters.example,+358 40 453 3535,60000.00,30,5.0,10,2025-12-16,true
508,C-10508,Ruska Fritid AS,,DEPARTMENT_STORE,NO,Drammen,3015,Havnegata 118,NO856247211MVA,ruska.fritid.example,+47 962 62 809,25000.00,30,10.0,9,2023-01-10,true
509,C-10509,Rantanen Urheilu Oy,,INDEPENDENT,FI,Turku,20100,Hämeenkatu 60,FI29080966,rantanen.urheilu.example,+358 40 091 1056,10000.00,30,5.0,8,2023-06-08,true
510,C-10510,Umeå Camping AB,,INDEPENDENT,SE,Umeå,903 26,Fjällvägen 78,SE644467056101,umea.camping.example,+46 70 215 83 56,25000.00,45,12.0,9,2018-10-14,true
511,C-10511,Bakke Urheilu AS,,INDEPENDENT,NO,Trondheim,7010,Skoleveien 48,NO586712132MVA,bakke.urheilu.example,+47 972 02 650,5000.00,14,2.0,8,2026-06-28,true
512,C-10512,Kiruna Sports AB,,INDEPENDENT,SE,Kiruna,981 31,Järnvägsgatan 89,SE114724311701,kiruna.sports.example,+46 70 620 60 21,40000.00,30,10.0,9,2018-07-17,true
513,C-10513,Malmö Rental AB,,RENTAL_OUTFITTER,SE,Malmö,211 20,Kungsgatan 18,SE603284111301,malmo.rental.example,+46 70 665 49 44,100000.00,30,10.0,10,2019-07-29,true
514,C-10514,Tallinn Sport OÜ,,INDEPENDENT,EE,Tallinn,10111,Kooli tn 65,EE606403486,tallinn.sport.example,+372 5737 3692,100000.00,60,12.0,8,2019-08-27,true
515,C-10515,Nygaard Sport AS,,INDEPENDENT,NO,Lillehammer,2609,Havnegata 25,NO647438644MVA,nygaard.sport.example,+47 932 60 483,40000.00,60,2.0,8,2023-12-23,true
516,C-10516,Espoo Scouts,,CLUB_OR_SCHOOL,FI,Espoo,02100,Teollisuustie 47,FI75537825,espoo.scouts.example,+358 40 553 6934,25000.00,60,5.0,9,2017-05-09,true
517,C-10517,Saarinen Urheilu Oy,,INDEPENDENT,FI,Seinäjoki,60100,Puistokatu 21,FI67385259,saarinen.urheilu.example,+358 40 032 7868,5000.00,60,7.5,10,2023-11-01,true
518,C-10518,Tromsø Rental AS,,RENTAL_OUTFITTER,NO,Tromsø,9008,Industriveien 53,NO224448989MVA,tromso.rental.example,+47 913 43 291,10000.00,45,5.0,8,2016-06-29,true
519,C-10519,Uppsala Retki AB,,INDEPENDENT,SE,Uppsala,753 10,Kungsgatan 106,SE418266177801,uppsala.retki.example,+46 70 441 53 02,25000.00,60,0.0,8,2023-10-25,true
520,C-10520,Hamburg Sport GmbH,,INDEPENDENT,DE,Hamburg,20095,Bahnhofstraße 50,DE856932155,hamburg.sport.example,+49 40 3690637,25000.00,30,0.0,8,2021-12-05,true
521,C-10521,Pedersen Urheilu AS,,INDEPENDENT,NO,Ålesund,6002,Kirkegata 68,NO043141166MVA,pedersen.urheilu.example,+47 941 99 784,100000.00,60,12.0,8,2017-12-20,true
522,C-10522,Pärnu Alpine Club,,CLUB_OR_SCHOOL,EE,Pärnu,80010,Narva mnt 111,EE320724204,parnu.alpine.club.example,+372 5416 0920,40000.00,45,10.0,9,2024-03-11,true
523,C-10523,Oslo Hiking Association,,CLUB_OR_SCHOOL,NO,Oslo,0150,Industriveien 104,NO983391910MVA,oslo.hiking.association.example,+47 958 59 107,15000.00,30,10.0,8,2023-11-15,true
524,C-10524,Nilsen Outdoor AS,,INDEPENDENT,NO,Drammen,3015,Kirkegata 55,NO352167855MVA,nilsen.outdoor.example,+47 932 41 329,40000.00,30,5.0,8,2021-06-24,true
525,C-10525,Hämäläinen Urheilu Oy,,INDEPENDENT,FI,Vaasa,65100,Puistokatu 106,FI43102319,hamalainen.urheilu.example,+358 40 982 2345,5000.00,30,0.0,9,2023-12-26,true
526,C-10526,Seinäjoki Rental Oy,,RENTAL_OUTFITTER,FI,Seinäjoki,60100,Kauppakatu 80,FI60231917,seinajoki.rental.example,+358 40 982 3537,100000.00,30,5.0,9,2018-05-31,true
527,C-10527,Kiruna Outdoor School,,CLUB_OR_SCHOOL,SE,Kiruna,981 31,Fjällvägen 71,SE910063205601,kiruna.outdoor.school.example,+46 70 901 14 27,40000.00,30,7.5,9,2026-05-10,true
528,C-10528,Polar Friluft Oy,,INDEPENDENT,FI,Helsinki,00100,Rantatie 89,FI29754129,polar.friluft.example,+358 40 204 2375,100000.00,30,0.0,8,2019-12-01,true
529,C-10529,Fjord Retki Oy,,DEPARTMENT_STORE,FI,Helsinki,00100,Asemakatu 52,FI48714831,fjord.retki.example,+358 40 759 4286,25000.00,14,3.0,10,2017-07-18,true
530,C-10530,Trail Fritid AS,,DEPARTMENT_STORE,NO,Lillehammer,2609,Kirkegata 104,NO551237319MVA,trail.fritid.example,+47 977 66 507,100000.00,14,0.0,10,2020-03-07,true
531,C-10531,Kaamos Trekking Oy,,INDEPENDENT,FI,Oulu,90100,Yliopistonkatu 57,FI42442972,kaamos.trekking.example,+358 40 763 1394,100000.00,30,2.0,10,2026-05-18,true
532,C-10532,Oulu Scouts,,CLUB_OR_SCHOOL,FI,Oulu,90100,Yliopistonkatu 29,FI20799501,oulu.scouts.example,+358 40 719 0308,60000.00,30,10.0,9,2018-04-13,true
533,C-10533,Bodø Scouts,,CLUB_OR_SCHOOL,NO,Bodø,8006,Torggata 60,NO358052137MVA,bodo.scouts.example,+47 966 41 604,40000.00,45,5.0,9,2015-11-24,true
534,C-10534,Kuopio Sports Oy,,INDEPENDENT,FI,Kuopio,70100,Asemakatu 77,FI33527063,kuopio.sports.example,+358 40 087 4770,40000.00,45,10.0,9,2025-01-18,true
535,C-10535,Ridge24 GmbH,,ONLINE,DE,Hamburg,20095,Am Markt 106,DE266177840,ridge24.example,+49 40 6326950,25000.00,45,12.0,9,2024-05-10,true
536,C-10536,Vidde Urheilu Oy,,INDEPENDENT,FI,Oulu,90100,Mannerheimintie 8,FI00940578,vidde.urheilu.example,+358 40 459 6132,25000.00,60,3.0,10,2017-12-17,true
537,C-10537,Skogshop ApS,,ONLINE,DK,Copenhagen,1050,Østergade 28,DK34914610,skogshop.example,+45 63 19 82 02,15000.00,30,7.5,10,2017-02-17,true
538,C-10538,Hamar Guides AS,,RENTAL_OUTFITTER,NO,Hamar,2317,Strandveien 33,NO523686742MVA,hamar.guides.example,+47 940 46 480,15000.00,30,10.0,9,2015-08-20,true
539,C-10539,Lake24 ApS,,ONLINE,DK,Odense,5000,Vestergade 31,DK75457567,lake24.example,+45 17 39 61 69,60000.00,30,0.0,10,2026-03-17,true
540,C-10540,Fjord Outdoor AB,,INDEPENDENT,SE,Luleå,972 31,Järnvägsgatan 64,SE665202872001,fjord.outdoor.example,+46 70 075 32 47,15000.00,30,3.0,10,2020-01-27,true
541,C-10541,Hämeenlinna Sport Oy,,INDEPENDENT,FI,Hämeenlinna,13100,Torikatu 119,FI32922271,hameenlinna.sport.example,+358 40 210 0955,100000.00,30,7.5,8,2026-05-12,true
542,C-10542,Stockholm Adventures AB,,RENTAL_OUTFITTER,SE,Stockholm,111 20,Drottninggatan 76,SE767500863101,stockholm.adventures.example,+46 70 464 77 16,100000.00,45,0.0,8,2026-07-20,true
543,C-10543,Luleå Rental AB,,RENTAL_OUTFITTER,SE,Luleå,972 31,Fjällvägen 92,SE462466515801,lulea.rental.example,+46 70 037 43 05,40000.00,60,5.0,8,2020-09-05,true
544,C-10544,Kuopio Friluft Oy,,DEPARTMENT_STORE,FI,Kuopio,70100,Rantatie 60,FI48857738,kuopio.friluft.example,+358 40 741 6116,5000.00,30,7.5,8,2021-06-17,true
545,C-10545,Hämeenlinna Rental Oy,,RENTAL_OUTFITTER,FI,Hämeenlinna,13100,Mannerheimintie 44,FI06009958,hameenlinna.rental.example,+358 40 925 0181,60000.00,30,0.0,9,2018-02-19,true
546,C-10546,Arctic Turutstyr AB,,INDEPENDENT,SE,Umeå,903 26,Storgatan 39,SE530310708101,arctic.turutstyr.example,+46 70 204 60 95,60000.00,30,0.0,10,2021-04-12,true
547,C-10547,Kiruna Expeditions AB,,RENTAL_OUTFITTER,SE,Kiruna,981 31,Järnvägsgatan 85,SE234685410901,kiruna.expeditions.example,+46 70 214 74 06,5000.00,45,0.0,8,2018-08-12,true
548,C-10548,Espoo Camping Oy,,INDEPENDENT,FI,Espoo,02100,Puistokatu 103,FI08654676,espoo.camping.example,+358 40 782 0270,100000.00,60,0.0,10,2022-06-11,true
549,C-10549,Trailshop Oy,,ONLINE,FI,Kuopio,70100,Puistokatu 75,FI48306407,trailshop.example,+358 40 782 4599,100000.00,30,5.0,8,2020-04-06,true
550,C-10550,Göteborg Scouts,,CLUB_OR_SCHOOL,SE,Göteborg,411 04,Drottninggatan 47,SE973489138001,goteborg.scouts.example,+46 70 724 33 12,40000.00,30,0.0,8,2022-11-02,true
551,C-10551,Vaasa Sports Oy,,INDEPENDENT,FI,Vaasa,65100,Hämeenkatu 35,FI23271296,vaasa.sports.example,+358 40 674 7692,100000.00,30,3.0,10,2023-07-19,true
552,C-10552,Fjord Outdoor AS,,INDEPENDENT,NO,Lillehammer,2609,Industriveien 5,NO332914008MVA,fjord.outdoor.example,+47 911 49 719,40000.00,30,0.0,8,2021-12-26,true
553,C-10553,Skog Sports Oy,,INDEPENDENT,FI,Lahti,15100,Puistokatu 10,FI45174687,skog.sports.example,+358 40 488 5794,40000.00,30,0.0,9,2025-11-27,true
554,C-10554,Selkästore AS,,ONLINE,NO,Bergen,5003,Havnegata 73,NO591899578MVA,selkastore.example,+47 963 39 634,100000.00,30,5.0,8,2025-05-21,true
555,C-10555,Lindberg Friluft AB,,INDEPENDENT,SE,Örebro,702 11,Norra Esplanaden 10,SE755938697101,lindberg.friluft.example,+46 70 320 96 33,10000.00,30,3.0,9,2023-06-29,true
556,C-10556,Andersson Friluft AB,,INDEPENDENT,SE,Gävle,803 20,Skolgatan 84,SE837553563201,andersson.friluft.example,+46 70 490 31 59,60000.00,45,10.0,10,2019-10-05,true
557,C-10557,Vidde Friluft AS,,INDEPENDENT,NO,Ålesund,6002,Torggata 93,NO611939700MVA,vidde.friluft.example,+47 932 08 848,60000.00,30,0.0,9,2016-04-17,true
558,C-10558,Ridge Friluft AS,,INDEPENDENT,NO,Stavanger,4006,Torggata 56,NO221380406MVA,ridge.friluft.example,+47 975 14 110,60000.00,45,0.0,10,2025-08-23,true
559,C-10559,Ruska Sport AB,,INDEPENDENT,SE,Gävle,803 20,Drottninggatan 103,SE025606886801,ruska.sport.example,+46 70 441 25 27,100000.00,60,12.0,8,2015-06-19,true
560,C-10560,Sundsvall Retki AB,,INDEPENDENT,SE,Sundsvall,852 30,Norra Esplanaden 63,SE454949250001,sundsvall.retki.example,+46 70 087 84 34,100000.00,30,3.0,9,2020-08-22,true
561,C-10561,Ridgeshop ApS,,ONLINE,DK,Esbjerg,6700,Havnevej 94,DK82114650,ridgeshop.example,+45 31 21 96 39,5000.00,30,10.0,9,2026-06-22,true
562,C-10562,Summit Fritid Oy,,DEPARTMENT_STORE,FI,Kuusamo,93600,Mannerheimintie 101,FI00894570,summit.fritid.example,+358 40 194 0175,10000.00,14,7.5,8,2016-01-28,true
563,C-10563,Gustafsson Sport AB,,INDEPENDENT,SE,Luleå,972 31,Storgatan 51,SE423201865201,gustafsson.sport.example,+46 70 673 13 95,100000.00,60,5.0,8,2023-11-14,true
564,C-10564,Mäkinen Sport Oy,,INDEPENDENT,FI,Vaasa,65100,Hämeenkatu 75,FI08788522,makinen.sport.example,+358 40 390 4428,25000.00,14,0.0,9,2022-02-09,false
565,C-10565,Östersund Sports AB,,INDEPENDENT,SE,Östersund,831 30,Drottninggatan 89,SE711297741601,ostersund.sports.example,+46 70 448 38 88,40000.00,30,5.0,9,2019-04-05,false
566,C-10566,Kayak24 ApS,,ONLINE,DK,Esbjerg,6700,Havnevej 18,DK94954789,kayak24.example,+45 10 47 72 49,25000.00,30,10.0,9,2015-07-26,true
567,C-10567,Selkä Sport AS,,INDEPENDENT,NO,Drammen,3015,Havnegata 74,NO132005280MVA,selka.sport.example,+47 901 54 369,15000.00,30,3.0,10,2018-05-08,true
568,C-10568,Kittilä Scouts,,CLUB_OR_SCHOOL,FI,Kittilä,99100,Puistokatu 118,FI03189490,kittila.scouts.example,+358 40 684 8344,10000.00,30,0.0,9,2016-12-17,true
569,C-10569,Nieminen Urheilu Oy,,DEPARTMENT_STORE,FI,Rovaniemi,96100,Kauppakatu 96,FI21209569,nieminen.urheilu.example,+358 40 736 6473,25000.00,60,12.0,10,2019-09-30,true
570,C-10570,Metsä Camping AB,,INDEPENDENT,SE,Göteborg,411 04,Industrivägen 12,SE858002566601,metsa.camping.example,+46 70 266 60 71,10000.00,30,12.0,10,2020-09-06,true
571,C-10571,Linköping Camping AB,,INDEPENDENT,SE,Linköping,582 22,Kungsgatan 35,SE446451934401,linkoping.camping.example,+46 70 774 30 05,40000.00,30,2.0,8,2016-10-17,true
572,C-10572,Östersund Outfitters AB,,INDEPENDENT,SE,Östersund,831 30,Storgatan 72,SE389148346501,ostersund.outfitters.example,+46 70 537 25 11,10000.00,30,0.0,10,2015-08-20,true
573,C-10573,Aurorastore Oy,,ONLINE,FI,Tampere,33100,Torikatu 4,FI18867063,aurorastore.example,+358 40 650 3094,15000.00,30,5.0,9,2026-01-23,true
574,C-10574,Esbjerg Sport & Fritid ApS,,INDEPENDENT,DK,Esbjerg,6700,Skolevej 79,DK89694939,esbjerg.sport.fritid.example,+45 19 76 16 33,15000.00,14,5.0,9,2017-06-22,true
575,C-10575,Kero Camping AB,,INDEPENDENT,SE,Örebro,702 11,Skolgatan 97,SE657040992701,kero.camping.example,+46 70 722 62 94,10000.00,45,0.0,9,2017-04-30,true
576,C-10576,Aapa Adventure AS,,INDEPENDENT,NO,Trondheim,7010,Storgata 84,NO317592329MVA,aapa.adventure.example,+47 985 62 324,25000.00,30,12.0,9,2019-09-25,true
577,C-10577,Kuusamo Outdoor School,,CLUB_OR_SCHOOL,FI,Kuusamo,93600,Mannerheimintie 110,FI47072668,kuusamo.outdoor.school.example,+358 40 130 0443,40000.00,30,3.0,10,2019-10-15,true
578,C-10578,Malmö Guides AB,,RENTAL_OUTFITTER,SE,Malmö,211 20,Skolgatan 88,SE099076470001,malmo.guides.example,+46 70 004 75 68,60000.00,30,7.5,10,2022-02-02,true
579,C-10579,Uppsala Sport AB,,DEPARTMENT_STORE,SE,Uppsala,753 10,Drottninggatan 32,SE359046459901,uppsala.sport.example,+46 70 664 21 33,25000.00,30,7.5,10,2023-05-07,true
580,C-10580,Loiste Fritid Oy,,INDEPENDENT,FI,Turku,20100,Puistokatu 117,FI93708383,loiste.fritid.example,+358 40 687 1330,10000.00,30,5.0,8,2026-08-03,true
581,C-10581,Umeå Adventures AB,,RENTAL_OUTFITTER,SE,Umeå,903 26,Industrivägen 118,SE670551325601,umea.adventures.example,+46 70 764 11 36,5000.00,30,5.0,10,2017-11-17,true
582,C-10582,Tallinn Adventures OÜ,,RENTAL_OUTFITTER,EE,Tallinn,10111,Sadama tn 21,EE871287919,tallinn.adventures.example,+372 5693 6943,60000.00,30,3.0,8,2026-06-09,true
583,C-10583,Vaara Sport ApS,,INDEPENDENT,DK,Roskilde,4000,Østergade 97,DK39667077,vaara.sport.example,+45 33 99 38 79,10000.00,30,0.0,9,2022-11-28,true
584,C-10584,Kayak Fritid ApS,,INDEPENDENT,DK,Kolding,6000,Industrivej 8,DK83418075,kayak.fritid.example,+45 48 95 55 91,25000.00,60,5.0,8,2026-05-15,true
585,C-10585,Joensuu Adventures Oy,,RENTAL_OUTFITTER,FI,Joensuu,80100,Torikatu 68,FI82211836,joensuu.adventures.example,+358 40 258 1992,40000.00,30,3.0,10,2019-07-22,true
586,C-10586,Göteborg Guides AB,,RENTAL_OUTFITTER,SE,Göteborg,411 04,Hamngatan 116,SE516303050701,goteborg.guides.example,+46 70 657 77 79,100000.00,30,12.0,10,2023-11-01,true
587,C-10587,Selkä Sport AB,,INDEPENDENT,SE,Kiruna,981 31,Storgatan 45,SE242030272301,selka.sport.example,+46 70 931 01 66,10000.00,30,3.0,9,2019-01-13,true
588,C-10588,Hämeenlinna Sport & Fritid Oy,,INDEPENDENT,FI,Hämeenlinna,13100,Keskuskatu 115,FI73102721,hameenlinna.sport.fritid.example,+358 40 739 9201,100000.00,30,3.0,8,2021-11-21,true
589,C-10589,Oulu Rental Oy,,RENTAL_OUTFITTER,FI,Oulu,90100,Torikatu 78,FI62793947,oulu.rental.example,+358 40 299 3035,15000.00,30,7.5,9,2017-09-06,true
590,C-10590,Arctic Fritid Oy,,INDEPENDENT,FI,Oulu,90100,Mannerheimintie 42,FI13982102,arctic.fritid.example,+358 40 930 5422,100000.00,30,10.0,10,2024-10-18,true
591,C-10591,Kayakshop AB,,ONLINE,SE,Linköping,582 22,Norra Esplanaden 85,SE315646801301,kayakshop.example,+46 70 174 65 92,100000.00,30,5.0,9,2018-02-04,true
592,C-10592,Summitstore AB,,ONLINE,SE,Göteborg,411 04,Norra Esplanaden 105,SE130484227001,summitstore.example,+46 70 567 43 63,5000.00,60,0.0,9,2021-08-30,true
593,C-10593,Joensuu Rental Oy,,RENTAL_OUTFITTER,FI,Joensuu,80100,Keskuskatu 16,FI68919252,joensuu.rental.example,+358 40 809 5000,100000.00,45,0.0,10,2024-05-04,true
594,C-10594,Ridge Urheilu Oy,,INDEPENDENT,FI,Turku,20100,Asemakatu 1,FI21606500,ridge.urheilu.example,+358 40 528 7931,5000.00,45,7.5,9,2021-03-07,true
595,C-10595,Vuoma Trekking AB,,DEPARTMENT_STORE,SE,Åre,837 52,Storgatan 36,SE775092102201,vuoma.trekking.example,+46 70 248 56 11,25000.00,30,0.0,9,2021-12-29,true
596,C-10596,Saarinen Sport Oy,,INDEPENDENT,FI,Jyväskylä,40100,Asemakatu 63,FI21099748,saarinen.sport.example,+358 40 006 4232,100000.00,30,5.0,8,2023-08-15,true
597,C-10597,Hiker's Sport & Fritid Oy,,INDEPENDENT,FI,Joensuu,80100,Asemakatu 76,FI13111690,hikers.sport.fritid.example,+358 40 110 1166,40000.00,30,5.0,9,2016-07-07,true
598,C-10598,Hiker's24 AB,,ONLINE,SE,Karlstad,652 24,Drottninggatan 73,SE176276951901,hikers24.example,+46 70 969 75 27,10000.00,45,0.0,9,2016-12-25,true
599,C-10599,Basecamp Sports Oy,,INDEPENDENT,FI,Tampere,33100,Torikatu 91,FI01431785,basecamp.sports.example,+358 40 159 5299,15000.00,30,0.0,9,2015-09-27,true
600,C-10600,Johansen Friluft AS,,INDEPENDENT,NO,Drammen,3015,Fjellveien 82,NO497677214MVA,johansen.friluft.example,+47 955 80 394,5000.00,30,0.0,8,2016-06-26,true
601,C-10601,Aalborg Friluft ApS,,INDEPENDENT,DK,Aalborg,9000,Hovedgaden 48,DK44505181,aalborg.friluft.example,+45 00 82 27 64,60000.00,30,5.0,10,2023-04-28,true
602,C-10602,Hiker's24 AS,,ONLINE,NO,Ålesund,6002,Strandveien 35,NO597528279MVA,hikers24.example,+47 971 60 376,10000.00,30,3.0,10,2019-11-04,true
603,C-10603,Linköping Scouts,,CLUB_OR_SCHOOL,SE,Linköping,582 22,Industrivägen 100,SE462851672501,linkoping.scouts.example,+46 70 779 39 68,10000.00,45,0.0,8,2022-08-05,true
604,C-10604,Östersund Adventure AB,,INDEPENDENT,SE,Östersund,831 30,Kungsgatan 9,SE758256244601,ostersund.adventure.example,+46 70 918 17 50,15000.00,30,3.0,8,2015-10-19,true
605,C-10605,Summit Trekking ApS,,INDEPENDENT,DK,Roskilde,4000,Østergade 3,DK32713555,summit.trekking.example,+45 75 52 62 28,25000.00,14,5.0,9,2023-07-16,true
606,C-10606,Nordlys Trekking Oy,,INDEPENDENT,FI,Oulu,90100,Kauppakatu 96,FI48887969,nordlys.trekking.example,+358 40 261 7837,5000.00,30,0.0,8,2023-08-21,true
607,C-10607,Aarhus Friluft ApS,,INDEPENDENT,DK,Aarhus,8000,Havnevej 57,DK90645009,aarhus.friluft.example,+45 39 54 19 72,60000.00,30,0.0,8,2024-02-11,true
608,C-10608,Nordlys Fritid AB,,INDEPENDENT,SE,Umeå,903 26,Kungsgatan 116,SE490633097701,nordlys.fritid.example,+46 70 462 01 47,100000.00,14,5.0,10,2026-07-01,true
609,C-10609,Kiel Hiking Association,,CLUB_OR_SCHOOL,DE,Kiel,24103,Bergweg 32,DE756483064,kiel.hiking.association.example,+49 40 4012147,100000.00,30,12.0,10,2021-10-29,true
610,C-10610,Andersen Outdoor AS,,INDEPENDENT,NO,Hamar,2317,Industriveien 74,NO563331038MVA,andersen.outdoor.example,+47 973 49 784,25000.00,30,2.0,8,2026-05-17,true
611,C-10611,Erä Trekking AS,,INDEPENDENT,NO,Alta,9510,Kirkegata 99,NO148079231MVA,era.trekking.example,+47 986 83 209,5000.00,30,10.0,10,2022-12-11,true
612,C-10612,Hiker's Sports Oy,,INDEPENDENT,FI,Kuopio,70100,Mannerheimintie 38,FI81939187,hikers.sports.example,+358 40 610 8760,10000.00,30,3.0,9,2024-03-22,true
613,C-10613,Svensson Outdoor AB,,INDEPENDENT,SE,Gävle,803 20,Hamngatan 116,SE542315835401,svensson.outdoor.example,+46 70 649 27 80,15000.00,60,12.0,8,2019-06-20,true
614,C-10614,Luleå Fritid AB,,INDEPENDENT,SE,Luleå,972 31,Drottninggatan 13,SE137774656601,lulea.fritid.example,+46 70 705 84 19,15000.00,45,5.0,10,2016-04-02,true
615,C-10615,Oulu Outfitters Oy,,INDEPENDENT,FI,Oulu,90100,Kauppakatu 45,FI44891036,oulu.outfitters.example,+358 40 465 7836,5000.00,60,7.5,8,2025-05-04,true
616,C-10616,Fjord Sport Oy,,INDEPENDENT,FI,Helsinki,00100,Puistokatu 108,FI98723545,fjord.sport.example,+358 40 110 8607,15000.00,30,2.0,8,2023-03-15,true
617,C-10617,Hiker'sgear Oy,,ONLINE,FI,Kittilä,99100,Torikatu 27,FI89522138,hikersgear.example,+358 40 716 9581,60000.00,30,7.5,9,2015-09-23,true
618,C-10618,Kiruna Urheilu AB,,INDEPENDENT,SE,Kiruna,981 31,Drottninggatan 61,SE010882087401,kiruna.urheilu.example,+46 70 909 85 08,100000.00,30,0.0,8,2023-02-16,true
619,C-10619,Nilsson Urheilu AB,,INDEPENDENT,SE,Gävle,803 20,Kungsgatan 13,SE760928556601,nilsson.urheilu.example,+46 70 033 29 75,40000.00,30,12.0,10,2015-05-04,true
620,C-10620,Uppsala Turutstyr AB,,INDEPENDENT,SE,Uppsala,753 10,Hamngatan 63,SE695105492701,uppsala.turutstyr.example,+46 70 839 36 06,40000.00,14,5.0,9,2025-03-09,true
621,C-10621,Aapagear Oy,,ONLINE,FI,Helsinki,00100,Asemakatu 12,FI14046739,aapagear.example,+358 40 161 4307,60000.00,30,10.0,10,2023-12-18,true
622,C-10622,Vaara Sports AS,,INDEPENDENT,NO,Bodø,8006,Skoleveien 65,NO208942876MVA,vaara.sports.example,+47 921 87 312,40000.00,30,7.5,8,2026-06-22,true
623,C-10623,Pärnu Urheilu OÜ,,INDEPENDENT,EE,Pärnu,80010,Kooli tn 118,EE531653613,parnu.urheilu.example,+372 5489 7629,5000.00,60,3.0,8,2016-07-19,true
624,C-10624,Bergen Sport & Fritid AS,,INDEPENDENT,NO,Bergen,5003,Skoleveien 94,NO201289798MVA,bergen.sport.fritid.example,+47 917 78 742,40000.00,30,0.0,8,2018-08-26,true
625,C-10625,Karlstad Trekking AB,,INDEPENDENT,SE,Karlstad,652 24,Skolgatan 83,SE383174050601,karlstad.trekking.example,+46 70 266 04 58,40000.00,30,3.0,10,2026-08-21,true
626,C-10626,Rakkashop ApS,,ONLINE,DK,Aarhus,8000,Nørregade 119,DK45062422,rakkashop.example,+45 79 24 96 06,100000.00,30,7.5,10,2019-01-03,true
627,C-10627,Karlsen Outdoor AS,,INDEPENDENT,NO,Stavanger,4006,Industriveien 47,NO518408675MVA,karlsen.outdoor.example,+47 988 22 911,40000.00,14,7.5,10,2015-11-16,true
628,C-10628,Trail Friluft AB,,INDEPENDENT,SE,Örebro,702 11,Kungsgatan 32,SE727948917101,trail.friluft.example,+46 70 587 91 14,15000.00,60,12.0,8,2022-11-28,true
629,C-10629,Compassshop AS,,ONLINE,NO,Stavanger,4006,Torggata 5,NO744749158MVA,compassshop.example,+47 990 27 600,5000.00,14,0.0,10,2023-07-10,true
630,C-10630,Malmö Friluft AB,,INDEPENDENT,SE,Malmö,211 20,Storgatan 39,SE954406060101,malmo.friluft.example,+46 70 690 97 39,5000.00,30,0.0,8,2021-03-25,true
631,C-10631,Madsen Friluft ApS,,INDEPENDENT,DK,Aalborg,9000,Skolevej 80,DK70801728,madsen.friluft.example,+45 59 62 86 39,40000.00,45,10.0,10,2019-03-18,true
632,C-10632,Jyväskylä Urheilu Oy,,INDEPENDENT,FI,Jyväskylä,40100,Hämeenkatu 16,FI82513952,jyvaskyla.urheilu.example,+358 40 222 5121,60000.00,60,10.0,9,2020-02-17,true
633,C-10633,Uppsala Friluft AB,,DEPARTMENT_STORE,SE,Uppsala,753 10,Norra Esplanaden 8,SE147368087901,uppsala.friluft.example,+46 70 643 00 59,100000.00,30,5.0,9,2024-01-16,true
634,C-10634,Berlin Scouts,,CLUB_OR_SCHOOL,DE,Berlin,10115,Bergweg 64,DE595928572,berlin.scouts.example,+49 40 2604248,25000.00,45,0.0,8,2023-11-04,true
635,C-10635,Örebro Retki AB,,DEPARTMENT_STORE,SE,Örebro,702 11,Storgatan 9,SE771326556301,orebro.retki.example,+46 70 812 13 77,15000.00,14,2.0,8,2026-01-13,true
636,C-10636,Seinäjoki Outfitters Oy,,INDEPENDENT,FI,Seinäjoki,60100,Rantatie 39,FI28440552,seinajoki.outfitters.example,+358 40 361 1701,15000.00,30,0.0,9,2026-03-08,true
637,C-10637,Kiruna Outdoor AB,,INDEPENDENT,SE,Kiruna,981 31,Industrivägen 110,SE769861237101,kiruna.outdoor.example,+46 70 519 17 19,100000.00,14,7.5,9,2019-05-03,true
638,C-10638,Vaasa Urheilu Oy,,DEPARTMENT_STORE,FI,Vaasa,65100,Teollisuustie 9,FI01920240,vaasa.urheilu.example,+358 40 699 3411,5000.00,30,3.0,8,2022-05-18,true
639,C-10639,Rakka Retki AS,,INDEPENDENT,NO,Kristiansand,4610,Skoleveien 50,NO363457659MVA,rakka.retki.example,+47 989 82 515,10000.00,30,2.0,8,2025-10-29,true
640,C-10640,Metsästore AB,,ONLINE,SE,Göteborg,411 04,Kungsgatan 78,SE061498112501,metsastore.example,+46 70 552 67 18,100000.00,45,10.0,9,2026-06-10,true
641,C-10641,Suvanto Outfitters AS,,INDEPENDENT,NO,Bergen,5003,Fjellveien 27,NO388836793MVA,suvanto.outfitters.example,+47 967 28 770,5000.00,45,10.0,8,2022-07-12,true
642,C-10642,Sundsvall Expeditions AB,,RENTAL_OUTFITTER,SE,Sundsvall,852 30,Industrivägen 62,SE411289781801,sundsvall.expeditions.example,+46 70 852 02 55,5000.00,14,0.0,10,2015-10-04,true
643,C-10643,Kayak Sport AB,,INDEPENDENT,SE,Kiruna,981 31,Storgatan 44,SE539798969801,kayak.sport.example,+46 70 225 69 29,5000.00,14,3.0,8,2020-05-30,true
644,C-10644,Suvanto Friluft ApS,,INDEPENDENT,DK,Aarhus,8000,Vestergade 91,DK12562926,suvanto.friluft.example,+45 44 05 48 72,5000.00,60,5.0,9,2016-07-20,true
645,C-10645,Nietosstore ApS,,ONLINE,DK,Kolding,6000,Hovedgaden 14,DK68993778,nietosstore.example,+45 61 22 35 42,40000.00,60,5.0,10,2019-01-05,true
646,C-10646,Helsinki Outfitters Oy,,DEPARTMENT_STORE,FI,Helsinki,00100,Yliopistonkatu 74,FI65009659,helsinki.outfitters.example,+358 40 704 9748,40000.00,30,0.0,8,2026-01-18,true
647,C-10647,Hoffmann Urheilu GmbH,,INDEPENDENT,DE,Munich,80331,Bergweg 71,DE677335762,hoffmann.urheilu.example,+49 40 7807873,40000.00,30,10.0,9,2018-06-16,true
648,C-10648,Lake Sport GmbH,,INDEPENDENT,DE,Berlin,10115,Bahnhofstraße 58,DE959489200,lake.sport.example,+49 40 5852229,25000.00,60,5.0,10,2025-09-19,true
649,C-10649,Summit Outfitters ApS,,INDEPENDENT,DK,Odense,5000,Industrivej 2,DK86062987,summit.outfitters.example,+45 51 88 96 97,15000.00,60,0.0,10,2017-03-04,true
650,C-10650,Aurora24 AB,,ONLINE,SE,Uppsala,753 10,Fjällvägen 61,SE843673976401,aurora24.example,+46 70 855 21 55,5000.00,30,12.0,8,2018-07-11,true
651,C-10651,Fjord Friluft AB,,INDEPENDENT,SE,Östersund,831 30,Hamngatan 6,SE337616825301,fjord.friluft.example,+46 70 191 10 29,10000.00,60,7.5,9,2024-08-03,true
652,C-10652,Sundsvall Guides AB,,RENTAL_OUTFITTER,SE,Sundsvall,852 30,Norra Esplanaden 117,SE225815037201,sundsvall.guides.example,+46 70 179 04 29,60000.00,30,10.0,9,2018-08-18,true
653,C-10653,Kero Retki AB,,INDEPENDENT,SE,Falun,791 71,Norra Esplanaden 114,SE087883931801,kero.retki.example,+46 70 120 96 91,100000.00,14,7.5,8,2015-04-02,true
654,C-10654,Summit Trekking Oy,,INDEPENDENT,FI,Kuusamo,93600,Hämeenkatu 115,FI24491222,summit.trekking.example,+358 40 292 2421,60000.00,30,5.0,10,2022-09-29,true
655,C-10655,Alta Scouts,,CLUB_OR_SCHOOL,NO,Alta,9510,Havnegata 9,NO499670331MVA,alta.scouts.example,+47 910 80 266,60000.00,30,3.0,10,2015-05-18,true
656,C-10656,Tallinn Hiking Association,,CLUB_OR_SCHOOL,EE,Tallinn,10111,Pärnu mnt 18,EE934178579,tallinn.hiking.association.example,+372 5959 3078,100000.00,30,5.0,10,2022-09-18,true
657,C-10657,Bergen Fritid AS,,DEPARTMENT_STORE,NO,Bergen,5003,Skoleveien 15,NO092491011MVA,bergen.fritid.example,+47 946 11 771,100000.00,30,12.0,8,2017-11-14,true
658,C-10658,Loiste Turutstyr AB,,INDEPENDENT,SE,Östersund,831 30,Hamngatan 115,SE552128414801,loiste.turutstyr.example,+46 70 614 27 58,15000.00,45,2.0,10,2016-03-14,true
659,C-10659,Fjord Friluft Oy,,INDEPENDENT,FI,Tampere,33100,Rantatie 54,FI12900420,fjord.friluft.example,+358 40 573 4305,100000.00,60,10.0,9,2024-05-14,true
660,C-10660,Ridge Trekking AB,,INDEPENDENT,SE,Luleå,972 31,Hamngatan 59,SE268897893601,ridge.trekking.example,+46 70 630 68 25,100000.00,60,2.0,8,2025-12-03,true
661,C-10661,Rakka Urheilu AS,,INDEPENDENT,NO,Tromsø,9008,Havnegata 29,NO675742690MVA,rakka.urheilu.example,+47 936 56 324,25000.00,14,0.0,8,2024-11-19,true
662,C-10662,Aapashop AB,,ONLINE,SE,Stockholm,111 20,Hamngatan 106,SE090005599001,aapashop.example,+46 70 861 41 88,15000.00,14,0.0,8,2021-01-21,true
663,C-10663,Kayakgear Oy,,ONLINE,FI,Lahti,15100,Mannerheimintie 103,FI11536605,kayakgear.example,+358 40 328 9952,25000.00,30,0.0,9,2021-08-10,true
664,C-10664,Kjær Sport ApS,,INDEPENDENT,DK,Roskilde,4000,Vestergade 118,DK38136329,kjaer.sport.example,+45 44 90 60 41,25000.00,60,3.0,8,2015-01-05,true
665,C-10665,Falun Guides AB,,RENTAL_OUTFITTER,SE,Falun,791 71,Kungsgatan 44,SE312593569901,falun.guides.example,+46 70 304 89 30,5000.00,30,0.0,9,2016-03-07,true
666,C-10666,Hansen Outdoor AS,,INDEPENDENT,NO,Drammen,3015,Kirkegata 109,NO145040923MVA,hansen.outdoor.example,+47 951 80 399,25000.00,30,10.0,8,2017-03-20,true
667,C-10667,Kalotti Sport Oy,,DEPARTMENT_STORE,FI,Espoo,02100,Teollisuustie 9,FI62579011,kalotti.sport.example,+358 40 989 9549,100000.00,30,10.0,9,2022-11-27,true
668,C-10668,Vuoma24 Oy,,ONLINE,FI,Seinäjoki,60100,Asemakatu 109,FI27864132,vuoma24.example,+358 40 481 6083,10000.00,14,5.0,9,2016-05-23,true
669,C-10669,Polargear ApS,,ONLINE,DK,Odense,5000,Skolevej 48,DK77150566,polargear.example,+45 26 59 87 12,100000.00,45,0.0,8,2017-01-18,true
670,C-10670,Bodø Outdoor AS,,INDEPENDENT,NO,Bodø,8006,Industriveien 106,NO311206328MVA,bodo.outdoor.example,+47 901 70 844,10000.00,14,10.0,9,2022-10-31,true
671,C-10671,Trondheim Outdoor AS,,INDEPENDENT,NO,Trondheim,7010,Storgata 17,NO806935519MVA,trondheim.outdoor.example,+47 999 37 687,25000.00,30,5.0,9,2020-08-23,true
672,C-10672,Kristiansand Adventure AS,,INDEPENDENT,NO,Kristiansand,4610,Fjellveien 51,NO339051443MVA,kristiansand.adventure.example,+47 952 22 378,60000.00,45,5.0,8,2017-03-08,true
673,C-10673,Bergström Sport AB,,INDEPENDENT,SE,Örebro,702 11,Fjällvägen 9,SE503808231801,bergstrom.sport.example,+46 70 437 87 48,40000.00,30,0.0,10,2017-11-15,true
674,C-10674,Kaamos Friluft AS,,INDEPENDENT,NO,Ålesund,6002,Havnegata 6,NO414924645MVA,kaamos.friluft.example,+47 984 11 398,60000.00,30,2.0,8,2025-12-08,true
675,C-10675,Polar Friluft ApS,,DEPARTMENT_STORE,DK,Roskilde,4000,Industrivej 75,DK01836522,polar.friluft.example,+45 98 39 35 80,60000.00,30,0.0,8,2019-10-15,true
676,C-10676,Turku Outdoor School,,CLUB_OR_SCHOOL,FI,Turku,20100,Teollisuustie 112,FI18853143,turku.outdoor.school.example,+358 40 733 5953,60000.00,30,3.0,8,2026-05-14,true
677,C-10677,Jyväskylä Expeditions Oy,,RENTAL_OUTFITTER,FI,Jyväskylä,40100,Yliopistonkatu 68,FI46244649,jyvaskyla.expeditions.example,+358 40 114 1728,15000.00,45,5.0,9,2024-04-11,true
678,C-10678,Oulu Adventure Oy,,INDEPENDENT,FI,Oulu,90100,Keskuskatu 66,FI88137786,oulu.adventure.example,+358 40 833 3322,10000.00,60,2.0,8,2016-01-27,true
679,C-10679,Kalotti Trekking AB,,INDEPENDENT,SE,Gävle,803 20,Skolgatan 90,SE254710448501,kalotti.trekking.example,+46 70 897 46 74,60000.00,30,10.0,8,2016-06-10,true
680,C-10680,Oslo Retki AS,,INDEPENDENT,NO,Oslo,0150,Storgata 25,NO350031202MVA,oslo.retki.example,+47 974 99 444,15000.00,14,5.0,9,2016-02-19,true
681,C-10681,Östersund Rental AB,,RENTAL_OUTFITTER,SE,Östersund,831 30,Järnvägsgatan 37,SE935867482501,ostersund.rental.example,+46 70 262 96 55,15000.00,30,3.0,8,2021-12-09,true
682,C-10682,Vidde24 AB,,ONLINE,SE,Östersund,831 30,Drottninggatan 42,SE027865365701,vidde24.example,+46 70 689 67 92,60000.00,30,0.0,8,2023-11-06,true
683,C-10683,Johansen Sport AS,,INDEPENDENT,NO,Lillehammer,2609,Strandveien 39,NO799813219MVA,johansen.sport.example,+47 940 47 658,60000.00,45,7.5,8,2020-09-29,true
684,C-10684,Strand Urheilu AB,,INDEPENDENT,SE,Falun,791 71,Drottninggatan 88,SE748743196201,strand.urheilu.example,+46 70 897 81 35,100000.00,45,0.0,8,2020-11-04,true
685,C-10685,Göteborg Adventures AB,,RENTAL_OUTFITTER,SE,Göteborg,411 04,Kungsgatan 111,SE685120529901,goteborg.adventures.example,+46 70 630 39 24,10000.00,30,7.5,10,2022-06-29,true
686,C-10686,Basecamp Trekking Oy,,INDEPENDENT,FI,Seinäjoki,60100,Hämeenkatu 35,FI49260350,basecamp.trekking.example,+358 40 997 5296,10000.00,30,5.0,9,2015-02-07,true
687,C-10687,Oulu Turutstyr Oy,,DEPARTMENT_STORE,FI,Oulu,90100,Keskuskatu 80,FI98353485,oulu.turutstyr.example,+358 40 663 3030,25000.00,30,3.0,8,2021-05-21,true
688,C-10688,Selkä Outdoor AS,,INDEPENDENT,NO,Trondheim,7010,Storgata 35,NO461501670MVA,selka.outdoor.example,+47 978 59 340,25000.00,60,5.0,9,2020-04-06,false
689,C-10689,Niemi Friluft Oy,,INDEPENDENT,FI,Rovaniemi,96100,Torikatu 101,FI68482784,niemi.friluft.example,+358 40 506 7446,10000.00,60,3.0,10,2026-07-27,true
690,C-10690,Luleå Expeditions AB,,RENTAL_OUTFITTER,SE,Luleå,972 31,Järnvägsgatan 36,SE414992691801,lulea.expeditions.example,+46 70 390 87 82,5000.00,45,3.0,8,2020-05-02,true
691,C-10691,Umeå Rental AB,,RENTAL_OUTFITTER,SE,Umeå,903 26,Fjällvägen 6,SE261812833001,umea.rental.example,+46 70 289 26 03,15000.00,45,12.0,9,2022-04-27,true
692,C-10692,Umeå Friluft AB,,INDEPENDENT,SE,Umeå,903 26,Kungsgatan 21,SE834175239801,umea.friluft.example,+46 70 288 84 36,15000.00,60,7.5,8,2016-11-19,true
693,C-10693,Lake Outdoor Oy,,INDEPENDENT,FI,Joensuu,80100,Torikatu 24,FI89282249,lake.outdoor.example,+358 40 928 3143,60000.00,30,2.0,8,2025-04-19,true
694,C-10694,Erä Sports AB,,INDEPENDENT,SE,Stockholm,111 20,Drottninggatan 90,SE224124407101,era.sports.example,+46 70 895 97 44,40000.00,30,5.0,8,2022-11-15,true
695,C-10695,Hamar Adventures AS,,RENTAL_OUTFITTER,NO,Hamar,2317,Havnegata 9,NO080007284MVA,hamar.adventures.example,+47 932 16 548,100000.00,30,5.0,8,2023-10-19,true
696,C-10696,Compass Retki AS,,DEPARTMENT_STORE,NO,Alta,9510,Strandveien 43,NO039814942MVA,compass.retki.example,+47 927 59 349,25000.00,60,10.0,9,2022-01-19,false
697,C-10697,Kaamos Fritid Oy,,INDEPENDENT,FI,Seinäjoki,60100,Keskuskatu 10,FI41591093,kaamos.fritid.example,+358 40 976 2472,15000.00,60,7.5,9,2024-10-14,true
698,C-10698,Turku Rental Oy,,RENTAL_OUTFITTER,FI,Turku,20100,Rantatie 56,FI44181142,turku.rental.example,+358 40 838 1629,100000.00,30,7.5,9,2022-11-27,true
699,C-10699,Nordlys24 ApS,,ONLINE,DK,Odense,5000,Vestergade 15,DK95323062,nordlys24.example,+45 72 24 65 40,100000.00,60,12.0,8,2024-06-29,true
700,C-10700,Andersson Outdoor AB,,INDEPENDENT,SE,Östersund,831 30,Järnvägsgatan 31,SE512509045001,andersson.outdoor.example,+46 70 271 28 62,60000.00,14,10.0,10,2024-05-02,true
701,C-10701,Luleå Retki AB,,DEPARTMENT_STORE,SE,Luleå,972 31,Kungsgatan 36,SE429204263301,lulea.retki.example,+46 70 265 53 66,25000.00,30,0.0,10,2025-02-27,true
702,C-10702,Trondheim Camping AS,,INDEPENDENT,NO,Trondheim,7010,Torggata 3,NO002366967MVA,trondheim.camping.example,+47 977 50 163,10000.00,60,2.0,10,2026-07-20,true
703,C-10703,Kuopio Scouts,,CLUB_OR_SCHOOL,FI,Kuopio,70100,Torikatu 109,FI17943801,kuopio.scouts.example,+358 40 189 0860,15000.00,30,0.0,10,2018-02-21,true
704,C-10704,Erä Camping AS,,INDEPENDENT,NO,Bergen,5003,Havnegata 77,NO490490062MVA,era.camping.example,+47 923 16 205,5000.00,60,0.0,10,2016-01-29,true
705,C-10705,Kuopio Outdoor School,,CLUB_OR_SCHOOL,FI,Kuopio,70100,Kauppakatu 35,FI15950968,kuopio.outdoor.school.example,+358 40 523 6570,15000.00,30,3.0,8,2017-09-11,true
706,C-10706,Gävle Turutstyr AB,,INDEPENDENT,SE,Gävle,803 20,Norra Esplanaden 115,SE025911469701,gavle.turutstyr.example,+46 70 483 64 60,15000.00,30,5.0,10,2021-01-02,true
707,C-10707,Åre Urheilu AB,,INDEPENDENT,SE,Åre,837 52,Industrivägen 105,SE594765609501,are.urheilu.example,+46 70 106 59 04,5000.00,60,0.0,8,2024-11-08,true
708,C-10708,Göteborg Outdoor School,,CLUB_OR_SCHOOL,SE,Göteborg,411 04,Industrivägen 49,SE875159032801,goteborg.outdoor.school.example,+46 70 392 47 31,5000.00,30,0.0,9,2026-07-27,true
709,C-10709,Polar Sport & Fritid Oy,,INDEPENDENT,FI,Helsinki,00100,Teollisuustie 103,FI33514582,polar.sport.fritid.example,+358 40 768 4695,25000.00,30,12.0,9,2026-05-10,true
710,C-10710,Salminen Urheilu Oy,,DEPARTMENT_STORE,FI,Hämeenlinna,13100,Kauppakatu 44,FI03219291,salminen.urheilu.example,+358 40 439 1623,100000.00,30,5.0,8,2024-01-29,true
711,C-10711,Suvanto Fritid AB,,INDEPENDENT,SE,Linköping,582 22,Skolgatan 67,SE529625520601,suvanto.fritid.example,+46 70 443 85 10,10000.00,45,2.0,10,2025-04-06,false
712,C-10712,Kaira24 AS,,ONLINE,NO,Ålesund,6002,Storgata 4,NO158287788MVA,kaira24.example,+47 917 09 757,5000.00,30,12.0,8,2020-10-07,false
713,C-10713,Erä Turutstyr AS,,INDEPENDENT,NO,Stavanger,4006,Storgata 34,NO817411306MVA,era.turutstyr.example,+47 900 27 124,40000.00,60,12.0,9,2026-06-29,true
714,C-10714,Kokkola Rental Oy,,RENTAL_OUTFITTER,FI,Kokkola,67100,Teollisuustie 47,FI48029195,kokkola.rental.example,+358 40 649 1588,40000.00,45,5.0,10,2015-10-05,true
715,C-10715,Hiker's Sport AS,,INDEPENDENT,NO,Bergen,5003,Kirkegata 67,NO410274878MVA,hikers.sport.example,+47 955 33 068,10000.00,45,10.0,8,2017-05-05,true
716,C-10716,Summit Sport AS,,INDEPENDENT,NO,Ålesund,6002,Storgata 43,NO734989122MVA,summit.sport.example,+47 995 18 865,5000.00,45,3.0,10,2025-03-13,true
717,C-10717,Kalottishop AB,,ONLINE,SE,Umeå,903 26,Skolgatan 99,SE863981975801,kalottishop.example,+46 70 155 39 27,25000.00,30,0.0,8,2024-11-21,true
718,C-10718,Vuomastore Oy,,ONLINE,FI,Turku,20100,Yliopistonkatu 84,FI79068414,vuomastore.example,+358 40 264 7137,25000.00,14,3.0,8,2019-07-26,false
719,C-10719,Tampere Fritid Oy,,INDEPENDENT,FI,Tampere,33100,Mannerheimintie 113,FI87815246,tampere.fritid.example,+358 40 278 8609,15000.00,30,0.0,8,2023-08-14,true
720,C-10720,Joensuu Alpine Club,,CLUB_OR_SCHOOL,FI,Joensuu,80100,Keskuskatu 69,FI32369780,joensuu.alpine.club.example,+358 40 576 7412,40000.00,14,5.0,8,2015-02-28,true
721,C-10721,Oulu Sport Oy,,INDEPENDENT,FI,Oulu,90100,Keskuskatu 29,FI04859068,oulu.sport.example,+358 40 954 7880,25000.00,45,3.0,10,2016-08-04,true
722,C-10722,Copenhagen Adventure ApS,,INDEPENDENT,DK,Copenhagen,1050,Østergade 46,DK64674843,copenhagen.adventure.example,+45 97 56 50 88,15000.00,30,0.0,10,2018-09-13,true
723,C-10723,Helsinki Rental Oy,,RENTAL_OUTFITTER,FI,Helsinki,00100,Kauppakatu 25,FI72835072,helsinki.rental.example,+358 40 345 2229,25000.00,45,12.0,10,2023-09-23,true
724,C-10724,Seinäjoki Adventure Oy,,INDEPENDENT,FI,Seinäjoki,60100,Mannerheimintie 62,FI40903922,seinajoki.adventure.example,+358 40 264 2156,40000.00,30,12.0,8,2019-07-06,true
725,C-10725,Espoo Sport Oy,,INDEPENDENT,FI,Espoo,02100,Teollisuustie 17,FI29262483,espoo.sport.example,+358 40 880 9567,100000.00,30,7.5,9,2018-12-06,true
726,C-10726,Nordlys Fritid Oy,,INDEPENDENT,FI,Rovaniemi,96100,Rantatie 50,FI77567107,nordlys.fritid.example,+358 40 902 4253,25000.00,60,12.0,10,2016-11-29,true
727,C-10727,Kuopio Fritid Oy,,INDEPENDENT,FI,Kuopio,70100,Kauppakatu 16,FI36341570,kuopio.fritid.example,+358 40 578 5817,40000.00,30,5.0,9,2024-09-23,true
728,C-10728,Aalborg Hiking Association,,CLUB_OR_SCHOOL,DK,Aalborg,9000,Østergade 102,DK69453701,aalborg.hiking.association.example,+45 43 64 30 23,40000.00,30,7.5,9,2016-12-06,true
729,C-10729,Kuopio Sport Oy,,INDEPENDENT,FI,Kuopio,70100,Yliopistonkatu 67,FI34624586,kuopio.sport.example,+358 40 643 0264,25000.00,30,0.0,8,2026-08-27,true
730,C-10730,Loiste Trekking Oy,,INDEPENDENT,FI,Seinäjoki,60100,Mannerheimintie 11,FI76801400,loiste.trekking.example,+358 40 826 1811,40000.00,14,0.0,9,2023-11-29,true
731,C-10731,Trail Urheilu GmbH,,INDEPENDENT,DE,Berlin,10115,Bergweg 52,DE231987289,trail.urheilu.example,+49 40 7618225,15000.00,45,0.0,9,2025-10-16,true
732,C-10732,Suvantoshop Oy,,ONLINE,FI,Kuopio,70100,Keskuskatu 7,FI39187015,suvantoshop.example,+358 40 061 1721,100000.00,30,5.0,9,2026-01-07,true
733,C-10733,Summit Fritid AB,,INDEPENDENT,SE,Malmö,211 20,Industrivägen 16,SE914224390301,summit.fritid.example,+46 70 016 91 27,10000.00,30,0.0,10,2016-11-28,true
734,C-10734,Fjäll Urheilu Oy,,INDEPENDENT,FI,Kokkola,67100,Yliopistonkatu 11,FI34578187,fjall.urheilu.example,+358 40 728 5840,5000.00,14,5.0,8,2026-06-10,true
735,C-10735,Umeå Sports AB,,INDEPENDENT,SE,Umeå,903 26,Norra Esplanaden 82,SE444750831901,umea.sports.example,+46 70 943 52 06,100000.00,45,0.0,9,2017-06-30,true
736,C-10736,Loiste Outdoor AS,,DEPARTMENT_STORE,NO,Kristiansand,4610,Storgata 110,NO720874754MVA,loiste.outdoor.example,+47 908 05 906,15000.00,60,3.0,10,2024-05-08,true
737,C-10737,Trailshop AB,,ONLINE,SE,Östersund,831 30,Drottninggatan 36,SE713902282001,trailshop.example,+46 70 574 99 43,10000.00,30,0.0,9,2020-10-23,true
738,C-10738,Trail Outdoor Oy,,INDEPENDENT,FI,Jyväskylä,40100,Asemakatu 95,FI97353354,trail.outdoor.example,+358 40 443 2326,40000.00,14,0.0,10,2026-01-14,true
739,C-10739,Kalotti Sport AB,,DEPARTMENT_STORE,SE,Sundsvall,852 30,Industrivägen 98,SE799499720001,kalotti.sport.example,+46 70 308 57 19,100000.00,30,3.0,8,2020-12-27,true
740,C-10740,Hämeenlinna Urheilu Oy,,INDEPENDENT,FI,Hämeenlinna,13100,Yliopistonkatu 68,FI94178375,hameenlinna.urheilu.example,+358 40 989 8300,100000.00,30,0.0,8,2016-10-11,true
741,C-10741,Kalotti Trekking ApS,,DEPARTMENT_STORE,DK,Copenhagen,1050,Industrivej 100,DK69086508,kalotti.trekking.example,+45 54 40 92 88,60000.00,14,5.0,9,2015-08-24,false
742,C-10742,Oulu Retki Oy,,DEPARTMENT_STORE,FI,Oulu,90100,Yliopistonkatu 103,FI49742349,oulu.retki.example,+358 40 119 7625,60000.00,30,0.0,8,2020-02-05,true
743,C-10743,Rakkastore Oy,,ONLINE,FI,Oulu,90100,Teollisuustie 30,FI52564984,rakkastore.example,+358 40 363 7026,40000.00,30,0.0,10,2017-12-03,true
744,C-10744,Hiker'sgear ApS,,ONLINE,DK,Kolding,6000,Nørregade 62,DK71269215,hikersgear.example,+45 27 57 17 28,60000.00,30,7.5,10,2021-05-25,true
745,C-10745,Fjäll Outfitters AB,,INDEPENDENT,SE,Sundsvall,852 30,Storgatan 110,SE288688569901,fjall.outfitters.example,+46 70 418 88 11,5000.00,14,5.0,10,2015-04-03,true
746,C-10746,Selkägear AB,,ONLINE,SE,Stockholm,111 20,Fjällvägen 10,SE080093405401,selkagear.example,+46 70 850 20 13,40000.00,60,10.0,8,2016-01-16,true
747,C-10747,Metsä Adventure Oy,,DEPARTMENT_STORE,FI,Espoo,02100,Teollisuustie 110,FI54284495,metsa.adventure.example,+358 40 755 7491,60000.00,45,5.0,9,2020-07-20,true
748,C-10748,Rakka24 AB,,ONLINE,SE,Uppsala,753 10,Storgatan 95,SE706210480701,rakka24.example,+46 70 859 05 98,5000.00,14,7.5,10,2022-09-23,true
749,C-10749,Vintergear AB,,ONLINE,SE,Östersund,831 30,Drottninggatan 91,SE315060924201,vintergear.example,+46 70 173 85 31,100000.00,60,10.0,8,2024-03-14,true
750,C-10750,Rakka Retki ApS,,INDEPENDENT,DK,Aalborg,9000,Industrivej 38,DK47430777,rakka.retki.example,+45 19 96 39 02,15000.00,60,5.0,9,2021-10-09,true
751,C-10751,Oulu Fritid Oy,,INDEPENDENT,FI,Oulu,90100,Mannerheimintie 3,FI55429226,oulu.fritid.example,+358 40 100 2730,15000.00,30,7.5,8,2017-06-17,true
752,C-10752,Vuomashop AB,,ONLINE,SE,Sundsvall,852 30,Storgatan 1,SE183804473701,vuomashop.example,+46 70 664 82 16,25000.00,14,5.0,9,2026-08-07,true
753,C-10753,Basecamp Camping AB,,INDEPENDENT,SE,Malmö,211 20,Järnvägsgatan 67,SE289599858501,basecamp.camping.example,+46 70 098 14 42,60000.00,14,0.0,9,2017-06-10,true
754,C-10754,Laine Urheilu Oy,,INDEPENDENT,FI,Espoo,02100,Hämeenkatu 21,FI60711576,laine.urheilu.example,+358 40 023 2137,5000.00,45,5.0,10,2023-08-26,true
755,C-10755,Aarhus Alpine Club,,CLUB_OR_SCHOOL,DK,Aarhus,8000,Havnevej 66,DK21295983,aarhus.alpine.club.example,+45 49 15 18 88,15000.00,45,5.0,8,2019-06-17,true
756,C-10756,Persson Sport AB,,INDEPENDENT,SE,Östersund,831 30,Fjällvägen 80,SE781887619901,persson.sport.example,+46 70 353 88 11,10000.00,30,12.0,10,2022-05-08,true
757,C-10757,Joensuu Outdoor School,,CLUB_OR_SCHOOL,FI,Joensuu,80100,Kauppakatu 51,FI32874309,joensuu.outdoor.school.example,+358 40 353 9686,100000.00,45,7.5,9,2018-11-02,true
758,C-10758,Kuopio Adventure Oy,,INDEPENDENT,FI,Kuopio,70100,Puistokatu 92,FI86435959,kuopio.adventure.example,+358 40 095 3639,15000.00,14,0.0,8,2020-05-09,true
759,C-10759,Nordlys Outfitters AB,,INDEPENDENT,SE,Uppsala,753 10,Hamngatan 28,SE869514561501,nordlys.outfitters.example,+46 70 652 95 05,15000.00,30,5.0,8,2023-11-05,true
760,C-10760,Berg Urheilu AS,,INDEPENDENT,NO,Bergen,5003,Havnegata 31,NO064043713MVA,berg.urheilu.example,+47 991 80 447,5000.00,45,0.0,8,2018-02-26,true
761,C-10761,Arcticstore Oy,,ONLINE,FI,Jyväskylä,40100,Teollisuustie 19,FI08881951,arcticstore.example,+358 40 051 2498,60000.00,60,0.0,9,2025-02-02,true
762,C-10762,Vaaragear Oy,,ONLINE,FI,Kuusamo,93600,Puistokatu 51,FI93626936,vaaragear.example,+358 40 850 9075,10000.00,30,0.0,9,2024-10-27,true
763,C-10763,Foreststore Oy,,ONLINE,FI,Kuusamo,93600,Kauppakatu 118,FI53674648,foreststore.example,+358 40 342 4040,60000.00,30,10.0,8,2026-05-30,true
764,C-10764,Turku Sports Oy,,INDEPENDENT,FI,Turku,20100,Puistokatu 120,FI51923134,turku.sports.example,+358 40 913 5790,40000.00,30,0.0,10,2024-01-04,true
765,C-10765,Kukk Urheilu OÜ,,INDEPENDENT,EE,Tallinn,10111,Pärnu mnt 67,EE255666683,kukk.urheilu.example,+372 5973 4750,60000.00,30,3.0,9,2017-04-01,true
766,C-10766,Aho Outdoor Oy,,INDEPENDENT,FI,Rovaniemi,96100,Asemakatu 88,FI17787804,aho.outdoor.example,+358 40 424 8792,5000.00,60,0.0,9,2022-01-06,true
767,C-10767,Rakka Friluft AS,,INDEPENDENT,NO,Stavanger,4006,Skoleveien 113,NO197425628MVA,rakka.friluft.example,+47 943 10 985,60000.00,60,10.0,10,2021-10-10,true
768,C-10768,Polar Adventure Oy,,INDEPENDENT,FI,Kokkola,67100,Rantatie 103,FI58464747,polar.adventure.example,+358 40 175 6842,40000.00,30,10.0,9,2017-01-29,true
769,C-10769,Ruskastore AS,,ONLINE,NO,Alta,9510,Strandveien 102,NO195271863MVA,ruskastore.example,+47 920 83 219,100000.00,30,7.5,10,2015-04-01,true
770,C-10770,Rovaniemi Alpine Club,,CLUB_OR_SCHOOL,FI,Rovaniemi,96100,Hämeenkatu 20,FI79604970,rovaniemi.alpine.club.example,+358 40 670 1918,40000.00,45,0.0,10,2016-01-11,true
771,C-10771,Arcticshop Oy,,ONLINE,FI,Rovaniemi,96100,Keskuskatu 61,FI02344046,arcticshop.example,+358 40 221 4397,60000.00,45,0.0,10,2023-02-04,true
772,C-10772,Alta Adventures AS,,RENTAL_OUTFITTER,NO,Alta,9510,Storgata 9,NO155930149MVA,alta.adventures.example,+47 961 54 356,15000.00,30,0.0,10,2019-03-23,true
773,C-10773,Stockholm Sport & Fritid AB,,INDEPENDENT,SE,Stockholm,111 20,Drottninggatan 48,SE027457008101,stockholm.sport.fritid.example,+46 70 272 54 29,100000.00,60,10.0,9,2015-12-21,true
774,C-10774,Fjord Urheilu AB,,INDEPENDENT,SE,Umeå,903 26,Storgatan 9,SE528028873501,fjord.urheilu.example,+46 70 887 40 46,40000.00,30,2.0,8,2022-02-22,true
775,C-10775,Jyväskylä Retki Oy,,INDEPENDENT,FI,Jyväskylä,40100,Teollisuustie 119,FI95529717,jyvaskyla.retki.example,+358 40 049 9918,25000.00,60,10.0,9,2023-12-26,false
776,C-10776,Bergen Outfitters AS,,INDEPENDENT,NO,Bergen,5003,Fjellveien 51,NO200779667MVA,bergen.outfitters.example,+47 924 22 086,100000.00,30,3.0,9,2024-10-27,true
777,C-10777,Saarinen Friluft Oy,,INDEPENDENT,FI,Espoo,02100,Kauppakatu 40,FI49914932,saarinen.friluft.example,+358 40 852 6025,15000.00,30,2.0,9,2024-09-09,true
778,C-10778,Kolding Guides ApS,,RENTAL_OUTFITTER,DK,Kolding,6000,Vestergade 93,DK50193013,kolding.guides.example,+45 70 02 79 70,100000.00,30,3.0,10,2024-05-22,true
779,C-10779,Vuoma Friluft Oy,,INDEPENDENT,FI,Hämeenlinna,13100,Keskuskatu 81,FI77740042,vuoma.friluft.example,+358 40 445 3450,60000.00,14,10.0,10,2021-07-28,true
780,C-10780,Metsägear GmbH,,ONLINE,DE,Flensburg,24937,Bahnhofstraße 49,DE615642084,metsagear.example,+49 40 7198729,100000.00,14,2.0,10,2016-09-26,true
781,C-10781,Kerogear Oy,,ONLINE,FI,Tampere,33100,Asemakatu 97,FI37650239,kerogear.example,+358 40 995 6393,10000.00,45,2.0,9,2018-06-09,true
782,C-10782,Hiker'sstore Oy,,ONLINE,FI,Kuopio,70100,Hämeenkatu 93,FI88757296,hikersstore.example,+358 40 632 2705,10000.00,30,5.0,10,2026-08-03,true
783,C-10783,Kaira Sport & Fritid GmbH,,INDEPENDENT,DE,Berlin,10115,Am Markt 66,DE246235531,kaira.sport.fritid.example,+49 40 9994119,25000.00,45,2.0,8,2025-05-04,true
784,C-10784,Kalotti Outdoor ApS,,INDEPENDENT,DK,Odense,5000,Havnevej 31,DK42127444,kalotti.outdoor.example,+45 76 01 88 80,15000.00,30,0.0,10,2019-10-08,true
785,C-10785,Skogshop Oy,,ONLINE,FI,Lahti,15100,Hämeenkatu 8,FI60225043,skogshop.example,+358 40 357 9342,40000.00,30,3.0,8,2019-07-15,true
786,C-10786,Hiker's Sport Oy,,INDEPENDENT,FI,Joensuu,80100,Hämeenkatu 33,FI35234001,hikers.sport.example,+358 40 450 7506,5000.00,14,5.0,10,2017-05-02,true
787,C-10787,Turku Fritid Oy,,INDEPENDENT,FI,Turku,20100,Puistokatu 71,FI49446856,turku.fritid.example,+358 40 943 8862,15000.00,14,5.0,9,2016-09-28,true
788,C-10788,Hiker's Camping ApS,,INDEPENDENT,DK,Kolding,6000,Nørregade 16,DK22225644,hikers.camping.example,+45 30 76 85 54,60000.00,30,0.0,9,2026-07-20,true
789,C-10789,Vinter24 AS,,ONLINE,NO,Bodø,8006,Fjellveien 113,NO959574609MVA,vinter24.example,+47 982 55 689,40000.00,30,0.0,8,2020-12-18,true
790,C-10790,Basecamp Outdoor AB,,INDEPENDENT,SE,Stockholm,111 20,Drottninggatan 86,SE066532995201,basecamp.outdoor.example,+46 70 752 81 24,10000.00,30,5.0,9,2021-03-09,true
791,C-10791,Trondheim Outfitters AS,,DEPARTMENT_STORE,NO,Trondheim,7010,Skoleveien 106,NO970421343MVA,trondheim.outfitters.example,+47 983 50 119,40000.00,14,0.0,9,2026-07-06,true
792,C-10792,Laine Friluft Oy,,INDEPENDENT,FI,Kuopio,70100,Asemakatu 19,FI12468850,laine.friluft.example,+358 40 751 7525,25000.00,45,0.0,8,2016-05-15,true
793,C-10793,Hansen Urheilu AS,,INDEPENDENT,NO,Bergen,5003,Storgata 106,NO312651280MVA,hansen.urheilu.example,+47 910 38 165,100000.00,30,10.0,8,2016-01-11,true
794,C-10794,Luleå Adventures AB,,RENTAL_OUTFITTER,SE,Luleå,972 31,Järnvägsgatan 58,SE337097638701,lulea.adventures.example,+46 70 737 88 68,60000.00,14,0.0,8,2015-01-13,true
795,C-10795,Stockholm Friluft AB,,INDEPENDENT,SE,Stockholm,111 20,Norra Esplanaden 52,SE451326790101,stockholm.friluft.example,+46 70 323 79 58,100000.00,30,10.0,9,2026-01-17,true
796,C-10796,Gustafsson Friluft AB,,INDEPENDENT,SE,Östersund,831 30,Storgatan 52,SE797359297901,gustafsson.friluft.example,+46 70 798 95 65,25000.00,30,0.0,9,2016-04-11,true
797,C-10797,Järvinen Outdoor Oy,,INDEPENDENT,FI,Oulu,90100,Puistokatu 103,FI94711264,jarvinen.outdoor.example,+358 40 906 2732,60000.00,30,0.0,10,2020-09-29,true
798,C-10798,Tartu Friluft OÜ,,DEPARTMENT_STORE,EE,Tartu,51003,Sadama tn 113,EE476997126,tartu.friluft.example,+372 5008 0904,10000.00,30,2.0,9,2021-03-21,true
799,C-10799,Skog Outfitters Oy,,INDEPENDENT,FI,Helsinki,00100,Rantatie 25,FI30970924,skog.outfitters.example,+358 40 743 0415,60000.00,30,5.0,9,2024-07-12,true
800,C-10800,Aurora Sport & Fritid ApS,,INDEPENDENT,DK,Aalborg,9000,Nørregade 59,DK68620577,aurora.sport.fritid.example,+45 64 81 34 38,5000.00,60,0.0,9,2019-07-07,true
801,C-10801,Vidde Outdoor AB,,INDEPENDENT,SE,Malmö,211 20,Drottninggatan 21,SE835775910701,vidde.outdoor.example,+46 70 057 33 90,100000.00,30,7.5,9,2016-05-29,true
802,C-10802,Moen Outdoor AS,,INDEPENDENT,NO,Kristiansand,4610,Torggata 13,NO941379876MVA,moen.outdoor.example,+47 991 56 024,5000.00,45,7.5,8,2022-05-28,true
803,C-10803,Kokkola Guides Oy,,RENTAL_OUTFITTER,FI,Kokkola,67100,Mannerheimintie 112,FI99024996,kokkola.guides.example,+358 40 421 6885,25000.00,30,0.0,9,2017-10-29,true
804,C-10804,Kristiansand Expeditions AS,,RENTAL_OUTFITTER,NO,Kristiansand,4610,Strandveien 4,NO586119983MVA,kristiansand.expeditions.example,+47 933 13 352,100000.00,30,5.0,8,2017-05-18,true
805,C-10805,Stockholm Alpine Club,,CLUB_OR_SCHOOL,SE,Stockholm,111 20,Järnvägsgatan 101,SE979141895201,stockholm.alpine.club.example,+46 70 970 81 90,40000.00,14,3.0,9,2022-08-26,true
806,C-10806,Vuoma Sports ApS,,INDEPENDENT,DK,Aalborg,9000,Industrivej 37,DK02844764,vuoma.sports.example,+45 88 39 38 57,10000.00,45,0.0,8,2015-10-26,true
807,C-10807,Lahti Fritid Oy,,INDEPENDENT,FI,Lahti,15100,Kauppakatu 14,FI35328755,lahti.fritid.example,+358 40 198 3055,15000.00,30,0.0,9,2026-06-20,true
808,C-10808,Aurora Outdoor Oy,,DEPARTMENT_STORE,FI,Kuopio,70100,Teollisuustie 22,FI25485961,aurora.outdoor.example,+358 40 847 8738,5000.00,30,5.0,10,2024-12-07,true
809,C-10809,Copenhagen Retki ApS,,INDEPENDENT,DK,Copenhagen,1050,Skolevej 89,DK75637183,copenhagen.retki.example,+45 86 95 18 77,40000.00,30,10.0,8,2025-07-31,true
810,C-10810,Tampere Retki Oy,,INDEPENDENT,FI,Tampere,33100,Rantatie 94,FI84310683,tampere.retki.example,+358 40 123 0019,25000.00,30,5.0,9,2018-09-24,true
811,C-10811,Kallio Urheilu Oy,,INDEPENDENT,FI,Kuopio,70100,Torikatu 95,FI77931679,kallio.urheilu.example,+358 40 974 5589,60000.00,14,0.0,9,2025-10-05,true
812,C-10812,Aurora24 AS,,ONLINE,NO,Oslo,0150,Torggata 62,NO898306866MVA,aurora24.example,+47 909 77 339,10000.00,30,5.0,9,2021-07-17,true
813,C-10813,Selkä Camping AS,,DEPARTMENT_STORE,NO,Tromsø,9008,Skoleveien 83,NO091746931MVA,selka.camping.example,+47 952 03 314,15000.00,30,3.0,8,2021-11-09,true
814,C-10814,Suvanto24 OÜ,,ONLINE,EE,Tallinn,10111,Sadama tn 8,EE148457354,suvanto24.example,+372 5413 2449,100000.00,30,0.0,10,2018-01-16,true
815,C-10815,Vaara Adventure ApS,,INDEPENDENT,DK,Copenhagen,1050,Vestergade 80,DK15630157,vaara.adventure.example,+45 24 69 28 10,15000.00,45,12.0,10,2021-05-04,true
816,C-10816,Basecamp Outdoor AS,,INDEPENDENT,NO,Drammen,3015,Strandveien 17,NO145101592MVA,basecamp.outdoor.example,+47 925 70 179,15000.00,14,3.0,8,2016-08-24,true
817,C-10817,Sørensen Outdoor ApS,,DEPARTMENT_STORE,DK,Roskilde,4000,Østergade 56,DK58316689,sorensen.outdoor.example,+45 56 97 36 74,100000.00,30,5.0,9,2026-07-27,true
818,C-10818,Vinter Sport & Fritid AB,,INDEPENDENT,SE,Malmö,211 20,Norra Esplanaden 26,SE249234370001,vinter.sport.fritid.example,+46 70 206 49 60,5000.00,60,0.0,8,2024-05-19,true
819,C-10819,Metsä Trekking AS,,INDEPENDENT,NO,Bodø,8006,Industriveien 89,NO569537119MVA,metsa.trekking.example,+47 924 28 671,40000.00,30,12.0,9,2017-03-09,true
820,C-10820,Trail Sports Oy,,INDEPENDENT,FI,Espoo,02100,Hämeenkatu 56,FI45500120,trail.sports.example,+358 40 232 6122,15000.00,30,5.0,9,2016-12-12,true
821,C-10821,Göteborg Friluft AB,,INDEPENDENT,SE,Göteborg,411 04,Industrivägen 4,SE324096487901,goteborg.friluft.example,+46 70 422 44 74,15000.00,30,0.0,8,2015-02-17,true
822,C-10822,Polarstore OÜ,,ONLINE,EE,Tallinn,10111,Kooli tn 119,EE377805073,polarstore.example,+372 5464 1116,5000.00,14,0.0,9,2022-04-13,true
823,C-10823,Erästore Oy,,ONLINE,FI,Kuusamo,93600,Yliopistonkatu 54,FI83347758,erastore.example,+358 40 804 0163,15000.00,30,3.0,9,2024-02-24,true
824,C-10824,Nietos Turutstyr ApS,,DEPARTMENT_STORE,DK,Aarhus,8000,Skolevej 28,DK76296511,nietos.turutstyr.example,+45 82 72 50 40,60000.00,30,2.0,10,2019-06-12,true
825,C-10825,Metsä Camping Oy,,INDEPENDENT,FI,Seinäjoki,60100,Hämeenkatu 81,FI30172223,metsa.camping.example,+358 40 071 9696,10000.00,30,0.0,8,2019-01-26,true
826,C-10826,Östersund Friluft AB,,INDEPENDENT,SE,Östersund,831 30,Hamngatan 95,SE929404779101,ostersund.friluft.example,+46 70 345 88 40,5000.00,30,2.0,9,2017-03-05,true
827,C-10827,Nordlys Sports ApS,,INDEPENDENT,DK,Copenhagen,1050,Østergade 116,DK45716351,nordlys.sports.example,+45 77 53 70 86,10000.00,30,10.0,9,2017-07-23,true
828,C-10828,Suvanto Urheilu AB,,INDEPENDENT,SE,Karlstad,652 24,Industrivägen 77,SE750616092201,suvanto.urheilu.example,+46 70 041 44 57,10000.00,14,5.0,8,2026-06-07,true
829,C-10829,Ridge24 Oy,,ONLINE,FI,Lahti,15100,Hämeenkatu 114,FI91152383,ridge24.example,+358 40 299 0418,10000.00,30,12.0,9,2015-08-18,true
830,C-10830,Seinäjoki Expeditions Oy,,RENTAL_OUTFITTER,FI,Seinäjoki,60100,Keskuskatu 85,FI05548990,seinajoki.expeditions.example,+358 40 325 4526,15000.00,14,3.0,8,2026-02-14,true
831,C-10831,Kayak Adventure AB,,INDEPENDENT,SE,Malmö,211 20,Järnvägsgatan 22,SE139890866401,kayak.adventure.example,+46 70 433 28 23,60000.00,60,3.0,10,2018-07-09,true
832,C-10832,Kaamos Trekking AB,,INDEPENDENT,SE,Uppsala,753 10,Järnvägsgatan 118,SE299378901101,kaamos.trekking.example,+46 70 146 90 36,15000.00,60,3.0,8,2021-02-26,true
833,C-10833,Nordlysgear OÜ,,ONLINE,EE,Pärnu,80010,Pärnu mnt 119,EE015294688,nordlysgear.example,+372 5764 2434,25000.00,30,0.0,8,2016-04-05,true
834,C-10834,Turku Camping Oy,,INDEPENDENT,FI,Turku,20100,Puistokatu 32,FI37889104,turku.camping.example,+358 40 129 5819,15000.00,30,3.0,10,2023-12-11,true
835,C-10835,Kokkola Sport & Fritid Oy,,INDEPENDENT,FI,Kokkola,67100,Keskuskatu 115,FI05896849,kokkola.sport.fritid.example,+358 40 336 1643,10000.00,60,2.0,8,2020-08-11,true
836,C-10836,Suvanto Camping AB,,INDEPENDENT,SE,Östersund,831 30,Industrivägen 33,SE486758037301,suvanto.camping.example,+46 70 185 40 06,60000.00,30,12.0,8,2026-04-30,true
837,C-10837,Drammen Outfitters AS,,INDEPENDENT,NO,Drammen,3015,Torggata 61,NO463964301MVA,drammen.outfitters.example,+47 981 67 825,100000.00,60,3.0,9,2019-09-16,true
838,C-10838,Järvinen Urheilu Oy,,INDEPENDENT,FI,Helsinki,00100,Rantatie 115,FI52097261,jarvinen.urheilu.example,+358 40 559 2450,15000.00,30,2.0,9,2015-04-05,true
839,C-10839,Kristiansand Adventures AS,,RENTAL_OUTFITTER,NO,Kristiansand,4610,Fjellveien 42,NO958587598MVA,kristiansand.adventures.example,+47 964 10 952,15000.00,30,7.5,8,2026-08-18,false
840,C-10840,Eriksson Friluft AB,,DEPARTMENT_STORE,SE,Åre,837 52,Norra Esplanaden 16,SE522866760001,eriksson.friluft.example,+46 70 134 13 60,25000.00,30,2.0,9,2022-07-18,true
841,C-10841,Summitshop Oy,,ONLINE,FI,Oulu,90100,Keskuskatu 21,FI89050033,summitshop.example,+358 40 437 3252,100000.00,30,0.0,10,2025-01-27,true
842,C-10842,Hämeenlinna Outdoor School,,CLUB_OR_SCHOOL,FI,Hämeenlinna,13100,Keskuskatu 13,FI76533371,hameenlinna.outdoor.school.example,+358 40 070 8095,5000.00,30,2.0,9,2023-07-15,true
843,C-10843,Erä24 AB,,ONLINE,SE,Uppsala,753 10,Hamngatan 51,SE566210739701,era24.example,+46 70 309 95 83,25000.00,14,0.0,9,2026-06-26,true
844,C-10844,Poulsen Outdoor ApS,,INDEPENDENT,DK,Roskilde,4000,Nørregade 108,DK86094642,poulsen.outdoor.example,+45 34 27 66 34,10000.00,30,5.0,8,2016-10-15,true
845,C-10845,Kaamos Outdoor GmbH,,INDEPENDENT,DE,Hamburg,20095,Hafenstraße 25,DE972644785,kaamos.outdoor.example,+49 40 6123045,60000.00,60,12.0,10,2020-05-29,true
846,C-10846,Aapastore Oy,,ONLINE,FI,Hämeenlinna,13100,Kauppakatu 57,FI11880099,aapastore.example,+358 40 829 1877,25000.00,45,2.0,9,2021-11-22,true
847,C-10847,Erä24 ApS,,ONLINE,DK,Odense,5000,Østergade 28,DK65683669,era24.example,+45 25 27 13 07,40000.00,30,7.5,9,2015-07-19,true
848,C-10848,Polar Outfitters ApS,,INDEPENDENT,DK,Copenhagen,1050,Skolevej 23,DK10871173,polar.outfitters.example,+45 78 08 51 31,25000.00,14,0.0,10,2023-08-14,true
849,C-10849,Arctic Turutstyr AS,,INDEPENDENT,NO,Drammen,3015,Industriveien 42,NO948115198MVA,arctic.turutstyr.example,+47 973 12 306,5000.00,45,5.0,8,2020-08-04,true
850,C-10850,Tampere Scouts,,CLUB_OR_SCHOOL,FI,Tampere,33100,Asemakatu 53,FI01950202,tampere.scouts.example,+358 40 868 4540,10000.00,14,7.5,8,2020-07-06,true
851,C-10851,Fjäll Sport & Fritid Oy,,INDEPENDENT,FI,Vaasa,65100,Mannerheimintie 116,FI54227485,fjall.sport.fritid.example,+358 40 574 4203,10000.00,14,5.0,9,2018-08-20,true
852,C-10852,Aapashop Oy,,ONLINE,FI,Kuusamo,93600,Keskuskatu 65,FI26678777,aapashop.example,+358 40 746 3231,60000.00,45,3.0,10,2023-12-19,true
853,C-10853,Trailstore Oy,,ONLINE,FI,Vaasa,65100,Keskuskatu 85,FI55335084,trailstore.example,+358 40 903 8162,100000.00,14,2.0,8,2020-09-10,true
854,C-10854,Lahti Trekking Oy,,INDEPENDENT,FI,Lahti,15100,Hämeenkatu 75,FI85556678,lahti.trekking.example,+358 40 045 4652,40000.00,30,0.0,8,2025-02-10,true
855,C-10855,Compass Fritid GmbH,,INDEPENDENT,DE,Munich,80331,Hafenstraße 37,DE855324279,compass.fritid.example,+49 40 5528829,15000.00,60,0.0,8,2019-05-26,true
856,C-10856,Oslo Turutstyr AS,,INDEPENDENT,NO,Oslo,0150,Kirkegata 37,NO541166884MVA,oslo.turutstyr.example,+47 963 43 832,60000.00,30,0.0,9,2019-09-15,true
857,C-10857,Erä Trekking Oy,,INDEPENDENT,FI,Kuopio,70100,Keskuskatu 68,FI67541275,era.trekking.example,+358 40 872 1770,100000.00,14,5.0,9,2025-02-10,true
858,C-10858,Ridge Adventure AB,,INDEPENDENT,SE,Göteborg,411 04,Hamngatan 120,SE845324305501,ridge.adventure.example,+46 70 772 84 19,10000.00,30,5.0,10,2020-06-01,true
859,C-10859,Turku Turutstyr Oy,,INDEPENDENT,FI,Turku,20100,Rantatie 53,FI42329670,turku.turutstyr.example,+358 40 303 2393,15000.00,60,5.0,9,2023-08-25,true
860,C-10860,Ruskagear AB,,ONLINE,SE,Kiruna,981 31,Norra Esplanaden 120,SE248987602201,ruskagear.example,+46 70 331 88 85,100000.00,45,5.0,8,2022-06-09,true
861,C-10861,Vaasa Sport Oy,,INDEPENDENT,FI,Vaasa,65100,Yliopistonkatu 37,FI34658765,vaasa.sport.example,+358 40 776 4882,25000.00,30,5.0,9,2017-02-14,true
862,C-10862,Summit Outdoor Oy,,INDEPENDENT,FI,Kuusamo,93600,Asemakatu 23,FI67392517,summit.outdoor.example,+358 40 195 7831,25000.00,60,5.0,9,2020-06-22,true
863,C-10863,Basecampstore ApS,,ONLINE,DK,Aarhus,8000,Skolevej 40,DK88356476,basecampstore.example,+45 00 32 91 08,25000.00,45,0.0,9,2020-11-07,true
864,C-10864,Lehtonen Sport Oy,,INDEPENDENT,FI,Kuopio,70100,Hämeenkatu 111,FI15755128,lehtonen.sport.example,+358 40 699 7350,100000.00,30,7.5,8,2017-07-07,true
865,C-10865,Trondheim Scouts,,CLUB_OR_SCHOOL,NO,Trondheim,7010,Storgata 17,NO884282911MVA,trondheim.scouts.example,+47 961 42 225,15000.00,30,10.0,8,2020-02-15,true
866,C-10866,Hiker's Urheilu AS,,INDEPENDENT,NO,Hamar,2317,Kirkegata 36,NO671116749MVA,hikers.urheilu.example,+47 941 70 093,5000.00,30,0.0,10,2023-03-16,true
867,C-10867,Basecamp Outfitters AS,,INDEPENDENT,NO,Kristiansand,4610,Torggata 59,NO511029212MVA,basecamp.outfitters.example,+47 901 03 779,60000.00,45,10.0,8,2019-06-07,true
868,C-10868,Rakkagear Oy,,ONLINE,FI,Tampere,33100,Hämeenkatu 112,FI53697810,rakkagear.example,+358 40 967 5055,15000.00,30,12.0,10,2019-08-31,true
869,C-10869,Vaarashop ApS,,ONLINE,DK,Esbjerg,6700,Havnevej 101,DK26227194,vaarashop.example,+45 23 62 38 29,15000.00,30,0.0,10,2025-10-28,true
870,C-10870,Rovaniemi Expeditions Oy,,RENTAL_OUTFITTER,FI,Rovaniemi,96100,Puistokatu 41,FI87255534,rovaniemi.expeditions.example,+358 40 645 0050,100000.00,45,2.0,10,2020-07-20,true
871,C-10871,Kaira Sports Oy,,INDEPENDENT,FI,Turku,20100,Kauppakatu 113,FI43282205,kaira.sports.example,+358 40 298 1790,10000.00,30,5.0,9,2025-06-18,true
872,C-10872,Korhonen Sport Oy,,DEPARTMENT_STORE,FI,Jyväskylä,40100,Rantatie 53,FI95757524,korhonen.sport.example,+358 40 000 9789,25000.00,45,0.0,8,2022-01-21,true
873,C-10873,Bodø Sports AS,,INDEPENDENT,NO,Bodø,8006,Torggata 43,NO835168387MVA,bodo.sports.example,+47 939 25 103,25000.00,30,10.0,10,2021-07-16,true
874,C-10874,Ålesund Outdoor AS,,INDEPENDENT,NO,Ålesund,6002,Strandveien 16,NO563628497MVA,alesund.outdoor.example,+47 936 32 448,10000.00,60,2.0,8,2021-07-24,false
875,C-10875,Olsen Sport AS,,DEPARTMENT_STORE,NO,Drammen,3015,Strandveien 96,NO796477694MVA,olsen.sport.example,+47 901 11 350,10000.00,14,7.5,10,2026-05-23,true
876,C-10876,Hiker'sshop AS,,ONLINE,NO,Tromsø,9008,Torggata 62,NO254978281MVA,hikersshop.example,+47 922 08 591,100000.00,30,5.0,9,2016-06-19,true
877,C-10877,Lahti Hiking Association,,CLUB_OR_SCHOOL,FI,Lahti,15100,Kauppakatu 20,FI74584349,lahti.hiking.association.example,+358 40 585 8276,25000.00,14,12.0,10,2021-10-05,true
878,C-10878,Linköping Alpine Club,,CLUB_OR_SCHOOL,SE,Linköping,582 22,Hamngatan 24,SE030100143701,linkoping.alpine.club.example,+46 70 410 99 23,10000.00,30,5.0,8,2020-10-29,true
879,C-10879,Stockholm Turutstyr AB,,INDEPENDENT,SE,Stockholm,111 20,Fjällvägen 91,SE135416938701,stockholm.turutstyr.example,+46 70 593 84 59,25000.00,14,0.0,10,2023-10-28,true
880,C-10880,Kalottigear AB,,ONLINE,SE,Stockholm,111 20,Skolgatan 64,SE175225934401,kalottigear.example,+46 70 669 03 27,5000.00,14,2.0,8,2022-04-03,true
881,C-10881,Trailgear Oy,,ONLINE,FI,Rovaniemi,96100,Hämeenkatu 115,FI26551722,trailgear.example,+358 40 220 3056,60000.00,30,7.5,8,2022-10-05,true
882,C-10882,Kaira Urheilu AB,,INDEPENDENT,SE,Malmö,211 20,Kungsgatan 104,SE314480062801,kaira.urheilu.example,+46 70 787 33 32,15000.00,45,5.0,9,2020-06-11,true
883,C-10883,Linköping Outdoor School,,CLUB_OR_SCHOOL,SE,Linköping,582 22,Kungsgatan 53,SE655593130601,linkoping.outdoor.school.example,+46 70 642 15 96,15000.00,60,0.0,10,2024-06-21,true
884,C-10884,Kero Outfitters Oy,,INDEPENDENT,FI,Rovaniemi,96100,Rantatie 9,FI83102460,kero.outfitters.example,+358 40 904 0170,10000.00,30,5.0,10,2016-07-17,true
885,C-10885,Aapa Turutstyr AB,,INDEPENDENT,SE,Linköping,582 22,Hamngatan 108,SE781678068601,aapa.turutstyr.example,+46 70 886 15 15,10000.00,30,7.5,9,2022-07-20,true
886,C-10886,Kolding Expeditions ApS,,RENTAL_OUTFITTER,DK,Kolding,6000,Vestergade 83,DK21738173,kolding.expeditions.example,+45 22 52 20 95,60000.00,45,7.5,8,2018-01-20,true
887,C-10887,Basecamp Outfitters ApS,,INDEPENDENT,DK,Kolding,6000,Nørregade 76,DK43682120,basecamp.outfitters.example,+45 11 51 25 22,40000.00,45,0.0,9,2019-03-21,true
888,C-10888,Umeå Hiking Association,,CLUB_OR_SCHOOL,SE,Umeå,903 26,Fjällvägen 55,SE918174775101,umea.hiking.association.example,+46 70 771 72 15,5000.00,45,3.0,9,2015-10-12,true
889,C-10889,Fjäll Adventure Oy,,INDEPENDENT,FI,Joensuu,80100,Yliopistonkatu 68,FI72028494,fjall.adventure.example,+358 40 538 5457,60000.00,45,0.0,10,2025-08-18,true
890,C-10890,Summit Camping AB,,INDEPENDENT,SE,Linköping,582 22,Skolgatan 74,SE625750506501,summit.camping.example,+46 70 789 45 95,10000.00,14,3.0,8,2024-07-16,true
891,C-10891,Drammen Trekking AS,,INDEPENDENT,NO,Drammen,3015,Kirkegata 90,NO263792516MVA,drammen.trekking.example,+47 944 06 319,10000.00,14,10.0,10,2018-09-07,true
892,C-10892,Skog24 AB,,ONLINE,SE,Umeå,903 26,Skolgatan 56,SE593265695101,skog24.example,+46 70 815 80 62,15000.00,14,3.0,9,2016-10-13,true
893,C-10893,Esbjerg Outdoor ApS,,INDEPENDENT,DK,Esbjerg,6700,Nørregade 20,DK76419473,esbjerg.outdoor.example,+45 13 31 67 50,60000.00,60,5.0,10,2025-08-16,true
894,C-10894,Jyväskylä Rental Oy,,RENTAL_OUTFITTER,FI,Jyväskylä,40100,Hämeenkatu 102,FI70815661,jyvaskyla.rental.example,+358 40 576 8027,5000.00,45,7.5,9,2024-03-28,true
895,C-10895,Polar Friluft AS,,INDEPENDENT,NO,Bergen,5003,Strandveien 16,NO377560122MVA,polar.friluft.example,+47 949 61 080,25000.00,60,10.0,10,2026-07-17,true
896,C-10896,Basecamp Retki OÜ,,INDEPENDENT,EE,Tallinn,10111,Kooli tn 15,EE110547730,basecamp.retki.example,+372 5994 8435,40000.00,30,12.0,9,2016-06-06,true
897,C-10897,Basecamp Sport Oy,,INDEPENDENT,FI,Kuusamo,93600,Asemakatu 91,FI83523850,basecamp.sport.example,+358 40 882 1852,15000.00,30,7.5,9,2015-10-31,true
898,C-10898,Suvanto Trekking ApS,,INDEPENDENT,DK,Roskilde,4000,Østergade 23,DK51010880,suvanto.trekking.example,+45 17 04 03 83,15000.00,14,7.5,8,2026-06-11,true
899,C-10899,Skogstore AB,,ONLINE,SE,Östersund,831 30,Norra Esplanaden 79,SE640847189201,skogstore.example,+46 70 824 75 69,40000.00,14,0.0,8,2019-11-22,true
900,C-10900,Kokkola Friluft Oy,,INDEPENDENT,FI,Kokkola,67100,Puistokatu 26,FI95267758,kokkola.friluft.example,+358 40 608 7605,15000.00,60,5.0,9,2016-03-15,false
901,C-10901,Roskilde Retki ApS,,INDEPENDENT,DK,Roskilde,4000,Skolevej 67,DK81777257,roskilde.retki.example,+45 75 30 85 60,100000.00,30,7.5,10,2023-04-06,true
902,C-10902,Tartu Adventures OÜ,,RENTAL_OUTFITTER,EE,Tartu,51003,Kooli tn 77,EE448632528,tartu.adventures.example,+372 5461 3409,40000.00,30,3.0,8,2018-06-29,true
903,C-10903,Kaamos24 AS,,ONLINE,NO,Oslo,0150,Strandveien 118,NO032457215MVA,kaamos24.example,+47 956 70 974,10000.00,14,0.0,9,2025-02-19,true
904,C-10904,Niemi Urheilu Oy,,DEPARTMENT_STORE,FI,Joensuu,80100,Teollisuustie 13,FI53003658,niemi.urheilu.example,+358 40 555 4252,40000.00,60,12.0,10,2019-06-16,true
905,C-10905,Lillehammer Rental AS,,RENTAL_OUTFITTER,NO,Lillehammer,2609,Skoleveien 39,NO391029886MVA,lillehammer.rental.example,+47 927 85 783,60000.00,60,0.0,10,2021-04-03,true
906,C-10906,Aapa Outdoor AB,,DEPARTMENT_STORE,SE,Malmö,211 20,Fjällvägen 117,SE295599664901,aapa.outdoor.example,+46 70 967 75 50,15000.00,30,5.0,9,2024-12-16,true
907,C-10907,Kayak24 AB,,ONLINE,SE,Uppsala,753 10,Drottninggatan 45,SE566885391701,kayak24.example,+46 70 875 99 35,15000.00,30,5.0,10,2020-12-18,true
908,C-10908,Arctic Sport OÜ,,INDEPENDENT,EE,Tartu,51003,Narva mnt 111,EE982475383,arctic.sport.example,+372 5603 5307,40000.00,60,0.0,10,2019-04-16,false
909,C-10909,Kayak Retki ApS,,INDEPENDENT,DK,Aarhus,8000,Vestergade 74,DK14233990,kayak.retki.example,+45 50 51 82 36,10000.00,45,0.0,8,2021-09-29,true
910,C-10910,Kaamos Urheilu AB,,INDEPENDENT,SE,Göteborg,411 04,Skolgatan 13,SE102822550901,kaamos.urheilu.example,+46 70 046 07 62,60000.00,14,0.0,9,2026-06-29,true
911,C-10911,Mäkinen Friluft Oy,,INDEPENDENT,FI,Kittilä,99100,Yliopistonkatu 115,FI76142247,makinen.friluft.example,+358 40 928 0331,100000.00,45,12.0,9,2026-04-28,true
912,C-10912,Ruska Outfitters ApS,,INDEPENDENT,DK,Esbjerg,6700,Østergade 114,DK19447472,ruska.outfitters.example,+45 04 46 70 09,15000.00,30,10.0,10,2024-05-25,true
913,C-10913,Malmö Adventures AB,,RENTAL_OUTFITTER,SE,Malmö,211 20,Industrivägen 64,SE857027313801,malmo.adventures.example,+46 70 677 22 78,25000.00,60,7.5,9,2024-06-11,true
914,C-10914,Suvanto24 AB,,ONLINE,SE,Karlstad,652 24,Skolgatan 100,SE677587075601,suvanto24.example,+46 70 858 12 07,40000.00,14,5.0,8,2025-02-02,true
915,C-10915,Rakka Adventure AB,,INDEPENDENT,SE,Sundsvall,852 30,Fjällvägen 74,SE810731411901,rakka.adventure.example,+46 70 128 25 19,100000.00,14,0.0,8,2017-02-11,true
916,C-10916,Munich Retki GmbH,,INDEPENDENT,DE,Munich,80331,Bergweg 78,DE199342251,munich.retki.example,+49 40 1206688,40000.00,30,3.0,10,2021-02-05,true
917,C-10917,Erä24 Oy,,ONLINE,FI,Hämeenlinna,13100,Teollisuustie 61,FI05620745,era24.example,+358 40 804 9947,10000.00,30,5.0,8,2018-01-11,true
918,C-10918,Kokkola Hiking Association,,CLUB_OR_SCHOOL,FI,Kokkola,67100,Puistokatu 77,FI64180955,kokkola.hiking.association.example,+358 40 743 9595,10000.00,45,2.0,10,2022-11-28,true
919,C-10919,Kaira Fritid AB,,INDEPENDENT,SE,Falun,791 71,Storgatan 65,SE179153092101,kaira.fritid.example,+46 70 076 27 76,40000.00,30,7.5,8,2017-09-10,true
920,C-10920,Dahl Urheilu AS,,INDEPENDENT,NO,Oslo,0150,Fjellveien 75,NO751929954MVA,dahl.urheilu.example,+47 960 69 329,10000.00,45,2.0,9,2023-01-04,true
921,C-10921,Metsä Friluft AB,,DEPARTMENT_STORE,SE,Göteborg,411 04,Fjällvägen 99,SE723495545901,metsa.friluft.example,+46 70 333 73 84,100000.00,14,2.0,10,2015-05-22,true
922,C-10922,Hiker's Turutstyr Oy,,INDEPENDENT,FI,Tampere,33100,Puistokatu 82,FI02731076,hikers.turutstyr.example,+358 40 303 4580,25000.00,60,0.0,9,2026-08-11,true
923,C-10923,Fjordshop ApS,,ONLINE,DK,Copenhagen,1050,Industrivej 62,DK04587157,fjordshop.example,+45 55 90 36 51,5000.00,30,10.0,10,2020-07-31,false
924,C-10924,Espoo Outdoor School,,CLUB_OR_SCHOOL,FI,Espoo,02100,Keskuskatu 115,FI97139122,espoo.outdoor.school.example,+358 40 004 1700,100000.00,30,2.0,8,2024-08-23,true
925,C-10925,Ålesund Sports AS,,INDEPENDENT,NO,Ålesund,6002,Storgata 113,NO247170525MVA,alesund.sports.example,+47 936 81 632,5000.00,45,5.0,8,2015-07-24,true
926,C-10926,Kayak Trekking GmbH,,INDEPENDENT,DE,Hamburg,20095,Bergweg 56,DE073837107,kayak.trekking.example,+49 40 1140700,40000.00,60,5.0,8,2026-05-19,true
927,C-10927,Basecamp Outdoor ApS,,DEPARTMENT_STORE,DK,Esbjerg,6700,Hovedgaden 59,DK44811203,basecamp.outdoor.example,+45 29 87 81 44,60000.00,45,7.5,9,2017-01-16,true
928,C-10928,Oslo Outdoor School,,CLUB_OR_SCHOOL,NO,Oslo,0150,Skoleveien 77,NO622818809MVA,oslo.outdoor.school.example,+47 951 27 631,60000.00,14,3.0,8,2020-04-26,true
929,C-10929,Oslo Rental AS,,RENTAL_OUTFITTER,NO,Oslo,0150,Kirkegata 21,NO002548213MVA,oslo.rental.example,+47 991 25 386,5000.00,60,7.5,10,2026-07-02,true
930,C-10930,Kukk Friluft OÜ,,INDEPENDENT,EE,Tartu,51003,Kooli tn 85,EE181395335,kukk.friluft.example,+372 5806 5481,40000.00,30,2.0,10,2018-10-11,true
931,C-10931,Nygaard Friluft AS,,INDEPENDENT,NO,Drammen,3015,Torggata 98,NO115701830MVA,nygaard.friluft.example,+47 988 61 572,100000.00,60,0.0,9,2021-03-11,true
932,C-10932,Copenhagen Outdoor School,,CLUB_OR_SCHOOL,DK,Copenhagen,1050,Hovedgaden 85,DK19932008,copenhagen.outdoor.school.example,+45 76 15 18 85,100000.00,45,3.0,10,2025-01-05,true
933,C-10933,Viddestore Oy,,ONLINE,FI,Jyväskylä,40100,Mannerheimintie 21,FI56522661,viddestore.example,+358 40 795 9779,100000.00,30,5.0,10,2018-10-01,true
934,C-10934,Drammen Urheilu AS,,INDEPENDENT,NO,Drammen,3015,Industriveien 21,NO196138664MVA,drammen.urheilu.example,+47 917 13 424,40000.00,30,5.0,9,2019-03-24,true
935,C-10935,Kittilä Rental Oy,,RENTAL_OUTFITTER,FI,Kittilä,99100,Hämeenkatu 27,FI69898049,kittila.rental.example,+358 40 735 9317,5000.00,30,0.0,9,2023-06-01,true
936,C-10936,Lake Urheilu AS,,INDEPENDENT,NO,Trondheim,7010,Strandveien 76,NO539658714MVA,lake.urheilu.example,+47 974 29 477,5000.00,45,0.0,8,2023-09-30,true
937,C-10937,Hamar Rental AS,,RENTAL_OUTFITTER,NO,Hamar,2317,Havnegata 36,NO814146437MVA,hamar.rental.example,+47 984 50 969,60000.00,30,10.0,9,2018-04-27,true
938,C-10938,Flensburg Outdoor School,,CLUB_OR_SCHOOL,DE,Flensburg,24937,Am Markt 35,DE057088198,flensburg.outdoor.school.example,+49 40 9496901,5000.00,45,3.0,9,2021-04-07,true
939,C-10939,Basecamp Urheilu AB,,DEPARTMENT_STORE,SE,Falun,791 71,Järnvägsgatan 92,SE670929587201,basecamp.urheilu.example,+46 70 226 40 43,40000.00,30,5.0,10,2024-10-29,false
940,C-10940,Kiel Outdoor GmbH,,INDEPENDENT,DE,Kiel,24103,Am Markt 115,DE935122512,kiel.outdoor.example,+49 40 0862490,40000.00,30,2.0,10,2025-06-10,true
941,C-10941,Andersen Sport AS,,INDEPENDENT,NO,Drammen,3015,Storgata 76,NO466718706MVA,andersen.sport.example,+47 918 86 149,40000.00,30,5.0,8,2025-06-02,true
942,C-10942,Skog Outdoor AB,,INDEPENDENT,SE,Linköping,582 22,Skolgatan 22,SE418494542301,skog.outdoor.example,+46 70 697 79 28,100000.00,30,7.5,9,2023-11-29,true
943,C-10943,Arctic Friluft AS,,INDEPENDENT,NO,Alta,9510,Havnegata 94,NO392714384MVA,arctic.friluft.example,+47 962 95 120,60000.00,45,7.5,8,2017-02-03,true
944,C-10944,Ruska Sport & Fritid AS,,INDEPENDENT,NO,Trondheim,7010,Industriveien 7,NO296255422MVA,ruska.sport.fritid.example,+47 941 92 355,5000.00,60,5.0,9,2023-09-11,true
945,C-10945,Loiste Adventure ApS,,INDEPENDENT,DK,Kolding,6000,Hovedgaden 89,DK49126773,loiste.adventure.example,+45 88 86 60 26,10000.00,30,2.0,9,2016-04-04,true
946,C-10946,Nietos Urheilu Oy,,INDEPENDENT,FI,Lahti,15100,Mannerheimintie 50,FI38168513,nietos.urheilu.example,+358 40 174 0130,100000.00,30,10.0,10,2019-04-10,true
947,C-10947,Åre Hiking Association,,CLUB_OR_SCHOOL,SE,Åre,837 52,Kungsgatan 90,SE326439635401,are.hiking.association.example,+46 70 107 60 67,60000.00,30,5.0,9,2019-06-05,true
948,C-10948,Selkästore AB,,ONLINE,SE,Linköping,582 22,Norra Esplanaden 77,SE547632962101,selkastore.example,+46 70 736 61 29,100000.00,45,0.0,9,2019-08-28,true
949,C-10949,Selkä Outdoor Oy,,INDEPENDENT,FI,Seinäjoki,60100,Yliopistonkatu 49,FI46312819,selka.outdoor.example,+358 40 443 9608,40000.00,45,12.0,10,2016-04-29,true
950,C-10950,Rakka Camping AS,,INDEPENDENT,NO,Bergen,5003,Skoleveien 84,NO607280063MVA,rakka.camping.example,+47 909 38 459,100000.00,30,0.0,10,2017-06-20,true
951,C-10951,Jyväskylä Sport & Fritid Oy,,INDEPENDENT,FI,Jyväskylä,40100,Rantatie 83,FI70761913,jyvaskyla.sport.fritid.example,+358 40 544 2309,10000.00,45,5.0,10,2025-09-23,true
952,C-10952,Drammen Turutstyr AS,,DEPARTMENT_STORE,NO,Drammen,3015,Skoleveien 37,NO737699927MVA,drammen.turutstyr.example,+47 982 49 032,100000.00,30,3.0,8,2026-05-16,false
953,C-10953,Ruska Retki Oy,,INDEPENDENT,FI,Helsinki,00100,Mannerheimintie 81,FI16185809,ruska.retki.example,+358 40 400 2147,10000.00,30,0.0,9,2015-01-22,true
954,C-10954,Vidde Friluft GmbH,,INDEPENDENT,DE,Munich,80331,Hafenstraße 88,DE924692647,vidde.friluft.example,+49 40 3319643,25000.00,14,10.0,9,2016-05-20,true
955,C-10955,Aapa Turutstyr Oy,,INDEPENDENT,FI,Rovaniemi,96100,Torikatu 85,FI69122859,aapa.turutstyr.example,+358 40 316 0031,10000.00,45,0.0,9,2026-05-20,true
956,C-10956,Rakka Outfitters AS,,INDEPENDENT,NO,Stavanger,4006,Torggata 70,NO580719231MVA,rakka.outfitters.example,+47 927 16 944,10000.00,14,0.0,8,2018-03-31,false
957,C-10957,Forest Trekking GmbH,,INDEPENDENT,DE,Kiel,24103,Am Markt 113,DE417637859,forest.trekking.example,+49 40 3378427,5000.00,30,5.0,8,2022-11-14,true
958,C-10958,Alta Expeditions AS,,RENTAL_OUTFITTER,NO,Alta,9510,Storgata 40,NO771023872MVA,alta.expeditions.example,+47 910 92 392,15000.00,45,3.0,9,2023-05-25,true
959,C-10959,Kaamos Turutstyr AS,,INDEPENDENT,NO,Lillehammer,2609,Torggata 75,NO331951717MVA,kaamos.turutstyr.example,+47 945 71 294,15000.00,45,10.0,8,2021-03-24,true
960,C-10960,Compass Fritid AB,,INDEPENDENT,SE,Åre,837 52,Industrivägen 67,SE074595787701,compass.fritid.example,+46 70 548 23 82,40000.00,30,0.0,10,2026-03-08,true
961,C-10961,Hämeenlinna Friluft Oy,,INDEPENDENT,FI,Hämeenlinna,13100,Puistokatu 107,FI42671546,hameenlinna.friluft.example,+358 40 529 2805,25000.00,30,2.0,8,2016-04-07,true
962,C-10962,Rakka Sport Oy,,INDEPENDENT,FI,Helsinki,00100,Teollisuustie 1,FI59732783,rakka.sport.example,+358 40 834 1954,60000.00,30,10.0,10,2020-06-03,true
963,C-10963,Kalotti Trekking Oy,,INDEPENDENT,FI,Espoo,02100,Asemakatu 85,FI55864732,kalotti.trekking.example,+358 40 334 6683,100000.00,60,2.0,9,2022-03-03,true
964,C-10964,Aurora Friluft Oy,,DEPARTMENT_STORE,FI,Joensuu,80100,Yliopistonkatu 80,FI32579581,aurora.friluft.example,+358 40 819 0392,5000.00,30,0.0,8,2022-02-12,true
965,C-10965,Järvinen Friluft Oy,,INDEPENDENT,FI,Espoo,02100,Kauppakatu 117,FI95731889,jarvinen.friluft.example,+358 40 937 8708,25000.00,30,0.0,9,2020-11-02,true
966,C-10966,Forest Urheilu AB,,INDEPENDENT,SE,Göteborg,411 04,Hamngatan 100,SE070187559801,forest.urheilu.example,+46 70 513 57 44,40000.00,30,7.5,8,2018-05-06,true
967,C-10967,Joensuu Friluft Oy,,INDEPENDENT,FI,Joensuu,80100,Mannerheimintie 4,FI15970809,joensuu.friluft.example,+358 40 841 9432,40000.00,30,12.0,9,2016-08-06,true
968,C-10968,Kaamos Urheilu Oy,,INDEPENDENT,FI,Kuusamo,93600,Hämeenkatu 91,FI97060755,kaamos.urheilu.example,+358 40 644 8158,60000.00,60,12.0,10,2020-12-16,true
969,C-10969,Compass Outdoor AB,,INDEPENDENT,SE,Luleå,972 31,Industrivägen 13,SE641358955901,compass.outdoor.example,+46 70 664 71 06,100000.00,30,0.0,10,2018-03-23,true
970,C-10970,Stockholm Rental AB,,RENTAL_OUTFITTER,SE,Stockholm,111 20,Fjällvägen 75,SE451270579601,stockholm.rental.example,+46 70 675 34 54,60000.00,30,5.0,9,2023-10-03,true
971,C-10971,Auroragear ApS,,ONLINE,DK,Odense,5000,Nørregade 8,DK82961687,auroragear.example,+45 91 46 96 36,15000.00,30,7.5,10,2026-07-19,true
972,C-10972,Polar Sports AS,,INDEPENDENT,NO,Alta,9510,Havnegata 69,NO298747088MVA,polar.sports.example,+47 965 92 883,15000.00,30,5.0,8,2026-04-09,true
973,C-10973,Falun Turutstyr AB,,INDEPENDENT,SE,Falun,791 71,Drottninggatan 103,SE900745628801,falun.turutstyr.example,+46 70 355 62 70,60000.00,30,7.5,10,2025-11-06,true
974,C-10974,Pedersen Friluft AS,,INDEPENDENT,NO,Bergen,5003,Fjellveien 86,NO706862290MVA,pedersen.friluft.example,+47 924 61 371,15000.00,30,12.0,8,2022-09-29,true
975,C-10975,Forest Sports AB,,INDEPENDENT,SE,Malmö,211 20,Industrivägen 51,SE316377775001,forest.sports.example,+46 70 923 27 98,40000.00,30,2.0,9,2020-01-18,true
976,C-10976,Berlin Adventure GmbH,,INDEPENDENT,DE,Berlin,10115,Bergweg 117,DE093830788,berlin.adventure.example,+49 40 7543908,15000.00,30,3.0,9,2015-01-01,true
977,C-10977,Hämäläinen Outdoor Oy,,INDEPENDENT,FI,Hämeenlinna,13100,Torikatu 84,FI27475548,hamalainen.outdoor.example,+358 40 427 1708,25000.00,30,0.0,8,2026-02-24,true
978,C-10978,Loiste Sport & Fritid Oy,,INDEPENDENT,FI,Tampere,33100,Puistokatu 63,FI51760085,loiste.sport.fritid.example,+358 40 842 7067,60000.00,30,7.5,8,2021-12-27,true
979,C-10979,Kaira Adventure Oy,,INDEPENDENT,FI,Rovaniemi,96100,Kauppakatu 49,FI04458423,kaira.adventure.example,+358 40 247 9253,100000.00,30,3.0,10,2025-08-06,true
980,C-10980,Nordlys Outfitters ApS,,INDEPENDENT,DK,Aalborg,9000,Østergade 28,DK74674000,nordlys.outfitters.example,+45 38 22 81 35,15000.00,30,12.0,8,2025-07-04,true
981,C-10981,Örebro Rental AB,,RENTAL_OUTFITTER,SE,Örebro,702 11,Industrivägen 96,SE547166603901,orebro.rental.example,+46 70 790 56 21,25000.00,60,12.0,8,2018-09-23,true
982,C-10982,Karlstad Hiking Association,,CLUB_OR_SCHOOL,SE,Karlstad,652 24,Storgatan 90,SE615806712601,karlstad.hiking.association.example,+46 70 742 47 05,5000.00,60,2.0,9,2018-12-22,true
983,C-10983,Loiste Outdoor Oy,,INDEPENDENT,FI,Espoo,02100,Rantatie 22,FI24541921,loiste.outdoor.example,+358 40 491 4588,60000.00,30,12.0,8,2018-09-07,true
984,C-10984,Johansson Sport AB,,INDEPENDENT,SE,Luleå,972 31,Järnvägsgatan 116,SE165150133501,johansson.sport.example,+46 70 957 28 93,5000.00,30,3.0,8,2022-04-14,true
985,C-10985,Salminen Outdoor Oy,,INDEPENDENT,FI,Jyväskylä,40100,Rantatie 73,FI11859454,salminen.outdoor.example,+358 40 510 0751,5000.00,60,10.0,8,2023-02-02,true
986,C-10986,Aalborg Camping ApS,,DEPARTMENT_STORE,DK,Aalborg,9000,Havnevej 9,DK67654754,aalborg.camping.example,+45 48 96 96 36,15000.00,30,3.0,10,2019-12-11,true
987,C-10987,Suvantoshop ApS,,ONLINE,DK,Odense,5000,Havnevej 38,DK10409628,suvantoshop.example,+45 80 43 99 98,10000.00,30,0.0,10,2018-10-14,false
988,C-10988,Åre Alpine Club,,CLUB_OR_SCHOOL,SE,Åre,837 52,Skolgatan 95,SE340173130601,are.alpine.club.example,+46 70 177 85 50,5000.00,30,2.0,10,2017-03-15,true
989,C-10989,Rakka24 Oy,,ONLINE,FI,Kuusamo,93600,Hämeenkatu 55,FI15824718,rakka24.example,+358 40 575 3877,15000.00,45,12.0,9,2021-04-17,true
990,C-10990,Rovaniemi Rental Oy,,RENTAL_OUTFITTER,FI,Rovaniemi,96100,Puistokatu 79,FI13203466,rovaniemi.rental.example,+358 40 130 6019,25000.00,30,0.0,8,2021-07-14,false
991,C-10991,Trail Camping AS,,DEPARTMENT_STORE,NO,Trondheim,7010,Storgata 108,NO427998771MVA,trail.camping.example,+47 952 85 443,60000.00,30,7.5,8,2015-07-19,true
992,C-10992,Vinter Turutstyr Oy,,INDEPENDENT,FI,Lahti,15100,Hämeenkatu 63,FI43802326,vinter.turutstyr.example,+358 40 551 8938,15000.00,60,0.0,9,2018-03-22,true
993,C-10993,Alta Friluft AS,,INDEPENDENT,NO,Alta,9510,Havnegata 55,NO642176634MVA,alta.friluft.example,+47 955 11 587,40000.00,30,12.0,9,2024-08-31,true
994,C-10994,Ruska Sport & Fritid AB,,INDEPENDENT,SE,Linköping,582 22,Fjällvägen 39,SE625948614001,ruska.sport.fritid.example,+46 70 598 25 25,10000.00,60,0.0,9,2019-01-04,true
995,C-10995,Bodø Expeditions AS,,RENTAL_OUTFITTER,NO,Bodø,8006,Kirkegata 28,NO798675473MVA,bodo.expeditions.example,+47 910 56 217,60000.00,14,0.0,8,2025-09-16,true
996,C-10996,Aapa24 AB,,ONLINE,SE,Malmö,211 20,Storgatan 104,SE123139196301,aapa24.example,+46 70 032 79 66,100000.00,30,3.0,10,2018-01-04,true
997,C-10997,Oulu Friluft Oy,,DEPARTMENT_STORE,FI,Oulu,90100,Hämeenkatu 80,FI79384505,oulu.friluft.example,+358 40 889 7508,15000.00,14,7.5,8,2017-02-20,true
998,C-10998,Nilsson Outdoor AB,,INDEPENDENT,SE,Uppsala,753 10,Industrivägen 93,SE011085167101,nilsson.outdoor.example,+46 70 711 92 79,40000.00,45,12.0,10,2019-12-22,true
999,C-10999,Karlstad Turutstyr AB,,INDEPENDENT,SE,Karlstad,652 24,Hamngatan 44,SE664941702801,karlstad.turutstyr.example,+46 70 430 70 56,15000.00,30,2.0,10,2023-09-10,true
1000,C-11000,Polar Turutstyr AB,,INDEPENDENT,SE,Falun,791 71,Hamngatan 55,SE876993469701,polar.turutstyr.example,+46 70 216 37 94,10000.00,30,5.0,9,2023-12-07,true
1001,C-11001,Flensburg Guides GmbH,,RENTAL_OUTFITTER,DE,Flensburg,24937,Hafenstraße 102,DE992137356,flensburg.guides.example,+49 40 1597286,10000.00,30,2.0,10,2022-10-17,true
1002,C-11002,Linköping Trekking AB,,INDEPENDENT,SE,Linköping,582 22,Kungsgatan 67,SE378625135801,linkoping.trekking.example,+46 70 866 82 79,10000.00,30,12.0,8,2023-06-11,true
1003,C-11003,Skog Trekking Oy,,INDEPENDENT,FI,Espoo,02100,Hämeenkatu 45,FI98233786,skog.trekking.example,+358 40 148 2251,15000.00,14,2.0,9,2016-05-11,true
1004,C-11004,Helsinki Turutstyr Oy,,INDEPENDENT,FI,Helsinki,00100,Rantatie 119,FI96387713,helsinki.turutstyr.example,+358 40 790 6744,25000.00,60,7.5,9,2024-03-14,true
1005,C-11005,Turku Outfitters Oy,,INDEPENDENT,FI,Turku,20100,Teollisuustie 42,FI71590626,turku.outfitters.example,+358 40 584 7850,5000.00,60,0.0,9,2018-12-13,true
1006,C-11006,Heikkinen Friluft Oy,,INDEPENDENT,FI,Oulu,90100,Yliopistonkatu 14,FI82922182,heikkinen.friluft.example,+358 40 357 7413,15000.00,14,5.0,8,2015-09-01,true
1007,C-11007,Loiste Sports AB,,INDEPENDENT,SE,Gävle,803 20,Storgatan 19,SE299418378701,loiste.sports.example,+46 70 751 84 42,25000.00,14,2.0,10,2025-07-11,true
1008,C-11008,Örebro Urheilu AB,,INDEPENDENT,SE,Örebro,702 11,Kungsgatan 15,SE312809342501,orebro.urheilu.example,+46 70 800 14 49,100000.00,14,7.5,10,2022-02-28,true
1009,C-11009,Saar Outdoor OÜ,,INDEPENDENT,EE,Tartu,51003,Pärnu mnt 35,EE159233266,saar.outdoor.example,+372 5109 5897,15000.00,30,7.5,10,2016-07-17,true
1010,C-11010,Aarhus Turutstyr ApS,,INDEPENDENT,DK,Aarhus,8000,Havnevej 69,DK38227719,aarhus.turutstyr.example,+45 02 71 25 62,5000.00,60,10.0,10,2022-08-19,true
1011,C-11011,Stavanger Adventures AS,,RENTAL_OUTFITTER,NO,Stavanger,4006,Havnegata 44,NO669481289MVA,stavanger.adventures.example,+47 931 44 470,60000.00,30,5.0,10,2019-01-05,true
1012,C-11012,Kaamos Retki AB,,INDEPENDENT,SE,Malmö,211 20,Fjällvägen 93,SE575183164101,kaamos.retki.example,+46 70 715 12 66,40000.00,60,0.0,9,2018-12-10,true
1013,C-11013,Aapa24 AS,,ONLINE,NO,Bergen,5003,Storgata 27,NO700368495MVA,aapa24.example,+47 978 85 800,100000.00,60,5.0,10,2026-08-08,true
1014,C-11014,Stockholm Adventure AB,,DEPARTMENT_STORE,SE,Stockholm,111 20,Industrivägen 19,SE606366456901,stockholm.adventure.example,+46 70 838 99 94,40000.00,30,2.0,9,2018-07-13,true
1015,C-11015,Nietos Sport AB,,DEPARTMENT_STORE,SE,Göteborg,411 04,Fjällvägen 11,SE761106674201,nietos.sport.example,+46 70 500 83 09,100000.00,30,10.0,10,2016-12-01,true
1016,C-11016,Örebro Adventures AB,,RENTAL_OUTFITTER,SE,Örebro,702 11,Kungsgatan 89,SE069137043401,orebro.adventures.example,+46 70 024 32 13,40000.00,14,7.5,9,2016-11-22,true
1017,C-11017,Kokkola Turutstyr Oy,,INDEPENDENT,FI,Kokkola,67100,Keskuskatu 48,FI30009128,kokkola.turutstyr.example,+358 40 313 2648,10000.00,30,0.0,9,2021-03-31,true
1018,C-11018,Ruska Sports ApS,,INDEPENDENT,DK,Esbjerg,6700,Industrivej 38,DK06289823,ruska.sports.example,+45 79 72 42 58,15000.00,30,10.0,10,2020-04-26,true
1019,C-11019,Vidde Friluft Oy,,INDEPENDENT,FI,Seinäjoki,60100,Hämeenkatu 118,FI14171320,vidde.friluft.example,+358 40 662 3361,60000.00,60,12.0,9,2018-11-13,true
1020,C-11020,Suvanto Retki Oy,,INDEPENDENT,FI,Jyväskylä,40100,Yliopistonkatu 88,FI63755610,suvanto.retki.example,+358 40 225 3073,40000.00,30,12.0,8,2022-06-22,false
1021,C-11021,Kayakshop AS,,ONLINE,NO,Stavanger,4006,Strandveien 103,NO119069191MVA,kayakshop.example,+47 955 78 383,60000.00,60,10.0,10,2017-07-11,true
1022,C-11022,Fjällstore Oy,,ONLINE,FI,Tampere,33100,Puistokatu 92,FI28919762,fjallstore.example,+358 40 785 5707,40000.00,30,0.0,8,2020-12-24,true
1023,C-11023,Tromsø Turutstyr AS,,INDEPENDENT,NO,Tromsø,9008,Torggata 90,NO767864256MVA,tromso.turutstyr.example,+47 907 74 066,25000.00,45,2.0,8,2015-04-20,true
1024,C-11024,Virtanen Friluft Oy,,INDEPENDENT,FI,Jyväskylä,40100,Keskuskatu 114,FI59285123,virtanen.friluft.example,+358 40 209 3106,60000.00,14,0.0,10,2018-07-13,true
1025,C-11025,Kayak Sport ApS,,INDEPENDENT,DK,Aalborg,9000,Vestergade 6,DK85914778,kayak.sport.example,+45 37 60 81 84,10000.00,30,5.0,9,2020-02-17,true
1026,C-11026,Alta Hiking Association,,CLUB_OR_SCHOOL,NO,Alta,9510,Havnegata 102,NO818259727MVA,alta.hiking.association.example,+47 913 17 931,60000.00,30,7.5,9,2023-09-15,true
1027,C-11027,Kuopio Camping Oy,,INDEPENDENT,FI,Kuopio,70100,Torikatu 98,FI89319717,kuopio.camping.example,+358 40 958 8149,15000.00,30,0.0,10,2023-09-26,true
1028,C-11028,Skog Camping AB,,INDEPENDENT,SE,Sundsvall,852 30,Norra Esplanaden 86,SE342301770401,skog.camping.example,+46 70 498 31 01,15000.00,30,5.0,9,2017-12-21,true
1029,C-11029,Hämeenlinna Guides Oy,,RENTAL_OUTFITTER,FI,Hämeenlinna,13100,Puistokatu 21,FI85357693,hameenlinna.guides.example,+358 40 499 5603,60000.00,60,7.5,10,2026-05-02,true
1030,C-11030,Ridge Sports Oy,,DEPARTMENT_STORE,FI,Helsinki,00100,Hämeenkatu 8,FI55398682,ridge.sports.example,+358 40 527 9533,15000.00,30,0.0,9,2020-09-16,true
1031,C-11031,Joensuu Guides Oy,,RENTAL_OUTFITTER,FI,Joensuu,80100,Puistokatu 86,FI32463296,joensuu.guides.example,+358 40 564 3497,100000.00,30,0.0,10,2020-02-07,false
1032,C-11032,Nietos Retki ApS,,INDEPENDENT,DK,Copenhagen,1050,Skolevej 27,DK96564862,nietos.retki.example,+45 17 35 09 71,10000.00,45,7.5,8,2025-12-05,true
1033,C-11033,Lake Outfitters AB,,INDEPENDENT,SE,Stockholm,111 20,Industrivägen 36,SE887483206301,lake.outfitters.example,+46 70 819 12 62,10000.00,30,5.0,9,2021-02-03,true
1034,C-11034,Aapa Friluft Oy,,INDEPENDENT,FI,Helsinki,00100,Torikatu 3,FI66660361,aapa.friluft.example,+358 40 267 6553,10000.00,30,0.0,9,2026-07-28,true
1035,C-11035,Ridge Camping GmbH,,INDEPENDENT,DE,Flensburg,24937,Bergweg 49,DE804038562,ridge.camping.example,+49 40 2307804,15000.00,45,3.0,8,2020-06-14,true
1036,C-11036,Fjordstore AB,,ONLINE,SE,Luleå,972 31,Storgatan 27,SE405416616601,fjordstore.example,+46 70 808 66 67,10000.00,60,5.0,9,2017-02-09,true
1037,C-11037,Kaira Turutstyr AB,,INDEPENDENT,SE,Uppsala,753 10,Fjällvägen 64,SE906492298601,kaira.turutstyr.example,+46 70 171 94 48,60000.00,45,0.0,8,2026-07-26,true
1038,C-11038,Copenhagen Outfitters ApS,,INDEPENDENT,DK,Copenhagen,1050,Skolevej 100,DK46436810,copenhagen.outfitters.example,+45 64 99 53 89,60000.00,60,0.0,10,2025-08-30,true
1039,C-11039,Vuoma Outfitters ApS,,INDEPENDENT,DK,Roskilde,4000,Industrivej 51,DK64746147,vuoma.outfitters.example,+45 61 94 60 75,60000.00,45,3.0,9,2022-03-12,true
1040,C-11040,Eriksson Sport AB,,INDEPENDENT,SE,Östersund,831 30,Järnvägsgatan 12,SE755229834001,eriksson.sport.example,+46 70 081 48 83,40000.00,45,0.0,8,2021-01-04,true
1041,C-11041,Kiel Sports GmbH,,INDEPENDENT,DE,Kiel,24103,Am Markt 38,DE078949447,kiel.sports.example,+49 40 5232898,60000.00,14,5.0,9,2023-12-02,true
1042,C-11042,Forest Sport AS,,INDEPENDENT,NO,Ålesund,6002,Havnegata 118,NO578356846MVA,forest.sport.example,+47 953 49 677,15000.00,14,2.0,10,2019-09-26,true
1043,C-11043,Vintershop Oy,,ONLINE,FI,Tampere,33100,Kauppakatu 114,FI64395668,vintershop.example,+358 40 593 9044,10000.00,30,5.0,8,2021-03-30,true
1044,C-11044,Nietos Urheilu AS,,INDEPENDENT,NO,Lillehammer,2609,Industriveien 8,NO400194891MVA,nietos.urheilu.example,+47 925 18 652,10000.00,14,0.0,10,2018-07-04,true
1045,C-11045,Oslo Friluft AS,,INDEPENDENT,NO,Oslo,0150,Kirkegata 99,NO861324537MVA,oslo.friluft.example,+47 923 89 434,25000.00,14,0.0,9,2019-12-28,true
1046,C-11046,Nordlys24 Oy,,ONLINE,FI,Seinäjoki,60100,Kauppakatu 42,FI38159493,nordlys24.example,+358 40 261 3410,25000.00,30,5.0,8,2019-11-25,true
1047,C-11047,Vidde Trekking Oy,,INDEPENDENT,FI,Kittilä,99100,Mannerheimintie 43,FI81084853,vidde.trekking.example,+358 40 733 8604,25000.00,30,3.0,9,2026-04-22,true
1048,C-11048,Suvanto Fritid Oy,,INDEPENDENT,FI,Kokkola,67100,Yliopistonkatu 118,FI37710782,suvanto.fritid.example,+358 40 569 7181,40000.00,30,2.0,10,2025-01-11,true
1049,C-11049,Vaara Trekking Oy,,INDEPENDENT,FI,Turku,20100,Hämeenkatu 18,FI96042604,vaara.trekking.example,+358 40 413 4198,40000.00,30,12.0,8,2026-06-20,true
1050,C-11050,Basecamp Sport ApS,,INDEPENDENT,DK,Odense,5000,Østergade 101,DK28382236,basecamp.sport.example,+45 63 61 50 85,100000.00,30,10.0,8,2024-07-24,true
1051,C-11051,Rakka Sport & Fritid Oy,,INDEPENDENT,FI,Kuusamo,93600,Kauppakatu 33,FI12242070,rakka.sport.fritid.example,+358 40 526 2927,40000.00,30,5.0,8,2016-09-04,true
1052,C-11052,Uppsala Adventures AB,,RENTAL_OUTFITTER,SE,Uppsala,753 10,Norra Esplanaden 114,SE411750322501,uppsala.adventures.example,+46 70 963 93 18,40000.00,30,3.0,10,2018-04-05,false
1053,C-11053,Åre Sport AB,,INDEPENDENT,SE,Åre,837 52,Norra Esplanaden 105,SE808011352201,are.sport.example,+46 70 189 18 53,25000.00,45,0.0,8,2017-11-02,true
1054,C-11054,Lillehammer Guides AS,,RENTAL_OUTFITTER,NO,Lillehammer,2609,Industriveien 48,NO677763660MVA,lillehammer.guides.example,+47 977 72 322,10000.00,60,5.0,10,2016-02-06,true
1055,C-11055,Loiste24 AS,,ONLINE,NO,Oslo,0150,Skoleveien 45,NO420573093MVA,loiste24.example,+47 963 46 308,60000.00,30,2.0,10,2019-09-21,false
1056,C-11056,Aurora Turutstyr Oy,,DEPARTMENT_STORE,FI,Oulu,90100,Kauppakatu 65,FI78178822,aurora.turutstyr.example,+358 40 344 2045,10000.00,14,10.0,8,2021-03-22,true
1057,C-11057,Örebro Hiking Association,,CLUB_OR_SCHOOL,SE,Örebro,702 11,Industrivägen 34,SE217889226201,orebro.hiking.association.example,+46 70 810 48 88,100000.00,14,5.0,10,2025-10-15,true
1058,C-11058,Bodø Adventures AS,,RENTAL_OUTFITTER,NO,Bodø,8006,Fjellveien 13,NO542114608MVA,bodo.adventures.example,+47 971 09 779,25000.00,30,3.0,10,2022-04-24,true
1059,C-11059,Luleå Sports AB,,INDEPENDENT,SE,Luleå,972 31,Fjällvägen 3,SE205065559101,lulea.sports.example,+46 70 048 30 86,25000.00,30,3.0,9,2017-12-11,true
1060,C-11060,Nordlysgear Oy,,ONLINE,FI,Vaasa,65100,Hämeenkatu 3,FI66046049,nordlysgear.example,+358 40 159 6280,25000.00,45,0.0,9,2020-03-17,true
1061,C-11061,Rebane Friluft OÜ,,INDEPENDENT,EE,Tallinn,10111,Sadama tn 37,EE140389631,rebane.friluft.example,+372 5606 4596,10000.00,14,7.5,9,2022-01-22,true
1062,C-11062,Foreststore AB,,ONLINE,SE,Gävle,803 20,Skolgatan 77,SE183564444401,foreststore.example,+46 70 893 06 22,5000.00,30,2.0,9,2024-01-10,true
1063,C-11063,Persson Urheilu AB,,DEPARTMENT_STORE,SE,Luleå,972 31,Drottninggatan 14,SE366406949301,persson.urheilu.example,+46 70 530 88 95,15000.00,30,5.0,10,2025-06-06,true
1064,C-11064,Kaira24 Oy,,ONLINE,FI,Kittilä,99100,Asemakatu 100,FI46092413,kaira24.example,+358 40 079 6988,10000.00,14,7.5,10,2021-06-01,true
1065,C-11065,Kero Sport AB,,INDEPENDENT,SE,Umeå,903 26,Kungsgatan 35,SE253258828901,kero.sport.example,+46 70 889 41 47,25000.00,30,0.0,10,2025-03-02,true
1066,C-11066,Vaara Friluft Oy,,INDEPENDENT,FI,Espoo,02100,Rantatie 117,FI51459738,vaara.friluft.example,+358 40 966 0576,40000.00,14,3.0,10,2016-04-25,true
1067,C-11067,Ridge Fritid AB,,INDEPENDENT,SE,Örebro,702 11,Skolgatan 120,SE947170044901,ridge.fritid.example,+46 70 720 44 55,25000.00,30,5.0,10,2017-06-26,true
1068,C-11068,Vinter Sports AS,,INDEPENDENT,NO,Bergen,5003,Havnegata 112,NO886454438MVA,vinter.sports.example,+47 990 26 665,100000.00,30,0.0,8,2015-11-20,true
1069,C-11069,Lillehammer Adventures AS,,RENTAL_OUTFITTER,NO,Lillehammer,2609,Strandveien 56,NO255069044MVA,lillehammer.adventures.example,+47 940 80 970,100000.00,30,0.0,9,2023-07-12,true
1070,C-11070,Skog Fritid Oy,,INDEPENDENT,FI,Tampere,33100,Keskuskatu 68,FI03491066,skog.fritid.example,+358 40 168 9821,40000.00,60,10.0,8,2015-02-19,true
1071,C-11071,Summitstore Oy,,ONLINE,FI,Vaasa,65100,Rantatie 110,FI91992214,summitstore.example,+358 40 980 6190,25000.00,30,0.0,10,2022-12-21,true
1072,C-11072,Drammen Guides AS,,RENTAL_OUTFITTER,NO,Drammen,3015,Storgata 96,NO740240754MVA,drammen.guides.example,+47 930 36 118,40000.00,45,7.5,10,2019-03-29,true
1073,C-11073,Kuusamo Expeditions Oy,,RENTAL_OUTFITTER,FI,Kuusamo,93600,Rantatie 48,FI36813914,kuusamo.expeditions.example,+358 40 774 4948,5000.00,30,12.0,8,2026-07-04,true
1074,C-11074,Aurora24 ApS,,ONLINE,DK,Roskilde,4000,Havnevej 99,DK39099390,aurora24.example,+45 20 42 10 19,10000.00,60,5.0,9,2026-06-23,true
1075,C-11075,Karlstad Expeditions AB,,RENTAL_OUTFITTER,SE,Karlstad,652 24,Skolgatan 34,SE572942232801,karlstad.expeditions.example,+46 70 493 86 76,5000.00,45,5.0,9,2018-09-07,true
1076,C-11076,Kaamosshop AS,,ONLINE,NO,Drammen,3015,Havnegata 48,NO572498701MVA,kaamosshop.example,+47 947 55 153,25000.00,45,7.5,10,2023-10-22,true
1077,C-11077,Kuusamo Adventures Oy,,RENTAL_OUTFITTER,FI,Kuusamo,93600,Yliopistonkatu 54,FI74603451,kuusamo.adventures.example,+358 40 277 3747,25000.00,30,12.0,9,2019-09-24,true
1078,C-11078,Vuomagear AS,,ONLINE,NO,Hamar,2317,Skoleveien 42,NO471009382MVA,vuomagear.example,+47 944 41 209,40000.00,30,3.0,8,2015-02-08,true
1079,C-11079,Basecamp Outdoor Oy,,INDEPENDENT,FI,Oulu,90100,Kauppakatu 104,FI66045838,basecamp.outdoor.example,+358 40 882 9767,60000.00,30,3.0,9,2026-05-29,true
1080,C-11080,Flensburg Expeditions GmbH,,RENTAL_OUTFITTER,DE,Flensburg,24937,Hafenstraße 36,DE578905168,flensburg.expeditions.example,+49 40 0700832,100000.00,14,5.0,9,2026-08-08,true
1081,C-11081,Turku Guides Oy,,RENTAL_OUTFITTER,FI,Turku,20100,Asemakatu 8,FI23764502,turku.guides.example,+358 40 823 8290,10000.00,30,5.0,8,2019-01-29,true
1082,C-11082,Uppsala Camping AB,,INDEPENDENT,SE,Uppsala,753 10,Järnvägsgatan 105,SE966930709701,uppsala.camping.example,+46 70 621 94 40,100000.00,30,10.0,9,2015-01-17,true
1083,C-11083,Olsen Friluft AS,,DEPARTMENT_STORE,NO,Stavanger,4006,Storgata 113,NO062358001MVA,olsen.friluft.example,+47 993 55 661,10000.00,30,0.0,9,2020-08-21,true
1084,C-11084,Åre Friluft AB,,INDEPENDENT,SE,Åre,837 52,Drottninggatan 116,SE597091189401,are.friluft.example,+46 70 049 57 08,40000.00,14,2.0,10,2019-12-15,true
1085,C-11085,Vuoma Friluft AB,,INDEPENDENT,SE,Stockholm,111 20,Storgatan 46,SE524019599001,vuoma.friluft.example,+46 70 580 53 70,15000.00,45,2.0,10,2018-01-28,true
1086,C-11086,Erä Outdoor AS,,INDEPENDENT,NO,Alta,9510,Fjellveien 84,NO536734472MVA,era.outdoor.example,+47 908 61 591,100000.00,30,5.0,9,2018-12-08,true
1087,C-11087,Bergen Adventure AS,,INDEPENDENT,NO,Bergen,5003,Strandveien 4,NO347345665MVA,bergen.adventure.example,+47 900 20 042,100000.00,30,10.0,9,2022-08-04,true
1088,C-11088,Esbjerg Hiking Association,,CLUB_OR_SCHOOL,DK,Esbjerg,6700,Industrivej 31,DK59587551,esbjerg.hiking.association.example,+45 61 76 43 78,60000.00,14,0.0,10,2021-07-12,true
1089,C-11089,Polarshop Oy,,ONLINE,FI,Kokkola,67100,Kauppakatu 25,FI09906790,polarshop.example,+358 40 021 4369,60000.00,30,12.0,9,2018-03-30,true
1090,C-11090,Rovaniemi Friluft Oy,,INDEPENDENT,FI,Rovaniemi,96100,Mannerheimintie 111,FI87940110,rovaniemi.friluft.example,+358 40 170 9005,15000.00,14,0.0,9,2020-08-26,true
1091,C-11091,Selkä Turutstyr AS,,INDEPENDENT,NO,Oslo,0150,Industriveien 18,NO283753780MVA,selka.turutstyr.example,+47 904 14 854,15000.00,14,0.0,8,2019-06-05,true
1092,C-11092,Loiste Fritid ApS,,INDEPENDENT,DK,Esbjerg,6700,Hovedgaden 21,DK65796356,loiste.fritid.example,+45 03 84 85 31,10000.00,14,3.0,9,2026-02-16,true
1093,C-11093,Nordlys Sport ApS,,INDEPENDENT,DK,Esbjerg,6700,Vestergade 64,DK17810373,nordlys.sport.example,+45 71 12 08 68,5000.00,14,5.0,9,2026-08-09,true
1094,C-11094,Fjäll24 Oy,,ONLINE,FI,Joensuu,80100,Kauppakatu 22,FI87069553,fjall24.example,+358 40 044 9810,10000.00,60,7.5,8,2020-10-16,true
1095,C-11095,Trondheim Rental AS,,RENTAL_OUTFITTER,NO,Trondheim,7010,Havnegata 65,NO561071038MVA,trondheim.rental.example,+47 975 18 355,60000.00,30,0.0,10,2023-09-09,true
1096,C-11096,Laine Sport Oy,,INDEPENDENT,FI,Lahti,15100,Mannerheimintie 20,FI99080973,laine.sport.example,+358 40 071 3474,10000.00,45,10.0,9,2026-06-20,true
1097,C-11097,Basecampshop AS,,ONLINE,NO,Bodø,8006,Kirkegata 82,NO172369933MVA,basecampshop.example,+47 900 25 702,40000.00,30,0.0,8,2021-06-12,true
1098,C-11098,Nietos Sport & Fritid AS,,INDEPENDENT,NO,Oslo,0150,Industriveien 101,NO518487580MVA,nietos.sport.fritid.example,+47 986 61 600,15000.00,60,2.0,9,2025-07-13,true
1099,C-11099,Forest Sport & Fritid Oy,,INDEPENDENT,FI,Espoo,02100,Asemakatu 17,FI94652846,forest.sport.fritid.example,+358 40 864 2524,100000.00,30,0.0,9,2026-02-28,true
1100,C-11100,Vinter Camping ApS,,INDEPENDENT,DK,Aalborg,9000,Vestergade 85,DK22433534,vinter.camping.example,+45 46 48 65 84,25000.00,30,10.0,9,2019-05-02,true
1101,C-11101,Oulu Expeditions Oy,,RENTAL_OUTFITTER,FI,Oulu,90100,Keskuskatu 70,FI09065540,oulu.expeditions.example,+358 40 247 1590,40000.00,14,3.0,8,2024-09-02,true
1102,C-11102,Drammen Friluft AS,,INDEPENDENT,NO,Drammen,3015,Kirkegata 31,NO926461630MVA,drammen.friluft.example,+47 982 64 563,100000.00,14,10.0,9,2017-06-27,true
1103,C-11103,Kalotti Adventure Oy,,INDEPENDENT,FI,Helsinki,00100,Rantatie 92,FI07708646,kalotti.adventure.example,+358 40 618 1344,10000.00,60,2.0,10,2016-09-01,true
1104,C-11104,Turku Adventure Oy,,INDEPENDENT,FI,Turku,20100,Asemakatu 32,FI29764440,turku.adventure.example,+358 40 754 9779,100000.00,45,5.0,10,2017-08-23,true
1105,C-11105,Flensburg Turutstyr GmbH,,DEPARTMENT_STORE,DE,Flensburg,24937,Am Markt 30,DE515194016,flensburg.turutstyr.example,+49 40 0172018,25000.00,45,5.0,10,2016-11-13,true
1106,C-11106,Arctic24 Oy,,ONLINE,FI,Oulu,90100,Mannerheimintie 51,FI20230086,arctic24.example,+358 40 316 2139,10000.00,30,12.0,8,2020-09-30,false
1107,C-11107,Nordlys Adventure AB,,INDEPENDENT,SE,Falun,791 71,Norra Esplanaden 115,SE497347925201,nordlys.adventure.example,+46 70 925 89 62,60000.00,30,10.0,9,2017-01-05,true
1108,C-11108,Aurora24 Oy,,ONLINE,FI,Vaasa,65100,Yliopistonkatu 69,FI81492512,aurora24.example,+358 40 558 3728,15000.00,30,12.0,8,2026-06-28,true
1109,C-11109,Johansson Friluft AB,,INDEPENDENT,SE,Åre,837 52,Järnvägsgatan 85,SE584148662701,johansson.friluft.example,+46 70 354 83 89,15000.00,14,12.0,8,2017-06-12,true
1110,C-11110,Fjällshop AS,,ONLINE,NO,Lillehammer,2609,Industriveien 24,NO863701982MVA,fjallshop.example,+47 934 64 622,15000.00,60,12.0,8,2023-09-18,true
1111,C-11111,Espoo Adventure Oy,,INDEPENDENT,FI,Espoo,02100,Teollisuustie 44,FI70566726,espoo.adventure.example,+358 40 476 8600,15000.00,45,0.0,10,2017-12-24,true
1112,C-11112,Örebro Outdoor AB,,INDEPENDENT,SE,Örebro,702 11,Hamngatan 108,SE144549568301,orebro.outdoor.example,+46 70 446 69 77,10000.00,30,12.0,8,2017-11-23,true
1113,C-11113,Eriksson Urheilu AB,,INDEPENDENT,SE,Örebro,702 11,Fjällvägen 28,SE498258210601,eriksson.urheilu.example,+46 70 684 13 82,5000.00,30,3.0,10,2020-01-04,true
1114,C-11114,Metsä Fritid Oy,,DEPARTMENT_STORE,FI,Joensuu,80100,Puistokatu 82,FI33788154,metsa.fritid.example,+358 40 179 5609,60000.00,30,5.0,8,2017-08-14,true
1115,C-11115,Vuomagear AB,,ONLINE,SE,Kiruna,981 31,Drottninggatan 26,SE555598834901,vuomagear.example,+46 70 784 86 31,60000.00,30,7.5,9,2017-08-08,true
1116,C-11116,Turku Retki Oy,,INDEPENDENT,FI,Turku,20100,Teollisuustie 73,FI94016679,turku.retki.example,+358 40 817 0326,10000.00,45,5.0,9,2025-01-29,true
1117,C-11117,Roskilde Guides ApS,,RENTAL_OUTFITTER,DK,Roskilde,4000,Nørregade 77,DK56162167,roskilde.guides.example,+45 64 32 28 05,25000.00,60,12.0,10,2016-08-19,true
1118,C-11118,Tampere Outdoor Oy,,INDEPENDENT,FI,Tampere,33100,Yliopistonkatu 72,FI02787909,tampere.outdoor.example,+358 40 914 0736,40000.00,45,5.0,8,2016-10-04,true
1119,C-11119,Kero Camping AS,,INDEPENDENT,NO,Bodø,8006,Fjellveien 38,NO934702244MVA,kero.camping.example,+47 974 38 377,15000.00,30,10.0,8,2024-11-14,true
1120,C-11120,Lillehammer Friluft AS,,INDEPENDENT,NO,Lillehammer,2609,Kirkegata 73,NO992225938MVA,lillehammer.friluft.example,+47 986 63 066,5000.00,30,10.0,10,2021-10-20,true
1121,C-11121,Aurorastore ApS,,ONLINE,DK,Aalborg,9000,Hovedgaden 58,DK27532400,aurorastore.example,+45 84 94 20 54,15000.00,30,0.0,9,2024-12-02,true
1122,C-11122,Selkä Outfitters AB,,INDEPENDENT,SE,Linköping,582 22,Drottninggatan 21,SE778733569501,selka.outfitters.example,+46 70 597 57 31,5000.00,30,5.0,10,2018-03-26,false
1123,C-11123,Lindberg Sport AB,,INDEPENDENT,SE,Sundsvall,852 30,Kungsgatan 45,SE393686464601,lindberg.sport.example,+46 70 325 65 09,40000.00,30,5.0,8,2022-10-11,true
1124,C-11124,Metsä24 AS,,ONLINE,NO,Tromsø,9008,Fjellveien 86,NO388967336MVA,metsa24.example,+47 931 59 175,5000.00,30,0.0,10,2016-05-10,true
1125,C-11125,Joensuu Outdoor Oy,,INDEPENDENT,FI,Joensuu,80100,Puistokatu 23,FI59099797,joensuu.outdoor.example,+358 40 309 3842,100000.00,30,7.5,9,2022-05-28,true
1126,C-11126,Forest Sport & Fritid AS,,INDEPENDENT,NO,Alta,9510,Fjellveien 2,NO318885182MVA,forest.sport.fritid.example,+47 998 80 114,25000.00,30,2.0,9,2023-10-04,true
1127,C-11127,Helsinki Expeditions Oy,,RENTAL_OUTFITTER,FI,Helsinki,00100,Hämeenkatu 110,FI67693106,helsinki.expeditions.example,+358 40 133 8048,100000.00,14,5.0,8,2025-07-09,true
1128,C-11128,Linköping Sport & Fritid AB,,INDEPENDENT,SE,Linköping,582 22,Hamngatan 37,SE628010222301,linkoping.sport.fritid.example,+46 70 677 45 17,10000.00,30,5.0,8,2018-11-16,true
1129,C-11129,Erä Outdoor GmbH,,INDEPENDENT,DE,Flensburg,24937,Am Markt 77,DE032932511,era.outdoor.example,+49 40 5589419,40000.00,30,2.0,9,2021-03-24,true
1130,C-11130,Hiker's Fritid AB,,INDEPENDENT,SE,Falun,791 71,Kungsgatan 14,SE258614644301,hikers.fritid.example,+46 70 237 87 10,25000.00,30,0.0,8,2024-08-15,true
1131,C-11131,Nietos Turutstyr AB,,INDEPENDENT,SE,Göteborg,411 04,Norra Esplanaden 86,SE758233773701,nietos.turutstyr.example,+46 70 066 03 69,10000.00,30,5.0,8,2016-10-15,true
1132,C-11132,Malmö Sports AB,,INDEPENDENT,SE,Malmö,211 20,Norra Esplanaden 70,SE745028998201,malmo.sports.example,+46 70 417 28 48,40000.00,30,5.0,9,2024-12-15,true
1133,C-11133,Metsä Outfitters AS,,INDEPENDENT,NO,Stavanger,4006,Skoleveien 32,NO579677882MVA,metsa.outfitters.example,+47 918 33 044,60000.00,30,0.0,10,2016-01-22,true
1134,C-11134,Åre Expeditions AB,,RENTAL_OUTFITTER,SE,Åre,837 52,Norra Esplanaden 32,SE949094628301,are.expeditions.example,+46 70 098 58 83,5000.00,30,7.5,8,2022-07-10,true
1135,C-11135,Kalotti Friluft Oy,,INDEPENDENT,FI,Vaasa,65100,Kauppakatu 54,FI71238220,kalotti.friluft.example,+358 40 096 2825,5000.00,30,10.0,8,2020-08-28,true
1136,C-11136,Ruska24 AS,,ONLINE,NO,Trondheim,7010,Industriveien 41,NO160711864MVA,ruska24.example,+47 955 22 522,40000.00,30,0.0,10,2017-01-26,true
1137,C-11137,Compass Turutstyr AS,,INDEPENDENT,NO,Trondheim,7010,Torggata 116,NO419551919MVA,compass.turutstyr.example,+47 948 47 246,15000.00,14,5.0,9,2020-01-19,true
1138,C-11138,Kerogear ApS,,ONLINE,DK,Copenhagen,1050,Skolevej 76,DK75000637,kerogear.example,+45 86 87 49 03,60000.00,30,2.0,8,2018-03-02,true
1139,C-11139,Suvanto24 Oy,,ONLINE,FI,Jyväskylä,40100,Teollisuustie 35,FI10397975,suvanto24.example,+358 40 193 7744,40000.00,30,3.0,9,2020-01-11,true
1140,C-11140,Rantanen Outdoor Oy,,INDEPENDENT,FI,Joensuu,80100,Mannerheimintie 39,FI15186976,rantanen.outdoor.example,+358 40 901 4024,25000.00,30,12.0,10,2020-01-13,true
1141,C-11141,Oslo Urheilu AS,,INDEPENDENT,NO,Oslo,0150,Kirkegata 17,NO562957216MVA,oslo.urheilu.example,+47 991 12 568,10000.00,30,2.0,9,2022-07-23,true
1142,C-11142,Hiker's Adventure AB,,DEPARTMENT_STORE,SE,Örebro,702 11,Kungsgatan 120,SE746798693301,hikers.adventure.example,+46 70 273 11 86,25000.00,30,5.0,10,2015-12-23,true
1143,C-11143,Loiste24 AB,,ONLINE,SE,Stockholm,111 20,Fjällvägen 54,SE594529111501,loiste24.example,+46 70 164 01 51,15000.00,45,5.0,9,2015-05-14,true
1144,C-11144,Mägi Sport OÜ,,DEPARTMENT_STORE,EE,Tallinn,10111,Pärnu mnt 52,EE133964448,magi.sport.example,+372 5109 5289,15000.00,45,10.0,8,2015-06-09,false
1145,C-11145,Tampere Sports Oy,,INDEPENDENT,FI,Tampere,33100,Hämeenkatu 37,FI71242112,tampere.sports.example,+358 40 698 2062,25000.00,30,5.0,8,2023-04-22,true
1146,C-11146,Rakkashop AB,,ONLINE,SE,Luleå,972 31,Norra Esplanaden 51,SE068135704001,rakkashop.example,+46 70 775 54 32,100000.00,30,3.0,10,2015-12-12,true
1147,C-11147,Suvanto Sport & Fritid Oy,,INDEPENDENT,FI,Lahti,15100,Keskuskatu 120,FI88408005,suvanto.sport.fritid.example,+358 40 437 3117,10000.00,30,7.5,8,2018-06-15,true
1148,C-11148,Summitstore GmbH,,ONLINE,DE,Flensburg,24937,Hafenstraße 100,DE239070568,summitstore.example,+49 40 4774893,10000.00,60,5.0,9,2015-09-08,true
1149,C-11149,Ruska Adventure Oy,,INDEPENDENT,FI,Vaasa,65100,Mannerheimintie 51,FI10875920,ruska.adventure.example,+358 40 809 1009,15000.00,30,0.0,9,2023-06-15,true
1150,C-11150,Hämeenlinna Sports Oy,,INDEPENDENT,FI,Hämeenlinna,13100,Teollisuustie 27,FI99249873,hameenlinna.sports.example,+358 40 541 1094,5000.00,30,5.0,8,2016-11-05,true
1151,C-11151,Vaasa Friluft Oy,,INDEPENDENT,FI,Vaasa,65100,Rantatie 30,FI29635299,vaasa.friluft.example,+358 40 691 9648,60000.00,30,7.5,9,2016-03-15,true
1152,C-11152,Metsägear OÜ,,ONLINE,EE,Pärnu,80010,Kooli tn 3,EE353606735,metsagear.example,+372 5588 2852,5000.00,30,12.0,8,2021-04-23,true
1153,C-11153,Kayak Fritid AS,,DEPARTMENT_STORE,NO,Kristiansand,4610,Torggata 56,NO122765019MVA,kayak.fritid.example,+47 916 19 109,60000.00,45,3.0,8,2019-10-22,true
1154,C-11154,Kiel Retki GmbH,,INDEPENDENT,DE,Kiel,24103,Am Markt 58,DE904284705,kiel.retki.example,+49 40 9065161,5000.00,30,2.0,8,2026-08-11,true
1155,C-11155,Nordlys Camping AS,,INDEPENDENT,NO,Alta,9510,Torggata 120,NO037669889MVA,nordlys.camping.example,+47 997 76 680,40000.00,30,3.0,10,2016-10-18,true
1156,C-11156,Summit Friluft AS,,INDEPENDENT,NO,Alta,9510,Fjellveien 23,NO511198790MVA,summit.friluft.example,+47 901 97 995,10000.00,30,5.0,10,2019-04-05,true
1157,C-11157,Tampere Outdoor School,,CLUB_OR_SCHOOL,FI,Tampere,33100,Kauppakatu 92,FI82660103,tampere.outdoor.school.example,+358 40 645 8632,40000.00,30,10.0,8,2020-01-31,true
1158,C-11158,Loiste Fritid OÜ,,INDEPENDENT,EE,Pärnu,80010,Narva mnt 4,EE293783315,loiste.fritid.example,+372 5638 5702,40000.00,30,12.0,9,2019-07-28,true
1159,C-11159,Bergen Retki AS,,INDEPENDENT,NO,Bergen,5003,Storgata 77,NO101508875MVA,bergen.retki.example,+47 918 65 919,100000.00,60,12.0,10,2026-08-14,true
1160,C-11160,Forestgear OÜ,,ONLINE,EE,Pärnu,80010,Pärnu mnt 14,EE858283799,forestgear.example,+372 5119 2748,60000.00,30,10.0,8,2026-07-22,true
1161,C-11161,Fjord Retki AB,,INDEPENDENT,SE,Sundsvall,852 30,Hamngatan 23,SE796851696401,fjord.retki.example,+46 70 263 03 36,15000.00,30,7.5,10,2017-09-23,true
1162,C-11162,Basecamp Urheilu Oy,,INDEPENDENT,FI,Kuopio,70100,Kauppakatu 89,FI91135227,basecamp.urheilu.example,+358 40 268 7362,40000.00,14,0.0,10,2025-07-02,true
1163,C-11163,Kristiansen Sport AS,,INDEPENDENT,NO,Bodø,8006,Skoleveien 35,NO762528943MVA,kristiansen.sport.example,+47 950 40 025,10000.00,60,0.0,9,2021-01-22,true
1164,C-11164,Kolding Urheilu ApS,,INDEPENDENT,DK,Kolding,6000,Industrivej 63,DK13042280,kolding.urheilu.example,+45 82 58 90 05,15000.00,45,2.0,10,2020-05-14,true
1165,C-11165,Alta Sport & Fritid AS,,INDEPENDENT,NO,Alta,9510,Fjellveien 26,NO858399378MVA,alta.sport.fritid.example,+47 901 21 192,100000.00,45,5.0,8,2023-07-19,true
1166,C-11166,Compass Camping AS,,INDEPENDENT,NO,Hamar,2317,Havnegata 114,NO460156180MVA,compass.camping.example,+47 910 42 327,60000.00,45,0.0,10,2015-08-17,true
1167,C-11167,Roskilde Hiking Association,,CLUB_OR_SCHOOL,DK,Roskilde,4000,Østergade 68,DK60705287,roskilde.hiking.association.example,+45 03 81 89 31,60000.00,30,0.0,8,2026-04-07,true
1168,C-11168,Vuoma Turutstyr AB,,INDEPENDENT,SE,Malmö,211 20,Fjällvägen 66,SE660303378901,vuoma.turutstyr.example,+46 70 383 41 44,100000.00,30,0.0,9,2022-07-26,false
1169,C-11169,Lake Outfitters Oy,,DEPARTMENT_STORE,FI,Hämeenlinna,13100,Mannerheimintie 110,FI61979939,lake.outfitters.example,+358 40 372 8950,10000.00,45,2.0,9,2020-11-25,true
1170,C-11170,Rasmussen Friluft ApS,,INDEPENDENT,DK,Copenhagen,1050,Nørregade 36,DK11140642,rasmussen.friluft.example,+45 60 55 72 52,60000.00,45,0.0,10,2024-11-21,true
1171,C-11171,Laine Outdoor Oy,,INDEPENDENT,FI,Oulu,90100,Teollisuustie 67,FI42191525,laine.outdoor.example,+358 40 612 8686,5000.00,30,3.0,9,2016-06-07,false
1172,C-11172,Umeå Trekking AB,,INDEPENDENT,SE,Umeå,903 26,Storgatan 59,SE776489629801,umea.trekking.example,+46 70 098 70 62,40000.00,30,0.0,9,2023-05-25,true
1173,C-11173,Trondheim Sport AS,,INDEPENDENT,NO,Trondheim,7010,Industriveien 51,NO375310568MVA,trondheim.sport.example,+47 989 48 219,15000.00,30,5.0,9,2015-09-05,true
1174,C-11174,Viddestore AB,,ONLINE,SE,Kiruna,981 31,Drottninggatan 28,SE332376900201,viddestore.example,+46 70 493 98 12,60000.00,45,5.0,9,2015-11-24,true
1175,C-11175,Kaamos Outfitters ApS,,INDEPENDENT,DK,Aalborg,9000,Industrivej 71,DK19874541,kaamos.outfitters.example,+45 76 82 69 21,5000.00,45,0.0,9,2025-04-28,true
1176,C-11176,Alta Guides AS,,RENTAL_OUTFITTER,NO,Alta,9510,Storgata 112,NO622199727MVA,alta.guides.example,+47 928 02 729,10000.00,30,0.0,10,2021-09-29,true
1177,C-11177,Karlstad Rental AB,,RENTAL_OUTFITTER,SE,Karlstad,652 24,Drottninggatan 34,SE715158875401,karlstad.rental.example,+46 70 896 34 12,15000.00,60,0.0,10,2023-06-10,true
1178,C-11178,Kuusamo Sport Oy,,INDEPENDENT,FI,Kuusamo,93600,Mannerheimintie 48,FI16287564,kuusamo.sport.example,+358 40 660 8927,100000.00,14,12.0,9,2023-10-02,true
1179,C-11179,Vintergear Oy,,ONLINE,FI,Seinäjoki,60100,Teollisuustie 97,FI42613270,vintergear.example,+358 40 255 1445,25000.00,30,0.0,8,2026-08-22,true
1180,C-11180,Rakkastore AS,,ONLINE,NO,Alta,9510,Storgata 22,NO650606840MVA,rakkastore.example,+47 998 00 839,5000.00,45,3.0,8,2015-02-13,true
1181,C-11181,Tromsø Retki AS,,INDEPENDENT,NO,Tromsø,9008,Torggata 29,NO269691609MVA,tromso.retki.example,+47 947 47 780,25000.00,60,0.0,8,2026-07-28,true
1182,C-11182,Kuusamo Outfitters Oy,,INDEPENDENT,FI,Kuusamo,93600,Yliopistonkatu 13,FI67999492,kuusamo.outfitters.example,+358 40 914 1018,40000.00,60,10.0,8,2020-11-16,true
1183,C-11183,Becker Urheilu GmbH,,INDEPENDENT,DE,Flensburg,24937,Am Markt 9,DE193150043,becker.urheilu.example,+49 40 8577143,25000.00,60,0.0,8,2017-11-07,true
1184,C-11184,Rantanen Friluft Oy,,INDEPENDENT,FI,Seinäjoki,60100,Asemakatu 84,FI93798539,rantanen.friluft.example,+358 40 142 0711,60000.00,30,12.0,10,2024-06-19,true
1185,C-11185,Kaamosgear Oy,,ONLINE,FI,Kokkola,67100,Puistokatu 7,FI23234115,kaamosgear.example,+358 40 407 3566,15000.00,30,0.0,9,2023-01-15,true
1186,C-11186,Aalborg Trekking ApS,,DEPARTMENT_STORE,DK,Aalborg,9000,Østergade 17,DK74475850,aalborg.trekking.example,+45 41 72 80 29,10000.00,30,10.0,8,2024-06-12,true
1187,C-11187,Skog Adventure AB,,INDEPENDENT,SE,Uppsala,753 10,Järnvägsgatan 8,SE192742607801,skog.adventure.example,+46 70 698 75 75,60000.00,14,2.0,8,2024-11-19,true
1188,C-11188,Ålesund Outfitters AS,,INDEPENDENT,NO,Ålesund,6002,Havnegata 23,NO022382114MVA,alesund.outfitters.example,+47 949 24 916,40000.00,30,5.0,9,2024-06-23,false
1189,C-11189,Svensson Urheilu AB,,INDEPENDENT,SE,Luleå,972 31,Kungsgatan 92,SE448621419501,svensson.urheilu.example,+46 70 880 00 17,5000.00,30,7.5,10,2020-05-11,true
1190,C-11190,Oulu Outdoor Oy,,INDEPENDENT,FI,Oulu,90100,Mannerheimintie 11,FI29169367,oulu.outdoor.example,+358 40 676 6702,5000.00,30,7.5,10,2015-12-29,true
1191,C-11191,Compass Friluft AS,,INDEPENDENT,NO,Ålesund,6002,Havnegata 102,NO971335468MVA,compass.friluft.example,+47 983 83 837,10000.00,30,7.5,10,2022-12-15,true
1192,C-11192,Trail Camping Oy,,INDEPENDENT,FI,Seinäjoki,60100,Asemakatu 111,FI59974432,trail.camping.example,+358 40 323 8768,10000.00,30,3.0,10,2025-03-02,true
1193,C-11193,Basecamp Adventure Oy,,DEPARTMENT_STORE,FI,Lahti,15100,Torikatu 58,FI07486868,basecamp.adventure.example,+358 40 694 7199,40000.00,45,7.5,8,2023-11-11,true
1194,C-11194,Pärnu Guides OÜ,,RENTAL_OUTFITTER,EE,Pärnu,80010,Kooli tn 91,EE745877043,parnu.guides.example,+372 5179 8112,60000.00,45,5.0,10,2020-05-03,true
1195,C-11195,Vidde Camping AB,,INDEPENDENT,SE,Luleå,972 31,Norra Esplanaden 95,SE541418439701,vidde.camping.example,+46 70 898 46 08,15000.00,14,12.0,10,2017-06-04,true
1196,C-11196,Tartu Alpine Club,,CLUB_OR_SCHOOL,EE,Tartu,51003,Narva mnt 14,EE583281222,tartu.alpine.club.example,+372 5249 0978,60000.00,30,5.0,8,2026-05-13,false
1197,C-11197,Uppsala Rental AB,,RENTAL_OUTFITTER,SE,Uppsala,753 10,Fjällvägen 6,SE163812875301,uppsala.rental.example,+46 70 280 27 63,100000.00,60,0.0,10,2019-03-20,true
1198,C-11198,Karlstad Adventures AB,,RENTAL_OUTFITTER,SE,Karlstad,652 24,Storgatan 23,SE613180512301,karlstad.adventures.example,+46 70 384 69 13,25000.00,30,5.0,10,2016-09-07,true
1199,C-11199,Vinter Sport AS,,DEPARTMENT_STORE,NO,Drammen,3015,Kirkegata 93,NO922809055MVA,vinter.sport.example,+47 982 11 036,40000.00,60,5.0,9,2019-03-27,true
1200,C-11200,Fjord Outfitters Oy,,INDEPENDENT,FI,Turku,20100,Kauppakatu 19,FI97889453,fjord.outfitters.example,+358 40 460 2606,100000.00,14,0.0,10,2016-04-12,true
1201,C-11201,Lehtonen Outdoor Oy,,DEPARTMENT_STORE,FI,Lahti,15100,Hämeenkatu 82,FI44595185,lehtonen.outdoor.example,+358 40 531 5513,60000.00,14,2.0,10,2023-07-08,true
1202,C-11202,Summitgear AS,,ONLINE,NO,Alta,9510,Kirkegata 41,NO086844076MVA,summitgear.example,+47 924 48 363,15000.00,60,2.0,9,2016-10-02,true
1203,C-11203,Selkä Retki AB,,DEPARTMENT_STORE,SE,Falun,791 71,Industrivägen 62,SE959394470601,selka.retki.example,+46 70 576 49 60,40000.00,14,5.0,10,2025-10-16,true
1204,C-11204,Kjær Friluft ApS,,INDEPENDENT,DK,Aalborg,9000,Østergade 86,DK62655945,kjaer.friluft.example,+45 94 23 25 68,60000.00,14,5.0,9,2015-09-01,true
1205,C-11205,Skoggear Oy,,ONLINE,FI,Tampere,33100,Keskuskatu 116,FI86455885,skoggear.example,+358 40 058 2229,60000.00,60,5.0,9,2025-12-19,true
1206,C-11206,Kalotti Adventure ApS,,INDEPENDENT,DK,Esbjerg,6700,Nørregade 119,DK89564406,kalotti.adventure.example,+45 50 86 85 86,10000.00,45,0.0,8,2024-12-25,true
1207,C-11207,Pedersen Outdoor AS,,INDEPENDENT,NO,Kristiansand,4610,Strandveien 9,NO735104187MVA,pedersen.outdoor.example,+47 937 80 503,60000.00,14,0.0,9,2016-12-23,true
1208,C-11208,Larsson Sport AB,,INDEPENDENT,SE,Kiruna,981 31,Storgatan 120,SE902546792701,larsson.sport.example,+46 70 115 90 80,100000.00,30,0.0,8,2026-01-01,true
1209,C-11209,Kristiansand Outdoor School,,CLUB_OR_SCHOOL,NO,Kristiansand,4610,Strandveien 59,NO656769780MVA,kristiansand.outdoor.school.example,+47 979 69 535,60000.00,30,3.0,10,2017-09-16,true
1210,C-11210,Loisteshop GmbH,,ONLINE,DE,Flensburg,24937,Am Markt 88,DE727684285,loisteshop.example,+49 40 9524129,25000.00,14,5.0,10,2020-11-01,true
1211,C-11211,Andersen Urheilu AS,,INDEPENDENT,NO,Ålesund,6002,Fjellveien 72,NO632563777MVA,andersen.urheilu.example,+47 946 42 605,100000.00,30,0.0,9,2016-11-15,false
1212,C-11212,Lehto Friluft Oy,,INDEPENDENT,FI,Lahti,15100,Keskuskatu 27,FI52426428,lehto.friluft.example,+358 40 789 9844,25000.00,30,0.0,8,2026-07-19,true
1213,C-11213,Erä Friluft Oy,,INDEPENDENT,FI,Joensuu,80100,Torikatu 109,FI52588697,era.friluft.example,+358 40 714 2267,40000.00,30,2.0,10,2016-12-16,true
1214,C-11214,Hämäläinen Sport Oy,,INDEPENDENT,FI,Turku,20100,Torikatu 27,FI76880042,hamalainen.sport.example,+358 40 588 4012,40000.00,60,7.5,9,2022-01-17,true
1215,C-11215,Hiker's Outdoor Oy,,INDEPENDENT,FI,Kuusamo,93600,Asemakatu 17,FI33672061,hikers.outdoor.example,+358 40 946 5244,5000.00,30,5.0,10,2024-10-06,false
1216,C-11216,Polar Turutstyr AS,,INDEPENDENT,NO,Hamar,2317,Torggata 8,NO497628623MVA,polar.turutstyr.example,+47 963 81 204,60000.00,30,3.0,10,2022-08-26,true
1217,C-11217,Skog24 GmbH,,ONLINE,DE,Berlin,10115,Am Markt 49,DE257025358,skog24.example,+49 40 0086918,100000.00,30,0.0,9,2020-02-08,true
1218,C-11218,Kaira24 AB,,ONLINE,SE,Åre,837 52,Industrivägen 18,SE729108008501,kaira24.example,+46 70 086 20 19,10000.00,45,0.0,8,2018-07-30,true
1219,C-11219,Umeå Scouts,,CLUB_OR_SCHOOL,SE,Umeå,903 26,Hamngatan 81,SE324260958501,umea.scouts.example,+46 70 973 60 59,25000.00,30,12.0,10,2024-12-07,true
1220,C-11220,Kiruna Outfitters AB,,INDEPENDENT,SE,Kiruna,981 31,Skolgatan 62,SE636742627901,kiruna.outfitters.example,+46 70 030 35 40,25000.00,45,3.0,9,2017-01-10,true
1221,C-11221,Vaasa Sport & Fritid Oy,,INDEPENDENT,FI,Vaasa,65100,Rantatie 114,FI45023363,vaasa.sport.fritid.example,+358 40 901 8263,10000.00,45,2.0,8,2026-07-23,true
1222,C-11222,Arcticstore OÜ,,ONLINE,EE,Tartu,51003,Tartu mnt 90,EE639676235,arcticstore.example,+372 5331 4043,40000.00,30,5.0,8,2026-04-04,true
1223,C-11223,Aapa Camping AB,,INDEPENDENT,SE,Kiruna,981 31,Drottninggatan 62,SE591039531801,aapa.camping.example,+46 70 120 48 04,100000.00,14,5.0,10,2018-11-19,true
1224,C-11224,Lakeshop AB,,ONLINE,SE,Karlstad,652 24,Fjällvägen 119,SE436218391101,lakeshop.example,+46 70 008 88 35,10000.00,30,5.0,8,2018-07-01,true
1225,C-11225,Esbjerg Expeditions ApS,,RENTAL_OUTFITTER,DK,Esbjerg,6700,Skolevej 52,DK40715840,esbjerg.expeditions.example,+45 37 12 28 15,60000.00,14,5.0,10,2020-12-28,true
1226,C-11226,Kiruna Friluft AB,,INDEPENDENT,SE,Kiruna,981 31,Järnvägsgatan 3,SE924022034901,kiruna.friluft.example,+46 70 272 60 25,5000.00,45,3.0,8,2024-08-09,true
1227,C-11227,Lillehammer Expeditions AS,,RENTAL_OUTFITTER,NO,Lillehammer,2609,Skoleveien 85,NO932714112MVA,lillehammer.expeditions.example,+47 935 53 930,15000.00,30,2.0,8,2021-03-13,true
1228,C-11228,Suvantostore Oy,,ONLINE,FI,Hämeenlinna,13100,Hämeenkatu 97,FI04934864,suvantostore.example,+358 40 322 7836,100000.00,14,0.0,8,2026-07-15,true
1229,C-11229,Örebro Turutstyr AB,,INDEPENDENT,SE,Örebro,702 11,Järnvägsgatan 37,SE005740428001,orebro.turutstyr.example,+46 70 234 41 52,5000.00,14,5.0,8,2022-03-04,true
1230,C-11230,Fjord Turutstyr AS,,INDEPENDENT,NO,Bergen,5003,Strandveien 120,NO890465536MVA,fjord.turutstyr.example,+47 976 85 280,100000.00,30,2.0,10,2018-07-12,true
1231,C-11231,Rasmussen Sport ApS,,INDEPENDENT,DK,Copenhagen,1050,Hovedgaden 64,DK02580502,rasmussen.sport.example,+45 85 13 55 85,10000.00,45,5.0,9,2022-08-21,true
1232,C-11232,Trail Outfitters AB,,DEPARTMENT_STORE,SE,Linköping,582 22,Industrivägen 118,SE757263309901,trail.outfitters.example,+46 70 097 00 38,25000.00,30,3.0,9,2026-01-13,true
1233,C-11233,Basecamp Trekking AB,,INDEPENDENT,SE,Luleå,972 31,Norra Esplanaden 7,SE343381157601,basecamp.trekking.example,+46 70 594 19 22,60000.00,60,0.0,8,2024-12-31,true
1234,C-11234,Joensuu Fritid Oy,,INDEPENDENT,FI,Joensuu,80100,Mannerheimintie 66,FI61469848,joensuu.fritid.example,+358 40 615 5586,10000.00,60,0.0,9,2017-10-07,true
1235,C-11235,Helsinki Fritid Oy,,INDEPENDENT,FI,Helsinki,00100,Puistokatu 119,FI07966074,helsinki.fritid.example,+358 40 180 6965,100000.00,45,3.0,10,2022-11-11,true
1236,C-11236,Kalotti Turutstyr AB,,INDEPENDENT,SE,Östersund,831 30,Industrivägen 44,SE268054761801,kalotti.turutstyr.example,+46 70 252 18 67,10000.00,60,10.0,9,2023-06-08,true
1237,C-11237,Kairastore Oy,,ONLINE,FI,Jyväskylä,40100,Puistokatu 16,FI13492953,kairastore.example,+358 40 586 6260,25000.00,45,0.0,8,2018-04-06,true
1238,C-11238,Linköping Sports AB,,INDEPENDENT,SE,Linköping,582 22,Järnvägsgatan 104,SE014619886401,linkoping.sports.example,+46 70 640 72 11,40000.00,14,12.0,9,2026-06-05,true
1239,C-11239,Vaara Outfitters AS,,DEPARTMENT_STORE,NO,Stavanger,4006,Industriveien 9,NO598555322MVA,vaara.outfitters.example,+47 930 27 106,25000.00,45,7.5,8,2018-05-08,true
1240,C-11240,Ruska Adventure AB,,DEPARTMENT_STORE,SE,Sundsvall,852 30,Storgatan 34,SE333055999601,ruska.adventure.example,+46 70 094 55 63,10000.00,60,2.0,9,2015-10-18,true
1241,C-11241,Selkä Friluft Oy,,INDEPENDENT,FI,Espoo,02100,Mannerheimintie 77,FI25218584,selka.friluft.example,+358 40 636 9130,40000.00,30,12.0,9,2025-09-24,true
1242,C-11242,Ruskagear Oy,,ONLINE,FI,Kuopio,70100,Asemakatu 15,FI89722682,ruskagear.example,+358 40 947 4096,5000.00,30,0.0,8,2016-05-17,false
1243,C-11243,Hiker's24 Oy,,ONLINE,FI,Kokkola,67100,Rantatie 58,FI04739470,hikers24.example,+358 40 242 7468,10000.00,60,5.0,8,2017-07-25,true
1244,C-11244,Selkägear AS,,ONLINE,NO,Kristiansand,4610,Torggata 97,NO683417630MVA,selkagear.example,+47 968 25 831,5000.00,45,2.0,9,2024-12-13,true
1245,C-11245,Hiker'sgear AB,,ONLINE,SE,Luleå,972 31,Norra Esplanaden 23,SE345166179801,hikersgear.example,+46 70 554 04 08,5000.00,30,10.0,10,2026-08-28,true
1246,C-11246,Aapa Sport & Fritid AS,,INDEPENDENT,NO,Bergen,5003,Industriveien 3,NO436116135MVA,aapa.sport.fritid.example,+47 932 84 515,15000.00,30,0.0,9,2018-06-28,true
1247,C-11247,Skog24 ApS,,ONLINE,DK,Odense,5000,Østergade 108,DK06248134,skog24.example,+45 30 20 37 84,100000.00,30,3.0,9,2026-07-28,true
1248,C-11248,Strand Outdoor AB,,INDEPENDENT,SE,Örebro,702 11,Drottninggatan 119,SE891560578001,strand.outdoor.example,+46 70 162 24 14,40000.00,60,5.0,8,2021-02-13,true
1249,C-11249,Compass Sport & Fritid AS,,INDEPENDENT,NO,Stavanger,4006,Fjellveien 68,NO406977959MVA,compass.sport.fritid.example,+47 988 57 967,100000.00,30,0.0,8,2017-10-21,true
1250,C-11250,Aurorastore AB,,ONLINE,SE,Uppsala,753 10,Fjällvägen 71,SE020369997801,aurorastore.example,+46 70 307 28 64,10000.00,45,2.0,10,2019-08-15,true
1251,C-11251,Tallinn Trekking OÜ,,INDEPENDENT,EE,Tallinn,10111,Kooli tn 103,EE066299226,tallinn.trekking.example,+372 5241 7276,100000.00,30,0.0,8,2020-11-28,true
1252,C-11252,Turku Alpine Club,,CLUB_OR_SCHOOL,FI,Turku,20100,Puistokatu 56,FI85399889,turku.alpine.club.example,+358 40 920 1397,10000.00,30,0.0,9,2025-04-29,true
1253,C-11253,Trailstore AS,,ONLINE,NO,Bodø,8006,Kirkegata 23,NO502110754MVA,trailstore.example,+47 967 34 829,40000.00,30,12.0,9,2015-08-23,true
1254,C-11254,Flensburg Adventures GmbH,,RENTAL_OUTFITTER,DE,Flensburg,24937,Bergweg 83,DE230550023,flensburg.adventures.example,+49 40 7873529,10000.00,30,3.0,8,2025-10-09,true
1255,C-11255,Basecampgear Oy,,ONLINE,FI,Kuopio,70100,Teollisuustie 47,FI01338838,basecampgear.example,+358 40 246 3078,5000.00,30,12.0,8,2015-08-07,true
1256,C-11256,Kittilä Adventure Oy,,INDEPENDENT,FI,Kittilä,99100,Keskuskatu 104,FI59570537,kittila.adventure.example,+358 40 387 7480,60000.00,45,0.0,8,2026-04-26,false
1257,C-11257,Nordlys Outdoor Oy,,INDEPENDENT,FI,Kokkola,67100,Yliopistonkatu 99,FI47728143,nordlys.outdoor.example,+358 40 093 5688,5000.00,60,0.0,10,2025-09-06,true
1258,C-11258,Bergen Outdoor AS,,INDEPENDENT,NO,Bergen,5003,Fjellveien 55,NO062495490MVA,bergen.outdoor.example,+47 981 83 397,40000.00,14,3.0,9,2023-01-28,true
1259,C-11259,Nordlys Outdoor GmbH,,INDEPENDENT,DE,Kiel,24103,Bahnhofstraße 96,DE878736025,nordlys.outdoor.example,+49 40 9693673,10000.00,30,5.0,9,2016-08-22,true
1260,C-11260,Compass Adventure Oy,,INDEPENDENT,FI,Kuopio,70100,Kauppakatu 17,FI84289110,compass.adventure.example,+358 40 679 1018,60000.00,30,12.0,8,2017-02-07,true
1261,C-11261,Jyväskylä Outfitters Oy,,INDEPENDENT,FI,Jyväskylä,40100,Puistokatu 24,FI14807163,jyvaskyla.outfitters.example,+358 40 859 3367,25000.00,30,3.0,9,2015-04-04,true
1262,C-11262,Holm Friluft AB,,INDEPENDENT,SE,Stockholm,111 20,Fjällvägen 103,SE499786864601,holm.friluft.example,+46 70 586 91 88,5000.00,45,2.0,9,2022-10-18,false
1263,C-11263,Aapa Trekking AB,,INDEPENDENT,SE,Stockholm,111 20,Storgatan 94,SE177653384601,aapa.trekking.example,+46 70 985 67 90,5000.00,60,0.0,8,2015-05-23,true
1264,C-11264,Tromsø Outdoor AS,,INDEPENDENT,NO,Tromsø,9008,Strandveien 34,NO296944416MVA,tromso.outdoor.example,+47 962 86 610,100000.00,60,3.0,9,2024-09-24,true
1265,C-11265,Summit Adventure AB,,INDEPENDENT,SE,Gävle,803 20,Norra Esplanaden 98,SE220329924201,summit.adventure.example,+46 70 701 16 35,100000.00,30,0.0,9,2024-01-23,false
1266,C-11266,Nordlys Friluft AS,,INDEPENDENT,NO,Bodø,8006,Torggata 65,NO033868931MVA,nordlys.friluft.example,+47 954 72 878,100000.00,60,10.0,10,2015-10-30,true
1267,C-11267,Nietos Camping Oy,,INDEPENDENT,FI,Oulu,90100,Teollisuustie 49,FI84883368,nietos.camping.example,+358 40 021 6739,60000.00,30,5.0,9,2026-08-02,true
1268,C-11268,Kaamos Camping GmbH,,INDEPENDENT,DE,Hamburg,20095,Am Markt 47,DE702448173,kaamos.camping.example,+49 40 0446897,5000.00,30,7.5,10,2025-08-20,true
1269,C-11269,Ålesund Trekking AS,,INDEPENDENT,NO,Ålesund,6002,Havnegata 92,NO871152075MVA,alesund.trekking.example,+47 989 63 449,25000.00,30,10.0,10,2024-11-29,true
1270,C-11270,Ruska Friluft OÜ,,DEPARTMENT_STORE,EE,Pärnu,80010,Tartu mnt 118,EE323202869,ruska.friluft.example,+372 5475 6434,5000.00,30,0.0,9,2025-02-17,true
1271,C-11271,Vinter24 Oy,,ONLINE,FI,Kittilä,99100,Yliopistonkatu 119,FI51805407,vinter24.example,+358 40 110 6246,25000.00,30,3.0,8,2015-04-18,true
1272,C-11272,Metsä Retki Oy,,INDEPENDENT,FI,Rovaniemi,96100,Puistokatu 28,FI07629134,metsa.retki.example,+358 40 656 5850,15000.00,14,0.0,9,2024-05-01,true
1273,C-11273,Espoo Sport & Fritid Oy,,INDEPENDENT,FI,Espoo,02100,Hämeenkatu 81,FI51720723,espoo.sport.fritid.example,+358 40 271 0416,60000.00,14,0.0,9,2022-08-02,true
1274,C-11274,Ridge Sport & Fritid Oy,,INDEPENDENT,FI,Rovaniemi,96100,Kauppakatu 5,FI28758498,ridge.sport.fritid.example,+358 40 652 7262,5000.00,30,2.0,8,2023-05-02,true
1275,C-11275,Selkä Trekking Oy,,INDEPENDENT,FI,Kuusamo,93600,Torikatu 82,FI62071269,selka.trekking.example,+358 40 092 1175,60000.00,30,0.0,9,2026-07-06,false
1276,C-11276,Fjäll24 AB,,ONLINE,SE,Luleå,972 31,Skolgatan 112,SE998174420801,fjall24.example,+46 70 153 02 14,25000.00,30,10.0,9,2020-12-26,true
1277,C-11277,Summit Fritid ApS,,DEPARTMENT_STORE,DK,Copenhagen,1050,Vestergade 92,DK06880342,summit.fritid.example,+45 72 03 48 77,40000.00,30,10.0,10,2018-01-08,true
1278,C-11278,Ruska Outfitters Oy,,INDEPENDENT,FI,Jyväskylä,40100,Puistokatu 72,FI29803120,ruska.outfitters.example,+358 40 865 6646,40000.00,14,2.0,8,2015-07-17,true
1279,C-11279,Korhonen Urheilu Oy,,INDEPENDENT,FI,Vaasa,65100,Kauppakatu 62,FI59824437,korhonen.urheilu.example,+358 40 319 6717,25000.00,14,0.0,9,2015-06-09,false
1280,C-11280,Aarhus Adventures ApS,,RENTAL_OUTFITTER,DK,Aarhus,8000,Vestergade 47,DK95064165,aarhus.adventures.example,+45 39 77 87 55,25000.00,30,5.0,8,2024-07-24,true
1281,C-11281,Kero Sports AB,,INDEPENDENT,SE,Malmö,211 20,Drottninggatan 91,SE455566811501,kero.sports.example,+46 70 861 50 33,5000.00,30,0.0,8,2016-12-07,true
1282,C-11282,Östersund Fritid AB,,INDEPENDENT,SE,Östersund,831 30,Drottninggatan 22,SE594266644101,ostersund.fritid.example,+46 70 918 68 21,15000.00,30,0.0,9,2018-10-06,true
1283,C-11283,Kittilä Friluft Oy,,INDEPENDENT,FI,Kittilä,99100,Puistokatu 49,FI55167766,kittila.friluft.example,+358 40 424 7112,60000.00,60,5.0,10,2020-01-22,true
1284,C-11284,Nietosshop Oy,,ONLINE,FI,Seinäjoki,60100,Keskuskatu 97,FI00442034,nietosshop.example,+358 40 648 2926,5000.00,45,10.0,8,2025-04-03,true
1285,C-11285,Nietosshop AS,,ONLINE,NO,Trondheim,7010,Storgata 80,NO265323006MVA,nietosshop.example,+47 976 27 734,60000.00,30,3.0,9,2023-09-25,true
1286,C-11286,Hämäläinen Friluft Oy,,INDEPENDENT,FI,Kuopio,70100,Yliopistonkatu 26,FI02333026,hamalainen.friluft.example,+358 40 647 8709,10000.00,30,5.0,10,2018-04-09,true
1287,C-11287,Turku Sport & Fritid Oy,,INDEPENDENT,FI,Turku,20100,Puistokatu 24,FI34029797,turku.sport.fritid.example,+358 40 554 4679,100000.00,14,12.0,9,2018-07-18,true
1288,C-11288,Seinäjoki Sport & Fritid Oy,,INDEPENDENT,FI,Seinäjoki,60100,Torikatu 48,FI38384749,seinajoki.sport.fritid.example,+358 40 929 3935,25000.00,30,10.0,10,2016-11-21,true
1289,C-11289,Stockholm Outfitters AB,,INDEPENDENT,SE,Stockholm,111 20,Drottninggatan 110,SE547180241601,stockholm.outfitters.example,+46 70 293 33 89,25000.00,30,0.0,9,2022-12-04,true
1290,C-11290,Lahti Sport Oy,,DEPARTMENT_STORE,FI,Lahti,15100,Asemakatu 56,FI31293987,lahti.sport.example,+358 40 675 2328,60000.00,60,12.0,9,2015-11-07,true
1291,C-11291,Espoo Adventures Oy,,RENTAL_OUTFITTER,FI,Espoo,02100,Torikatu 44,FI58721431,espoo.adventures.example,+358 40 549 9194,15000.00,30,0.0,9,2019-12-11,true
1292,C-11292,Bodø Trekking AS,,INDEPENDENT,NO,Bodø,8006,Havnegata 110,NO959607183MVA,bodo.trekking.example,+47 993 68 714,100000.00,30,5.0,9,2025-12-31,true
1293,C-11293,Forest Trekking AB,,INDEPENDENT,SE,Uppsala,753 10,Hamngatan 27,SE055366206701,forest.trekking.example,+46 70 412 91 45,15000.00,14,10.0,9,2025-10-26,true
1294,C-11294,Ruska Turutstyr Oy,,INDEPENDENT,FI,Vaasa,65100,Mannerheimintie 1,FI20998954,ruska.turutstyr.example,+358 40 061 3320,60000.00,60,3.0,10,2025-05-01,true
1295,C-11295,Ruskashop Oy,,ONLINE,FI,Jyväskylä,40100,Hämeenkatu 69,FI76993543,ruskashop.example,+358 40 117 0817,100000.00,30,12.0,9,2016-12-05,true
1296,C-11296,Kolding Friluft ApS,,INDEPENDENT,DK,Kolding,6000,Industrivej 99,DK70380127,kolding.friluft.example,+45 85 03 03 18,25000.00,30,2.0,8,2026-07-05,true
1297,C-11297,Vuoma Trekking Oy,,INDEPENDENT,FI,Oulu,90100,Kauppakatu 66,FI13296448,vuoma.trekking.example,+358 40 110 2745,10000.00,45,0.0,9,2023-03-02,true
1298,C-11298,Nietos Outfitters Oy,,INDEPENDENT,FI,Tampere,33100,Rantatie 38,FI43350230,nietos.outfitters.example,+358 40 558 6524,5000.00,30,7.5,10,2019-12-08,true
1299,C-11299,Gävle Friluft AB,,INDEPENDENT,SE,Gävle,803 20,Norra Esplanaden 40,SE186815364201,gavle.friluft.example,+46 70 611 30 57,25000.00,30,10.0,8,2026-05-25,true
1300,C-11300,Basecampstore AS,,ONLINE,NO,Oslo,0150,Havnegata 70,NO285812727MVA,basecampstore.example,+47 903 63 688,60000.00,14,2.0,9,2026-06-08,true
1301,C-11301,Kuusamo Fritid Oy,,INDEPENDENT,FI,Kuusamo,93600,Keskuskatu 59,FI78406714,kuusamo.fritid.example,+358 40 203 0050,40000.00,60,0.0,10,2015-04-02,true
1302,C-11302,Arctic Retki ApS,,INDEPENDENT,DK,Odense,5000,Industrivej 37,DK58529039,arctic.retki.example,+45 77 46 72 74,5000.00,60,3.0,10,2022-07-16,true
1303,C-11303,Aapagear ApS,,ONLINE,DK,Odense,5000,Østergade 53,DK08757228,aapagear.example,+45 83 15 26 24,100000.00,30,0.0,10,2020-06-14,true
1304,C-11304,Oulu Hiking Association,,CLUB_OR_SCHOOL,FI,Oulu,90100,Keskuskatu 16,FI42660942,oulu.hiking.association.example,+358 40 725 0409,15000.00,14,5.0,10,2020-08-04,true
1305,C-11305,Järvinen Sport Oy,,INDEPENDENT,FI,Lahti,15100,Mannerheimintie 56,FI54970800,jarvinen.sport.example,+358 40 713 5585,5000.00,60,5.0,8,2016-07-13,false
1306,C-11306,Kalottishop Oy,,ONLINE,FI,Hämeenlinna,13100,Asemakatu 19,FI92609067,kalottishop.example,+358 40 110 4878,25000.00,14,0.0,9,2019-12-15,true
1307,C-11307,Nieminen Friluft Oy,,INDEPENDENT,FI,Oulu,90100,Asemakatu 120,FI80164860,nieminen.friluft.example,+358 40 050 6654,60000.00,45,0.0,9,2018-02-01,true
1308,C-11308,Örebro Outfitters AB,,INDEPENDENT,SE,Örebro,702 11,Hamngatan 28,SE365794676501,orebro.outfitters.example,+46 70 611 51 62,40000.00,30,5.0,9,2021-08-30,true
1309,C-11309,Kittilä Sport & Fritid Oy,,INDEPENDENT,FI,Kittilä,99100,Keskuskatu 94,FI81616624,kittila.sport.fritid.example,+358 40 723 3414,40000.00,30,7.5,8,2016-06-14,true
1310,C-11310,Åre Adventures AB,,RENTAL_OUTFITTER,SE,Åre,837 52,Norra Esplanaden 88,SE216582251401,are.adventures.example,+46 70 638 72 60,100000.00,14,2.0,10,2020-01-21,true
1311,C-11311,Ridgeshop OÜ,,ONLINE,EE,Tartu,51003,Sadama tn 20,EE898198001,ridgeshop.example,+372 5492 6961,10000.00,60,10.0,10,2021-08-18,true
1312,C-11312,Viddeshop AB,,ONLINE,SE,Stockholm,111 20,Järnvägsgatan 97,SE586653350101,viddeshop.example,+46 70 754 88 53,25000.00,45,0.0,10,2016-11-15,true
1313,C-11313,Aarhus Scouts,,CLUB_OR_SCHOOL,DK,Aarhus,8000,Industrivej 20,DK33480509,aarhus.scouts.example,+45 93 14 42 58,25000.00,45,2.0,10,2024-02-20,true
1314,C-11314,Kristiansand Outdoor AS,,DEPARTMENT_STORE,NO,Kristiansand,4610,Kirkegata 91,NO644739533MVA,kristiansand.outdoor.example,+47 937 24 053,25000.00,60,0.0,9,2023-01-12,true
1315,C-11315,Nietos Sport Oy,,DEPARTMENT_STORE,FI,Oulu,90100,Puistokatu 103,FI38686823,nietos.sport.example,+358 40 318 7116,5000.00,30,5.0,8,2015-10-19,true
1316,C-11316,Persson Friluft AB,,DEPARTMENT_STORE,SE,Stockholm,111 20,Industrivägen 20,SE472225191701,persson.friluft.example,+46 70 212 93 94,25000.00,30,7.5,10,2017-10-01,true
1317,C-11317,Berlin Expeditions GmbH,,RENTAL_OUTFITTER,DE,Berlin,10115,Am Markt 30,DE561211369,berlin.expeditions.example,+49 40 4062958,40000.00,30,2.0,8,2026-05-15,true
1318,C-11318,Summit Sport & Fritid GmbH,,DEPARTMENT_STORE,DE,Flensburg,24937,Hauptstraße 62,DE289314090,summit.sport.fritid.example,+49 40 6736867,100000.00,30,3.0,8,2021-06-30,true
1319,C-11319,Kristiansand Guides AS,,RENTAL_OUTFITTER,NO,Kristiansand,4610,Kirkegata 98,NO502447259MVA,kristiansand.guides.example,+47 958 29 079,5000.00,30,0.0,10,2020-12-25,false
1320,C-11320,Umeå Guides AB,,RENTAL_OUTFITTER,SE,Umeå,903 26,Skolgatan 1,SE484745537801,umea.guides.example,+46 70 392 85 93,10000.00,30,2.0,10,2024-06-17,true
1321,C-11321,Ridgegear AB,,ONLINE,SE,Falun,791 71,Norra Esplanaden 40,SE927566686001,ridgegear.example,+46 70 394 11 71,100000.00,30,0.0,10,2022-12-03,true
1322,C-11322,Lakestore Oy,,ONLINE,FI,Jyväskylä,40100,Rantatie 103,FI70144899,lakestore.example,+358 40 009 7065,15000.00,30,12.0,9,2024-09-14,true
1323,C-11323,Lundqvist Urheilu AB,,INDEPENDENT,SE,Linköping,582 22,Kungsgatan 59,SE554571033801,lundqvist.urheilu.example,+46 70 001 13 62,60000.00,30,0.0,10,2019-01-29,true
1324,C-11324,Koskinen Friluft Oy,,INDEPENDENT,FI,Helsinki,00100,Keskuskatu 38,FI99496204,koskinen.friluft.example,+358 40 981 8240,10000.00,30,7.5,10,2018-10-20,true
1325,C-11325,Rovaniemi Turutstyr Oy,,INDEPENDENT,FI,Rovaniemi,96100,Yliopistonkatu 13,FI02239441,rovaniemi.turutstyr.example,+358 40 642 5569,5000.00,30,0.0,8,2019-10-08,true
1326,C-11326,Hämeenlinna Trekking Oy,,DEPARTMENT_STORE,FI,Hämeenlinna,13100,Torikatu 78,FI50069238,hameenlinna.trekking.example,+358 40 907 5213,15000.00,60,0.0,10,2018-12-10,true
1327,C-11327,Stavanger Sport AS,,INDEPENDENT,NO,Stavanger,4006,Kirkegata 48,NO841983952MVA,stavanger.sport.example,+47 998 75 545,25000.00,14,0.0,8,2024-01-18,true
1328,C-11328,Vaara Urheilu ApS,,INDEPENDENT,DK,Kolding,6000,Skolevej 59,DK36041101,vaara.urheilu.example,+45 19 59 06 75,60000.00,30,0.0,10,2019-10-15,true
1329,C-11329,Kjær Outdoor ApS,,INDEPENDENT,DK,Esbjerg,6700,Skolevej 55,DK35159442,kjaer.outdoor.example,+45 89 62 42 34,5000.00,45,2.0,9,2019-07-28,true
1330,C-11330,Falun Expeditions AB,,RENTAL_OUTFITTER,SE,Falun,791 71,Industrivägen 48,SE730595070801,falun.expeditions.example,+46 70 374 52 20,60000.00,60,2.0,9,2018-01-24,true
1331,C-11331,Falun Outdoor School,,CLUB_OR_SCHOOL,SE,Falun,791 71,Järnvägsgatan 42,SE361141178801,falun.outdoor.school.example,+46 70 458 08 69,15000.00,60,12.0,8,2024-03-24,true
1332,C-11332,Fjäll Outfitters AS,,DEPARTMENT_STORE,NO,Ålesund,6002,Skoleveien 98,NO691113608MVA,fjall.outfitters.example,+47 915 76 499,10000.00,30,0.0,10,2020-01-15,true
1333,C-11333,Oslo Adventure AS,,INDEPENDENT,NO,Oslo,0150,Havnegata 21,NO503117856MVA,oslo.adventure.example,+47 939 05 151,5000.00,30,5.0,9,2021-11-09,true
1334,C-11334,Espoo Sports Oy,,INDEPENDENT,FI,Espoo,02100,Puistokatu 23,FI99993311,espoo.sports.example,+358 40 024 8003,15000.00,60,0.0,9,2023-12-09,true
1335,C-11335,Kayak Adventure Oy,,DEPARTMENT_STORE,FI,Seinäjoki,60100,Yliopistonkatu 66,FI62445364,kayak.adventure.example,+358 40 849 2955,10000.00,30,10.0,8,2016-06-05,true
1336,C-11336,Espoo Guides Oy,,RENTAL_OUTFITTER,FI,Espoo,02100,Asemakatu 69,FI36478795,espoo.guides.example,+358 40 194 7337,40000.00,30,5.0,10,2016-09-27,true
1337,C-11337,Aarhus Outdoor School,,CLUB_OR_SCHOOL,DK,Aarhus,8000,Østergade 78,DK41503606,aarhus.outdoor.school.example,+45 43 59 30 45,10000.00,45,5.0,10,2022-07-09,true
1338,C-11338,Hamburg Outfitters GmbH,,INDEPENDENT,DE,Hamburg,20095,Am Markt 69,DE519541301,hamburg.outfitters.example,+49 40 5905394,40000.00,45,5.0,8,2025-07-07,false
1339,C-11339,Rakkashop AS,,ONLINE,NO,Ålesund,6002,Strandveien 4,NO373089740MVA,rakkashop.example,+47 974 53 364,60000.00,60,7.5,8,2024-07-13,true
1340,C-11340,Loiste Sports GmbH,,DEPARTMENT_STORE,DE,Berlin,10115,Am Markt 37,DE068620884,loiste.sports.example,+49 40 5172866,10000.00,60,2.0,9,2022-10-30,true
1341,C-11341,Ridge Adventure AS,,DEPARTMENT_STORE,NO,Oslo,0150,Kirkegata 58,NO412005170MVA,ridge.adventure.example,+47 986 20 472,40000.00,30,12.0,9,2021-01-31,true
1342,C-11342,Lake Trekking Oy,,INDEPENDENT,FI,Turku,20100,Torikatu 9,FI87958185,lake.trekking.example,+358 40 337 0407,100000.00,30,5.0,10,2020-08-29,true
1343,C-11343,Kuusamo Sports Oy,,INDEPENDENT,FI,Kuusamo,93600,Rantatie 7,FI89850658,kuusamo.sports.example,+358 40 457 6596,60000.00,30,10.0,8,2026-05-23,true
1344,C-11344,Rakka Trekking Oy,,INDEPENDENT,FI,Kuopio,70100,Rantatie 57,FI30619107,rakka.trekking.example,+358 40 631 2057,5000.00,60,3.0,9,2026-08-18,true
1345,C-11345,Olsson Friluft AB,,INDEPENDENT,SE,Örebro,702 11,Skolgatan 106,SE508975474101,olsson.friluft.example,+46 70 453 43 72,5000.00,30,3.0,9,2020-06-14,true
1346,C-11346,Kuusamo Scouts,,CLUB_OR_SCHOOL,FI,Kuusamo,93600,Teollisuustie 110,FI48343869,kuusamo.scouts.example,+358 40 447 5144,25000.00,30,3.0,10,2026-05-29,true
1347,C-11347,Hamburg Expeditions GmbH,,RENTAL_OUTFITTER,DE,Hamburg,20095,Hafenstraße 102,DE718124463,hamburg.expeditions.example,+49 40 4016840,40000.00,60,0.0,8,2021-03-04,true
1348,C-11348,Stockholm Guides AB,,RENTAL_OUTFITTER,SE,Stockholm,111 20,Fjällvägen 58,SE901618396601,stockholm.guides.example,+46 70 445 77 80,15000.00,30,0.0,9,2023-12-29,true
1349,C-11349,Lake Sports GmbH,,INDEPENDENT,DE,Hamburg,20095,Bergweg 119,DE848922431,lake.sports.example,+49 40 9212354,40000.00,30,7.5,10,2017-06-20,true
1350,C-11350,Vaarastore AS,,ONLINE,NO,Lillehammer,2609,Storgata 92,NO746758935MVA,vaarastore.example,+47 940 42 166,60000.00,30,2.0,8,2015-10-13,true
1351,C-11351,Lillehammer Alpine Club,,CLUB_OR_SCHOOL,NO,Lillehammer,2609,Kirkegata 19,NO207475130MVA,lillehammer.alpine.club.example,+47 922 54 946,15000.00,60,3.0,9,2026-02-28,true
1352,C-11352,Ålesund Urheilu AS,,INDEPENDENT,NO,Ålesund,6002,Kirkegata 69,NO820325955MVA,alesund.urheilu.example,+47 935 80 683,15000.00,60,12.0,8,2025-08-15,true
1353,C-11353,Kristiansand Outfitters AS,,INDEPENDENT,NO,Kristiansand,4610,Torggata 77,NO130337528MVA,kristiansand.outfitters.example,+47 974 85 144,15000.00,30,0.0,8,2021-08-11,true
1354,C-11354,Kittilä Sport Oy,,INDEPENDENT,FI,Kittilä,99100,Keskuskatu 91,FI43818680,kittila.sport.example,+358 40 932 1685,25000.00,30,0.0,10,2019-03-07,true
1355,C-11355,Nietos Friluft AB,,INDEPENDENT,SE,Örebro,702 11,Norra Esplanaden 33,SE055277489601,nietos.friluft.example,+46 70 716 03 53,100000.00,30,5.0,8,2018-03-04,true
1356,C-11356,Kayak Outfitters Oy,,INDEPENDENT,FI,Kittilä,99100,Mannerheimintie 28,FI21201342,kayak.outfitters.example,+358 40 355 5505,100000.00,30,12.0,8,2021-05-26,true
1357,C-11357,Nordlysstore AB,,ONLINE,SE,Stockholm,111 20,Fjällvägen 17,SE576210454801,nordlysstore.example,+46 70 971 92 60,100000.00,30,0.0,8,2025-05-21,true
1358,C-11358,Oslo Camping AS,,INDEPENDENT,NO,Oslo,0150,Industriveien 14,NO623245429MVA,oslo.camping.example,+47 936 73 981,10000.00,60,7.5,9,2022-02-28,true
1359,C-11359,Kayak Trekking AB,,DEPARTMENT_STORE,SE,Sundsvall,852 30,Drottninggatan 10,SE811849173801,kayak.trekking.example,+46 70 997 09 88,25000.00,45,3.0,8,2021-12-30,true
1360,C-11360,Koch Urheilu GmbH,,DEPARTMENT_STORE,DE,Kiel,24103,Bergweg 81,DE795262955,koch.urheilu.example,+49 40 1583977,10000.00,14,12.0,9,2026-02-20,true
1361,C-11361,Aapa Sports ApS,,INDEPENDENT,DK,Copenhagen,1050,Nørregade 54,DK79792766,aapa.sports.example,+45 16 06 92 38,40000.00,14,7.5,9,2017-03-04,true
1362,C-11362,Kittilä Trekking Oy,,INDEPENDENT,FI,Kittilä,99100,Hämeenkatu 2,FI96755218,kittila.trekking.example,+358 40 887 4144,100000.00,30,0.0,10,2020-06-29,false
1363,C-11363,Kaira Outfitters AB,,INDEPENDENT,SE,Falun,791 71,Skolgatan 78,SE703829280401,kaira.outfitters.example,+46 70 479 87 50,25000.00,45,0.0,8,2021-05-12,true
1364,C-11364,Haugen Urheilu AS,,INDEPENDENT,NO,Hamar,2317,Torggata 73,NO274584308MVA,haugen.urheilu.example,+47 948 12 278,15000.00,60,0.0,8,2015-02-23,true
1365,C-11365,Ridge Sports AS,,INDEPENDENT,NO,Bodø,8006,Kirkegata 66,NO736159287MVA,ridge.sports.example,+47 910 87 017,25000.00,14,2.0,10,2018-12-06,true
1366,C-11366,Forest Retki AS,,INDEPENDENT,NO,Oslo,0150,Strandveien 36,NO518854800MVA,forest.retki.example,+47 948 44 684,10000.00,30,0.0,8,2018-08-23,true
1367,C-11367,Kokkola Adventure Oy,,INDEPENDENT,FI,Kokkola,67100,Keskuskatu 57,FI07595101,kokkola.adventure.example,+358 40 279 1468,5000.00,30,5.0,9,2024-11-21,true
1368,C-11368,Andersen Friluft AS,,INDEPENDENT,NO,Hamar,2317,Industriveien 23,NO771469919MVA,andersen.friluft.example,+47 905 34 107,40000.00,60,7.5,8,2022-12-11,true
1369,C-11369,Drammen Sport & Fritid AS,,INDEPENDENT,NO,Drammen,3015,Kirkegata 6,NO690284225MVA,drammen.sport.fritid.example,+47 915 35 514,40000.00,45,3.0,9,2019-11-24,true
1370,C-11370,Kaamosgear AS,,ONLINE,NO,Kristiansand,4610,Torggata 48,NO140874628MVA,kaamosgear.example,+47 993 05 625,40000.00,30,0.0,9,2016-12-01,true
1371,C-11371,Metsä Sport & Fritid AB,,INDEPENDENT,SE,Linköping,582 22,Drottninggatan 59,SE079219152101,metsa.sport.fritid.example,+46 70 421 35 42,60000.00,30,0.0,8,2023-11-25,true
1372,C-11372,Kalotti Outfitters GmbH,,INDEPENDENT,DE,Berlin,10115,Hafenstraße 41,DE356447022,kalotti.outfitters.example,+49 40 9718638,60000.00,60,5.0,8,2025-08-06,true
1373,C-11373,Kristiansand Fritid AS,,INDEPENDENT,NO,Kristiansand,4610,Storgata 110,NO038574373MVA,kristiansand.fritid.example,+47 977 95 399,10000.00,30,3.0,8,2021-08-10,true
1374,C-11374,Kayak Retki AS,,INDEPENDENT,NO,Ålesund,6002,Fjellveien 76,NO794071124MVA,kayak.retki.example,+47 908 65 672,100000.00,60,0.0,8,2018-07-17,true
1375,C-11375,Arcticstore AB,,ONLINE,SE,Sundsvall,852 30,Järnvägsgatan 6,SE177564256101,arcticstore.example,+46 70 642 71 55,25000.00,30,10.0,10,2021-10-01,true
1376,C-11376,Arctic Retki AS,,INDEPENDENT,NO,Hamar,2317,Torggata 105,NO252941809MVA,arctic.retki.example,+47 915 23 930,25000.00,60,12.0,9,2024-08-31,true
1377,C-11377,Trondheim Turutstyr AS,,INDEPENDENT,NO,Trondheim,7010,Skoleveien 7,NO577582292MVA,trondheim.turutstyr.example,+47 996 49 710,5000.00,60,2.0,8,2015-07-18,true
1378,C-11378,Tromsø Outfitters AS,,INDEPENDENT,NO,Tromsø,9008,Fjellveien 53,NO027674175MVA,tromso.outfitters.example,+47 919 01 956,5000.00,45,12.0,9,2016-11-02,true
1379,C-11379,Stockholm Urheilu AB,,INDEPENDENT,SE,Stockholm,111 20,Skolgatan 108,SE464665809501,stockholm.urheilu.example,+46 70 254 43 53,60000.00,30,0.0,10,2026-08-12,true
1380,C-11380,Ridge Outdoor AS,,INDEPENDENT,NO,Alta,9510,Havnegata 2,NO945773238MVA,ridge.outdoor.example,+47 993 31 062,40000.00,30,5.0,10,2016-03-16,true
1381,C-11381,Kolding Outdoor School,,CLUB_OR_SCHOOL,DK,Kolding,6000,Skolevej 45,DK62240256,kolding.outdoor.school.example,+45 90 15 99 46,25000.00,30,0.0,8,2023-10-03,true
1382,C-11382,Ruska Fritid Oy,,INDEPENDENT,FI,Kittilä,99100,Asemakatu 2,FI21381731,ruska.fritid.example,+358 40 375 2719,100000.00,60,0.0,8,2026-06-30,true
1383,C-11383,Bergen Rental AS,,RENTAL_OUTFITTER,NO,Bergen,5003,Havnegata 62,NO292533329MVA,bergen.rental.example,+47 907 94 302,25000.00,60,5.0,9,2015-04-23,true
1384,C-11384,Ruska Adventure AS,,INDEPENDENT,NO,Trondheim,7010,Fjellveien 48,NO708558981MVA,ruska.adventure.example,+47 974 29 437,10000.00,14,5.0,8,2018-12-19,true
1385,C-11385,Lake24 Oy,,ONLINE,FI,Espoo,02100,Asemakatu 13,FI03761900,lake24.example,+358 40 861 9701,40000.00,45,5.0,9,2020-03-14,true
1386,C-11386,Kask Sport OÜ,,INDEPENDENT,EE,Pärnu,80010,Narva mnt 61,EE787855061,kask.sport.example,+372 5286 6768,40000.00,30,12.0,10,2017-03-21,true
1387,C-11387,Vaasa Expeditions Oy,,RENTAL_OUTFITTER,FI,Vaasa,65100,Torikatu 65,FI24697003,vaasa.expeditions.example,+358 40 912 2620,100000.00,60,7.5,10,2021-12-17,true
1388,C-11388,Müller Sport GmbH,,INDEPENDENT,DE,Kiel,24103,Hauptstraße 42,DE815247017,muller.sport.example,+49 40 2332900,60000.00,45,0.0,9,2024-02-07,true
1389,C-11389,Tampere Camping Oy,,INDEPENDENT,FI,Tampere,33100,Mannerheimintie 23,FI10908639,tampere.camping.example,+358 40 693 2062,100000.00,30,5.0,9,2016-09-29,true
1390,C-11390,Pärnu Sport & Fritid OÜ,,DEPARTMENT_STORE,EE,Pärnu,80010,Pärnu mnt 60,EE204394684,parnu.sport.fritid.example,+372 5759 6316,10000.00,30,12.0,8,2015-06-27,true
1391,C-11391,Skog Fritid GmbH,,INDEPENDENT,DE,Munich,80331,Hafenstraße 31,DE360059686,skog.fritid.example,+49 40 7617757,10000.00,14,5.0,9,2024-06-24,true
1392,C-11392,Odense Sport & Fritid ApS,,INDEPENDENT,DK,Odense,5000,Skolevej 99,DK77572556,odense.sport.fritid.example,+45 98 56 21 41,5000.00,30,2.0,9,2026-08-28,false
1393,C-11393,Fjordgear ApS,,ONLINE,DK,Kolding,6000,Hovedgaden 106,DK47567280,fjordgear.example,+45 43 68 81 62,25000.00,30,0.0,8,2026-05-26,true
1394,C-11394,Vaasa Scouts,,CLUB_OR_SCHOOL,FI,Vaasa,65100,Teollisuustie 104,FI29987106,vaasa.scouts.example,+358 40 113 4992,25000.00,30,3.0,8,2023-01-30,true
1395,C-11395,Polar Retki AB,,INDEPENDENT,SE,Karlstad,652 24,Kungsgatan 90,SE266523601101,polar.retki.example,+46 70 239 79 45,5000.00,30,7.5,9,2024-01-23,true
1396,C-11396,Drammen Hiking Association,,CLUB_OR_SCHOOL,NO,Drammen,3015,Torggata 71,NO524147032MVA,drammen.hiking.association.example,+47 951 95 701,60000.00,60,5.0,10,2016-07-14,true
1397,C-11397,Selkästore OÜ,,ONLINE,EE,Tallinn,10111,Tartu mnt 37,EE675129788,selkastore.example,+372 5028 9851,40000.00,30,0.0,9,2022-12-17,true
1398,C-11398,Skoggear AB,,ONLINE,SE,Linköping,582 22,Hamngatan 18,SE319758444501,skoggear.example,+46 70 913 34 32,5000.00,60,10.0,9,2023-04-10,true
1399,C-11399,Kaamos Outdoor ApS,,INDEPENDENT,DK,Roskilde,4000,Industrivej 112,DK74587432,kaamos.outdoor.example,+45 99 38 11 79,25000.00,30,3.0,10,2026-05-27,true
1400,C-11400,Tampere Trekking Oy,,DEPARTMENT_STORE,FI,Tampere,33100,Rantatie 73,FI34397799,tampere.trekking.example,+358 40 052 8913,15000.00,45,2.0,10,2019-11-17,true
1401,C-11401,Espoo Urheilu Oy,,INDEPENDENT,FI,Espoo,02100,Teollisuustie 98,FI50708926,espoo.urheilu.example,+358 40 027 9792,15000.00,60,0.0,9,2020-01-26,true
1402,C-11402,Selkä Urheilu Oy,,INDEPENDENT,FI,Vaasa,65100,Torikatu 75,FI01878962,selka.urheilu.example,+358 40 409 8633,25000.00,14,5.0,10,2021-12-06,true
1403,C-11403,Metsä24 AB,,ONLINE,SE,Umeå,903 26,Skolgatan 67,SE934668687701,metsa24.example,+46 70 683 48 57,5000.00,30,2.0,8,2015-08-02,false
1404,C-11404,Lehto Urheilu Oy,,INDEPENDENT,FI,Lahti,15100,Yliopistonkatu 85,FI15500791,lehto.urheilu.example,+358 40 826 8073,15000.00,14,2.0,9,2020-08-24,true
1405,C-11405,Linköping Retki AB,,INDEPENDENT,SE,Linköping,582 22,Hamngatan 44,SE662580106201,linkoping.retki.example,+46 70 737 85 32,15000.00,30,12.0,10,2019-10-06,true
1406,C-11406,Madsen Outdoor ApS,,INDEPENDENT,DK,Aarhus,8000,Vestergade 13,DK00750723,madsen.outdoor.example,+45 19 44 93 64,5000.00,30,0.0,8,2019-08-19,true
1407,C-11407,Göteborg Alpine Club,,CLUB_OR_SCHOOL,SE,Göteborg,411 04,Fjällvägen 1,SE826476980501,goteborg.alpine.club.example,+46 70 861 61 75,10000.00,14,0.0,10,2016-11-14,true
1408,C-11408,Vaasa Fritid Oy,,INDEPENDENT,FI,Vaasa,65100,Teollisuustie 88,FI24727361,vaasa.fritid.example,+358 40 098 4651,25000.00,30,10.0,8,2025-01-03,false
1409,C-11409,Aarhus Guides ApS,,RENTAL_OUTFITTER,DK,Aarhus,8000,Østergade 92,DK93960821,aarhus.guides.example,+45 15 87 29 12,15000.00,30,3.0,8,2016-11-17,true
1410,C-11410,Vuoma Adventure AB,,DEPARTMENT_STORE,SE,Malmö,211 20,Fjällvägen 23,SE940187137101,vuoma.adventure.example,+46 70 121 94 91,60000.00,45,10.0,8,2022-12-14,false
1411,C-11411,Vinter Turutstyr ApS,,INDEPENDENT,DK,Aarhus,8000,Nørregade 31,DK47768590,vinter.turutstyr.example,+45 99 21 91 10,10000.00,60,2.0,9,2025-11-10,true
1412,C-11412,Drammen Retki AS,,INDEPENDENT,NO,Drammen,3015,Industriveien 109,NO976961671MVA,drammen.retki.example,+47 996 76 672,40000.00,14,12.0,8,2024-09-20,true
1413,C-11413,Uppsala Sport & Fritid AB,,INDEPENDENT,SE,Uppsala,753 10,Fjällvägen 20,SE744407912901,uppsala.sport.fritid.example,+46 70 552 85 57,5000.00,14,5.0,9,2018-10-31,true
1414,C-11414,Compassstore AB,,ONLINE,SE,Luleå,972 31,Storgatan 50,SE386467418001,compassstore.example,+46 70 826 37 34,25000.00,60,5.0,8,2023-03-16,true
1415,C-11415,Summit Turutstyr AB,,DEPARTMENT_STORE,SE,Sundsvall,852 30,Norra Esplanaden 10,SE875493047601,summit.turutstyr.example,+46 70 213 14 28,25000.00,60,5.0,9,2021-06-08,true
1416,C-11416,Salminen Friluft Oy,,INDEPENDENT,FI,Kuopio,70100,Torikatu 44,FI27254810,salminen.friluft.example,+358 40 032 4858,60000.00,60,0.0,8,2026-05-23,true
1417,C-11417,Summit24 AB,,ONLINE,SE,Östersund,831 30,Industrivägen 31,SE750414067201,summit24.example,+46 70 511 39 19,25000.00,30,2.0,8,2015-10-27,true
1418,C-11418,Kittilä Adventures Oy,,RENTAL_OUTFITTER,FI,Kittilä,99100,Teollisuustie 98,FI35980896,kittila.adventures.example,+358 40 948 1524,60000.00,60,12.0,8,2021-05-01,true
1419,C-11419,Fjordstore AS,,ONLINE,NO,Bodø,8006,Storgata 65,NO039284904MVA,fjordstore.example,+47 946 67 565,15000.00,30,0.0,9,2017-07-26,false
1420,C-11420,Hamburg Adventure GmbH,,DEPARTMENT_STORE,DE,Hamburg,20095,Bergweg 101,DE036969852,hamburg.adventure.example,+49 40 7073051,25000.00,30,0.0,8,2018-11-16,true
1421,C-11421,Kero Sport AS,,INDEPENDENT,NO,Kristiansand,4610,Storgata 7,NO535959846MVA,kero.sport.example,+47 900 38 743,60000.00,60,5.0,9,2026-07-21,true
1422,C-11422,Örebro Expeditions AB,,RENTAL_OUTFITTER,SE,Örebro,702 11,Fjällvägen 82,SE395033986601,orebro.expeditions.example,+46 70 659 59 86,10000.00,14,5.0,8,2021-01-21,true
1423,C-11423,Bodø Outdoor School,,CLUB_OR_SCHOOL,NO,Bodø,8006,Strandveien 42,NO055018561MVA,bodo.outdoor.school.example,+47 961 05 410,5000.00,14,12.0,9,2022-09-12,true
1424,C-11424,Polar24 Oy,,ONLINE,FI,Kuusamo,93600,Torikatu 71,FI47319733,polar24.example,+358 40 417 1803,60000.00,14,5.0,8,2020-12-07,true
1425,C-11425,Vinter Outfitters AS,,INDEPENDENT,NO,Ålesund,6002,Strandveien 52,NO736630581MVA,vinter.outfitters.example,+47 954 94 861,25000.00,30,5.0,8,2016-11-24,true
1426,C-11426,Kaira Sports AB,,INDEPENDENT,SE,Falun,791 71,Skolgatan 1,SE549937505001,kaira.sports.example,+46 70 981 97 85,60000.00,30,5.0,9,2017-04-09,true
1427,C-11427,Basecampshop Oy,,ONLINE,FI,Hämeenlinna,13100,Puistokatu 68,FI55571886,basecampshop.example,+358 40 366 7291,25000.00,30,2.0,9,2025-12-08,true
1428,C-11428,Linköping Fritid AB,,INDEPENDENT,SE,Linköping,582 22,Fjällvägen 67,SE495514382801,linkoping.fritid.example,+46 70 294 36 93,25000.00,14,0.0,9,2026-02-11,true
1429,C-11429,Polar Urheilu GmbH,,INDEPENDENT,DE,Berlin,10115,Hafenstraße 105,DE216775918,polar.urheilu.example,+49 40 9204186,100000.00,45,3.0,9,2026-07-28,true
1430,C-11430,Pärnu Outdoor OÜ,,INDEPENDENT,EE,Pärnu,80010,Narva mnt 90,EE486922605,parnu.outdoor.example,+372 5674 3918,40000.00,30,7.5,9,2024-05-27,true
1431,C-11431,Skog Friluft AB,,INDEPENDENT,SE,Karlstad,652 24,Industrivägen 13,SE708031812501,skog.friluft.example,+46 70 809 23 13,40000.00,30,10.0,10,2025-08-01,true
1432,C-11432,Stockholm Retki AB,,INDEPENDENT,SE,Stockholm,111 20,Storgatan 68,SE918707002701,stockholm.retki.example,+46 70 252 82 45,25000.00,45,10.0,8,2026-05-29,true
1433,C-11433,Nietos Retki GmbH,,INDEPENDENT,DE,Berlin,10115,Bergweg 56,DE971067013,nietos.retki.example,+49 40 9104811,5000.00,45,12.0,8,2019-07-07,true
1434,C-11434,Tampere Adventures Oy,,RENTAL_OUTFITTER,FI,Tampere,33100,Keskuskatu 48,FI28723633,tampere.adventures.example,+358 40 608 8135,25000.00,30,3.0,10,2019-10-14,true
1435,C-11435,Arctic Sports Oy,,INDEPENDENT,FI,Espoo,02100,Mannerheimintie 80,FI39800881,arctic.sports.example,+358 40 457 3482,5000.00,60,0.0,8,2023-07-12,true
1436,C-11436,Hamburg Sport & Fritid GmbH,,INDEPENDENT,DE,Hamburg,20095,Bahnhofstraße 38,DE821863666,hamburg.sport.fritid.example,+49 40 3100707,25000.00,14,2.0,9,2016-01-08,true
1437,C-11437,Vinterstore AS,,ONLINE,NO,Tromsø,9008,Fjellveien 92,NO203543446MVA,vinterstore.example,+47 984 96 599,15000.00,14,0.0,9,2022-06-12,true
1438,C-11438,Vaasa Guides Oy,,RENTAL_OUTFITTER,FI,Vaasa,65100,Puistokatu 97,FI88560566,vaasa.guides.example,+358 40 420 0724,40000.00,45,0.0,8,2015-09-03,true
1439,C-11439,Aalborg Retki ApS,,INDEPENDENT,DK,Aalborg,9000,Skolevej 25,DK21506975,aalborg.retki.example,+45 15 11 45 76,100000.00,30,0.0,9,2026-03-02,true
1440,C-11440,Skoggear AS,,ONLINE,NO,Stavanger,4006,Industriveien 53,NO644867125MVA,skoggear.example,+47 963 02 331,15000.00,60,12.0,9,2023-07-01,true
1441,C-11441,Ruska24 ApS,,ONLINE,DK,Roskilde,4000,Skolevej 84,DK77343344,ruska24.example,+45 74 30 92 58,100000.00,30,7.5,10,2023-08-08,true
1442,C-11442,Kaamos Urheilu AS,,INDEPENDENT,NO,Alta,9510,Skoleveien 68,NO051243543MVA,kaamos.urheilu.example,+47 914 28 965,25000.00,60,5.0,10,2018-02-08,true
1443,C-11443,Loistegear ApS,,ONLINE,DK,Aarhus,8000,Østergade 53,DK40828509,loistegear.example,+45 96 43 72 98,25000.00,30,2.0,10,2023-04-25,true
1444,C-11444,Vaasa Hiking Association,,CLUB_OR_SCHOOL,FI,Vaasa,65100,Rantatie 115,FI59984162,vaasa.hiking.association.example,+358 40 091 1263,100000.00,30,0.0,10,2016-12-08,true
1445,C-11445,Vuoma Camping AB,,INDEPENDENT,SE,Gävle,803 20,Järnvägsgatan 44,SE717118590901,vuoma.camping.example,+46 70 625 76 54,5000.00,30,2.0,9,2026-05-05,true
1446,C-11446,Polar Adventure AS,,INDEPENDENT,NO,Oslo,0150,Industriveien 87,NO484397574MVA,polar.adventure.example,+47 900 06 221,100000.00,30,0.0,9,2020-01-16,true
1447,C-11447,Larsen Outdoor AS,,INDEPENDENT,NO,Tromsø,9008,Industriveien 110,NO915859865MVA,larsen.outdoor.example,+47 986 33 537,60000.00,45,10.0,10,2019-10-15,true
1448,C-11448,Lake Urheilu AB,,INDEPENDENT,SE,Östersund,831 30,Drottninggatan 83,SE193746084401,lake.urheilu.example,+46 70 372 23 35,15000.00,30,0.0,9,2025-09-26,true
1449,C-11449,Sundsvall Camping AB,,INDEPENDENT,SE,Sundsvall,852 30,Järnvägsgatan 20,SE250060832101,sundsvall.camping.example,+46 70 249 40 65,100000.00,60,0.0,8,2018-11-30,true
1450,C-11450,Kalotti24 AB,,ONLINE,SE,Stockholm,111 20,Industrivägen 69,SE329332340901,kalotti24.example,+46 70 225 67 71,40000.00,14,3.0,10,2018-12-11,true
1451,C-11451,Selkägear Oy,,ONLINE,FI,Rovaniemi,96100,Kauppakatu 62,FI49666247,selkagear.example,+358 40 664 9103,100000.00,45,12.0,8,2018-08-29,true
1452,C-11452,Nilsen Sport AS,,INDEPENDENT,NO,Ålesund,6002,Strandveien 47,NO888721720MVA,nilsen.sport.example,+47 919 99 175,15000.00,45,5.0,9,2024-05-12,true
1453,C-11453,Kaamosstore Oy,,ONLINE,FI,Espoo,02100,Kauppakatu 20,FI71720321,kaamosstore.example,+358 40 733 8434,40000.00,14,0.0,10,2017-11-14,true
1454,C-11454,Hiker's Outfitters Oy,,DEPARTMENT_STORE,FI,Espoo,02100,Puistokatu 76,FI05916044,hikers.outfitters.example,+358 40 022 1202,5000.00,14,0.0,8,2021-05-07,true
1455,C-11455,Forest Camping AS,,INDEPENDENT,NO,Lillehammer,2609,Havnegata 97,NO145899543MVA,forest.camping.example,+47 944 80 524,60000.00,30,0.0,8,2019-12-04,false
1456,C-11456,Vuomashop GmbH,,ONLINE,DE,Hamburg,20095,Bahnhofstraße 21,DE941576742,vuomashop.example,+49 40 6313510,40000.00,30,12.0,9,2018-01-12,true
1457,C-11457,Flensburg Fritid GmbH,,INDEPENDENT,DE,Flensburg,24937,Hauptstraße 74,DE790872467,flensburg.fritid.example,+49 40 3301233,10000.00,60,3.0,8,2019-10-13,true
1458,C-11458,Ruskashop AS,,ONLINE,NO,Drammen,3015,Industriveien 100,NO053526471MVA,ruskashop.example,+47 995 67 793,25000.00,30,12.0,10,2025-09-20,true
1459,C-11459,Sundsvall Adventures AB,,RENTAL_OUTFITTER,SE,Sundsvall,852 30,Hamngatan 78,SE399003939401,sundsvall.adventures.example,+46 70 779 88 35,60000.00,14,0.0,10,2016-07-26,true
1460,C-11460,Copenhagen Sport ApS,,INDEPENDENT,DK,Copenhagen,1050,Skolevej 44,DK91956139,copenhagen.sport.example,+45 05 42 90 39,40000.00,30,0.0,10,2016-02-22,true
1461,C-11461,Oulu Alpine Club,,CLUB_OR_SCHOOL,FI,Oulu,90100,Keskuskatu 72,FI01609276,oulu.alpine.club.example,+358 40 202 6309,100000.00,60,0.0,10,2020-02-14,true
1462,C-11462,Falun Hiking Association,,CLUB_OR_SCHOOL,SE,Falun,791 71,Skolgatan 87,SE256352152101,falun.hiking.association.example,+46 70 162 02 28,60000.00,30,7.5,9,2019-04-07,true
1463,C-11463,Kaira Friluft AB,,DEPARTMENT_STORE,SE,Göteborg,411 04,Fjällvägen 66,SE825806809201,kaira.friluft.example,+46 70 516 24 00,15000.00,30,2.0,8,2018-12-29,true
1464,C-11464,Kristiansand Sports AS,,INDEPENDENT,NO,Kristiansand,4610,Havnegata 19,NO334037032MVA,kristiansand.sports.example,+47 949 64 262,25000.00,30,5.0,10,2026-07-11,true
1465,C-11465,Compass24 Oy,,ONLINE,FI,Seinäjoki,60100,Puistokatu 10,FI99128173,compass24.example,+358 40 293 4575,25000.00,14,3.0,9,2017-07-19,true
1466,C-11466,Erä Trekking GmbH,,DEPARTMENT_STORE,DE,Hamburg,20095,Hauptstraße 53,DE888075523,era.trekking.example,+49 40 1933082,100000.00,30,7.5,9,2025-09-09,true
1467,C-11467,Trondheim Expeditions AS,,RENTAL_OUTFITTER,NO,Trondheim,7010,Strandveien 110,NO998321604MVA,trondheim.expeditions.example,+47 922 71 047,25000.00,14,3.0,8,2017-06-27,true
1468,C-11468,Basecamp Turutstyr ApS,,INDEPENDENT,DK,Roskilde,4000,Skolevej 30,DK47157706,basecamp.turutstyr.example,+45 54 66 67 43,25000.00,14,0.0,8,2026-07-23,true
1469,C-11469,Jyväskylä Guides Oy,,RENTAL_OUTFITTER,FI,Jyväskylä,40100,Hämeenkatu 66,FI44456872,jyvaskyla.guides.example,+358 40 106 4878,40000.00,14,7.5,9,2020-09-08,true
1470,C-11470,Loisteshop AS,,ONLINE,NO,Oslo,0150,Torggata 109,NO211068436MVA,loisteshop.example,+47 965 44 350,60000.00,14,0.0,9,2019-08-01,true
1471,C-11471,Kero Adventure AB,,INDEPENDENT,SE,Linköping,582 22,Norra Esplanaden 8,SE261469851101,kero.adventure.example,+46 70 181 78 59,15000.00,30,0.0,8,2020-12-19,true
1472,C-11472,Aurora Friluft AB,,INDEPENDENT,SE,Göteborg,411 04,Skolgatan 33,SE472412444101,aurora.friluft.example,+46 70 325 41 18,60000.00,30,0.0,10,2022-02-08,true
1473,C-11473,Kaamosgear OÜ,,ONLINE,EE,Pärnu,80010,Sadama tn 58,EE110186704,kaamosgear.example,+372 5765 5916,100000.00,14,10.0,9,2018-11-03,true
1474,C-11474,Ruskagear AS,,ONLINE,NO,Bergen,5003,Havnegata 94,NO026634623MVA,ruskagear.example,+47 912 64 809,60000.00,14,5.0,9,2017-04-27,true
1475,C-11475,Aapa24 Oy,,ONLINE,FI,Tampere,33100,Keskuskatu 89,FI23020856,aapa24.example,+358 40 751 8315,5000.00,30,3.0,10,2019-10-10,true
1476,C-11476,Fjord Adventure AB,,INDEPENDENT,SE,Falun,791 71,Skolgatan 31,SE697495598801,fjord.adventure.example,+46 70 605 39 32,40000.00,30,0.0,9,2020-04-06,false
1477,C-11477,Åre Outdoor AB,,DEPARTMENT_STORE,SE,Åre,837 52,Norra Esplanaden 65,SE975540674701,are.outdoor.example,+46 70 288 59 88,15000.00,45,2.0,10,2022-06-07,true
1478,C-11478,Sundsvall Turutstyr AB,,INDEPENDENT,SE,Sundsvall,852 30,Drottninggatan 7,SE162685928401,sundsvall.turutstyr.example,+46 70 567 50 80,100000.00,60,3.0,8,2022-03-13,true
1479,C-11479,Trail Fritid AB,,DEPARTMENT_STORE,SE,Stockholm,111 20,Järnvägsgatan 30,SE223247288101,trail.fritid.example,+46 70 409 67 15,10000.00,30,5.0,8,2025-12-08,true
1480,C-11480,Loiste Trekking AS,,INDEPENDENT,NO,Trondheim,7010,Strandveien 29,NO213787423MVA,loiste.trekking.example,+47 986 77 276,60000.00,30,0.0,10,2017-12-11,true
1481,C-11481,Viddegear GmbH,,ONLINE,DE,Berlin,10115,Hafenstraße 5,DE904084463,viddegear.example,+49 40 6331785,15000.00,60,3.0,8,2024-02-27,true
1482,C-11482,Hiker's Sport & Fritid AB,,INDEPENDENT,SE,Karlstad,652 24,Norra Esplanaden 87,SE262233196501,hikers.sport.fritid.example,+46 70 469 74 19,25000.00,60,5.0,9,2021-05-04,true
1483,C-11483,Helsinki Urheilu Oy,,INDEPENDENT,FI,Helsinki,00100,Kauppakatu 99,FI87634653,helsinki.urheilu.example,+358 40 995 7225,25000.00,14,0.0,8,2021-08-31,true
1484,C-11484,Skog Trekking GmbH,,INDEPENDENT,DE,Flensburg,24937,Bergweg 25,DE771139611,skog.trekking.example,+49 40 9962713,100000.00,45,0.0,8,2019-02-07,true
1485,C-11485,Kaira Outdoor AB,,INDEPENDENT,SE,Luleå,972 31,Järnvägsgatan 95,SE584481584501,kaira.outdoor.example,+46 70 735 55 49,10000.00,14,2.0,9,2022-04-10,true
1486,C-11486,Hoffmann Outdoor GmbH,,INDEPENDENT,DE,Hamburg,20095,Bahnhofstraße 87,DE727868172,hoffmann.outdoor.example,+49 40 2024372,10000.00,14,7.5,8,2023-03-01,true
1487,C-11487,Vinter Fritid Oy,,INDEPENDENT,FI,Tampere,33100,Yliopistonkatu 102,FI83139990,vinter.fritid.example,+358 40 964 0074,15000.00,45,5.0,8,2020-03-24,true
1488,C-11488,Salo Sport Oy,,INDEPENDENT,FI,Kuopio,70100,Hämeenkatu 95,FI61032522,salo.sport.example,+358 40 335 6720,40000.00,30,3.0,10,2015-11-13,true
1489,C-11489,Lake Friluft Oy,,DEPARTMENT_STORE,FI,Espoo,02100,Yliopistonkatu 43,FI71216219,lake.friluft.example,+358 40 233 3000,10000.00,60,0.0,10,2026-07-08,true
1490,C-11490,Virtanen Outdoor Oy,,INDEPENDENT,FI,Kuopio,70100,Keskuskatu 100,FI06088265,virtanen.outdoor.example,+358 40 608 8458,15000.00,60,5.0,10,2026-05-05,true
1491,C-11491,Forest24 AB,,ONLINE,SE,Östersund,831 30,Kungsgatan 90,SE359757000001,forest24.example,+46 70 664 18 71,15000.00,30,5.0,8,2025-05-28,true
1492,C-11492,Kaamosstore AB,,ONLINE,SE,Linköping,582 22,Storgatan 52,SE579807209201,kaamosstore.example,+46 70 149 75 32,40000.00,30,3.0,10,2017-06-19,true
1493,C-11493,Kaamos24 AB,,ONLINE,SE,Åre,837 52,Järnvägsgatan 3,SE496192378801,kaamos24.example,+46 70 814 09 41,5000.00,30,7.5,8,2026-02-08,true
1494,C-11494,Kaira Sport GmbH,,INDEPENDENT,DE,Berlin,10115,Am Markt 49,DE370064657,kaira.sport.example,+49 40 6780625,40000.00,14,3.0,10,2019-06-08,true
1495,C-11495,Compass Turutstyr Oy,,INDEPENDENT,FI,Turku,20100,Puistokatu 61,FI25263895,compass.turutstyr.example,+358 40 759 8519,25000.00,60,7.5,9,2016-10-07,false
1496,C-11496,Bergen Turutstyr AS,,DEPARTMENT_STORE,NO,Bergen,5003,Storgata 49,NO134230800MVA,bergen.turutstyr.example,+47 937 27 198,10000.00,30,0.0,8,2017-05-18,true
1497,C-11497,Ridge Camping Oy,,DEPARTMENT_STORE,FI,Helsinki,00100,Mannerheimintie 28,FI34934121,ridge.camping.example,+358 40 291 2665,25000.00,60,3.0,9,2020-08-01,true
1498,C-11498,Jensen Friluft ApS,,INDEPENDENT,DK,Kolding,6000,Havnevej 54,DK82509615,jensen.friluft.example,+45 22 09 38 47,5000.00,30,0.0,9,2022-06-23,true
1499,C-11499,Vuomashop Oy,,ONLINE,FI,Kittilä,99100,Yliopistonkatu 30,FI31339738,vuomashop.example,+358 40 087 7170,25000.00,45,3.0,8,2020-07-24,true
1500,C-11500,Tartu Outdoor OÜ,,INDEPENDENT,EE,Tartu,51003,Narva mnt 7,EE922491334,tartu.outdoor.example,+372 5414 7727,100000.00,30,7.5,10,2022-06-18,true
1501,C-11501,Kokkola Trekking Oy,,INDEPENDENT,FI,Kokkola,67100,Torikatu 103,FI80227651,kokkola.trekking.example,+358 40 103 6647,15000.00,30,3.0,10,2018-04-15,true
1502,C-11502,Aapa Urheilu Oy,,INDEPENDENT,FI,Turku,20100,Hämeenkatu 38,FI91137131,aapa.urheilu.example,+358 40 174 5988,5000.00,60,5.0,9,2025-08-18,true
1503,C-11503,Luleå Outdoor School,,CLUB_OR_SCHOOL,SE,Luleå,972 31,Storgatan 1,SE690656129401,lulea.outdoor.school.example,+46 70 790 55 78,25000.00,30,5.0,9,2026-02-16,true
1504,C-11504,Kolding Rental ApS,,RENTAL_OUTFITTER,DK,Kolding,6000,Hovedgaden 75,DK51789113,kolding.rental.example,+45 66 11 86 02,40000.00,14,3.0,8,2023-11-07,true
1505,C-11505,Vinter Fritid AB,,DEPARTMENT_STORE,SE,Umeå,903 26,Skolgatan 28,SE322917575201,vinter.fritid.example,+46 70 284 05 50,25000.00,30,3.0,10,2026-05-24,true
1506,C-11506,Vaara24 Oy,,ONLINE,FI,Kuusamo,93600,Yliopistonkatu 73,FI41928328,vaara24.example,+358 40 106 5478,60000.00,60,0.0,9,2025-04-12,true
1507,C-11507,Weber Outdoor GmbH,,INDEPENDENT,DE,Hamburg,20095,Am Markt 111,DE089426790,weber.outdoor.example,+49 40 7740442,25000.00,30,5.0,8,2019-10-15,true
1508,C-11508,Metsä Sports AS,,INDEPENDENT,NO,Ålesund,6002,Kirkegata 33,NO981434223MVA,metsa.sports.example,+47 958 26 440,10000.00,30,0.0,10,2018-06-26,true
1509,C-11509,Loisteshop AB,,ONLINE,SE,Uppsala,753 10,Skolgatan 74,SE391250618501,loisteshop.example,+46 70 576 71 66,100000.00,45,0.0,9,2026-01-05,true
1510,C-11510,Ruska Urheilu AB,,INDEPENDENT,SE,Uppsala,753 10,Hamngatan 39,SE990154454401,ruska.urheilu.example,+46 70 786 49 84,5000.00,30,2.0,9,2022-06-11,true
1511,C-11511,Vinter Outdoor Oy,,INDEPENDENT,FI,Hämeenlinna,13100,Kauppakatu 56,FI44048866,vinter.outdoor.example,+358 40 940 7722,60000.00,30,12.0,10,2026-06-25,true
1512,C-11512,Kaira Sport AB,,INDEPENDENT,SE,Uppsala,753 10,Norra Esplanaden 66,SE195975478301,kaira.sport.example,+46 70 385 38 42,60000.00,45,0.0,9,2024-12-07,true
1513,C-11513,Ridge Turutstyr AS,,INDEPENDENT,NO,Alta,9510,Kirkegata 104,NO757488503MVA,ridge.turutstyr.example,+47 986 91 736,15000.00,30,12.0,8,2022-12-04,true
1514,C-11514,Hiker'sgear AS,,ONLINE,NO,Tromsø,9008,Torggata 15,NO362511983MVA,hikersgear.example,+47 974 63 209,15000.00,30,5.0,10,2019-05-04,true
1515,C-11515,Summit Outfitters AS,,INDEPENDENT,NO,Trondheim,7010,Torggata 66,NO146299480MVA,summit.outfitters.example,+47 961 30 488,5000.00,14,10.0,10,2018-05-03,true
1516,C-11516,Munich Friluft GmbH,,INDEPENDENT,DE,Munich,80331,Am Markt 48,DE331052904,munich.friluft.example,+49 40 3623108,5000.00,60,7.5,9,2017-05-03,true
1517,C-11517,Forest Turutstyr Oy,,INDEPENDENT,FI,Vaasa,65100,Puistokatu 82,FI91084689,forest.turutstyr.example,+358 40 182 1533,100000.00,30,2.0,10,2026-07-08,false
1518,C-11518,Lahti Friluft Oy,,INDEPENDENT,FI,Lahti,15100,Rantatie 82,FI52873021,lahti.friluft.example,+358 40 527 0502,10000.00,14,10.0,10,2024-12-06,true
1519,C-11519,Koskinen Outdoor Oy,,INDEPENDENT,FI,Kuopio,70100,Mannerheimintie 31,FI59218479,koskinen.outdoor.example,+358 40 513 5361,25000.00,30,0.0,8,2024-02-04,true
1520,C-11520,Lillehammer Turutstyr AS,,INDEPENDENT,NO,Lillehammer,2609,Torggata 14,NO313541471MVA,lillehammer.turutstyr.example,+47 931 93 896,40000.00,60,0.0,9,2018-02-20,true
1521,C-11521,Kaamos Turutstyr ApS,,INDEPENDENT,DK,Esbjerg,6700,Østergade 45,DK69747416,kaamos.turutstyr.example,+45 72 98 11 75,25000.00,30,2.0,9,2020-02-23,true
1522,C-11522,Tromsø Adventures AS,,RENTAL_OUTFITTER,NO,Tromsø,9008,Kirkegata 29,NO698327185MVA,tromso.adventures.example,+47 913 90 930,10000.00,30,3.0,10,2024-02-21,true
1523,C-11523,Compassstore ApS,,ONLINE,DK,Copenhagen,1050,Havnevej 39,DK74302965,compassstore.example,+45 22 82 61 36,40000.00,45,2.0,10,2017-05-24,true
1524,C-11524,Kalotti Sports AS,,INDEPENDENT,NO,Tromsø,9008,Storgata 14,NO227722110MVA,kalotti.sports.example,+47 919 39 884,40000.00,45,3.0,8,2021-08-14,true
1525,C-11525,Kiruna Sport AB,,INDEPENDENT,SE,Kiruna,981 31,Kungsgatan 3,SE137242851301,kiruna.sport.example,+46 70 863 09 69,100000.00,30,2.0,10,2023-01-31,true
1526,C-11526,Fjordshop Oy,,ONLINE,FI,Vaasa,65100,Asemakatu 90,FI59573993,fjordshop.example,+358 40 405 0404,40000.00,30,10.0,10,2023-03-13,true
1527,C-11527,Compass Turutstyr AB,,INDEPENDENT,SE,Sundsvall,852 30,Norra Esplanaden 44,SE145018119001,compass.turutstyr.example,+46 70 699 80 08,5000.00,30,10.0,9,2017-06-26,true
1528,C-11528,Polarshop ApS,,ONLINE,DK,Copenhagen,1050,Vestergade 84,DK48098596,polarshop.example,+45 42 15 48 80,40000.00,45,0.0,9,2026-06-08,true
1529,C-11529,Metsä Outdoor Oy,,INDEPENDENT,FI,Kittilä,99100,Teollisuustie 60,FI44591964,metsa.outdoor.example,+358 40 655 5886,25000.00,45,5.0,9,2022-12-11,true
1530,C-11530,Viddegear Oy,,ONLINE,FI,Jyväskylä,40100,Hämeenkatu 81,FI64743609,viddegear.example,+358 40 622 0931,60000.00,30,5.0,8,2015-04-25,false
1531,C-11531,Kristiansand Sport & Fritid AS,,INDEPENDENT,NO,Kristiansand,4610,Skoleveien 67,NO482536225MVA,kristiansand.sport.fritid.example,+47 973 69 337,15000.00,30,0.0,9,2026-01-27,true
1532,C-11532,Bergen Expeditions AS,,RENTAL_OUTFITTER,NO,Bergen,5003,Torggata 82,NO682914190MVA,bergen.expeditions.example,+47 912 36 557,10000.00,30,0.0,10,2021-03-11,true
1533,C-11533,Malmö Outdoor AB,,DEPARTMENT_STORE,SE,Malmö,211 20,Järnvägsgatan 40,SE682220085801,malmo.outdoor.example,+46 70 384 42 11,60000.00,45,3.0,9,2025-10-21,true
1534,C-11534,Tampere Rental Oy,,RENTAL_OUTFITTER,FI,Tampere,33100,Asemakatu 53,FI20030894,tampere.rental.example,+358 40 826 5691,40000.00,14,3.0,10,2025-08-30,true
1535,C-11535,Fjällgear Oy,,ONLINE,FI,Seinäjoki,60100,Torikatu 31,FI44522180,fjallgear.example,+358 40 329 0301,40000.00,14,3.0,9,2018-12-05,true
1536,C-11536,Ruska Sports AS,,INDEPENDENT,NO,Alta,9510,Storgata 97,NO589147399MVA,ruska.sports.example,+47 914 77 799,5000.00,30,0.0,9,2016-03-25,true
1537,C-11537,Ruska Turutstyr AS,,INDEPENDENT,NO,Bodø,8006,Fjellveien 83,NO228890425MVA,ruska.turutstyr.example,+47 969 94 677,60000.00,30,0.0,8,2024-11-03,true
1538,C-11538,Drammen Expeditions AS,,RENTAL_OUTFITTER,NO,Drammen,3015,Torggata 29,NO228595694MVA,drammen.expeditions.example,+47 931 03 095,100000.00,30,7.5,8,2015-07-21,true
1539,C-11539,Örebro Adventure AB,,INDEPENDENT,SE,Örebro,702 11,Storgatan 6,SE150117902901,orebro.adventure.example,+46 70 567 39 07,60000.00,30,5.0,10,2024-02-11,true
1540,C-11540,Arctic Fritid ApS,,INDEPENDENT,DK,Roskilde,4000,Østergade 32,DK40242236,arctic.fritid.example,+45 77 89 77 66,10000.00,45,10.0,9,2021-08-04,true
1541,C-11541,Göteborg Hiking Association,,CLUB_OR_SCHOOL,SE,Göteborg,411 04,Industrivägen 52,SE914264293201,goteborg.hiking.association.example,+46 70 068 46 67,5000.00,30,0.0,10,2015-08-24,true
1542,C-11542,Olsson Outdoor AB,,INDEPENDENT,SE,Uppsala,753 10,Kungsgatan 22,SE273362236201,olsson.outdoor.example,+46 70 431 86 63,25000.00,30,2.0,8,2020-05-28,true
1543,C-11543,Östersund Sport & Fritid AB,,INDEPENDENT,SE,Östersund,831 30,Fjällvägen 36,SE199842171901,ostersund.sport.fritid.example,+46 70 988 95 56,60000.00,60,0.0,10,2023-08-08,true
1544,C-11544,Selkäshop Oy,,ONLINE,FI,Joensuu,80100,Puistokatu 62,FI67211167,selkashop.example,+358 40 620 5857,25000.00,14,7.5,10,2026-09-02,true
1545,C-11545,Weber Sport GmbH,,INDEPENDENT,DE,Munich,80331,Hauptstraße 33,DE267739715,weber.sport.example,+49 40 8439874,15000.00,60,2.0,10,2024-11-03,true
1546,C-11546,Helsinki Adventures Oy,,RENTAL_OUTFITTER,FI,Helsinki,00100,Mannerheimintie 110,FI11791849,helsinki.adventures.example,+358 40 660 8043,100000.00,45,12.0,10,2016-03-11,true
1547,C-11547,Rakka Sports AB,,INDEPENDENT,SE,Göteborg,411 04,Industrivägen 77,SE324269666301,rakka.sports.example,+46 70 503 02 16,100000.00,14,10.0,10,2025-12-18,true
1548,C-11548,Alta Outdoor School,,CLUB_OR_SCHOOL,NO,Alta,9510,Torggata 112,NO244755511MVA,alta.outdoor.school.example,+47 988 91 091,5000.00,60,0.0,8,2015-10-11,true
1549,C-11549,Vinter Urheilu GmbH,,INDEPENDENT,DE,Munich,80331,Bergweg 59,DE972536266,vinter.urheilu.example,+49 40 7155739,100000.00,30,10.0,10,2026-07-05,false
1550,C-11550,Loiste Outdoor ApS,,INDEPENDENT,DK,Odense,5000,Hovedgaden 70,DK40314239,loiste.outdoor.example,+45 89 52 62 61,40000.00,14,5.0,9,2026-02-18,true
1551,C-11551,Vidde Camping AS,,INDEPENDENT,NO,Hamar,2317,Torggata 48,NO981015543MVA,vidde.camping.example,+47 981 24 317,10000.00,14,12.0,9,2022-11-21,true
1552,C-11552,Kokkola Adventures Oy,,RENTAL_OUTFITTER,FI,Kokkola,67100,Hämeenkatu 78,FI05334543,kokkola.adventures.example,+358 40 352 2436,100000.00,30,7.5,10,2019-09-27,true
1553,C-11553,Aurora Friluft ApS,,DEPARTMENT_STORE,DK,Odense,5000,Vestergade 19,DK78748417,aurora.friluft.example,+45 26 42 74 30,60000.00,30,5.0,10,2018-07-12,true
1554,C-11554,Hiker's Adventure AS,,INDEPENDENT,NO,Kristiansand,4610,Skoleveien 24,NO733937265MVA,hikers.adventure.example,+47 982 69 957,15000.00,30,10.0,10,2024-01-03,true
1555,C-11555,Basecamp Sports AB,,INDEPENDENT,SE,Uppsala,753 10,Fjällvägen 67,SE780320456801,basecamp.sports.example,+46 70 442 39 76,10000.00,30,0.0,9,2025-07-28,true
1556,C-11556,Lehto Sport Oy,,INDEPENDENT,FI,Kuusamo,93600,Torikatu 33,FI43427834,lehto.sport.example,+358 40 106 0506,25000.00,30,5.0,8,2026-06-08,true
1557,C-11557,Tampere Sport & Fritid Oy,,INDEPENDENT,FI,Tampere,33100,Torikatu 10,FI17480852,tampere.sport.fritid.example,+358 40 540 5976,5000.00,30,0.0,8,2020-07-11,true
1558,C-11558,Ålesund Outdoor School,,CLUB_OR_SCHOOL,NO,Ålesund,6002,Storgata 4,NO896424496MVA,alesund.outdoor.school.example,+47 940 48 532,100000.00,30,3.0,9,2025-09-22,true
1559,C-11559,Fjäll Sport AS,,INDEPENDENT,NO,Kristiansand,4610,Industriveien 21,NO969531712MVA,fjall.sport.example,+47 900 05 410,60000.00,30,0.0,8,2019-09-13,true
1560,C-11560,Nordlys Camping GmbH,,DEPARTMENT_STORE,DE,Kiel,24103,Bergweg 83,DE107123839,nordlys.camping.example,+49 40 1631462,5000.00,14,0.0,10,2015-03-01,false
1561,C-11561,Umeå Turutstyr AB,,INDEPENDENT,SE,Umeå,903 26,Hamngatan 99,SE265760978101,umea.turutstyr.example,+46 70 050 09 87,5000.00,30,2.0,8,2018-02-09,false
1562,C-11562,Trail Sports AS,,INDEPENDENT,NO,Hamar,2317,Kirkegata 55,NO590078603MVA,trail.sports.example,+47 993 88 812,10000.00,60,0.0,9,2022-01-01,true
1563,C-11563,Lake Fritid AB,,DEPARTMENT_STORE,SE,Linköping,582 22,Fjällvägen 119,SE441716187601,lake.fritid.example,+46 70 617 93 35,60000.00,14,12.0,10,2025-06-19,true
1564,C-11564,Compass Urheilu AB,,INDEPENDENT,SE,Östersund,831 30,Storgatan 89,SE646066926201,compass.urheilu.example,+46 70 830 36 68,5000.00,30,0.0,8,2025-10-28,true
1565,C-11565,Östersund Hiking Association,,CLUB_OR_SCHOOL,SE,Östersund,831 30,Norra Esplanaden 45,SE911305474701,ostersund.hiking.association.example,+46 70 189 75 85,40000.00,30,0.0,9,2015-02-19,true
1566,C-11566,Joensuu Sport Oy,,INDEPENDENT,FI,Joensuu,80100,Torikatu 42,FI20278853,joensuu.sport.example,+358 40 126 9774,40000.00,60,0.0,8,2025-05-23,true
1567,C-11567,Fjord24 AB,,ONLINE,SE,Karlstad,652 24,Kungsgatan 49,SE478243035801,fjord24.example,+46 70 908 03 48,10000.00,45,3.0,10,2018-08-24,true
1568,C-11568,Ridgestore AB,,ONLINE,SE,Kiruna,981 31,Hamngatan 16,SE926942077601,ridgestore.example,+46 70 794 19 69,5000.00,30,5.0,10,2026-07-06,true
1569,C-11569,Ridge Adventure OÜ,,INDEPENDENT,EE,Pärnu,80010,Tartu mnt 116,EE153606501,ridge.adventure.example,+372 5898 4072,60000.00,30,5.0,8,2017-11-02,true
1570,C-11570,Nietosgear ApS,,ONLINE,DK,Kolding,6000,Havnevej 35,DK25861030,nietosgear.example,+45 46 64 77 69,15000.00,30,0.0,10,2016-10-27,true
1571,C-11571,Aurora Sport AB,,INDEPENDENT,SE,Luleå,972 31,Skolgatan 27,SE816131932201,aurora.sport.example,+46 70 275 62 83,100000.00,30,12.0,9,2018-11-29,true
1572,C-11572,Karlstad Urheilu AB,,INDEPENDENT,SE,Karlstad,652 24,Kungsgatan 21,SE398745388001,karlstad.urheilu.example,+46 70 656 31 15,15000.00,30,7.5,10,2026-07-04,true
1573,C-11573,Lakegear AB,,ONLINE,SE,Kiruna,981 31,Hamngatan 102,SE436699909101,lakegear.example,+46 70 452 65 00,60000.00,30,10.0,8,2015-09-27,true
1574,C-11574,Espoo Fritid Oy,,INDEPENDENT,FI,Espoo,02100,Rantatie 55,FI79550512,espoo.fritid.example,+358 40 539 3113,5000.00,45,0.0,8,2024-01-02,true
1575,C-11575,Kittilä Fritid Oy,,DEPARTMENT_STORE,FI,Kittilä,99100,Keskuskatu 46,FI74824631,kittila.fritid.example,+358 40 849 3788,60000.00,45,12.0,8,2026-04-30,true
1576,C-11576,Tallinn Rental OÜ,,RENTAL_OUTFITTER,EE,Tallinn,10111,Pärnu mnt 40,EE644346323,tallinn.rental.example,+372 5140 5696,15000.00,30,10.0,8,2022-02-21,true
1577,C-11577,Vaara Retki Oy,,INDEPENDENT,FI,Hämeenlinna,13100,Kauppakatu 54,FI77706227,vaara.retki.example,+358 40 903 4971,5000.00,30,5.0,9,2026-05-18,true
1578,C-11578,Linköping Guides AB,,RENTAL_OUTFITTER,SE,Linköping,582 22,Fjällvägen 83,SE645448072301,linkoping.guides.example,+46 70 450 99 69,5000.00,60,5.0,10,2022-10-19,true
1579,C-11579,Örebro Guides AB,,RENTAL_OUTFITTER,SE,Örebro,702 11,Skolgatan 30,SE475813840001,orebro.guides.example,+46 70 459 70 82,100000.00,45,0.0,9,2018-09-26,true
1580,C-11580,Vidde Outdoor AS,,INDEPENDENT,NO,Drammen,3015,Strandveien 114,NO215855615MVA,vidde.outdoor.example,+47 910 56 435,40000.00,30,10.0,10,2021-03-13,true
1581,C-11581,Munich Outfitters GmbH,,INDEPENDENT,DE,Munich,80331,Bahnhofstraße 12,DE700055735,munich.outfitters.example,+49 40 1672749,25000.00,30,0.0,8,2024-01-17,true
1582,C-11582,Kolding Camping ApS,,DEPARTMENT_STORE,DK,Kolding,6000,Nørregade 84,DK05706190,kolding.camping.example,+45 07 68 47 24,10000.00,30,0.0,10,2016-08-28,true
1583,C-11583,Metsä Friluft ApS,,INDEPENDENT,DK,Odense,5000,Vestergade 11,DK40194916,metsa.friluft.example,+45 98 54 13 25,60000.00,30,0.0,8,2026-06-18,true
1584,C-11584,Malmö Hiking Association,,CLUB_OR_SCHOOL,SE,Malmö,211 20,Storgatan 19,SE615866689201,malmo.hiking.association.example,+46 70 984 20 98,100000.00,30,0.0,10,2025-08-21,true
1585,C-11585,Rebane Sport OÜ,,INDEPENDENT,EE,Tallinn,10111,Tartu mnt 21,EE021183361,rebane.sport.example,+372 5969 6552,25000.00,30,10.0,9,2018-02-13,true
1586,C-11586,Trail Friluft ApS,,INDEPENDENT,DK,Odense,5000,Skolevej 6,DK19691646,trail.friluft.example,+45 34 24 84 84,100000.00,30,5.0,10,2023-10-18,true
1587,C-11587,Nordlysshop Oy,,ONLINE,FI,Lahti,15100,Keskuskatu 34,FI29117753,nordlysshop.example,+358 40 168 7983,5000.00,14,0.0,10,2022-01-09,true
1588,C-11588,Joensuu Adventure Oy,,INDEPENDENT,FI,Joensuu,80100,Puistokatu 71,FI81942743,joensuu.adventure.example,+358 40 362 2087,60000.00,30,2.0,8,2021-01-23,true
1589,C-11589,Umeå Outdoor School,,CLUB_OR_SCHOOL,SE,Umeå,903 26,Skolgatan 68,SE489670672001,umea.outdoor.school.example,+46 70 186 84 55,10000.00,45,12.0,10,2018-06-19,true
1590,C-11590,Vaara Sport & Fritid Oy,,INDEPENDENT,FI,Seinäjoki,60100,Kauppakatu 79,FI06779569,vaara.sport.fritid.example,+358 40 977 7041,15000.00,30,0.0,9,2023-02-07,true
1591,C-11591,Malmö Urheilu AB,,INDEPENDENT,SE,Malmö,211 20,Drottninggatan 14,SE882122259801,malmo.urheilu.example,+46 70 963 10 45,5000.00,60,2.0,9,2016-03-09,true
1592,C-11592,Dahl Sport AS,,INDEPENDENT,NO,Alta,9510,Industriveien 47,NO637031645MVA,dahl.sport.example,+47 934 28 644,10000.00,45,2.0,8,2023-06-21,true
1593,C-11593,Skog Trekking ApS,,INDEPENDENT,DK,Aalborg,9000,Vestergade 76,DK54747078,skog.trekking.example,+45 95 61 05 79,10000.00,14,0.0,10,2021-08-11,false
1594,C-11594,Ruska24 Oy,,ONLINE,FI,Seinäjoki,60100,Asemakatu 102,FI54385129,ruska24.example,+358 40 274 9546,60000.00,45,7.5,9,2026-08-05,true
1595,C-11595,Turku Scouts,,CLUB_OR_SCHOOL,FI,Turku,20100,Asemakatu 77,FI30994868,turku.scouts.example,+358 40 825 8321,100000.00,60,12.0,8,2021-09-16,true
1596,C-11596,Kero Fritid AS,,INDEPENDENT,NO,Alta,9510,Industriveien 51,NO885560650MVA,kero.fritid.example,+47 922 51 722,10000.00,60,10.0,9,2018-04-02,true
1597,C-11597,Åberg Friluft AB,,INDEPENDENT,SE,Karlstad,652 24,Järnvägsgatan 35,SE051824566001,aberg.friluft.example,+46 70 983 04 72,25000.00,45,3.0,8,2017-10-30,true
1598,C-11598,Skog Turutstyr ApS,,DEPARTMENT_STORE,DK,Kolding,6000,Industrivej 40,DK12773485,skog.turutstyr.example,+45 04 92 16 70,5000.00,30,7.5,9,2020-06-20,true
1599,C-11599,Kerogear AS,,ONLINE,NO,Bergen,5003,Storgata 120,NO343709040MVA,kerogear.example,+47 957 28 881,40000.00,45,0.0,10,2026-04-12,true
1600,C-11600,Nietos Fritid OÜ,,INDEPENDENT,EE,Pärnu,80010,Narva mnt 28,EE307764382,nietos.fritid.example,+372 5696 5182,10000.00,30,5.0,9,2018-05-10,true
1601,C-11601,Linköping Rental AB,,RENTAL_OUTFITTER,SE,Linköping,582 22,Kungsgatan 81,SE931931258301,linkoping.rental.example,+46 70 328 96 68,40000.00,14,2.0,10,2019-01-18,true
1602,C-11602,Thomsen Urheilu ApS,,DEPARTMENT_STORE,DK,Esbjerg,6700,Skolevej 112,DK24925604,thomsen.urheilu.example,+45 97 09 53 75,5000.00,14,0.0,9,2018-08-03,true
1603,C-11603,Nilsson Friluft AB,,INDEPENDENT,SE,Malmö,211 20,Industrivägen 116,SE431022375901,nilsson.friluft.example,+46 70 865 15 50,10000.00,30,12.0,10,2018-01-22,true
1604,C-11604,Kairagear AB,,ONLINE,SE,Falun,791 71,Fjällvägen 78,SE187128335201,kairagear.example,+46 70 936 30 99,40000.00,30,7.5,10,2025-02-09,true
1605,C-11605,Lake24 OÜ,,ONLINE,EE,Pärnu,80010,Narva mnt 105,EE683524363,lake24.example,+372 5640 0852,5000.00,30,0.0,9,2021-06-13,true
1606,C-11606,Kayakshop Oy,,ONLINE,FI,Vaasa,65100,Mannerheimintie 72,FI91714725,kayakshop.example,+358 40 457 3168,100000.00,60,7.5,9,2017-01-10,true
1607,C-11607,Seinäjoki Turutstyr Oy,,DEPARTMENT_STORE,FI,Seinäjoki,60100,Keskuskatu 62,FI01189865,seinajoki.turutstyr.example,+358 40 496 0435,15000.00,60,10.0,9,2016-10-16,true
1608,C-11608,Basecamp Sport & Fritid GmbH,,INDEPENDENT,DE,Hamburg,20095,Hauptstraße 64,DE424045701,basecamp.sport.fritid.example,+49 40 7712133,25000.00,30,7.5,10,2021-08-06,true
1609,C-11609,Lillehammer Scouts,,CLUB_OR_SCHOOL,NO,Lillehammer,2609,Storgata 68,NO918733882MVA,lillehammer.scouts.example,+47 944 22 917,10000.00,60,5.0,9,2023-08-27,true
1610,C-11610,Forestshop AB,,ONLINE,SE,Uppsala,753 10,Kungsgatan 58,SE234455910001,forestshop.example,+46 70 305 58 15,5000.00,45,5.0,9,2026-02-17,true
1611,C-11611,Metsägear AS,,ONLINE,NO,Ålesund,6002,Fjellveien 48,NO902104655MVA,metsagear.example,+47 984 03 006,40000.00,14,0.0,10,2018-05-03,true
1612,C-11612,Trail Trekking AB,,INDEPENDENT,SE,Östersund,831 30,Drottninggatan 7,SE182610443801,trail.trekking.example,+46 70 191 98 91,15000.00,30,0.0,8,2019-01-28,true
1613,C-11613,Jyväskylä Hiking Association,,CLUB_OR_SCHOOL,FI,Jyväskylä,40100,Asemakatu 27,FI93330447,jyvaskyla.hiking.association.example,+358 40 426 5273,5000.00,14,5.0,8,2020-12-08,true
1614,C-11614,Pärnu Expeditions OÜ,,RENTAL_OUTFITTER,EE,Pärnu,80010,Pärnu mnt 84,EE345840455,parnu.expeditions.example,+372 5289 5013,5000.00,14,0.0,10,2023-01-08,true
1615,C-11615,Fjäll Adventure AS,,INDEPENDENT,NO,Tromsø,9008,Skoleveien 118,NO654366658MVA,fjall.adventure.example,+47 994 29 716,40000.00,45,0.0,10,2018-08-22,true
1616,C-11616,Strand Friluft AB,,INDEPENDENT,SE,Falun,791 71,Hamngatan 98,SE912112537801,strand.friluft.example,+46 70 270 01 23,25000.00,30,7.5,8,2025-12-06,true
1617,C-11617,Kaamos Sport & Fritid AB,,INDEPENDENT,SE,Sundsvall,852 30,Drottninggatan 9,SE290206177901,kaamos.sport.fritid.example,+46 70 899 34 53,60000.00,30,2.0,9,2025-09-19,true
1618,C-11618,Kaamos Outdoor Oy,,DEPARTMENT_STORE,FI,Vaasa,65100,Mannerheimintie 32,FI13709641,kaamos.outdoor.example,+358 40 722 3497,60000.00,30,10.0,10,2023-02-10,true
1619,C-11619,Aapa Sports Oy,,INDEPENDENT,FI,Jyväskylä,40100,Yliopistonkatu 50,FI89378927,aapa.sports.example,+358 40 317 2577,25000.00,30,0.0,10,2024-03-22,true
1620,C-11620,Trail Turutstyr GmbH,,INDEPENDENT,DE,Munich,80331,Hauptstraße 65,DE534543391,trail.turutstyr.example,+49 40 3383628,25000.00,60,5.0,8,2020-05-08,true
1621,C-11621,Summit Sports AS,,DEPARTMENT_STORE,NO,Oslo,0150,Fjellveien 1,NO261982939MVA,summit.sports.example,+47 936 53 432,60000.00,14,2.0,8,2017-04-24,true
1622,C-11622,Nygaard Outdoor AS,,INDEPENDENT,NO,Trondheim,7010,Havnegata 68,NO221357796MVA,nygaard.outdoor.example,+47 944 26 655,40000.00,30,7.5,8,2021-03-14,true
1623,C-11623,Nilsen Urheilu AS,,INDEPENDENT,NO,Ålesund,6002,Storgata 17,NO577085506MVA,nilsen.urheilu.example,+47 914 07 163,10000.00,30,2.0,8,2017-06-26,true
1624,C-11624,Roskilde Sport ApS,,INDEPENDENT,DK,Roskilde,4000,Vestergade 113,DK24747932,roskilde.sport.example,+45 36 55 72 35,25000.00,14,12.0,10,2018-09-26,true
1625,C-11625,Vaarastore AB,,ONLINE,SE,Stockholm,111 20,Kungsgatan 54,SE089069072301,vaarastore.example,+46 70 711 18 91,25000.00,30,7.5,10,2024-08-09,false
1626,C-11626,Arcticgear AS,,ONLINE,NO,Lillehammer,2609,Strandveien 35,NO976264799MVA,arcticgear.example,+47 986 41 795,60000.00,30,7.5,9,2015-12-17,true
1627,C-11627,Trail Sport AB,,INDEPENDENT,SE,Falun,791 71,Industrivägen 9,SE682813091801,trail.sport.example,+46 70 690 25 51,15000.00,14,7.5,10,2017-06-16,true
1628,C-11628,Gävle Outdoor AB,,INDEPENDENT,SE,Gävle,803 20,Fjällvägen 48,SE833781106001,gavle.outdoor.example,+46 70 692 94 61,15000.00,30,3.0,8,2020-06-16,true
1629,C-11629,Kero Urheilu Oy,,DEPARTMENT_STORE,FI,Lahti,15100,Hämeenkatu 62,FI24546454,kero.urheilu.example,+358 40 609 4547,5000.00,30,2.0,8,2019-05-20,true
1630,C-11630,Helsinki Retki Oy,,INDEPENDENT,FI,Helsinki,00100,Kauppakatu 106,FI06759760,helsinki.retki.example,+358 40 030 8577,100000.00,14,2.0,9,2023-12-29,true
1631,C-11631,Berg Sport AS,,DEPARTMENT_STORE,NO,Trondheim,7010,Storgata 37,NO018947246MVA,berg.sport.example,+47 972 39 687,5000.00,45,10.0,9,2025-03-10,true
1632,C-11632,Kaamos Adventure Oy,,INDEPENDENT,FI,Joensuu,80100,Teollisuustie 62,FI13814536,kaamos.adventure.example,+358 40 012 0565,60000.00,30,5.0,9,2021-08-01,true
1633,C-11633,Kalottistore GmbH,,ONLINE,DE,Munich,80331,Bahnhofstraße 11,DE166616691,kalottistore.example,+49 40 9471250,10000.00,60,10.0,10,2026-04-12,true
1634,C-11634,Uppsala Sports AB,,INDEPENDENT,SE,Uppsala,753 10,Industrivägen 16,SE608908567601,uppsala.sports.example,+46 70 595 68 73,15000.00,30,0.0,9,2017-06-06,true
1635,C-11635,Drammen Camping AS,,INDEPENDENT,NO,Drammen,3015,Fjellveien 8,NO600191279MVA,drammen.camping.example,+47 901 99 304,10000.00,14,3.0,9,2016-12-11,true
1636,C-11636,Kallio Sport Oy,,INDEPENDENT,FI,Lahti,15100,Torikatu 26,FI63648913,kallio.sport.example,+358 40 299 8307,10000.00,30,5.0,9,2025-02-09,true
1637,C-11637,Aurora Sport & Fritid AB,,INDEPENDENT,SE,Kiruna,981 31,Norra Esplanaden 105,SE913225016301,aurora.sport.fritid.example,+46 70 927 25 23,15000.00,45,3.0,10,2015-04-27,true
1638,C-11638,Heikkinen Sport Oy,,DEPARTMENT_STORE,FI,Espoo,02100,Mannerheimintie 98,FI89129201,heikkinen.sport.example,+358 40 152 5049,25000.00,45,0.0,10,2021-08-11,true
1639,C-11639,Stavanger Adventure AS,,DEPARTMENT_STORE,NO,Stavanger,4006,Industriveien 14,NO169744148MVA,stavanger.adventure.example,+47 957 72 731,25000.00,60,0.0,9,2019-02-25,true
1640,C-11640,Basecamp Fritid AB,,INDEPENDENT,SE,Östersund,831 30,Storgatan 4,SE109701487601,basecamp.fritid.example,+46 70 943 28 83,40000.00,45,12.0,8,2015-07-13,true
1641,C-11641,Vuoma Camping Oy,,INDEPENDENT,FI,Kuopio,70100,Kauppakatu 37,FI37002176,vuoma.camping.example,+358 40 668 3575,100000.00,60,10.0,8,2017-09-17,true
1642,C-11642,Moen Friluft AS,,INDEPENDENT,NO,Hamar,2317,Storgata 60,NO363988876MVA,moen.friluft.example,+47 903 58 146,60000.00,45,0.0,8,2016-08-06,true
1643,C-11643,Bakke Sport AS,,INDEPENDENT,NO,Ålesund,6002,Torggata 119,NO449954448MVA,bakke.sport.example,+47 963 73 834,15000.00,60,3.0,8,2023-08-08,true
1644,C-11644,Larsson Friluft AB,,INDEPENDENT,SE,Luleå,972 31,Drottninggatan 24,SE743036267401,larsson.friluft.example,+46 70 631 86 41,100000.00,14,12.0,9,2019-02-20,true
1645,C-11645,Uppsala Guides AB,,RENTAL_OUTFITTER,SE,Uppsala,753 10,Skolgatan 39,SE487141803101,uppsala.guides.example,+46 70 819 02 27,25000.00,60,5.0,10,2026-04-08,true
1646,C-11646,Selkä Adventure Oy,,INDEPENDENT,FI,Oulu,90100,Rantatie 114,FI53272998,selka.adventure.example,+358 40 394 7194,5000.00,30,7.5,9,2022-10-03,true
1647,C-11647,Moen Sport AS,,DEPARTMENT_STORE,NO,Trondheim,7010,Fjellveien 105,NO251152897MVA,moen.sport.example,+47 934 82 920,10000.00,30,0.0,8,2019-01-16,true
1648,C-11648,Kerogear GmbH,,ONLINE,DE,Kiel,24103,Hafenstraße 86,DE969508448,kerogear.example,+49 40 0444307,5000.00,30,0.0,9,2024-05-04,true
1649,C-11649,Kuusamo Rental Oy,,RENTAL_OUTFITTER,FI,Kuusamo,93600,Asemakatu 46,FI87803138,kuusamo.rental.example,+358 40 868 8404,15000.00,45,7.5,8,2015-05-20,true
1650,C-11650,Vidde Retki AB,,INDEPENDENT,SE,Gävle,803 20,Kungsgatan 34,SE251254461701,vidde.retki.example,+46 70 818 48 23,10000.00,30,5.0,9,2026-06-04,true
1651,C-11651,Erästore AB,,ONLINE,SE,Gävle,803 20,Norra Esplanaden 50,SE544352394401,erastore.example,+46 70 010 89 86,100000.00,45,0.0,10,2017-01-18,true
1652,C-11652,Lakegear AS,,ONLINE,NO,Ålesund,6002,Havnegata 86,NO298584228MVA,lakegear.example,+47 938 48 783,25000.00,14,0.0,8,2026-06-18,true
1653,C-11653,Munich Outdoor GmbH,,INDEPENDENT,DE,Munich,80331,Hafenstraße 104,DE901923495,munich.outdoor.example,+49 40 4626196,25000.00,60,5.0,8,2015-04-05,true
1654,C-11654,Luleå Alpine Club,,CLUB_OR_SCHOOL,SE,Luleå,972 31,Industrivägen 82,SE769590825801,lulea.alpine.club.example,+46 70 334 81 60,60000.00,14,0.0,9,2020-05-05,true
1655,C-11655,Malmö Sport AB,,INDEPENDENT,SE,Malmö,211 20,Norra Esplanaden 7,SE421082524701,malmo.sport.example,+46 70 172 05 34,15000.00,60,12.0,8,2017-10-11,true
1656,C-11656,Trondheim Trekking AS,,INDEPENDENT,NO,Trondheim,7010,Industriveien 101,NO338899007MVA,trondheim.trekking.example,+47 925 25 867,15000.00,14,5.0,10,2021-10-28,true
1657,C-11657,Kuopio Retki Oy,,INDEPENDENT,FI,Kuopio,70100,Teollisuustie 92,FI11473936,kuopio.retki.example,+358 40 812 9771,60000.00,30,3.0,10,2015-05-23,true
1658,C-11658,Tartu Turutstyr OÜ,,INDEPENDENT,EE,Tartu,51003,Narva mnt 54,EE332631528,tartu.turutstyr.example,+372 5507 5744,5000.00,14,3.0,9,2022-08-04,true
1659,C-11659,Fjäll24 ApS,,ONLINE,DK,Copenhagen,1050,Hovedgaden 63,DK74596937,fjall24.example,+45 17 91 77 21,5000.00,60,5.0,10,2020-04-23,true
1660,C-11660,Kuopio Sport & Fritid Oy,,INDEPENDENT,FI,Kuopio,70100,Keskuskatu 99,FI11888308,kuopio.sport.fritid.example,+358 40 424 7116,10000.00,30,5.0,9,2025-09-06,false
1661,C-11661,Kaamos Camping AB,,INDEPENDENT,SE,Kiruna,981 31,Kungsgatan 55,SE825107988801,kaamos.camping.example,+46 70 929 21 48,100000.00,30,0.0,10,2019-12-06,true
1662,C-11662,Nietos Sports Oy,,INDEPENDENT,FI,Oulu,90100,Rantatie 28,FI93543366,nietos.sports.example,+358 40 424 5401,5000.00,30,12.0,10,2020-04-22,true
1663,C-11663,Helsinki Sport Oy,,INDEPENDENT,FI,Helsinki,00100,Mannerheimintie 77,FI81147850,helsinki.sport.example,+358 40 998 9949,5000.00,30,7.5,8,2019-07-16,true
1664,C-11664,Hansen Friluft AS,,INDEPENDENT,NO,Kristiansand,4610,Industriveien 71,NO920323092MVA,hansen.friluft.example,+47 945 93 314,25000.00,30,2.0,9,2017-04-20,true
1665,C-11665,Ridge Trekking AS,,INDEPENDENT,NO,Trondheim,7010,Skoleveien 83,NO998577545MVA,ridge.trekking.example,+47 975 61 816,100000.00,60,0.0,8,2025-06-28,true
1666,C-11666,Andersson Sport AB,,INDEPENDENT,SE,Luleå,972 31,Drottninggatan 101,SE631141963401,andersson.sport.example,+46 70 095 91 25,60000.00,60,7.5,10,2023-12-08,true
1667,C-11667,Vaasa Turutstyr Oy,,INDEPENDENT,FI,Vaasa,65100,Teollisuustie 17,FI27913522,vaasa.turutstyr.example,+358 40 392 8540,10000.00,30,5.0,10,2018-05-16,true
1668,C-11668,Oulu Guides Oy,,RENTAL_OUTFITTER,FI,Oulu,90100,Torikatu 95,FI05576047,oulu.guides.example,+358 40 067 4949,5000.00,30,12.0,8,2022-09-17,true
1669,C-11669,Hamburg Trekking GmbH,,INDEPENDENT,DE,Hamburg,20095,Hauptstraße 119,DE842052231,hamburg.trekking.example,+49 40 7562072,40000.00,30,10.0,8,2025-06-23,true
1670,C-11670,Selkäshop ApS,,ONLINE,DK,Copenhagen,1050,Hovedgaden 117,DK89520940,selkashop.example,+45 34 14 25 66,40000.00,30,3.0,9,2019-01-11,true
1671,C-11671,Forest Adventure OÜ,,DEPARTMENT_STORE,EE,Pärnu,80010,Tartu mnt 81,EE047937506,forest.adventure.example,+372 5214 2625,60000.00,30,5.0,10,2018-07-31,true
1672,C-11672,Stavanger Sport & Fritid AS,,INDEPENDENT,NO,Stavanger,4006,Havnegata 49,NO692994955MVA,stavanger.sport.fritid.example,+47 950 90 295,60000.00,45,2.0,8,2017-05-31,true
1673,C-11673,Weber Urheilu GmbH,,DEPARTMENT_STORE,DE,Flensburg,24937,Hauptstraße 55,DE608823061,weber.urheilu.example,+49 40 2172235,40000.00,30,12.0,10,2015-12-23,true
1674,C-11674,Tamm Friluft OÜ,,INDEPENDENT,EE,Tartu,51003,Sadama tn 49,EE307331810,tamm.friluft.example,+372 5596 0259,100000.00,45,0.0,9,2024-12-29,true
1675,C-11675,Skog Trekking AB,,INDEPENDENT,SE,Karlstad,652 24,Järnvägsgatan 31,SE211024556301,skog.trekking.example,+46 70 626 39 28,60000.00,14,10.0,8,2018-08-28,true
1676,C-11676,Stavanger Outdoor AS,,INDEPENDENT,NO,Stavanger,4006,Fjellveien 9,NO987574035MVA,stavanger.outdoor.example,+47 943 85 643,100000.00,45,10.0,10,2019-08-23,true
1677,C-11677,Hämeenlinna Fritid Oy,,INDEPENDENT,FI,Hämeenlinna,13100,Rantatie 54,FI46130496,hameenlinna.fritid.example,+358 40 320 7354,10000.00,30,3.0,10,2022-08-06,true
1678,C-11678,Hiker's Sports AB,,INDEPENDENT,SE,Örebro,702 11,Järnvägsgatan 98,SE582610958201,hikers.sports.example,+46 70 518 13 49,60000.00,30,12.0,10,2026-05-11,true
1679,C-11679,Aapa Friluft AS,,INDEPENDENT,NO,Tromsø,9008,Storgata 33,NO213047474MVA,aapa.friluft.example,+47 981 33 322,60000.00,60,3.0,9,2020-04-03,true
1680,C-11680,Vinter Friluft Oy,,INDEPENDENT,FI,Vaasa,65100,Puistokatu 105,FI46843071,vinter.friluft.example,+358 40 735 6297,10000.00,30,5.0,9,2016-08-12,true
1681,C-11681,Aurora Urheilu AS,,INDEPENDENT,NO,Ålesund,6002,Skoleveien 11,NO504986104MVA,aurora.urheilu.example,+47 978 52 000,15000.00,14,2.0,8,2015-06-10,true
1682,C-11682,Keroshop Oy,,ONLINE,FI,Lahti,15100,Hämeenkatu 5,FI76309833,keroshop.example,+358 40 908 8456,60000.00,14,0.0,8,2024-09-05,true
1683,C-11683,Fjord Adventure Oy,,INDEPENDENT,FI,Kokkola,67100,Rantatie 94,FI08575479,fjord.adventure.example,+358 40 793 1861,25000.00,14,0.0,9,2020-08-26,true
1684,C-11684,Saarinen Outdoor Oy,,INDEPENDENT,FI,Espoo,02100,Rantatie 82,FI33090501,saarinen.outdoor.example,+358 40 773 6920,25000.00,30,12.0,9,2015-09-02,true
1685,C-11685,Kolding Outfitters ApS,,INDEPENDENT,DK,Kolding,6000,Hovedgaden 75,DK26519786,kolding.outfitters.example,+45 15 47 90 87,10000.00,30,2.0,8,2020-06-13,true
1686,C-11686,Vidde Fritid ApS,,DEPARTMENT_STORE,DK,Odense,5000,Vestergade 29,DK59910413,vidde.fritid.example,+45 12 30 42 28,100000.00,30,2.0,9,2015-09-13,true
1687,C-11687,Fjäll Fritid AB,,DEPARTMENT_STORE,SE,Falun,791 71,Industrivägen 77,SE221568247901,fjall.fritid.example,+46 70 111 51 07,5000.00,30,5.0,9,2016-04-02,true
1688,C-11688,Lake Fritid Oy,,INDEPENDENT,FI,Oulu,90100,Mannerheimintie 103,FI41331053,lake.fritid.example,+358 40 272 4125,100000.00,45,3.0,9,2022-02-15,true
1689,C-11689,Vaasa Adventures Oy,,RENTAL_OUTFITTER,FI,Vaasa,65100,Yliopistonkatu 69,FI23150866,vaasa.adventures.example,+358 40 594 9262,100000.00,60,3.0,10,2024-05-31,true
1690,C-11690,Metsä Urheilu ApS,,INDEPENDENT,DK,Esbjerg,6700,Skolevej 16,DK62650652,metsa.urheilu.example,+45 11 29 67 84,15000.00,14,0.0,8,2019-08-06,true
1691,C-11691,Nordlys Turutstyr Oy,,INDEPENDENT,FI,Kuopio,70100,Rantatie 115,FI69163351,nordlys.turutstyr.example,+358 40 411 4494,40000.00,30,0.0,9,2017-04-27,true
1692,C-11692,Alta Outfitters AS,,INDEPENDENT,NO,Alta,9510,Storgata 110,NO540390750MVA,alta.outfitters.example,+47 939 45 945,10000.00,14,7.5,8,2018-04-18,true
1693,C-11693,Aapa Sport Oy,,DEPARTMENT_STORE,FI,Joensuu,80100,Keskuskatu 96,FI71735393,aapa.sport.example,+358 40 212 3373,25000.00,45,0.0,8,2022-05-23,true
1694,C-11694,Uppsala Urheilu AB,,INDEPENDENT,SE,Uppsala,753 10,Fjällvägen 35,SE908349500901,uppsala.urheilu.example,+46 70 790 03 10,100000.00,60,10.0,8,2025-09-08,true
1695,C-11695,Aurora Fritid Oy,,INDEPENDENT,FI,Espoo,02100,Hämeenkatu 17,FI79907412,aurora.fritid.example,+358 40 457 1233,60000.00,30,10.0,10,2022-06-28,true
1696,C-11696,Munich Adventures GmbH,,RENTAL_OUTFITTER,DE,Munich,80331,Hauptstraße 68,DE088063472,munich.adventures.example,+49 40 4701942,60000.00,14,0.0,9,2016-08-18,true
1697,C-11697,Örebro Fritid AB,,INDEPENDENT,SE,Örebro,702 11,Drottninggatan 63,SE162256912001,orebro.fritid.example,+46 70 827 28 02,10000.00,30,5.0,8,2015-06-18,true
1698,C-11698,Tamm Urheilu OÜ,,INDEPENDENT,EE,Tallinn,10111,Kooli tn 99,EE301046772,tamm.urheilu.example,+372 5110 1479,25000.00,45,7.5,10,2018-10-05,true
1699,C-11699,Vaara Sport AS,,INDEPENDENT,NO,Lillehammer,2609,Industriveien 95,NO342317825MVA,vaara.sport.example,+47 943 95 073,25000.00,60,12.0,9,2022-12-15,true
1700,C-11700,Rovaniemi Camping Oy,,DEPARTMENT_STORE,FI,Rovaniemi,96100,Keskuskatu 26,FI87503714,rovaniemi.camping.example,+358 40 724 6926,15000.00,30,0.0,9,2015-02-16,true
1701,C-11701,Kaira Sports ApS,,DEPARTMENT_STORE,DK,Aalborg,9000,Industrivej 17,DK48321063,kaira.sports.example,+45 13 64 54 58,15000.00,30,10.0,8,2024-10-21,true
1702,C-11702,Odense Fritid ApS,,INDEPENDENT,DK,Odense,5000,Skolevej 91,DK78980503,odense.fritid.example,+45 62 26 04 46,5000.00,60,2.0,9,2023-04-02,true
1703,C-11703,Aapa Trekking Oy,,INDEPENDENT,FI,Hämeenlinna,13100,Kauppakatu 78,FI20960826,aapa.trekking.example,+358 40 030 8182,25000.00,60,0.0,10,2021-03-29,true
1704,C-11704,Bergström Outdoor AB,,DEPARTMENT_STORE,SE,Umeå,903 26,Hamngatan 105,SE064970524001,bergstrom.outdoor.example,+46 70 243 65 06,25000.00,30,0.0,9,2016-11-10,true
1705,C-11705,Kittilä Turutstyr Oy,,INDEPENDENT,FI,Kittilä,99100,Asemakatu 76,FI90184411,kittila.turutstyr.example,+358 40 342 1456,5000.00,30,2.0,10,2026-07-16,true
1706,C-11706,Forest Urheilu Oy,,INDEPENDENT,FI,Kokkola,67100,Hämeenkatu 64,FI03994400,forest.urheilu.example,+358 40 184 9706,40000.00,60,10.0,9,2018-06-13,true
1707,C-11707,Kiruna Hiking Association,,CLUB_OR_SCHOOL,SE,Kiruna,981 31,Drottninggatan 63,SE486592598801,kiruna.hiking.association.example,+46 70 044 75 35,60000.00,60,7.5,8,2025-01-02,true
1708,C-11708,Nietosshop AB,,ONLINE,SE,Åre,837 52,Hamngatan 75,SE868961252201,nietosshop.example,+46 70 056 72 04,100000.00,45,12.0,10,2020-05-20,true
1709,C-11709,Olsson Urheilu AB,,INDEPENDENT,SE,Stockholm,111 20,Industrivägen 47,SE778457332201,olsson.urheilu.example,+46 70 890 29 31,10000.00,30,5.0,8,2017-02-15,true
1710,C-11710,Jørgensen Sport ApS,,INDEPENDENT,DK,Esbjerg,6700,Nørregade 22,DK68167995,jorgensen.sport.example,+45 35 72 53 11,40000.00,45,3.0,9,2022-12-28,true
1711,C-11711,Nilsen Friluft AS,,DEPARTMENT_STORE,NO,Ålesund,6002,Storgata 30,NO207916229MVA,nilsen.friluft.example,+47 906 25 918,25000.00,14,0.0,9,2015-09-01,true
1712,C-11712,Holm Sport AB,,DEPARTMENT_STORE,SE,Karlstad,652 24,Norra Esplanaden 68,SE319544240101,holm.sport.example,+46 70 887 68 03,10000.00,30,2.0,9,2020-07-18,false
1713,C-11713,Fjord Sport ApS,,INDEPENDENT,DK,Kolding,6000,Østergade 24,DK74975940,fjord.sport.example,+45 89 23 76 30,15000.00,14,3.0,10,2020-10-07,false
1714,C-11714,Basecampstore AB,,ONLINE,SE,Umeå,903 26,Fjällvägen 4,SE797530322001,basecampstore.example,+46 70 297 47 23,25000.00,45,0.0,10,2025-11-11,true
1715,C-11715,Kaira Outdoor AS,,INDEPENDENT,NO,Bodø,8006,Skoleveien 90,NO030744130MVA,kaira.outdoor.example,+47 905 34 372,15000.00,30,10.0,10,2026-05-08,true
1716,C-11716,Kero Sports Oy,,INDEPENDENT,FI,Turku,20100,Asemakatu 42,FI43160140,kero.sports.example,+358 40 620 9497,5000.00,45,10.0,10,2016-12-01,true
1717,C-11717,Munich Fritid GmbH,,INDEPENDENT,DE,Munich,80331,Bergweg 60,DE593608221,munich.fritid.example,+49 40 4109793,100000.00,45,0.0,8,2025-12-03,true
1718,C-11718,Virtanen Sport Oy,,INDEPENDENT,FI,Rovaniemi,96100,Kauppakatu 87,FI35739612,virtanen.sport.example,+358 40 435 1229,60000.00,30,2.0,10,2019-09-11,true
1719,C-11719,Aurora Outfitters AB,,INDEPENDENT,SE,Sundsvall,852 30,Skolgatan 77,SE004764330201,aurora.outfitters.example,+46 70 116 99 30,15000.00,60,0.0,9,2015-08-21,true
1720,C-11720,Selkä Urheilu GmbH,,INDEPENDENT,DE,Munich,80331,Hauptstraße 116,DE108617035,selka.urheilu.example,+49 40 1690655,40000.00,60,12.0,10,2026-07-05,true
1721,C-11721,Erä Adventure AS,,INDEPENDENT,NO,Drammen,3015,Torggata 36,NO975036703MVA,era.adventure.example,+47 991 77 698,25000.00,30,5.0,8,2025-02-16,true
1722,C-11722,Aalborg Urheilu ApS,,INDEPENDENT,DK,Aalborg,9000,Vestergade 120,DK16478909,aalborg.urheilu.example,+45 51 94 68 05,100000.00,30,5.0,10,2026-05-31,true
1723,C-11723,Vaasa Retki Oy,,DEPARTMENT_STORE,FI,Vaasa,65100,Mannerheimintie 105,FI36696591,vaasa.retki.example,+358 40 479 2633,25000.00,14,0.0,9,2025-01-01,true
1724,C-11724,Arctic Outfitters AB,,DEPARTMENT_STORE,SE,Sundsvall,852 30,Kungsgatan 44,SE042770693101,arctic.outfitters.example,+46 70 696 59 14,5000.00,30,12.0,9,2022-08-26,true
1725,C-11725,Seinäjoki Outdoor Oy,,INDEPENDENT,FI,Seinäjoki,60100,Teollisuustie 19,FI80690912,seinajoki.outdoor.example,+358 40 354 6722,10000.00,14,10.0,9,2023-02-26,true
1726,C-11726,Kalottigear ApS,,ONLINE,DK,Aarhus,8000,Nørregade 84,DK55057919,kalottigear.example,+45 27 51 18 58,5000.00,30,0.0,10,2017-08-28,true
1727,C-11727,Vaara Outdoor ApS,,INDEPENDENT,DK,Kolding,6000,Hovedgaden 60,DK19706498,vaara.outdoor.example,+45 35 37 58 01,40000.00,30,5.0,9,2023-04-30,true
1728,C-11728,Erä Turutstyr Oy,,INDEPENDENT,FI,Helsinki,00100,Asemakatu 120,FI02449788,era.turutstyr.example,+358 40 096 1735,100000.00,14,10.0,10,2016-12-05,true
1729,C-11729,Ålesund Expeditions AS,,RENTAL_OUTFITTER,NO,Ålesund,6002,Fjellveien 81,NO942356858MVA,alesund.expeditions.example,+47 916 40 944,10000.00,30,12.0,9,2024-09-20,true
1730,C-11730,Johansson Urheilu AB,,INDEPENDENT,SE,Östersund,831 30,Kungsgatan 77,SE214986853001,johansson.urheilu.example,+46 70 490 79 70,10000.00,60,0.0,8,2016-04-06,true
1731,C-11731,Kiruna Fritid AB,,INDEPENDENT,SE,Kiruna,981 31,Drottninggatan 59,SE121697555701,kiruna.fritid.example,+46 70 303 58 35,15000.00,45,12.0,8,2020-03-08,true
1732,C-11732,Espoo Rental Oy,,RENTAL_OUTFITTER,FI,Espoo,02100,Mannerheimintie 41,FI41216505,espoo.rental.example,+358 40 424 2443,15000.00,45,12.0,9,2021-07-27,true
1733,C-11733,Vuoma Turutstyr ApS,,INDEPENDENT,DK,Copenhagen,1050,Havnevej 57,DK06614241,vuoma.turutstyr.example,+45 17 05 59 56,25000.00,45,3.0,8,2025-03-16,true
1734,C-11734,Ridge24 ApS,,ONLINE,DK,Aalborg,9000,Østergade 70,DK09952449,ridge24.example,+45 15 21 80 88,40000.00,14,5.0,8,2023-05-05,true
1735,C-11735,Vinter Retki AS,,INDEPENDENT,NO,Lillehammer,2609,Torggata 117,NO991325923MVA,vinter.retki.example,+47 997 81 576,10000.00,45,0.0,10,2020-08-27,true
1736,C-11736,Polar Urheilu AS,,INDEPENDENT,NO,Bodø,8006,Storgata 77,NO349706671MVA,polar.urheilu.example,+47 914 89 089,25000.00,30,5.0,9,2024-03-06,true
1737,C-11737,Vinter Sport & Fritid AS,,INDEPENDENT,NO,Bodø,8006,Kirkegata 11,NO738977655MVA,vinter.sport.fritid.example,+47 983 29 198,60000.00,14,0.0,8,2025-08-15,true
1738,C-11738,Nietos Camping GmbH,,INDEPENDENT,DE,Kiel,24103,Am Markt 36,DE410476186,nietos.camping.example,+49 40 9439467,10000.00,30,0.0,8,2025-02-28,true
1739,C-11739,Flensburg Sport & Fritid GmbH,,INDEPENDENT,DE,Flensburg,24937,Am Markt 91,DE613176521,flensburg.sport.fritid.example,+49 40 9221451,5000.00,45,3.0,8,2018-06-07,true
1740,C-11740,Luleå Outfitters AB,,DEPARTMENT_STORE,SE,Luleå,972 31,Storgatan 77,SE274251765201,lulea.outfitters.example,+46 70 839 13 13,5000.00,30,0.0,10,2015-08-15,true
1741,C-11741,Rovaniemi Fritid Oy,,DEPARTMENT_STORE,FI,Rovaniemi,96100,Keskuskatu 112,FI51290723,rovaniemi.fritid.example,+358 40 481 0825,5000.00,14,5.0,8,2024-03-27,true
1742,C-11742,Summit Turutstyr OÜ,,INDEPENDENT,EE,Pärnu,80010,Pärnu mnt 82,EE714612873,summit.turutstyr.example,+372 5594 8592,60000.00,30,10.0,8,2019-01-05,true
1743,C-11743,Summitstore AS,,ONLINE,NO,Tromsø,9008,Strandveien 114,NO323806038MVA,summitstore.example,+47 988 57 884,10000.00,30,0.0,9,2015-12-19,true
1744,C-11744,Kairastore AB,,ONLINE,SE,Umeå,903 26,Järnvägsgatan 84,SE719905285401,kairastore.example,+46 70 033 92 30,15000.00,45,2.0,8,2019-09-08,true
1745,C-11745,Hansen Sport AS,,INDEPENDENT,NO,Tromsø,9008,Skoleveien 120,NO507674669MVA,hansen.sport.example,+47 972 35 080,25000.00,30,5.0,8,2021-09-28,true
1746,C-11746,Loiste Retki Oy,,INDEPENDENT,FI,Hämeenlinna,13100,Hämeenkatu 6,FI25474187,loiste.retki.example,+358 40 473 4070,10000.00,45,7.5,9,2023-05-27,true
1747,C-11747,Lake Sports Oy,,INDEPENDENT,FI,Tampere,33100,Asemakatu 4,FI59918075,lake.sports.example,+358 40 777 9254,5000.00,30,5.0,10,2024-09-24,true
1748,C-11748,Skog24 Oy,,ONLINE,FI,Hämeenlinna,13100,Hämeenkatu 106,FI97447344,skog24.example,+358 40 306 2963,10000.00,45,0.0,10,2019-10-30,true
1749,C-11749,Sundsvall Sport & Fritid AB,,INDEPENDENT,SE,Sundsvall,852 30,Storgatan 84,SE799896873601,sundsvall.sport.fritid.example,+46 70 276 53 43,5000.00,30,7.5,8,2022-02-22,true
1750,C-11750,Mäkinen Urheilu Oy,,INDEPENDENT,FI,Tampere,33100,Puistokatu 67,FI16356074,makinen.urheilu.example,+358 40 567 1795,60000.00,30,0.0,9,2022-12-30,true
1751,C-11751,Nordlys Outdoor AB,,INDEPENDENT,SE,Karlstad,652 24,Norra Esplanaden 32,SE166165803101,nordlys.outdoor.example,+46 70 575 03 85,10000.00,30,5.0,10,2018-06-18,true
1752,C-11752,Kittilä Guides Oy,,RENTAL_OUTFITTER,FI,Kittilä,99100,Rantatie 28,FI75908096,kittila.guides.example,+358 40 828 3696,100000.00,30,10.0,9,2022-11-06,false
1753,C-11753,Falun Sports AB,,INDEPENDENT,SE,Falun,791 71,Industrivägen 47,SE824807630801,falun.sports.example,+46 70 732 45 32,60000.00,30,5.0,10,2016-09-02,true
1754,C-11754,Berg Outdoor AS,,INDEPENDENT,NO,Bodø,8006,Fjellveien 31,NO220938828MVA,berg.outdoor.example,+47 919 94 546,25000.00,45,10.0,8,2023-10-01,false
1755,C-11755,Fischer Urheilu GmbH,,DEPARTMENT_STORE,DE,Flensburg,24937,Bahnhofstraße 22,DE427171669,fischer.urheilu.example,+49 40 9784339,25000.00,30,12.0,9,2017-02-10,true
1756,C-11756,Basecamp Urheilu AS,,INDEPENDENT,NO,Alta,9510,Skoleveien 90,NO699971253MVA,basecamp.urheilu.example,+47 944 28 456,100000.00,30,5.0,8,2019-04-01,true
1757,C-11757,Suvanto Outfitters Oy,,INDEPENDENT,FI,Espoo,02100,Mannerheimintie 91,FI19541049,suvanto.outfitters.example,+358 40 379 7034,40000.00,30,0.0,9,2019-07-25,true
1758,C-11758,Gävle Rental AB,,RENTAL_OUTFITTER,SE,Gävle,803 20,Järnvägsgatan 104,SE357952710501,gavle.rental.example,+46 70 763 49 18,15000.00,45,5.0,9,2015-09-04,true
1759,C-11759,Müller Friluft GmbH,,INDEPENDENT,DE,Munich,80331,Am Markt 108,DE696289080,muller.friluft.example,+49 40 8074504,100000.00,45,5.0,9,2023-11-06,true
1760,C-11760,Tallinn Scouts,,CLUB_OR_SCHOOL,EE,Tallinn,10111,Kooli tn 71,EE462658367,tallinn.scouts.example,+372 5582 5602,40000.00,60,5.0,10,2015-06-18,true
1761,C-11761,Bergen Hiking Association,,CLUB_OR_SCHOOL,NO,Bergen,5003,Industriveien 119,NO028836546MVA,bergen.hiking.association.example,+47 909 20 731,40000.00,30,7.5,8,2016-12-17,true
1762,C-11762,Kalotti Adventure GmbH,,INDEPENDENT,DE,Flensburg,24937,Hauptstraße 30,DE546856427,kalotti.adventure.example,+49 40 9744772,10000.00,30,0.0,10,2017-01-09,true
1763,C-11763,Fjord Turutstyr Oy,,INDEPENDENT,FI,Hämeenlinna,13100,Keskuskatu 76,FI44409414,fjord.turutstyr.example,+358 40 181 0933,100000.00,30,3.0,9,2024-10-29,true
1764,C-11764,Forest Retki AB,,INDEPENDENT,SE,Karlstad,652 24,Industrivägen 44,SE684700087701,forest.retki.example,+46 70 488 18 83,100000.00,30,2.0,8,2025-03-03,true
1765,C-11765,Rakka Sports ApS,,INDEPENDENT,DK,Odense,5000,Vestergade 100,DK93362665,rakka.sports.example,+45 07 47 47 11,25000.00,30,3.0,10,2024-04-24,true
1766,C-11766,Koch Sport GmbH,,DEPARTMENT_STORE,DE,Hamburg,20095,Hafenstraße 119,DE165954733,koch.sport.example,+49 40 7815336,15000.00,30,0.0,8,2017-05-14,true
1767,C-11767,Trondheim Outdoor School,,CLUB_OR_SCHOOL,NO,Trondheim,7010,Kirkegata 24,NO032608296MVA,trondheim.outdoor.school.example,+47 924 33 248,100000.00,45,5.0,9,2022-01-08,false
1768,C-11768,Lehto Outdoor Oy,,DEPARTMENT_STORE,FI,Lahti,15100,Puistokatu 82,FI91247741,lehto.outdoor.example,+358 40 353 5259,5000.00,30,5.0,8,2022-12-08,true
1769,C-11769,Göteborg Outdoor AB,,INDEPENDENT,SE,Göteborg,411 04,Kungsgatan 92,SE442469969701,goteborg.outdoor.example,+46 70 444 01 12,60000.00,60,5.0,9,2025-11-21,true
1770,C-11770,Suvanto Adventure AB,,INDEPENDENT,SE,Malmö,211 20,Fjällvägen 29,SE285772444901,suvanto.adventure.example,+46 70 481 34 76,100000.00,30,0.0,8,2016-09-06,true
1771,C-11771,Hämeenlinna Outdoor Oy,,INDEPENDENT,FI,Hämeenlinna,13100,Hämeenkatu 63,FI40065329,hameenlinna.outdoor.example,+358 40 855 3220,10000.00,14,2.0,10,2017-05-26,true
1772,C-11772,Oslo Sport & Fritid AS,,INDEPENDENT,NO,Oslo,0150,Storgata 85,NO024036458MVA,oslo.sport.fritid.example,+47 942 93 379,10000.00,30,7.5,10,2025-09-21,true
1773,C-11773,Kiruna Retki AB,,INDEPENDENT,SE,Kiruna,981 31,Norra Esplanaden 14,SE947878066901,kiruna.retki.example,+46 70 531 37 06,25000.00,14,5.0,9,2025-02-21,true
1774,C-11774,Pärnu Rental OÜ,,RENTAL_OUTFITTER,EE,Pärnu,80010,Narva mnt 90,EE769699584,parnu.rental.example,+372 5959 2388,40000.00,60,5.0,9,2026-01-21,true
1775,C-11775,Nietos Adventure AB,,INDEPENDENT,SE,Sundsvall,852 30,Storgatan 61,SE816916871001,nietos.adventure.example,+46 70 160 71 20,25000.00,45,10.0,10,2019-01-09,true
1776,C-11776,Selkä Fritid Oy,,DEPARTMENT_STORE,FI,Espoo,02100,Rantatie 32,FI80066961,selka.fritid.example,+358 40 074 5836,100000.00,30,0.0,8,2024-10-22,true
1777,C-11777,Trail Outfitters AS,,INDEPENDENT,NO,Bodø,8006,Fjellveien 95,NO143883114MVA,trail.outfitters.example,+47 917 86 386,25000.00,60,5.0,8,2016-01-03,true
1778,C-11778,Nietos Turutstyr AS,,INDEPENDENT,NO,Kristiansand,4610,Fjellveien 83,NO658881558MVA,nietos.turutstyr.example,+47 948 64 281,25000.00,30,7.5,9,2023-10-02,true
1779,C-11779,Aapastore AS,,ONLINE,NO,Tromsø,9008,Industriveien 91,NO183799895MVA,aapastore.example,+47 974 17 424,25000.00,60,10.0,9,2021-09-26,true
1780,C-11780,Erä Outdoor Oy,,INDEPENDENT,FI,Rovaniemi,96100,Asemakatu 60,FI68660089,era.outdoor.example,+358 40 907 5461,40000.00,14,2.0,8,2021-01-24,true
1781,C-11781,Compass24 ApS,,ONLINE,DK,Esbjerg,6700,Vestergade 92,DK71564887,compass24.example,+45 46 77 43 94,25000.00,45,0.0,8,2025-06-26,true
1782,C-11782,Arctic Fritid AS,,INDEPENDENT,NO,Kristiansand,4610,Strandveien 92,NO140269428MVA,arctic.fritid.example,+47 980 46 818,60000.00,60,0.0,10,2023-03-08,true
1783,C-11783,Vaasa Outfitters Oy,,INDEPENDENT,FI,Vaasa,65100,Asemakatu 79,FI92994912,vaasa.outfitters.example,+358 40 349 7957,15000.00,45,5.0,10,2024-01-22,true
1784,C-11784,Vintershop GmbH,,ONLINE,DE,Munich,80331,Hauptstraße 32,DE234467749,vintershop.example,+49 40 0371796,25000.00,14,2.0,10,2018-04-21,true
1785,C-11785,Kristiansand Turutstyr AS,,INDEPENDENT,NO,Kristiansand,4610,Havnegata 55,NO123945960MVA,kristiansand.turutstyr.example,+47 908 66 309,100000.00,14,3.0,9,2019-11-09,true
1786,C-11786,Drammen Alpine Club,,CLUB_OR_SCHOOL,NO,Drammen,3015,Torggata 14,NO606371767MVA,drammen.alpine.club.example,+47 957 56 651,100000.00,60,12.0,9,2025-05-26,true
1787,C-11787,Compass Fritid AS,,INDEPENDENT,NO,Lillehammer,2609,Skoleveien 11,NO671164509MVA,compass.fritid.example,+47 989 81 393,5000.00,60,2.0,10,2015-08-08,true
1788,C-11788,Kalotti Urheilu OÜ,,INDEPENDENT,EE,Tallinn,10111,Pärnu mnt 87,EE701980674,kalotti.urheilu.example,+372 5642 7667,60000.00,30,0.0,9,2025-05-29,true
1789,C-11789,Skog Outdoor Oy,,INDEPENDENT,FI,Lahti,15100,Rantatie 64,FI41955697,skog.outdoor.example,+358 40 240 3233,5000.00,30,2.0,9,2022-05-14,true
1790,C-11790,Metsästore AS,,ONLINE,NO,Alta,9510,Kirkegata 81,NO766962663MVA,metsastore.example,+47 916 89 264,100000.00,30,0.0,9,2026-05-15,true
1791,C-11791,Rakkagear AS,,ONLINE,NO,Trondheim,7010,Havnegata 79,NO316763603MVA,rakkagear.example,+47 944 39 213,100000.00,14,2.0,9,2018-03-16,true
1792,C-11792,Loiste Friluft AB,,INDEPENDENT,SE,Umeå,903 26,Skolgatan 86,SE137324478701,loiste.friluft.example,+46 70 865 91 88,10000.00,45,5.0,8,2020-03-18,true
1793,C-11793,Copenhagen Fritid ApS,,INDEPENDENT,DK,Copenhagen,1050,Nørregade 23,DK84257097,copenhagen.fritid.example,+45 72 84 40 56,100000.00,30,2.0,8,2017-08-10,true
1794,C-11794,Drammen Adventure AS,,INDEPENDENT,NO,Drammen,3015,Storgata 104,NO568735375MVA,drammen.adventure.example,+47 930 27 243,5000.00,30,5.0,10,2015-07-29,true
1795,C-11795,Roskilde Outdoor School,,CLUB_OR_SCHOOL,DK,Roskilde,4000,Industrivej 81,DK86985814,roskilde.outdoor.school.example,+45 97 67 21 01,15000.00,45,5.0,9,2026-07-10,true
1796,C-11796,Kaira Sports GmbH,,INDEPENDENT,DE,Flensburg,24937,Bahnhofstraße 115,DE377032865,kaira.sports.example,+49 40 1315567,15000.00,14,5.0,9,2020-06-30,true
1797,C-11797,Nordlysstore Oy,,ONLINE,FI,Tampere,33100,Keskuskatu 67,FI42770952,nordlysstore.example,+358 40 949 1805,5000.00,14,5.0,10,2020-11-22,true
1798,C-11798,Helsinki Sports Oy,,INDEPENDENT,FI,Helsinki,00100,Hämeenkatu 29,FI65954901,helsinki.sports.example,+358 40 581 7700,60000.00,30,5.0,9,2019-02-02,true
1799,C-11799,Tartu Guides OÜ,,RENTAL_OUTFITTER,EE,Tartu,51003,Narva mnt 85,EE134140955,tartu.guides.example,+372 5538 4145,15000.00,60,0.0,8,2021-08-31,true
1800,C-11800,Vuoma Sports AB,,INDEPENDENT,SE,Östersund,831 30,Järnvägsgatan 25,SE527042155301,vuoma.sports.example,+46 70 022 03 41,5000.00,60,7.5,9,2016-06-18,true
1801,C-11801,Lundqvist Friluft AB,,INDEPENDENT,SE,Karlstad,652 24,Fjällvägen 18,SE358457654001,lundqvist.friluft.example,+46 70 470 78 25,40000.00,30,2.0,10,2018-05-06,true
1802,C-11802,Örebro Sport AB,,INDEPENDENT,SE,Örebro,702 11,Drottninggatan 71,SE548982408001,orebro.sport.example,+46 70 801 17 09,40000.00,60,12.0,8,2023-04-26,true
1803,C-11803,Summit Sports GmbH,,INDEPENDENT,DE,Kiel,24103,Bergweg 90,DE618063306,summit.sports.example,+49 40 3539759,15000.00,30,7.5,10,2026-05-14,true
1804,C-11804,Kalotti Urheilu Oy,,INDEPENDENT,FI,Kokkola,67100,Torikatu 115,FI22044248,kalotti.urheilu.example,+358 40 942 0415,10000.00,45,7.5,9,2018-08-18,true
1805,C-11805,Vuoma Sport & Fritid ApS,,INDEPENDENT,DK,Aarhus,8000,Hovedgaden 78,DK07347429,vuoma.sport.fritid.example,+45 58 10 82 63,100000.00,30,5.0,10,2023-04-13,true
1806,C-11806,Sundsvall Alpine Club,,CLUB_OR_SCHOOL,SE,Sundsvall,852 30,Drottninggatan 15,SE623321001701,sundsvall.alpine.club.example,+46 70 034 78 02,100000.00,60,0.0,10,2019-01-13,false
1807,C-11807,Larsson Urheilu AB,,INDEPENDENT,SE,Göteborg,411 04,Storgatan 12,SE884439145701,larsson.urheilu.example,+46 70 264 95 60,25000.00,14,0.0,9,2019-08-20,true
1808,C-11808,Falun Sport AB,,INDEPENDENT,SE,Falun,791 71,Hamngatan 70,SE290614269801,falun.sport.example,+46 70 928 87 86,25000.00,30,5.0,8,2025-02-02,true
1809,C-11809,Karlsson Sport AB,,INDEPENDENT,SE,Kiruna,981 31,Hamngatan 3,SE359622648701,karlsson.sport.example,+46 70 140 65 21,5000.00,30,0.0,8,2025-06-15,true
1810,C-11810,Loiste Sports Oy,,INDEPENDENT,FI,Lahti,15100,Teollisuustie 96,FI08458558,loiste.sports.example,+358 40 478 4169,5000.00,30,5.0,10,2016-12-17,true
1811,C-11811,Rakkagear AB,,ONLINE,SE,Östersund,831 30,Järnvägsgatan 113,SE600336899101,rakkagear.example,+46 70 641 39 19,10000.00,30,2.0,8,2026-08-20,true
1812,C-11812,Vuoma Urheilu AB,,INDEPENDENT,SE,Göteborg,411 04,Drottninggatan 28,SE115353604701,vuoma.urheilu.example,+46 70 088 47 21,60000.00,45,10.0,9,2026-07-03,true
1813,C-11813,Heikkinen Outdoor Oy,,INDEPENDENT,FI,Kittilä,99100,Rantatie 22,FI46824651,heikkinen.outdoor.example,+358 40 825 4296,40000.00,60,5.0,10,2019-06-18,true
1814,C-11814,Lundqvist Sport AB,,INDEPENDENT,SE,Malmö,211 20,Norra Esplanaden 33,SE752794869501,lundqvist.sport.example,+46 70 483 35 11,100000.00,60,0.0,8,2025-10-07,true
1815,C-11815,Kalottigear Oy,,ONLINE,FI,Espoo,02100,Puistokatu 84,FI84450954,kalottigear.example,+358 40 333 9001,5000.00,30,0.0,8,2017-09-22,true
1816,C-11816,Aurora Outfitters AS,,INDEPENDENT,NO,Alta,9510,Storgata 53,NO920070701MVA,aurora.outfitters.example,+47 984 68 720,60000.00,30,3.0,10,2016-12-27,true
1817,C-11817,Forest Friluft AB,,INDEPENDENT,SE,Uppsala,753 10,Hamngatan 82,SE649933795401,forest.friluft.example,+46 70 186 08 95,15000.00,30,5.0,10,2024-02-25,true
1818,C-11818,Polar Sport AB,,INDEPENDENT,SE,Luleå,972 31,Hamngatan 37,SE405493889601,polar.sport.example,+46 70 523 05 49,15000.00,30,5.0,10,2017-12-14,true
1819,C-11819,Skogstore AS,,ONLINE,NO,Drammen,3015,Torggata 116,NO550092441MVA,skogstore.example,+47 923 50 913,60000.00,30,5.0,9,2023-11-21,true
1820,C-11820,Vidde Retki AS,,INDEPENDENT,NO,Tromsø,9008,Havnegata 105,NO876366429MVA,vidde.retki.example,+47 937 27 048,25000.00,60,0.0,10,2015-09-02,true
1821,C-11821,Suvantoshop AS,,ONLINE,NO,Bergen,5003,Strandveien 22,NO665795903MVA,suvantoshop.example,+47 932 07 137,5000.00,45,7.5,10,2022-10-15,true
1822,C-11822,Polar Urheilu Oy,,INDEPENDENT,FI,Turku,20100,Asemakatu 115,FI78972201,polar.urheilu.example,+358 40 802 0818,25000.00,45,10.0,9,2022-04-07,true
1823,C-11823,Trail Retki AS,,INDEPENDENT,NO,Stavanger,4006,Havnegata 13,NO634760887MVA,trail.retki.example,+47 924 75 457,100000.00,30,7.5,8,2022-07-01,true
1824,C-11824,Vuomastore AB,,ONLINE,SE,Örebro,702 11,Järnvägsgatan 61,SE663106639001,vuomastore.example,+46 70 937 26 18,10000.00,30,2.0,9,2016-07-16,true
1825,C-11825,Compass Outfitters AB,,INDEPENDENT,SE,Luleå,972 31,Hamngatan 71,SE760064018401,compass.outfitters.example,+46 70 016 80 31,10000.00,30,12.0,8,2015-09-15,true
1826,C-11826,Arctic Sport & Fritid Oy,,INDEPENDENT,FI,Kokkola,67100,Rantatie 88,FI76769730,arctic.sport.fritid.example,+358 40 909 7328,100000.00,30,5.0,10,2019-10-18,true
1827,C-11827,Lahti Outdoor Oy,,INDEPENDENT,FI,Lahti,15100,Rantatie 75,FI15615036,lahti.outdoor.example,+358 40 775 5275,15000.00,30,0.0,8,2020-06-24,true
1828,C-11828,Trail Fritid Oy,,INDEPENDENT,FI,Kuopio,70100,Rantatie 60,FI01311332,trail.fritid.example,+358 40 584 5741,100000.00,45,0.0,10,2019-12-20,true
1829,C-11829,Östersund Sport AB,,INDEPENDENT,SE,Östersund,831 30,Storgatan 79,SE227975024701,ostersund.sport.example,+46 70 204 02 64,5000.00,30,5.0,10,2018-02-17,true
1830,C-11830,Uppsala Scouts,,CLUB_OR_SCHOOL,SE,Uppsala,753 10,Industrivägen 95,SE508893808101,uppsala.scouts.example,+46 70 340 38 76,15000.00,30,2.0,10,2026-08-31,true
1831,C-11831,Ålesund Friluft AS,,DEPARTMENT_STORE,NO,Ålesund,6002,Fjellveien 28,NO705455910MVA,alesund.friluft.example,+47 909 17 384,100000.00,30,3.0,9,2022-04-16,true
1832,C-11832,Suvanto Urheilu AS,,DEPARTMENT_STORE,NO,Oslo,0150,Skoleveien 106,NO453800058MVA,suvanto.urheilu.example,+47 916 75 566,100000.00,14,0.0,8,2019-11-24,true
1833,C-11833,Göteborg Trekking AB,,INDEPENDENT,SE,Göteborg,411 04,Storgatan 40,SE839315591001,goteborg.trekking.example,+46 70 791 79 99,25000.00,45,5.0,10,2022-04-19,true
1834,C-11834,Nordlys Sports Oy,,INDEPENDENT,FI,Rovaniemi,96100,Teollisuustie 83,FI65739967,nordlys.sports.example,+358 40 733 2219,15000.00,30,5.0,8,2023-09-13,true
1835,C-11835,Ruska Turutstyr OÜ,,INDEPENDENT,EE,Tallinn,10111,Kooli tn 11,EE895407331,ruska.turutstyr.example,+372 5795 5958,100000.00,45,7.5,9,2024-06-14,true
1836,C-11836,Aurora Sports AB,,DEPARTMENT_STORE,SE,Sundsvall,852 30,Järnvägsgatan 24,SE137488051101,aurora.sports.example,+46 70 609 05 69,10000.00,30,3.0,9,2015-05-23,true
1837,C-11837,Rakka Outfitters GmbH,,INDEPENDENT,DE,Berlin,10115,Am Markt 6,DE839375056,rakka.outfitters.example,+49 40 8156879,10000.00,30,12.0,10,2015-04-10,true
1838,C-11838,Hiker's Outfitters AS,,INDEPENDENT,NO,Kristiansand,4610,Kirkegata 79,NO330171326MVA,hikers.outfitters.example,+47 986 77 614,10000.00,30,0.0,8,2023-06-04,true
1839,C-11839,Keroshop AB,,ONLINE,SE,Örebro,702 11,Hamngatan 102,SE403077179801,keroshop.example,+46 70 335 04 37,25000.00,45,5.0,9,2021-12-21,true
1840,C-11840,Åre Guides AB,,RENTAL_OUTFITTER,SE,Åre,837 52,Norra Esplanaden 68,SE733375975001,are.guides.example,+46 70 147 94 10,5000.00,30,0.0,9,2023-10-11,true
1841,C-11841,Karlstad Adventure AB,,INDEPENDENT,SE,Karlstad,652 24,Storgatan 32,SE600935282901,karlstad.adventure.example,+46 70 697 70 17,5000.00,30,12.0,8,2015-06-29,true
1842,C-11842,Ruska Sports AB,,INDEPENDENT,SE,Stockholm,111 20,Norra Esplanaden 14,SE936715161701,ruska.sports.example,+46 70 178 40 84,25000.00,30,0.0,8,2020-03-08,true
1843,C-11843,Oslo Outdoor AS,,INDEPENDENT,NO,Oslo,0150,Torggata 12,NO494222336MVA,oslo.outdoor.example,+47 937 28 395,60000.00,30,2.0,8,2024-11-20,false
1844,C-11844,Kaira Camping AS,,INDEPENDENT,NO,Hamar,2317,Torggata 25,NO631572101MVA,kaira.camping.example,+47 991 08 423,15000.00,30,0.0,8,2020-08-05,true
1845,C-11845,Kalottistore Oy,,ONLINE,FI,Helsinki,00100,Teollisuustie 76,FI97460379,kalottistore.example,+358 40 966 8719,25000.00,45,0.0,10,2022-03-03,true
1846,C-11846,Selkästore Oy,,ONLINE,FI,Kittilä,99100,Yliopistonkatu 34,FI81313040,selkastore.example,+358 40 233 1317,60000.00,30,7.5,10,2017-08-28,true
1847,C-11847,Joensuu Turutstyr Oy,,INDEPENDENT,FI,Joensuu,80100,Yliopistonkatu 99,FI06919272,joensuu.turutstyr.example,+358 40 121 1740,10000.00,30,7.5,8,2024-09-16,true
1848,C-11848,Skogshop AS,,ONLINE,NO,Kristiansand,4610,Skoleveien 87,NO548438452MVA,skogshop.example,+47 980 44 380,40000.00,45,5.0,8,2024-03-08,true
1849,C-11849,Vaara Retki AB,,INDEPENDENT,SE,Göteborg,411 04,Hamngatan 14,SE406170325101,vaara.retki.example,+46 70 853 25 83,40000.00,30,0.0,10,2023-09-14,true
1850,C-11850,Drammen Fritid AS,,INDEPENDENT,NO,Drammen,3015,Havnegata 5,NO762600488MVA,drammen.fritid.example,+47 964 84 033,5000.00,45,5.0,10,2024-02-15,true
1851,C-11851,Trail Outfitters Oy,,INDEPENDENT,FI,Joensuu,80100,Rantatie 46,FI02220132,trail.outfitters.example,+358 40 209 7074,100000.00,30,10.0,10,2019-02-10,true
1852,C-11852,Kero24 AS,,ONLINE,NO,Drammen,3015,Fjellveien 21,NO143718637MVA,kero24.example,+47 935 13 986,100000.00,30,7.5,10,2019-10-10,true
1853,C-11853,Trondheim Urheilu AS,,INDEPENDENT,NO,Trondheim,7010,Industriveien 79,NO329278671MVA,trondheim.urheilu.example,+47 966 10 234,15000.00,30,10.0,9,2017-11-14,true
1854,C-11854,Tromsø Fritid AS,,INDEPENDENT,NO,Tromsø,9008,Havnegata 46,NO754033409MVA,tromso.fritid.example,+47 965 46 421,40000.00,14,5.0,10,2021-03-31,true
1855,C-11855,Bergen Trekking AS,,INDEPENDENT,NO,Bergen,5003,Havnegata 120,NO972426717MVA,bergen.trekking.example,+47 988 22 563,10000.00,30,0.0,10,2020-03-21,true
1856,C-11856,Fjord Urheilu ApS,,INDEPENDENT,DK,Aalborg,9000,Industrivej 92,DK91400127,fjord.urheilu.example,+45 98 29 74 23,60000.00,14,5.0,9,2023-09-27,true
1857,C-11857,Poulsen Sport ApS,,INDEPENDENT,DK,Copenhagen,1050,Havnevej 17,DK27042629,poulsen.sport.example,+45 91 01 74 04,15000.00,60,0.0,9,2022-05-12,true
1858,C-11858,Kero Outfitters GmbH,,INDEPENDENT,DE,Munich,80331,Bahnhofstraße 108,DE179219632,kero.outfitters.example,+49 40 4984336,5000.00,45,0.0,8,2022-09-18,true
1859,C-11859,Tampere Turutstyr Oy,,INDEPENDENT,FI,Tampere,33100,Puistokatu 112,FI06818773,tampere.turutstyr.example,+358 40 218 8708,5000.00,30,3.0,8,2023-07-02,true
1860,C-11860,Basecamp24 AS,,ONLINE,NO,Hamar,2317,Industriveien 90,NO422852004MVA,basecamp24.example,+47 920 32 093,15000.00,14,0.0,10,2015-12-11,true
1861,C-11861,Göteborg Turutstyr AB,,DEPARTMENT_STORE,SE,Göteborg,411 04,Industrivägen 26,SE074833166401,goteborg.turutstyr.example,+46 70 503 26 71,25000.00,30,5.0,10,2023-04-03,true
1862,C-11862,Vaara Fritid AS,,INDEPENDENT,NO,Lillehammer,2609,Torggata 64,NO828500432MVA,vaara.fritid.example,+47 931 62 975,10000.00,30,0.0,10,2024-09-18,true
1863,C-11863,Loiste Turutstyr Oy,,INDEPENDENT,FI,Joensuu,80100,Asemakatu 5,FI38853144,loiste.turutstyr.example,+358 40 957 4037,15000.00,60,0.0,8,2022-06-27,true
1864,C-11864,Kristiansand Friluft AS,,INDEPENDENT,NO,Kristiansand,4610,Torggata 32,NO030727453MVA,kristiansand.friluft.example,+47 963 51 609,40000.00,45,2.0,8,2026-02-03,true
1865,C-11865,Kero Sport & Fritid ApS,,INDEPENDENT,DK,Roskilde,4000,Havnevej 78,DK06453625,kero.sport.fritid.example,+45 71 06 32 63,40000.00,30,12.0,8,2023-01-03,true
1866,C-11866,Aurora Sport & Fritid GmbH,,INDEPENDENT,DE,Kiel,24103,Hafenstraße 15,DE101517695,aurora.sport.fritid.example,+49 40 1755903,100000.00,45,3.0,10,2016-05-15,true
1867,C-11867,Åre Scouts,,CLUB_OR_SCHOOL,SE,Åre,837 52,Järnvägsgatan 104,SE696871661101,are.scouts.example,+46 70 772 39 65,15000.00,30,0.0,8,2020-09-01,true
1868,C-11868,Alta Sports AS,,INDEPENDENT,NO,Alta,9510,Torggata 84,NO915787041MVA,alta.sports.example,+47 993 55 184,60000.00,30,0.0,9,2023-05-14,true
1869,C-11869,Loistestore AB,,ONLINE,SE,Örebro,702 11,Kungsgatan 65,SE476467389301,loistestore.example,+46 70 733 31 09,40000.00,45,0.0,8,2023-12-14,true
1870,C-11870,Kaamos Trekking ApS,,INDEPENDENT,DK,Aarhus,8000,Hovedgaden 41,DK19180702,kaamos.trekking.example,+45 47 06 92 90,40000.00,60,3.0,9,2018-05-22,true
1871,C-11871,Örebro Alpine Club,,CLUB_OR_SCHOOL,SE,Örebro,702 11,Industrivägen 104,SE256630192801,orebro.alpine.club.example,+46 70 159 66 04,40000.00,45,7.5,10,2015-07-25,true
1872,C-11872,Loiste Outfitters AB,,INDEPENDENT,SE,Göteborg,411 04,Storgatan 2,SE285244422101,loiste.outfitters.example,+46 70 910 29 75,100000.00,30,0.0,8,2021-02-02,true
1873,C-11873,Roskilde Fritid ApS,,INDEPENDENT,DK,Roskilde,4000,Hovedgaden 89,DK51809909,roskilde.fritid.example,+45 11 75 23 50,5000.00,45,5.0,10,2022-11-03,true
1874,C-11874,Umeå Retki AB,,INDEPENDENT,SE,Umeå,903 26,Norra Esplanaden 62,SE880196930701,umea.retki.example,+46 70 907 65 22,15000.00,30,0.0,10,2026-06-30,true
1875,C-11875,Kaamos Turutstyr AB,,INDEPENDENT,SE,Örebro,702 11,Norra Esplanaden 26,SE454280947501,kaamos.turutstyr.example,+46 70 878 20 34,10000.00,30,0.0,8,2017-07-21,true
1876,C-11876,Kokkola Sport Oy,,DEPARTMENT_STORE,FI,Kokkola,67100,Puistokatu 15,FI11529346,kokkola.sport.example,+358 40 380 9039,10000.00,45,7.5,9,2015-08-10,true
1877,C-11877,Skog Urheilu Oy,,INDEPENDENT,FI,Jyväskylä,40100,Asemakatu 117,FI94685424,skog.urheilu.example,+358 40 491 3262,10000.00,60,0.0,10,2017-10-29,true
1878,C-11878,Rakka Camping ApS,,INDEPENDENT,DK,Esbjerg,6700,Østergade 41,DK42763637,rakka.camping.example,+45 33 90 17 32,10000.00,14,5.0,10,2015-07-21,true
1879,C-11879,Tromsø Sport & Fritid AS,,DEPARTMENT_STORE,NO,Tromsø,9008,Storgata 14,NO575866739MVA,tromso.sport.fritid.example,+47 943 40 331,60000.00,14,5.0,9,2023-03-30,true
1880,C-11880,Tartu Adventure OÜ,,INDEPENDENT,EE,Tartu,51003,Tartu mnt 117,EE036131352,tartu.adventure.example,+372 5624 4495,100000.00,30,0.0,9,2021-04-15,true
1881,C-11881,Vinter Camping AB,,INDEPENDENT,SE,Malmö,211 20,Skolgatan 46,SE634683739501,vinter.camping.example,+46 70 915 77 87,40000.00,14,7.5,9,2026-06-17,true
1882,C-11882,Erä Urheilu ApS,,INDEPENDENT,DK,Esbjerg,6700,Østergade 40,DK22035827,era.urheilu.example,+45 91 68 43 96,5000.00,30,5.0,8,2015-03-12,true
1883,C-11883,Suvantogear ApS,,ONLINE,DK,Esbjerg,6700,Industrivej 12,DK92664117,suvantogear.example,+45 50 83 38 17,15000.00,45,2.0,8,2020-04-16,true
1884,C-11884,Tampere Alpine Club,,CLUB_OR_SCHOOL,FI,Tampere,33100,Yliopistonkatu 114,FI15197901,tampere.alpine.club.example,+358 40 463 1829,5000.00,30,10.0,9,2019-08-01,true
1885,C-11885,Bergström Urheilu AB,,INDEPENDENT,SE,Örebro,702 11,Hamngatan 35,SE761568811701,bergstrom.urheilu.example,+46 70 335 08 37,25000.00,60,5.0,9,2017-01-11,true
1886,C-11886,Tromsø Scouts,,CLUB_OR_SCHOOL,NO,Tromsø,9008,Torggata 69,NO041342737MVA,tromso.scouts.example,+47 946 41 699,15000.00,30,7.5,8,2016-06-20,true
1887,C-11887,Svensson Friluft AB,,DEPARTMENT_STORE,SE,Karlstad,652 24,Storgatan 51,SE793329578501,svensson.friluft.example,+46 70 033 43 01,5000.00,30,0.0,9,2018-07-27,true
1888,C-11888,Malmö Alpine Club,,CLUB_OR_SCHOOL,SE,Malmö,211 20,Skolgatan 96,SE795443912401,malmo.alpine.club.example,+46 70 039 91 23,40000.00,60,3.0,10,2018-07-26,true
1889,C-11889,Erä Sport & Fritid AB,,INDEPENDENT,SE,Göteborg,411 04,Hamngatan 88,SE294177213701,era.sport.fritid.example,+46 70 831 59 68,25000.00,14,0.0,9,2016-03-17,true
1890,C-11890,Compass Outdoor Oy,,INDEPENDENT,FI,Kuopio,70100,Mannerheimintie 38,FI85853687,compass.outdoor.example,+358 40 012 6677,5000.00,45,0.0,9,2019-01-29,false
1891,C-11891,Loiste24 Oy,,ONLINE,FI,Seinäjoki,60100,Hämeenkatu 32,FI26275461,loiste24.example,+358 40 875 8763,15000.00,30,0.0,8,2021-08-28,true
1892,C-11892,Kayak Outfitters ApS,,INDEPENDENT,DK,Esbjerg,6700,Havnevej 117,DK10976521,kayak.outfitters.example,+45 79 59 41 22,25000.00,45,3.0,8,2026-07-31,true
1893,C-11893,Gävle Urheilu AB,,DEPARTMENT_STORE,SE,Gävle,803 20,Industrivägen 38,SE401594477901,gavle.urheilu.example,+46 70 516 36 88,100000.00,30,2.0,9,2022-05-12,true
1894,C-11894,Compass24 AS,,ONLINE,NO,Bodø,8006,Havnegata 112,NO119658479MVA,compass24.example,+47 930 80 030,25000.00,45,12.0,10,2024-02-22,true
1895,C-11895,Selkä Adventure AB,,DEPARTMENT_STORE,SE,Falun,791 71,Skolgatan 19,SE395636155401,selka.adventure.example,+46 70 020 05 74,5000.00,30,0.0,9,2025-08-30,true
1896,C-11896,Kayak Camping AS,,INDEPENDENT,NO,Alta,9510,Torggata 11,NO372142193MVA,kayak.camping.example,+47 996 19 950,15000.00,30,5.0,10,2016-07-26,true
1897,C-11897,Falun Adventure AB,,INDEPENDENT,SE,Falun,791 71,Industrivägen 115,SE463535904301,falun.adventure.example,+46 70 561 53 11,100000.00,45,0.0,8,2020-12-30,true
1898,C-11898,Nietos Trekking AB,,INDEPENDENT,SE,Karlstad,652 24,Kungsgatan 51,SE394965657301,nietos.trekking.example,+46 70 712 59 50,15000.00,30,0.0,10,2026-07-24,true
1899,C-11899,Lakegear Oy,,ONLINE,FI,Hämeenlinna,13100,Teollisuustie 58,FI36439291,lakegear.example,+358 40 354 5217,60000.00,30,10.0,8,2023-04-16,true
1900,C-11900,Erä Camping Oy,,INDEPENDENT,FI,Vaasa,65100,Mannerheimintie 58,FI10343054,era.camping.example,+358 40 642 5746,15000.00,30,0.0,9,2026-05-31,true
1901,C-11901,Kristiansand Alpine Club,,CLUB_OR_SCHOOL,NO,Kristiansand,4610,Torggata 48,NO185428040MVA,kristiansand.alpine.club.example,+47 980 27 621,5000.00,60,3.0,10,2025-10-27,true
1902,C-11902,Aurora Urheilu AB,,INDEPENDENT,SE,Karlstad,652 24,Hamngatan 7,SE360420929101,aurora.urheilu.example,+46 70 586 00 40,60000.00,45,0.0,9,2018-09-26,true
1903,C-11903,Hamburg Alpine Club,,CLUB_OR_SCHOOL,DE,Hamburg,20095,Bergweg 83,DE432789926,hamburg.alpine.club.example,+49 40 7615015,100000.00,45,7.5,9,2018-12-31,true
1904,C-11904,Bodø Adventure AS,,INDEPENDENT,NO,Bodø,8006,Industriveien 58,NO424806022MVA,bodo.adventure.example,+47 950 13 530,100000.00,30,7.5,8,2024-03-02,true
1905,C-11905,Bodø Friluft AS,,INDEPENDENT,NO,Bodø,8006,Industriveien 110,NO121657776MVA,bodo.friluft.example,+47 962 50 813,10000.00,30,0.0,8,2022-01-30,true
1906,C-11906,Metsä Urheilu AS,,INDEPENDENT,NO,Bodø,8006,Havnegata 112,NO383203660MVA,metsa.urheilu.example,+47 983 87 198,25000.00,30,7.5,9,2018-05-05,true
1907,C-11907,Nygaard Urheilu AS,,INDEPENDENT,NO,Lillehammer,2609,Havnegata 111,NO745511744MVA,nygaard.urheilu.example,+47 930 69 793,5000.00,30,10.0,9,2020-08-23,true
1908,C-11908,Metsä Trekking Oy,,INDEPENDENT,FI,Lahti,15100,Mannerheimintie 76,FI65550566,metsa.trekking.example,+358 40 666 6669,40000.00,60,10.0,10,2023-01-11,true
1909,C-11909,Lake Fritid ApS,,INDEPENDENT,DK,Roskilde,4000,Industrivej 56,DK50953125,lake.fritid.example,+45 71 44 87 53,25000.00,14,10.0,10,2025-02-02,true
1910,C-11910,Fjord Urheilu Oy,,DEPARTMENT_STORE,FI,Hämeenlinna,13100,Asemakatu 46,FI75049897,fjord.urheilu.example,+358 40 281 5067,60000.00,14,10.0,8,2026-06-27,true
1911,C-11911,Gävle Outfitters AB,,INDEPENDENT,SE,Gävle,803 20,Skolgatan 35,SE636517357001,gavle.outfitters.example,+46 70 236 56 26,100000.00,14,12.0,8,2025-06-21,true
1912,C-11912,Sundsvall Rental AB,,RENTAL_OUTFITTER,SE,Sundsvall,852 30,Hamngatan 25,SE402689100001,sundsvall.rental.example,+46 70 079 31 63,40000.00,14,0.0,8,2025-08-26,true
1913,C-11913,Metsästore Oy,,ONLINE,FI,Helsinki,00100,Asemakatu 4,FI64098640,metsastore.example,+358 40 974 0171,40000.00,60,5.0,8,2018-05-06,true
1914,C-11914,Ridge Sports AB,,INDEPENDENT,SE,Sundsvall,852 30,Storgatan 116,SE223211926001,ridge.sports.example,+46 70 587 91 36,40000.00,45,10.0,9,2015-12-24,true
1915,C-11915,Nietos Outdoor AB,,INDEPENDENT,SE,Göteborg,411 04,Industrivägen 94,SE493062675001,nietos.outdoor.example,+46 70 060 74 55,100000.00,30,2.0,10,2026-06-11,true
1916,C-11916,Kalotti24 AS,,ONLINE,NO,Oslo,0150,Storgata 61,NO317232447MVA,kalotti24.example,+47 958 84 871,5000.00,45,0.0,9,2021-05-31,true
1917,C-11917,Örebro Sport & Fritid AB,,DEPARTMENT_STORE,SE,Örebro,702 11,Skolgatan 58,SE405973311201,orebro.sport.fritid.example,+46 70 508 66 07,15000.00,60,10.0,10,2020-05-19,true
1918,C-11918,Kalotti Urheilu AS,,INDEPENDENT,NO,Stavanger,4006,Havnegata 94,NO102969121MVA,kalotti.urheilu.example,+47 979 20 330,100000.00,45,7.5,9,2021-06-26,true
1919,C-11919,Ridgegear Oy,,ONLINE,FI,Joensuu,80100,Kauppakatu 28,FI82337105,ridgegear.example,+358 40 082 3274,25000.00,60,0.0,10,2016-01-27,true
1920,C-11920,Jyväskylä Fritid Oy,,INDEPENDENT,FI,Jyväskylä,40100,Rantatie 50,FI00863204,jyvaskyla.fritid.example,+358 40 363 4352,60000.00,30,7.5,9,2020-04-23,true
1921,C-11921,Kristiansand Hiking Association,,CLUB_OR_SCHOOL,NO,Kristiansand,4610,Havnegata 71,NO335749929MVA,kristiansand.hiking.association.example,+47 907 76 049,40000.00,30,2.0,9,2019-11-27,true
1922,C-11922,Göteborg Camping AB,,INDEPENDENT,SE,Göteborg,411 04,Drottninggatan 47,SE440544970201,goteborg.camping.example,+46 70 267 02 77,60000.00,45,0.0,10,2021-01-09,true
1923,C-11923,Sundsvall Trekking AB,,INDEPENDENT,SE,Sundsvall,852 30,Kungsgatan 80,SE111961864001,sundsvall.trekking.example,+46 70 674 43 27,40000.00,60,10.0,9,2024-02-16,true
1924,C-11924,Odense Sport ApS,,INDEPENDENT,DK,Odense,5000,Østergade 70,DK52529616,odense.sport.example,+45 43 06 29 01,25000.00,30,3.0,10,2019-04-14,true
1925,C-11925,Metsä24 ApS,,ONLINE,DK,Copenhagen,1050,Østergade 86,DK30500407,metsa24.example,+45 80 60 38 67,10000.00,30,10.0,10,2026-03-04,true
1926,C-11926,Rovaniemi Retki Oy,,INDEPENDENT,FI,Rovaniemi,96100,Rantatie 109,FI16251846,rovaniemi.retki.example,+358 40 251 2502,5000.00,30,3.0,9,2021-12-19,true
1927,C-11927,Berlin Alpine Club,,CLUB_OR_SCHOOL,DE,Berlin,10115,Hafenstraße 55,DE806732592,berlin.alpine.club.example,+49 40 8925353,10000.00,60,3.0,8,2025-09-10,true
1928,C-11928,Aurora Sport AS,,INDEPENDENT,NO,Tromsø,9008,Fjellveien 119,NO407757279MVA,aurora.sport.example,+47 992 35 142,15000.00,30,5.0,9,2018-05-29,true
1929,C-11929,Vaarashop AB,,ONLINE,SE,Åre,837 52,Kungsgatan 92,SE175231059201,vaarashop.example,+46 70 147 43 96,10000.00,60,3.0,9,2018-08-09,true
1930,C-11930,Bergen Camping AS,,INDEPENDENT,NO,Bergen,5003,Strandveien 4,NO916517943MVA,bergen.camping.example,+47 955 19 505,15000.00,14,5.0,9,2017-07-23,true
1931,C-11931,Tampere Guides Oy,,RENTAL_OUTFITTER,FI,Tampere,33100,Yliopistonkatu 46,FI92078498,tampere.guides.example,+358 40 319 2317,60000.00,30,5.0,10,2016-03-13,true
1932,C-11932,Trail Camping AB,,INDEPENDENT,SE,Göteborg,411 04,Järnvägsgatan 20,SE817866389401,trail.camping.example,+46 70 402 37 26,40000.00,60,5.0,8,2020-08-03,true
1933,C-11933,Lakestore AB,,ONLINE,SE,Kiruna,981 31,Fjällvägen 57,SE092133688201,lakestore.example,+46 70 289 39 38,5000.00,30,0.0,9,2024-06-24,true
1934,C-11934,Hiker's Fritid ApS,,INDEPENDENT,DK,Aalborg,9000,Skolevej 49,DK75226672,hikers.fritid.example,+45 38 13 96 66,10000.00,45,10.0,9,2017-04-16,true
1935,C-11935,Kokkola Outfitters Oy,,INDEPENDENT,FI,Kokkola,67100,Teollisuustie 56,FI14005983,kokkola.outfitters.example,+358 40 522 6682,25000.00,30,5.0,9,2022-07-17,true
1936,C-11936,Fjord Sport & Fritid AB,,INDEPENDENT,SE,Uppsala,753 10,Järnvägsgatan 111,SE912781217601,fjord.sport.fritid.example,+46 70 114 21 48,5000.00,30,2.0,8,2018-11-03,true
1937,C-11937,Vinterstore Oy,,ONLINE,FI,Kuusamo,93600,Keskuskatu 44,FI87122754,vinterstore.example,+358 40 042 2029,100000.00,45,7.5,9,2017-11-29,true
1938,C-11938,Suvanto Friluft AB,,INDEPENDENT,SE,Göteborg,411 04,Norra Esplanaden 101,SE914064185701,suvanto.friluft.example,+46 70 455 64 10,40000.00,45,2.0,10,2026-05-05,true
1939,C-11939,Aapashop GmbH,,ONLINE,DE,Berlin,10115,Hauptstraße 89,DE851733817,aapashop.example,+49 40 3196805,100000.00,45,5.0,10,2024-05-22,true
1940,C-11940,Suvanto Camping AS,,INDEPENDENT,NO,Kristiansand,4610,Torggata 118,NO112318934MVA,suvanto.camping.example,+47 903 42 160,10000.00,30,0.0,8,2022-08-24,true
1941,C-11941,Lake Retki AS,,INDEPENDENT,NO,Trondheim,7010,Storgata 27,NO480130629MVA,lake.retki.example,+47 958 04 006,25000.00,14,10.0,8,2021-05-29,true
1942,C-11942,Hamar Outfitters AS,,INDEPENDENT,NO,Hamar,2317,Kirkegata 118,NO619312631MVA,hamar.outfitters.example,+47 942 83 123,5000.00,30,7.5,9,2022-08-23,true
1943,C-11943,Göteborg Rental AB,,RENTAL_OUTFITTER,SE,Göteborg,411 04,Järnvägsgatan 86,SE580446098401,goteborg.rental.example,+46 70 959 35 53,5000.00,30,0.0,10,2017-08-08,true
1944,C-11944,Esbjerg Scouts,,CLUB_OR_SCHOOL,DK,Esbjerg,6700,Hovedgaden 42,DK13458297,esbjerg.scouts.example,+45 39 30 40 08,10000.00,30,0.0,8,2026-05-16,true
1945,C-11945,Fjord Retki AS,,DEPARTMENT_STORE,NO,Alta,9510,Industriveien 41,NO089500762MVA,fjord.retki.example,+47 918 58 745,25000.00,30,10.0,9,2021-08-19,true
1946,C-11946,Ruska Sport & Fritid ApS,,INDEPENDENT,DK,Roskilde,4000,Østergade 27,DK26161888,ruska.sport.fritid.example,+45 70 05 70 51,25000.00,30,3.0,9,2017-07-02,true
1947,C-11947,Aho Friluft Oy,,INDEPENDENT,FI,Helsinki,00100,Keskuskatu 92,FI03948925,aho.friluft.example,+358 40 112 9040,15000.00,30,3.0,9,2026-06-18,true
1948,C-11948,Keroshop AS,,ONLINE,NO,Kristiansand,4610,Storgata 63,NO995328706MVA,keroshop.example,+47 912 01 166,100000.00,14,7.5,10,2016-03-18,true
1949,C-11949,Oulu Trekking Oy,,INDEPENDENT,FI,Oulu,90100,Yliopistonkatu 38,FI60575931,oulu.trekking.example,+358 40 805 8393,60000.00,30,0.0,10,2024-06-10,true
1950,C-11950,Vaara Outdoor AS,,INDEPENDENT,NO,Bodø,8006,Torggata 31,NO432457276MVA,vaara.outdoor.example,+47 943 54 921,60000.00,30,5.0,8,2021-08-22,true
1951,C-11951,Kayakstore Oy,,ONLINE,FI,Kuusamo,93600,Rantatie 87,FI79418911,kayakstore.example,+358 40 813 3386,10000.00,14,3.0,9,2016-10-06,true
1952,C-11952,Skog Urheilu AS,,DEPARTMENT_STORE,NO,Lillehammer,2609,Havnegata 63,NO557637319MVA,skog.urheilu.example,+47 965 60 597,10000.00,14,5.0,9,2025-11-03,true
1953,C-11953,Kayak Sport & Fritid Oy,,INDEPENDENT,FI,Jyväskylä,40100,Puistokatu 109,FI97763384,kayak.sport.fritid.example,+358 40 574 3103,10000.00,30,3.0,10,2023-03-15,true
1954,C-11954,Selkä Sports AS,,INDEPENDENT,NO,Kristiansand,4610,Fjellveien 42,NO725100423MVA,selka.sports.example,+47 973 83 327,40000.00,60,0.0,10,2019-12-25,true
1955,C-11955,Vaara Sport & Fritid AB,,INDEPENDENT,SE,Kiruna,981 31,Norra Esplanaden 107,SE199247916501,vaara.sport.fritid.example,+46 70 892 15 71,100000.00,45,0.0,8,2023-08-01,true
1956,C-11956,Karlstad Outdoor School,,CLUB_OR_SCHOOL,SE,Karlstad,652 24,Hamngatan 30,SE227251621401,karlstad.outdoor.school.example,+46 70 065 07 66,40000.00,45,12.0,10,2024-08-12,true
1957,C-11957,Roskilde Sport & Fritid ApS,,INDEPENDENT,DK,Roskilde,4000,Havnevej 101,DK45947370,roskilde.sport.fritid.example,+45 24 34 81 22,40000.00,14,10.0,10,2024-02-11,true
1958,C-11958,Nietosstore Oy,,ONLINE,FI,Kuopio,70100,Rantatie 84,FI55955157,nietosstore.example,+358 40 299 7974,60000.00,14,5.0,9,2017-08-17,true
1959,C-11959,Gävle Trekking AB,,INDEPENDENT,SE,Gävle,803 20,Järnvägsgatan 94,SE632661648201,gavle.trekking.example,+46 70 410 24 95,5000.00,45,0.0,9,2026-01-12,true
1960,C-11960,Kayak Outdoor Oy,,INDEPENDENT,FI,Kokkola,67100,Keskuskatu 41,FI86383941,kayak.outdoor.example,+358 40 780 7905,100000.00,30,0.0,8,2024-07-05,true
1961,C-11961,Kayak Sports Oy,,DEPARTMENT_STORE,FI,Turku,20100,Rantatie 76,FI99973101,kayak.sports.example,+358 40 586 8877,100000.00,14,2.0,9,2025-11-23,true
1962,C-11962,Lake Outdoor AS,,INDEPENDENT,NO,Bergen,5003,Skoleveien 116,NO034135313MVA,lake.outdoor.example,+47 901 77 886,40000.00,45,3.0,8,2018-01-24,true
1963,C-11963,Selkä Friluft ApS,,INDEPENDENT,DK,Aarhus,8000,Skolevej 107,DK28657712,selka.friluft.example,+45 09 08 23 83,100000.00,45,0.0,9,2021-10-02,true
1964,C-11964,Esbjerg Rental ApS,,RENTAL_OUTFITTER,DK,Esbjerg,6700,Nørregade 113,DK76225666,esbjerg.rental.example,+45 96 57 48 04,25000.00,60,5.0,10,2016-02-19,true
1965,C-11965,Vidde24 Oy,,ONLINE,FI,Oulu,90100,Keskuskatu 75,FI42208894,vidde24.example,+358 40 940 5867,60000.00,60,12.0,9,2022-05-10,true
1966,C-11966,Kayak Trekking ApS,,INDEPENDENT,DK,Esbjerg,6700,Nørregade 71,DK72727698,kayak.trekking.example,+45 81 35 53 77,60000.00,60,10.0,10,2018-07-14,true
1967,C-11967,Pärnu Adventures OÜ,,RENTAL_OUTFITTER,EE,Pärnu,80010,Sadama tn 91,EE741519306,parnu.adventures.example,+372 5110 6386,40000.00,60,0.0,10,2019-02-01,true
1968,C-11968,Arcticshop GmbH,,ONLINE,DE,Munich,80331,Am Markt 7,DE090339206,arcticshop.example,+49 40 1540233,10000.00,14,12.0,8,2024-01-22,true
1969,C-11969,Vaara Urheilu Oy,,DEPARTMENT_STORE,FI,Kuusamo,93600,Rantatie 60,FI35153145,vaara.urheilu.example,+358 40 527 0308,60000.00,45,0.0,9,2018-05-12,true
1970,C-11970,Gävle Hiking Association,,CLUB_OR_SCHOOL,SE,Gävle,803 20,Järnvägsgatan 28,SE763347605501,gavle.hiking.association.example,+46 70 710 02 51,25000.00,60,0.0,8,2025-03-07,true
1971,C-11971,Berg Friluft AS,,INDEPENDENT,NO,Bergen,5003,Industriveien 54,NO264813520MVA,berg.friluft.example,+47 924 03 335,100000.00,30,5.0,10,2018-12-26,true
1972,C-11972,Vaaragear ApS,,ONLINE,DK,Aalborg,9000,Østergade 32,DK06025020,vaaragear.example,+45 83 70 65 38,25000.00,45,7.5,10,2024-06-21,true
1973,C-11973,Tartu Rental OÜ,,RENTAL_OUTFITTER,EE,Tartu,51003,Kooli tn 97,EE289213216,tartu.rental.example,+372 5500 4449,25000.00,14,5.0,8,2026-06-09,true
1974,C-11974,Kallio Friluft Oy,,INDEPENDENT,FI,Espoo,02100,Teollisuustie 50,FI13436954,kallio.friluft.example,+358 40 113 3197,60000.00,60,5.0,8,2023-12-04,true
1975,C-11975,Hiker's Turutstyr AB,,INDEPENDENT,SE,Malmö,211 20,Skolgatan 19,SE784240873901,hikers.turutstyr.example,+46 70 190 05 99,25000.00,60,0.0,10,2026-03-05,true
1976,C-11976,Umeå Sport AB,,INDEPENDENT,SE,Umeå,903 26,Industrivägen 118,SE671954122001,umea.sport.example,+46 70 455 64 54,60000.00,14,5.0,8,2026-03-05,true
1977,C-11977,Ridge Urheilu AS,,INDEPENDENT,NO,Bergen,5003,Skoleveien 46,NO438822874MVA,ridge.urheilu.example,+47 917 72 327,25000.00,14,3.0,8,2019-02-20,true
1978,C-11978,Lindberg Urheilu AB,,INDEPENDENT,SE,Örebro,702 11,Drottninggatan 87,SE648296632701,lindberg.urheilu.example,+46 70 990 91 29,10000.00,45,0.0,10,2015-01-14,false
1979,C-11979,Compass Urheilu GmbH,,INDEPENDENT,DE,Kiel,24103,Bahnhofstraße 2,DE864334065,compass.urheilu.example,+49 40 0819255,10000.00,60,12.0,8,2018-12-22,true
1980,C-11980,Vuoma Sport & Fritid Oy,,DEPARTMENT_STORE,FI,Oulu,90100,Kauppakatu 1,FI49080853,vuoma.sport.fritid.example,+358 40 564 6573,10000.00,60,0.0,10,2024-09-24,true
1981,C-11981,Jyväskylä Adventures Oy,,RENTAL_OUTFITTER,FI,Jyväskylä,40100,Hämeenkatu 66,FI46991003,jyvaskyla.adventures.example,+358 40 279 8505,5000.00,14,10.0,9,2017-07-26,true
1982,C-11982,Suvanto Urheilu Oy,,INDEPENDENT,FI,Hämeenlinna,13100,Puistokatu 71,FI41126832,suvanto.urheilu.example,+358 40 463 2275,60000.00,30,12.0,9,2017-06-12,true
1983,C-11983,Polar Outdoor AS,,INDEPENDENT,NO,Oslo,0150,Torggata 60,NO100989870MVA,polar.outdoor.example,+47 919 32 578,60000.00,14,5.0,8,2022-04-04,true
1984,C-11984,Uppsala Trekking AB,,INDEPENDENT,SE,Uppsala,753 10,Hamngatan 115,SE772506117401,uppsala.trekking.example,+46 70 984 19 41,15000.00,30,5.0,8,2026-02-02,true
1985,C-11985,Hämeenlinna Expeditions Oy,,RENTAL_OUTFITTER,FI,Hämeenlinna,13100,Rantatie 76,FI33350325,hameenlinna.expeditions.example,+358 40 357 1151,15000.00,60,5.0,10,2022-06-05,true
1986,C-11986,Kerostore Oy,,ONLINE,FI,Seinäjoki,60100,Rantatie 17,FI88807399,kerostore.example,+358 40 993 9614,25000.00,30,5.0,9,2018-11-23,true
1987,C-11987,Kaira Trekking ApS,,INDEPENDENT,DK,Kolding,6000,Vestergade 44,DK65181824,kaira.trekking.example,+45 89 64 23 04,40000.00,30,12.0,9,2024-07-02,true
1988,C-11988,Fjord24 OÜ,,ONLINE,EE,Tartu,51003,Sadama tn 1,EE045310411,fjord24.example,+372 5319 3523,10000.00,30,12.0,10,2017-07-01,false
1989,C-11989,Helsinki Trekking Oy,,INDEPENDENT,FI,Helsinki,00100,Hämeenkatu 114,FI71206050,helsinki.trekking.example,+358 40 427 9140,25000.00,30,7.5,8,2018-02-06,true
1990,C-11990,Aalborg Scouts,,CLUB_OR_SCHOOL,DK,Aalborg,9000,Havnevej 38,DK50686785,aalborg.scouts.example,+45 87 44 95 33,5000.00,45,12.0,9,2018-08-31,true
1991,C-11991,Loiste Outdoor AB,,INDEPENDENT,SE,Umeå,903 26,Kungsgatan 112,SE128962353901,loiste.outdoor.example,+46 70 103 16 89,15000.00,45,12.0,8,2026-04-09,true
1992,C-11992,Aapa Camping Oy,,INDEPENDENT,FI,Jyväskylä,40100,Puistokatu 39,FI55343850,aapa.camping.example,+358 40 736 2322,25000.00,14,5.0,8,2018-09-14,true
1993,C-11993,Vuoma Friluft AS,,INDEPENDENT,NO,Hamar,2317,Skoleveien 74,NO060035930MVA,vuoma.friluft.example,+47 950 96 128,15000.00,45,12.0,10,2024-08-21,true
1994,C-11994,Heikkinen Urheilu Oy,,INDEPENDENT,FI,Espoo,02100,Mannerheimintie 49,FI19721911,heikkinen.urheilu.example,+358 40 761 2936,5000.00,30,5.0,9,2017-12-25,true
1995,C-11995,Basecamp Adventure ApS,,INDEPENDENT,DK,Esbjerg,6700,Industrivej 32,DK70231329,basecamp.adventure.example,+45 35 94 15 89,100000.00,45,2.0,10,2018-01-16,false
1996,C-11996,Vinter Trekking GmbH,,INDEPENDENT,DE,Berlin,10115,Am Markt 90,DE050955903,vinter.trekking.example,+49 40 8437517,100000.00,30,3.0,9,2019-11-19,true
1997,C-11997,Tallinn Sport & Fritid OÜ,,DEPARTMENT_STORE,EE,Tallinn,10111,Kooli tn 39,EE892506407,tallinn.sport.fritid.example,+372 5216 5008,25000.00,60,10.0,10,2019-02-07,true
1998,C-11998,Fjäll Fritid AS,,INDEPENDENT,NO,Ålesund,6002,Fjellveien 66,NO674694554MVA,fjall.fritid.example,+47 969 88 277,10000.00,30,3.0,10,2019-03-22,true
1999,C-11999,Viddestore ApS,,ONLINE,DK,Odense,5000,Nørregade 72,DK97674264,viddestore.example,+45 03 57 09 60,60000.00,60,5.0,8,2020-04-05,true
2000,C-12000,Trail Adventure ApS,,INDEPENDENT,DK,Kolding,6000,Hovedgaden 92,DK59909090,trail.adventure.example,+45 76 19 59 79,100000.00,30,7.5,10,2022-01-02,true
2001,C-12001,Erä Retki AB,,INDEPENDENT,SE,Gävle,803 20,Storgatan 114,SE842352443401,era.retki.example,+46 70 608 85 89,15000.00,14,5.0,10,2016-02-21,true
2002,C-12002,Kaamos Sports Oy,,INDEPENDENT,FI,Espoo,02100,Hämeenkatu 120,FI02994884,kaamos.sports.example,+358 40 359 7443,10000.00,60,2.0,8,2019-04-24,true
2003,C-12003,Aurora Adventure AB,,INDEPENDENT,SE,Umeå,903 26,Storgatan 89,SE214713114801,aurora.adventure.example,+46 70 109 62 58,100000.00,60,0.0,9,2022-08-15,true
2004,C-12004,Joensuu Outfitters Oy,,INDEPENDENT,FI,Joensuu,80100,Teollisuustie 62,FI60432340,joensuu.outfitters.example,+358 40 381 5643,5000.00,30,2.0,9,2023-12-14,true
2005,C-12005,Vidde Sport & Fritid Oy,,INDEPENDENT,FI,Vaasa,65100,Puistokatu 84,FI92706958,vidde.sport.fritid.example,+358 40 622 3247,100000.00,45,0.0,9,2022-06-04,true
2006,C-12006,Tallinn Friluft OÜ,,INDEPENDENT,EE,Tallinn,10111,Pärnu mnt 109,EE631212247,tallinn.friluft.example,+372 5611 3880,60000.00,30,5.0,10,2019-01-28,true
2007,C-12007,Kaira Outfitters ApS,,INDEPENDENT,DK,Kolding,6000,Vestergade 114,DK44916026,kaira.outfitters.example,+45 34 86 03 43,100000.00,45,0.0,10,2016-04-29,true
2008,C-12008,Aapastore AB,,ONLINE,SE,Sundsvall,852 30,Kungsgatan 55,SE334161754701,aapastore.example,+46 70 516 92 49,5000.00,30,0.0,10,2024-02-13,true
2009,C-12009,Selkä Urheilu AB,,INDEPENDENT,SE,Stockholm,111 20,Drottninggatan 57,SE736773248101,selka.urheilu.example,+46 70 579 04 63,25000.00,14,0.0,10,2020-01-15,true
2010,C-12010,Fjord Outfitters AB,,INDEPENDENT,SE,Karlstad,652 24,Industrivägen 82,SE446284357201,fjord.outfitters.example,+46 70 067 76 68,60000.00,30,5.0,8,2022-06-06,true
2011,C-12011,Seinäjoki Sport Oy,,INDEPENDENT,FI,Seinäjoki,60100,Mannerheimintie 96,FI00223060,seinajoki.sport.example,+358 40 707 1254,60000.00,30,5.0,10,2025-12-13,true
2012,C-12012,Aapa Sport & Fritid Oy,,INDEPENDENT,FI,Helsinki,00100,Teollisuustie 109,FI09625555,aapa.sport.fritid.example,+358 40 185 5204,15000.00,30,3.0,9,2015-03-02,true
2013,C-12013,Aapa Outdoor GmbH,,DEPARTMENT_STORE,DE,Kiel,24103,Hauptstraße 76,DE917170098,aapa.outdoor.example,+49 40 4337213,15000.00,30,10.0,8,2021-04-08,true
2014,C-12014,Erä Sport & Fritid Oy,,INDEPENDENT,FI,Kuusamo,93600,Puistokatu 26,FI80564763,era.sport.fritid.example,+358 40 373 6702,10000.00,14,12.0,8,2025-12-14,true
2015,C-12015,Loiste24 ApS,,ONLINE,DK,Aalborg,9000,Vestergade 71,DK34115244,loiste24.example,+45 14 46 02 98,100000.00,30,3.0,9,2024-07-01,false
2016,C-12016,Vinter Trekking Oy,,INDEPENDENT,FI,Kokkola,67100,Teollisuustie 5,FI56352287,vinter.trekking.example,+358 40 283 0526,25000.00,30,7.5,9,2017-07-30,true
2017,C-12017,Kalotti Turutstyr Oy,,INDEPENDENT,FI,Helsinki,00100,Torikatu 56,FI78373470,kalotti.turutstyr.example,+358 40 474 9898,40000.00,30,0.0,9,2018-09-20,true
2018,C-12018,Koskinen Urheilu Oy,,INDEPENDENT,FI,Seinäjoki,60100,Keskuskatu 111,FI10023553,koskinen.urheilu.example,+358 40 838 9230,15000.00,30,2.0,10,2024-07-09,false
2019,C-12019,Lillehammer Sport AS,,INDEPENDENT,NO,Lillehammer,2609,Storgata 109,NO108060059MVA,lillehammer.sport.example,+47 905 94 458,40000.00,14,3.0,9,2016-08-17,true
2020,C-12020,Tartu Urheilu OÜ,,INDEPENDENT,EE,Tartu,51003,Sadama tn 104,EE117718780,tartu.urheilu.example,+372 5416 6709,60000.00,14,0.0,9,2025-06-05,true
2021,C-12021,Forest Outdoor Oy,,INDEPENDENT,FI,Hämeenlinna,13100,Puistokatu 53,FI44774808,forest.outdoor.example,+358 40 822 1977,5000.00,60,0.0,10,2020-12-07,false
2022,C-12022,Vuoma Retki AS,,INDEPENDENT,NO,Drammen,3015,Kirkegata 110,NO936984349MVA,vuoma.retki.example,+47 901 22 621,40000.00,30,2.0,8,2023-10-08,true
2023,C-12023,Kaira Adventure AB,,INDEPENDENT,SE,Umeå,903 26,Storgatan 48,SE888765245001,kaira.adventure.example,+46 70 036 67 02,15000.00,45,5.0,8,2018-06-28,true
2024,C-12024,Aarhus Sport & Fritid ApS,,INDEPENDENT,DK,Aarhus,8000,Skolevej 114,DK01635556,aarhus.sport.fritid.example,+45 44 49 28 91,10000.00,14,7.5,9,2026-02-21,true
2025,C-12025,Summit Sports Oy,,INDEPENDENT,FI,Kittilä,99100,Mannerheimintie 94,FI81111904,summit.sports.example,+358 40 014 4249,10000.00,14,3.0,9,2020-09-16,true
2026,C-12026,Oslo Scouts,,CLUB_OR_SCHOOL,NO,Oslo,0150,Skoleveien 64,NO398767960MVA,oslo.scouts.example,+47 918 45 654,5000.00,45,0.0,8,2024-12-31,true
2027,C-12027,Compass Sports AS,,INDEPENDENT,NO,Drammen,3015,Storgata 4,NO240002958MVA,compass.sports.example,+47 998 52 527,10000.00,30,3.0,8,2017-08-25,true
2028,C-12028,Arctic Friluft AB,,INDEPENDENT,SE,Örebro,702 11,Hamngatan 85,SE628877476701,arctic.friluft.example,+46 70 322 68 55,15000.00,30,0.0,10,2019-12-16,true
2029,C-12029,Nietos24 Oy,,ONLINE,FI,Helsinki,00100,Kauppakatu 11,FI24818667,nietos24.example,+358 40 200 6516,15000.00,45,2.0,9,2017-04-29,true
2030,C-12030,Odense Expeditions ApS,,RENTAL_OUTFITTER,DK,Odense,5000,Vestergade 107,DK77547049,odense.expeditions.example,+45 77 70 04 20,15000.00,30,12.0,10,2017-11-23,true
2031,C-12031,Odense Retki ApS,,INDEPENDENT,DK,Odense,5000,Havnevej 25,DK89948354,odense.retki.example,+45 01 64 36 66,60000.00,30,5.0,9,2021-04-01,true
2032,C-12032,Korhonen Outdoor Oy,,INDEPENDENT,FI,Kuopio,70100,Kauppakatu 85,FI13033147,korhonen.outdoor.example,+358 40 185 7858,60000.00,60,0.0,10,2025-03-25,true
2033,C-12033,Summit Sport AB,,DEPARTMENT_STORE,SE,Göteborg,411 04,Skolgatan 44,SE305785163501,summit.sport.example,+46 70 537 96 96,10000.00,45,5.0,10,2024-01-14,true
2034,C-12034,Turku Outdoor Oy,,INDEPENDENT,FI,Turku,20100,Yliopistonkatu 93,FI73550750,turku.outdoor.example,+358 40 951 6370,40000.00,30,0.0,9,2019-01-27,true
2035,C-12035,Kayakstore OÜ,,ONLINE,EE,Pärnu,80010,Kooli tn 105,EE081383317,kayakstore.example,+372 5462 1917,25000.00,30,7.5,9,2020-10-25,true
2036,C-12036,Kiruna Rental AB,,RENTAL_OUTFITTER,SE,Kiruna,981 31,Skolgatan 29,SE225666377901,kiruna.rental.example,+46 70 018 20 95,15000.00,45,0.0,9,2022-04-01,true
2037,C-12037,Basecamp Turutstyr Oy,,INDEPENDENT,FI,Kuusamo,93600,Kauppakatu 94,FI86499458,basecamp.turutstyr.example,+358 40 213 5669,10000.00,30,0.0,9,2015-02-13,true
2038,C-12038,Berlin Trekking GmbH,,INDEPENDENT,DE,Berlin,10115,Hafenstraße 83,DE474017653,berlin.trekking.example,+49 40 8846241,40000.00,30,2.0,10,2017-01-12,true
2039,C-12039,Trondheim Sport & Fritid AS,,INDEPENDENT,NO,Trondheim,7010,Skoleveien 39,NO863346819MVA,trondheim.sport.fritid.example,+47 993 75 807,100000.00,30,5.0,8,2018-04-03,true
2040,C-12040,Compass Trekking AB,,DEPARTMENT_STORE,SE,Luleå,972 31,Storgatan 92,SE541268473501,compass.trekking.example,+46 70 997 50 11,100000.00,60,0.0,9,2019-07-20,true
2041,C-12041,Kaamos Adventure AB,,INDEPENDENT,SE,Örebro,702 11,Storgatan 46,SE175115260801,kaamos.adventure.example,+46 70 626 84 74,5000.00,45,0.0,10,2015-09-10,true
2042,C-12042,Ruska Friluft AS,,INDEPENDENT,NO,Drammen,3015,Torggata 102,NO733309326MVA,ruska.friluft.example,+47 934 17 748,10000.00,14,0.0,10,2026-04-28,true
2043,C-12043,Summit Outfitters GmbH,,INDEPENDENT,DE,Hamburg,20095,Bergweg 60,DE477397174,summit.outfitters.example,+49 40 9221416,60000.00,60,12.0,9,2019-03-19,true
2044,C-12044,Basecamp Sports AS,,DEPARTMENT_STORE,NO,Hamar,2317,Torggata 97,NO011323839MVA,basecamp.sports.example,+47 938 01 263,15000.00,14,0.0,8,2019-08-01,true
2045,C-12045,Vaasa Rental Oy,,RENTAL_OUTFITTER,FI,Vaasa,65100,Hämeenkatu 112,FI07753299,vaasa.rental.example,+358 40 603 9414,15000.00,30,0.0,10,2020-12-23,true
2046,C-12046,Lake Sport & Fritid AB,,INDEPENDENT,SE,Karlstad,652 24,Industrivägen 93,SE739766019901,lake.sport.fritid.example,+46 70 570 91 37,10000.00,30,5.0,10,2026-06-18,true
2047,C-12047,Kolding Outdoor ApS,,INDEPENDENT,DK,Kolding,6000,Skolevej 52,DK42235422,kolding.outdoor.example,+45 73 57 07 16,40000.00,30,5.0,10,2026-05-27,true
2048,C-12048,Åre Turutstyr AB,,INDEPENDENT,SE,Åre,837 52,Järnvägsgatan 112,SE830475256801,are.turutstyr.example,+46 70 842 37 61,100000.00,45,2.0,10,2023-03-10,true
2049,C-12049,Niemi Outdoor Oy,,INDEPENDENT,FI,Turku,20100,Hämeenkatu 26,FI59700996,niemi.outdoor.example,+358 40 615 2234,15000.00,14,10.0,9,2021-12-05,true
2050,C-12050,Summit24 ApS,,ONLINE,DK,Aarhus,8000,Nørregade 119,DK48198748,summit24.example,+45 95 15 99 35,100000.00,60,5.0,8,2016-08-23,true
2051,C-12051,Uppsala Expeditions AB,,RENTAL_OUTFITTER,SE,Uppsala,753 10,Industrivägen 6,SE289268881301,uppsala.expeditions.example,+46 70 067 49 56,100000.00,30,5.0,10,2018-04-30,true
2052,C-12052,Polar Adventure AB,,DEPARTMENT_STORE,SE,Umeå,903 26,Kungsgatan 22,SE606393208601,polar.adventure.example,+46 70 028 49 07,5000.00,30,3.0,10,2017-02-01,true
2053,C-12053,Kayak Outfitters AB,,INDEPENDENT,SE,Örebro,702 11,Drottninggatan 41,SE177832091101,kayak.outfitters.example,+46 70 196 75 70,100000.00,30,0.0,8,2016-12-14,true
2054,C-12054,Ruskashop AB,,ONLINE,SE,Östersund,831 30,Norra Esplanaden 112,SE842026123101,ruskashop.example,+46 70 508 19 72,5000.00,30,0.0,8,2017-09-29,true
2055,C-12055,Gävle Sport AB,,INDEPENDENT,SE,Gävle,803 20,Industrivägen 52,SE942263581601,gavle.sport.example,+46 70 653 98 85,15000.00,30,0.0,8,2020-10-10,true
2056,C-12056,Vidde Friluft ApS,,INDEPENDENT,DK,Aalborg,9000,Nørregade 82,DK41021352,vidde.friluft.example,+45 77 30 25 73,25000.00,30,10.0,10,2023-08-03,true
2057,C-12057,Esbjerg Sports ApS,,INDEPENDENT,DK,Esbjerg,6700,Nørregade 65,DK84974265,esbjerg.sports.example,+45 52 20 91 42,15000.00,45,2.0,8,2015-08-19,true
2058,C-12058,Karlsen Friluft AS,,INDEPENDENT,NO,Oslo,0150,Skoleveien 52,NO473521768MVA,karlsen.friluft.example,+47 990 83 528,15000.00,30,0.0,9,2023-04-04,true
2059,C-12059,Basecamp Retki Oy,,INDEPENDENT,FI,Seinäjoki,60100,Mannerheimintie 45,FI27872449,basecamp.retki.example,+358 40 529 8502,15000.00,45,5.0,8,2024-02-12,true
2060,C-12060,Lahti Alpine Club,,CLUB_OR_SCHOOL,FI,Lahti,15100,Yliopistonkatu 106,FI57668221,lahti.alpine.club.example,+358 40 434 5578,15000.00,30,0.0,10,2023-04-17,true
2061,C-12061,Aapastore OÜ,,ONLINE,EE,Tartu,51003,Sadama tn 106,EE465814521,aapastore.example,+372 5837 0463,10000.00,60,0.0,9,2025-09-15,true
2062,C-12062,Kuusamo Turutstyr Oy,,INDEPENDENT,FI,Kuusamo,93600,Puistokatu 41,FI48123567,kuusamo.turutstyr.example,+358 40 120 9360,15000.00,30,3.0,9,2026-08-30,true
2063,C-12063,Arcticshop ApS,,ONLINE,DK,Kolding,6000,Nørregade 13,DK95174100,arcticshop.example,+45 95 18 18 17,100000.00,30,12.0,8,2017-05-17,false
2064,C-12064,Arctic Friluft GmbH,,INDEPENDENT,DE,Hamburg,20095,Bahnhofstraße 66,DE765511318,arctic.friluft.example,+49 40 9565894,40000.00,14,0.0,9,2020-02-17,false
2065,C-12065,Kayak24 Oy,,ONLINE,FI,Lahti,15100,Kauppakatu 80,FI40740001,kayak24.example,+358 40 411 7369,40000.00,30,10.0,9,2024-06-07,true
2066,C-12066,Vaaragear AB,,ONLINE,SE,Örebro,702 11,Skolgatan 116,SE685211320901,vaaragear.example,+46 70 722 70 36,40000.00,30,0.0,8,2020-01-01,true
2067,C-12067,Vaasa Outdoor Oy,,INDEPENDENT,FI,Vaasa,65100,Torikatu 5,FI86343544,vaasa.outdoor.example,+358 40 066 9809,15000.00,30,0.0,8,2024-11-13,true
2068,C-12068,Helsinki Outdoor School,,CLUB_OR_SCHOOL,FI,Helsinki,00100,Kauppakatu 81,FI11604344,helsinki.outdoor.school.example,+358 40 682 0379,10000.00,30,0.0,9,2025-01-04,true
2069,C-12069,Jensen Sport ApS,,DEPARTMENT_STORE,DK,Aalborg,9000,Havnevej 38,DK93439836,jensen.sport.example,+45 15 24 06 57,5000.00,30,7.5,8,2025-08-07,true
2070,C-12070,Sundsvall Hiking Association,,CLUB_OR_SCHOOL,SE,Sundsvall,852 30,Fjällvägen 16,SE402133411101,sundsvall.hiking.association.example,+46 70 320 62 22,15000.00,45,3.0,10,2021-12-16,true
2071,C-12071,Polarstore AS,,ONLINE,NO,Bodø,8006,Strandveien 23,NO210276787MVA,polarstore.example,+47 976 80 803,5000.00,30,2.0,8,2025-08-18,true
2072,C-12072,Turku Hiking Association,,CLUB_OR_SCHOOL,FI,Turku,20100,Hämeenkatu 108,FI22551581,turku.hiking.association.example,+358 40 299 6840,40000.00,60,10.0,8,2015-04-10,true
2073,C-12073,Sørensen Friluft ApS,,INDEPENDENT,DK,Odense,5000,Nørregade 4,DK56987490,sorensen.friluft.example,+45 11 45 96 39,100000.00,30,0.0,10,2025-06-30,true
2074,C-12074,Mägi Outdoor OÜ,,INDEPENDENT,EE,Tallinn,10111,Tartu mnt 63,EE252590607,magi.outdoor.example,+372 5783 5778,60000.00,30,5.0,10,2016-05-12,true
2075,C-12075,Kalotti Friluft AB,,DEPARTMENT_STORE,SE,Sundsvall,852 30,Järnvägsgatan 38,SE725982405301,kalotti.friluft.example,+46 70 395 62 21,100000.00,45,0.0,9,2019-01-10,true
2076,C-12076,Copenhagen Outdoor ApS,,INDEPENDENT,DK,Copenhagen,1050,Østergade 14,DK29429665,copenhagen.outdoor.example,+45 79 73 19 59,10000.00,30,0.0,9,2017-06-25,true
2077,C-12077,Åre Sports AB,,INDEPENDENT,SE,Åre,837 52,Hamngatan 64,SE056103018501,are.sports.example,+46 70 722 00 33,10000.00,30,10.0,9,2025-07-21,true
2078,C-12078,Roskilde Outdoor ApS,,INDEPENDENT,DK,Roskilde,4000,Østergade 14,DK85567478,roskilde.outdoor.example,+45 35 28 53 74,25000.00,14,10.0,10,2022-10-01,true
2079,C-12079,Aarhus Urheilu ApS,,INDEPENDENT,DK,Aarhus,8000,Skolevej 111,DK39514730,aarhus.urheilu.example,+45 89 09 14 78,10000.00,14,5.0,9,2025-08-11,true
2080,C-12080,Kero Outdoor AS,,DEPARTMENT_STORE,NO,Oslo,0150,Kirkegata 84,NO163034482MVA,kero.outdoor.example,+47 942 27 020,5000.00,30,3.0,9,2024-09-26,true
2081,C-12081,Åre Sport & Fritid AB,,INDEPENDENT,SE,Åre,837 52,Skolgatan 91,SE664837670401,are.sport.fritid.example,+46 70 903 26 55,40000.00,30,3.0,10,2025-10-02,true
2082,C-12082,Haugen Friluft AS,,INDEPENDENT,NO,Alta,9510,Torggata 56,NO475312023MVA,haugen.friluft.example,+47 920 41 640,15000.00,60,0.0,8,2024-06-19,true
2083,C-12083,Kolding Alpine Club,,CLUB_OR_SCHOOL,DK,Kolding,6000,Nørregade 119,DK05879091,kolding.alpine.club.example,+45 63 76 00 66,25000.00,14,12.0,9,2020-11-08,true
2084,C-12084,Aurora Sport ApS,,DEPARTMENT_STORE,DK,Aarhus,8000,Hovedgaden 23,DK25545551,aurora.sport.example,+45 87 81 35 80,60000.00,60,12.0,10,2022-01-19,true
2085,C-12085,Kittilä Alpine Club,,CLUB_OR_SCHOOL,FI,Kittilä,99100,Kauppakatu 46,FI61082535,kittila.alpine.club.example,+358 40 483 8938,5000.00,45,10.0,8,2019-03-09,true
2086,C-12086,Nordlys Sport & Fritid Oy,,INDEPENDENT,FI,Oulu,90100,Yliopistonkatu 74,FI94845491,nordlys.sport.fritid.example,+358 40 357 4271,15000.00,60,7.5,8,2026-06-23,true
2087,C-12087,Karlstad Sports AB,,INDEPENDENT,SE,Karlstad,652 24,Hamngatan 47,SE421274242701,karlstad.sports.example,+46 70 480 41 46,100000.00,30,0.0,8,2026-05-17,true
2088,C-12088,Fjäll Outfitters Oy,,INDEPENDENT,FI,Lahti,15100,Rantatie 2,FI31071286,fjall.outfitters.example,+358 40 641 9570,15000.00,45,0.0,10,2016-11-15,true
2089,C-12089,Vaara Urheilu AB,,INDEPENDENT,SE,Sundsvall,852 30,Hamngatan 71,SE846046345301,vaara.urheilu.example,+46 70 372 55 89,100000.00,30,0.0,9,2021-11-06,true
2090,C-12090,Erä Outdoor AB,,DEPARTMENT_STORE,SE,Malmö,211 20,Fjällvägen 76,SE032081883201,era.outdoor.example,+46 70 513 73 74,25000.00,14,3.0,9,2021-05-30,true
2091,C-12091,Erä Friluft GmbH,,INDEPENDENT,DE,Hamburg,20095,Bahnhofstraße 49,DE027299550,era.friluft.example,+49 40 0895736,5000.00,14,0.0,10,2019-04-25,true
2092,C-12092,Polar Sport & Fritid AS,,INDEPENDENT,NO,Tromsø,9008,Strandveien 69,NO846952370MVA,polar.sport.fritid.example,+47 927 14 721,60000.00,30,7.5,10,2017-12-17,true
2093,C-12093,Kaira Friluft AS,,INDEPENDENT,NO,Drammen,3015,Industriveien 116,NO495320150MVA,kaira.friluft.example,+47 938 45 447,40000.00,30,2.0,9,2021-09-10,false
2094,C-12094,Vaara Retki OÜ,,INDEPENDENT,EE,Pärnu,80010,Narva mnt 81,EE311134573,vaara.retki.example,+372 5969 9971,100000.00,30,5.0,8,2020-11-19,true
2095,C-12095,Aurora Camping Oy,,INDEPENDENT,FI,Kokkola,67100,Hämeenkatu 21,FI32216953,aurora.camping.example,+358 40 833 2240,5000.00,45,7.5,10,2019-03-16,true
2096,C-12096,Compassshop AB,,ONLINE,SE,Göteborg,411 04,Fjällvägen 29,SE063047114801,compassshop.example,+46 70 047 42 64,10000.00,30,5.0,8,2017-06-20,true
2097,C-12097,Oulu Camping Oy,,INDEPENDENT,FI,Oulu,90100,Mannerheimintie 66,FI95630810,oulu.camping.example,+358 40 876 3694,40000.00,14,10.0,8,2019-02-14,true
2098,C-12098,Larsen Friluft AS,,INDEPENDENT,NO,Ålesund,6002,Kirkegata 28,NO301477849MVA,larsen.friluft.example,+47 985 37 555,15000.00,14,7.5,8,2025-11-01,true
2099,C-12099,Nordlys Outdoor AS,,INDEPENDENT,NO,Trondheim,7010,Storgata 64,NO226510373MVA,nordlys.outdoor.example,+47 987 82 776,10000.00,45,5.0,9,2025-05-18,true
2100,C-12100,Fjordgear AB,,ONLINE,SE,Uppsala,753 10,Industrivägen 70,SE300977741401,fjordgear.example,+46 70 960 42 07,5000.00,60,10.0,9,2017-06-18,false
2101,C-12101,Selkä Fritid AS,,INDEPENDENT,NO,Trondheim,7010,Kirkegata 108,NO758033555MVA,selka.fritid.example,+47 976 40 731,15000.00,30,10.0,8,2015-04-26,true
2102,C-12102,Odense Alpine Club,,CLUB_OR_SCHOOL,DK,Odense,5000,Havnevej 51,DK72745526,odense.alpine.club.example,+45 46 93 42 31,15000.00,30,10.0,9,2026-02-17,true
2103,C-12103,Lake Camping AB,,INDEPENDENT,SE,Östersund,831 30,Industrivägen 3,SE872745217501,lake.camping.example,+46 70 138 26 60,100000.00,30,3.0,8,2022-06-25,true
2104,C-12104,Jørgensen Urheilu ApS,,INDEPENDENT,DK,Copenhagen,1050,Industrivej 41,DK29423117,jorgensen.urheilu.example,+45 35 28 30 46,25000.00,30,2.0,10,2023-12-28,true
2105,C-12105,Skog Sports AS,,INDEPENDENT,NO,Stavanger,4006,Strandveien 22,NO521217806MVA,skog.sports.example,+47 922 27 631,60000.00,45,10.0,10,2017-09-12,true
2106,C-12106,Loistegear AS,,ONLINE,NO,Stavanger,4006,Industriveien 30,NO072009999MVA,loistegear.example,+47 959 08 923,15000.00,14,10.0,8,2021-12-30,true
2107,C-12107,Arctic Friluft ApS,,INDEPENDENT,DK,Roskilde,4000,Havnevej 52,DK57495645,arctic.friluft.example,+45 35 56 32 49,60000.00,14,5.0,9,2016-11-24,true
2108,C-12108,Berlin Fritid GmbH,,INDEPENDENT,DE,Berlin,10115,Bergweg 95,DE095602441,berlin.fritid.example,+49 40 0186186,25000.00,60,2.0,8,2021-03-27,true
2109,C-12109,Trail Sport & Fritid AS,,INDEPENDENT,NO,Lillehammer,2609,Skoleveien 84,NO740072374MVA,trail.sport.fritid.example,+47 992 60 038,40000.00,60,5.0,9,2025-06-14,true
2110,C-12110,Falun Trekking AB,,INDEPENDENT,SE,Falun,791 71,Drottninggatan 64,SE061461124001,falun.trekking.example,+46 70 076 86 22,60000.00,45,5.0,9,2015-09-02,true
2111,C-12111,Skog Urheilu ApS,,INDEPENDENT,DK,Odense,5000,Hovedgaden 118,DK82715282,skog.urheilu.example,+45 83 21 69 05,60000.00,30,7.5,8,2017-12-20,true
2112,C-12112,Ruska Outfitters AS,,INDEPENDENT,NO,Bodø,8006,Industriveien 15,NO731808780MVA,ruska.outfitters.example,+47 955 73 358,5000.00,60,2.0,8,2022-05-15,true
2113,C-12113,Vaara Trekking ApS,,INDEPENDENT,DK,Odense,5000,Østergade 73,DK43400941,vaara.trekking.example,+45 42 74 67 64,25000.00,60,10.0,9,2023-10-18,true
2114,C-12114,Arctic Retki Oy,,INDEPENDENT,FI,Rovaniemi,96100,Mannerheimintie 94,FI22265942,arctic.retki.example,+358 40 025 3367,25000.00,30,0.0,9,2019-09-11,true
2115,C-12115,Kaamosshop GmbH,,ONLINE,DE,Flensburg,24937,Hauptstraße 51,DE782579658,kaamosshop.example,+49 40 8030073,40000.00,14,0.0,8,2017-10-15,true
2116,C-12116,Lahti Outdoor School,,CLUB_OR_SCHOOL,FI,Lahti,15100,Hämeenkatu 57,FI77571073,lahti.outdoor.school.example,+358 40 588 6057,40000.00,45,0.0,10,2023-12-22,true
2117,C-12117,Bodø Camping AS,,INDEPENDENT,NO,Bodø,8006,Kirkegata 14,NO136931382MVA,bodo.camping.example,+47 949 86 173,5000.00,30,7.5,9,2025-12-18,true
2118,C-12118,Polar Camping AS,,INDEPENDENT,NO,Trondheim,7010,Strandveien 71,NO742027361MVA,polar.camping.example,+47 943 80 967,5000.00,60,2.0,10,2021-08-30,true
2119,C-12119,Kaamos Sport & Fritid AS,,INDEPENDENT,NO,Alta,9510,Kirkegata 99,NO514363932MVA,kaamos.sport.fritid.example,+47 934 97 735,5000.00,60,5.0,9,2020-03-05,true
2120,C-12120,Summit Sport Oy,,INDEPENDENT,FI,Turku,20100,Asemakatu 91,FI57174212,summit.sport.example,+358 40 411 3629,10000.00,30,12.0,10,2018-06-13,true
2121,C-12121,Suvanto Sports AB,,INDEPENDENT,SE,Malmö,211 20,Kungsgatan 57,SE216313567101,suvanto.sports.example,+46 70 300 64 14,100000.00,30,12.0,10,2025-06-06,true
2122,C-12122,Östersund Outdoor AB,,INDEPENDENT,SE,Östersund,831 30,Hamngatan 60,SE222322530001,ostersund.outdoor.example,+46 70 240 08 79,25000.00,30,2.0,8,2025-09-27,true
2123,C-12123,Kiel Fritid GmbH,,INDEPENDENT,DE,Kiel,24103,Am Markt 26,DE697876653,kiel.fritid.example,+49 40 9898653,10000.00,30,3.0,9,2026-06-21,true
2124,C-12124,Dahl Friluft AS,,INDEPENDENT,NO,Stavanger,4006,Torggata 100,NO540757076MVA,dahl.friluft.example,+47 989 52 353,60000.00,30,0.0,9,2024-05-13,true
2125,C-12125,Skog Sport AS,,INDEPENDENT,NO,Lillehammer,2609,Fjellveien 9,NO540212213MVA,skog.sport.example,+47 999 11 191,10000.00,30,0.0,10,2024-12-01,true
2126,C-12126,Selkä Sport ApS,,INDEPENDENT,DK,Aalborg,9000,Industrivej 84,DK62247781,selka.sport.example,+45 05 75 49 32,10000.00,14,12.0,10,2018-06-14,true
2127,C-12127,Aho Urheilu Oy,,INDEPENDENT,FI,Helsinki,00100,Yliopistonkatu 1,FI76067344,aho.urheilu.example,+358 40 952 7118,5000.00,60,10.0,9,2019-08-10,true
2128,C-12128,Kero Sport & Fritid AS,,INDEPENDENT,NO,Kristiansand,4610,Fjellveien 116,NO033213630MVA,kero.sport.fritid.example,+47 991 37 840,100000.00,30,12.0,8,2026-05-10,true
2129,C-12129,Aarhus Adventure ApS,,DEPARTMENT_STORE,DK,Aarhus,8000,Hovedgaden 68,DK94984497,aarhus.adventure.example,+45 13 16 94 13,15000.00,45,0.0,9,2019-01-08,true
2130,C-12130,Kerostore AS,,ONLINE,NO,Alta,9510,Havnegata 56,NO136001914MVA,kerostore.example,+47 951 99 215,60000.00,60,3.0,10,2018-06-22,true
2131,C-12131,Stavanger Retki AS,,INDEPENDENT,NO,Stavanger,4006,Skoleveien 98,NO285443110MVA,stavanger.retki.example,+47 912 90 760,25000.00,30,7.5,8,2020-05-06,true
2132,C-12132,Nielsen Friluft ApS,,INDEPENDENT,DK,Kolding,6000,Hovedgaden 64,DK18628222,nielsen.friluft.example,+45 64 27 51 67,60000.00,30,2.0,10,2015-02-21,true
2133,C-12133,Rakkagear ApS,,ONLINE,DK,Odense,5000,Nørregade 92,DK97327290,rakkagear.example,+45 91 33 80 46,100000.00,30,5.0,10,2024-06-06,true
2134,C-12134,Loiste Adventure AB,,INDEPENDENT,SE,Luleå,972 31,Skolgatan 3,SE376149905701,loiste.adventure.example,+46 70 312 02 81,15000.00,60,0.0,8,2021-11-29,true
2135,C-12135,Rovaniemi Outfitters Oy,,INDEPENDENT,FI,Rovaniemi,96100,Hämeenkatu 108,FI96302779,rovaniemi.outfitters.example,+358 40 492 4304,10000.00,45,3.0,8,2026-01-22,true
2136,C-12136,Tromsø Trekking AS,,INDEPENDENT,NO,Tromsø,9008,Storgata 90,NO667446070MVA,tromso.trekking.example,+47 952 41 855,60000.00,30,0.0,10,2015-09-22,true
2137,C-12137,Kaira Fritid AS,,INDEPENDENT,NO,Stavanger,4006,Havnegata 49,NO940310933MVA,kaira.fritid.example,+47 944 86 608,100000.00,30,0.0,9,2015-02-08,true
2138,C-12138,Kalotti Turutstyr AS,,INDEPENDENT,NO,Lillehammer,2609,Kirkegata 59,NO183783967MVA,kalotti.turutstyr.example,+47 966 80 167,5000.00,30,7.5,8,2016-11-27,true
2139,C-12139,Lake Sport AB,,INDEPENDENT,SE,Stockholm,111 20,Fjällvägen 105,SE293835003501,lake.sport.example,+46 70 800 50 67,10000.00,30,0.0,9,2025-09-10,true
2140,C-12140,Erä Outfitters AS,,INDEPENDENT,NO,Ålesund,6002,Kirkegata 116,NO877102626MVA,era.outfitters.example,+47 957 97 436,5000.00,60,0.0,10,2016-01-27,true
2141,C-12141,Aapa Sport & Fritid ApS,,DEPARTMENT_STORE,DK,Kolding,6000,Nørregade 1,DK24697688,aapa.sport.fritid.example,+45 86 46 52 40,40000.00,14,0.0,8,2026-08-24,true
2142,C-12142,Suvanto Trekking AS,,DEPARTMENT_STORE,NO,Alta,9510,Strandveien 56,NO028751535MVA,suvanto.trekking.example,+47 993 18 503,60000.00,60,5.0,10,2015-07-01,true
2143,C-12143,Hämeenlinna Hiking Association,,CLUB_OR_SCHOOL,FI,Hämeenlinna,13100,Rantatie 76,FI98000103,hameenlinna.hiking.association.example,+358 40 494 7980,15000.00,30,12.0,8,2016-08-12,true
2144,C-12144,Nielsen Urheilu ApS,,DEPARTMENT_STORE,DK,Odense,5000,Hovedgaden 53,DK04086632,nielsen.urheilu.example,+45 06 00 69 79,25000.00,30,0.0,10,2024-02-27,true
2145,C-12145,Kayak Outdoor ApS,,INDEPENDENT,DK,Copenhagen,1050,Skolevej 56,DK16693603,kayak.outdoor.example,+45 71 93 84 16,40000.00,14,0.0,8,2021-01-04,true
2146,C-12146,Nietos Camping ApS,,INDEPENDENT,DK,Kolding,6000,Hovedgaden 25,DK20584044,nietos.camping.example,+45 29 04 99 38,10000.00,30,5.0,10,2018-03-01,true
2147,C-12147,Vinter Camping Oy,,INDEPENDENT,FI,Lahti,15100,Torikatu 38,FI11556134,vinter.camping.example,+358 40 119 6495,60000.00,14,2.0,8,2019-11-12,true
2148,C-12148,Becker Friluft GmbH,,DEPARTMENT_STORE,DE,Hamburg,20095,Hafenstraße 102,DE048734767,becker.friluft.example,+49 40 2872565,25000.00,30,0.0,10,2019-02-23,true
2149,C-12149,Vinter Fritid OÜ,,INDEPENDENT,EE,Tallinn,10111,Narva mnt 54,EE617500066,vinter.fritid.example,+372 5205 3130,10000.00,60,10.0,9,2025-10-27,false
2150,C-12150,Sundsvall Outdoor School,,CLUB_OR_SCHOOL,SE,Sundsvall,852 30,Industrivägen 16,SE713891578301,sundsvall.outdoor.school.example,+46 70 725 78 82,10000.00,45,0.0,10,2021-05-24,false
2151,C-12151,Compass Sports ApS,,INDEPENDENT,DK,Odense,5000,Industrivej 66,DK37629263,compass.sports.example,+45 35 32 00 92,5000.00,60,0.0,10,2015-07-27,true
2152,C-12152,Trail Adventure AS,,INDEPENDENT,NO,Hamar,2317,Industriveien 40,NO334455630MVA,trail.adventure.example,+47 932 49 153,100000.00,60,0.0,9,2019-12-11,true
2153,C-12153,Vuoma Trekking AS,,INDEPENDENT,NO,Hamar,2317,Industriveien 65,NO758128197MVA,vuoma.trekking.example,+47 931 72 582,100000.00,30,7.5,8,2026-06-28,true
2154,C-12154,Nordlys Sport Oy,,INDEPENDENT,FI,Lahti,15100,Teollisuustie 110,FI72228373,nordlys.sport.example,+358 40 693 1157,5000.00,14,0.0,8,2026-05-06,true
2155,C-12155,Ruskastore Oy,,ONLINE,FI,Vaasa,65100,Mannerheimintie 98,FI16208775,ruskastore.example,+358 40 662 0424,5000.00,30,10.0,10,2017-11-16,true
2156,C-12156,Ridge Fritid ApS,,INDEPENDENT,DK,Kolding,6000,Østergade 85,DK41539605,ridge.fritid.example,+45 50 50 13 05,60000.00,30,5.0,9,2018-07-14,true
2157,C-12157,Joensuu Sports Oy,,INDEPENDENT,FI,Joensuu,80100,Teollisuustie 6,FI53236810,joensuu.sports.example,+358 40 082 5353,15000.00,30,0.0,10,2020-12-20,true
2158,C-12158,Hiker's Friluft Oy,,INDEPENDENT,FI,Oulu,90100,Mannerheimintie 86,FI63809102,hikers.friluft.example,+358 40 232 5672,60000.00,60,7.5,9,2021-09-25,true
2159,C-12159,Compass Fritid ApS,,INDEPENDENT,DK,Copenhagen,1050,Nørregade 73,DK62985473,compass.fritid.example,+45 95 41 81 92,25000.00,30,0.0,9,2016-07-02,true
2160,C-12160,Kristiansand Retki AS,,INDEPENDENT,NO,Kristiansand,4610,Havnegata 27,NO361366182MVA,kristiansand.retki.example,+47 909 72 108,10000.00,60,12.0,9,2024-07-29,true
2161,C-12161,Hiker'sshop Oy,,ONLINE,FI,Seinäjoki,60100,Yliopistonkatu 82,FI83014490,hikersshop.example,+358 40 139 7653,40000.00,30,0.0,10,2026-08-04,true
2162,C-12162,Vidde Turutstyr AB,,INDEPENDENT,SE,Malmö,211 20,Hamngatan 52,SE876941099701,vidde.turutstyr.example,+46 70 080 51 83,25000.00,14,0.0,10,2015-09-10,false
2163,C-12163,Kaira Retki AB,,INDEPENDENT,SE,Luleå,972 31,Industrivägen 108,SE315476652901,kaira.retki.example,+46 70 725 74 42,25000.00,30,0.0,8,2017-10-01,true
2164,C-12164,Nordlysshop AS,,ONLINE,NO,Kristiansand,4610,Storgata 11,NO612154841MVA,nordlysshop.example,+47 987 23 509,25000.00,45,0.0,10,2019-07-15,true
2165,C-12165,Skog Turutstyr AS,,DEPARTMENT_STORE,NO,Kristiansand,4610,Torggata 53,NO318348587MVA,skog.turutstyr.example,+47 967 17 920,100000.00,60,3.0,10,2025-09-20,true
2166,C-12166,Jyväskylä Trekking Oy,,INDEPENDENT,FI,Jyväskylä,40100,Teollisuustie 95,FI58786316,jyvaskyla.trekking.example,+358 40 161 8157,5000.00,30,0.0,10,2026-05-27,true
2167,C-12167,Falun Camping AB,,INDEPENDENT,SE,Falun,791 71,Fjällvägen 54,SE177432431201,falun.camping.example,+46 70 014 62 64,25000.00,30,0.0,10,2019-09-10,true
2168,C-12168,Vuoma Sports AS,,INDEPENDENT,NO,Kristiansand,4610,Industriveien 4,NO050341455MVA,vuoma.sports.example,+47 912 13 169,100000.00,30,0.0,10,2022-03-28,true
2169,C-12169,Metsä Urheilu Oy,,INDEPENDENT,FI,Kuusamo,93600,Hämeenkatu 88,FI27319531,metsa.urheilu.example,+358 40 186 8944,25000.00,30,2.0,8,2020-07-06,true
2170,C-12170,Lake Adventure AB,,INDEPENDENT,SE,Kiruna,981 31,Drottninggatan 34,SE005687234401,lake.adventure.example,+46 70 246 61 50,40000.00,30,0.0,8,2022-05-04,true
2171,C-12171,Forest Turutstyr AS,,INDEPENDENT,NO,Kristiansand,4610,Strandveien 7,NO659998988MVA,forest.turutstyr.example,+47 928 99 781,10000.00,14,0.0,8,2018-12-28,true
2172,C-12172,Fjäll Turutstyr AB,,INDEPENDENT,SE,Östersund,831 30,Hamngatan 23,SE867337454201,fjall.turutstyr.example,+46 70 020 56 47,60000.00,30,12.0,8,2025-11-13,true
2173,C-12173,Fjäll Retki Oy,,INDEPENDENT,FI,Kokkola,67100,Kauppakatu 11,FI07242807,fjall.retki.example,+358 40 943 8218,25000.00,30,10.0,9,2017-08-15,true
2174,C-12174,Aurora Adventure Oy,,INDEPENDENT,FI,Kittilä,99100,Teollisuustie 3,FI29827811,aurora.adventure.example,+358 40 844 9525,40000.00,45,0.0,9,2015-12-15,true
2175,C-12175,Karlsen Urheilu AS,,INDEPENDENT,NO,Oslo,0150,Kirkegata 44,NO094182072MVA,karlsen.urheilu.example,+47 992 98 228,60000.00,30,5.0,8,2018-10-16,true
2176,C-12176,Arctic Adventure AB,,INDEPENDENT,SE,Malmö,211 20,Hamngatan 108,SE759340363601,arctic.adventure.example,+46 70 028 51 31,5000.00,30,0.0,9,2017-01-28,true
2177,C-12177,Mäkinen Outdoor Oy,,INDEPENDENT,FI,Lahti,15100,Mannerheimintie 79,FI58343032,makinen.outdoor.example,+358 40 582 3561,15000.00,30,7.5,10,2022-01-15,true
2178,C-12178,Malmö Turutstyr AB,,INDEPENDENT,SE,Malmö,211 20,Hamngatan 65,SE689443559401,malmo.turutstyr.example,+46 70 606 71 67,25000.00,60,0.0,10,2018-02-10,true
2179,C-12179,Hiker's Outdoor AS,,INDEPENDENT,NO,Stavanger,4006,Havnegata 7,NO497288011MVA,hikers.outdoor.example,+47 996 78 046,25000.00,30,3.0,9,2025-09-08,true
2180,C-12180,Bodø Rental AS,,RENTAL_OUTFITTER,NO,Bodø,8006,Strandveien 112,NO726797513MVA,bodo.rental.example,+47 904 71 989,10000.00,30,7.5,10,2015-08-30,true
2181,C-12181,Aho Sport Oy,,INDEPENDENT,FI,Jyväskylä,40100,Yliopistonkatu 87,FI68931038,aho.sport.example,+358 40 609 4915,15000.00,60,2.0,8,2020-10-18,true
2182,C-12182,Karlstad Camping AB,,INDEPENDENT,SE,Karlstad,652 24,Drottninggatan 101,SE249377715501,karlstad.camping.example,+46 70 605 29 76,15000.00,30,0.0,9,2025-02-24,false
2183,C-12183,Nietos Outfitters AS,,INDEPENDENT,NO,Oslo,0150,Storgata 119,NO049088319MVA,nietos.outfitters.example,+47 902 72 298,100000.00,45,10.0,9,2026-06-17,false
2184,C-12184,Kuusamo Trekking Oy,,INDEPENDENT,FI,Kuusamo,93600,Hämeenkatu 43,FI36378224,kuusamo.trekking.example,+358 40 375 3150,100000.00,60,2.0,9,2024-12-28,true
2185,C-12185,Hiker's Retki AB,,INDEPENDENT,SE,Östersund,831 30,Drottninggatan 117,SE338036180801,hikers.retki.example,+46 70 008 96 35,60000.00,30,0.0,8,2017-08-24,true
2186,C-12186,Odense Outdoor School,,CLUB_OR_SCHOOL,DK,Odense,5000,Vestergade 98,DK88835977,odense.outdoor.school.example,+45 99 96 22 64,60000.00,14,0.0,9,2019-09-22,true
2187,C-12187,Metsä Sport & Fritid AS,,DEPARTMENT_STORE,NO,Drammen,3015,Storgata 41,NO371346648MVA,metsa.sport.fritid.example,+47 963 19 898,100000.00,30,3.0,10,2015-03-31,true
2188,C-12188,Linköping Adventures AB,,RENTAL_OUTFITTER,SE,Linköping,582 22,Skolgatan 96,SE712982383301,linkoping.adventures.example,+46 70 371 96 90,100000.00,30,0.0,8,2021-06-05,true
2189,C-12189,Tallinn Sports OÜ,,INDEPENDENT,EE,Tallinn,10111,Pärnu mnt 20,EE487323182,tallinn.sports.example,+372 5104 7862,5000.00,30,0.0,10,2018-02-06,true
2190,C-12190,Seinäjoki Scouts,,CLUB_OR_SCHOOL,FI,Seinäjoki,60100,Torikatu 104,FI58942774,seinajoki.scouts.example,+358 40 907 7007,10000.00,60,7.5,8,2021-12-08,true
2191,C-12191,Kero24 ApS,,ONLINE,DK,Aalborg,9000,Nørregade 90,DK87280257,kero24.example,+45 77 48 08 28,10000.00,30,0.0,9,2019-04-22,true
2192,C-12192,Nordlys Turutstyr AB,,INDEPENDENT,SE,Uppsala,753 10,Järnvägsgatan 24,SE509425673401,nordlys.turutstyr.example,+46 70 764 88 24,5000.00,60,0.0,8,2019-02-13,true
2193,C-12193,Copenhagen Sports ApS,,INDEPENDENT,DK,Copenhagen,1050,Nørregade 55,DK47809266,copenhagen.sports.example,+45 14 94 78 77,100000.00,45,0.0,9,2021-09-28,true
2194,C-12194,Lake Sports ApS,,INDEPENDENT,DK,Aarhus,8000,Havnevej 87,DK43269476,lake.sports.example,+45 34 31 06 12,40000.00,30,2.0,9,2015-02-07,true
2195,C-12195,Keroshop ApS,,ONLINE,DK,Odense,5000,Industrivej 116,DK09132243,keroshop.example,+45 33 87 64 74,15000.00,30,3.0,9,2019-02-23,true
2196,C-12196,Metsä Retki AB,,INDEPENDENT,SE,Linköping,582 22,Storgatan 76,SE902014630501,metsa.retki.example,+46 70 826 40 28,5000.00,60,12.0,8,2026-09-01,true
2197,C-12197,Hiker'sstore AB,,ONLINE,SE,Malmö,211 20,Skolgatan 103,SE496399177701,hikersstore.example,+46 70 468 33 40,40000.00,30,5.0,8,2026-08-09,false
2198,C-12198,Sundsvall Scouts,,CLUB_OR_SCHOOL,SE,Sundsvall,852 30,Kungsgatan 10,SE739146100901,sundsvall.scouts.example,+46 70 362 64 05,60000.00,30,0.0,10,2024-06-14,true
2199,C-12199,Vuomashop ApS,,ONLINE,DK,Odense,5000,Skolevej 10,DK60545893,vuomashop.example,+45 07 65 83 56,25000.00,30,5.0,9,2019-12-28,true
2200,C-12200,Kaamosshop Oy,,ONLINE,FI,Tampere,33100,Yliopistonkatu 80,FI39198635,kaamosshop.example,+358 40 839 1732,10000.00,30,5.0,8,2026-02-28,true
2201,C-12201,Kjær Urheilu ApS,,INDEPENDENT,DK,Esbjerg,6700,Østergade 3,DK57937761,kjaer.urheilu.example,+45 77 68 13 04,40000.00,30,0.0,10,2024-08-08,true
2202,C-12202,Rovaniemi Adventure Oy,,INDEPENDENT,FI,Rovaniemi,96100,Teollisuustie 57,FI79484630,rovaniemi.adventure.example,+358 40 049 6263,100000.00,14,5.0,9,2025-05-23,true
2203,C-12203,Aalborg Outfitters ApS,,INDEPENDENT,DK,Aalborg,9000,Vestergade 78,DK23586386,aalborg.outfitters.example,+45 36 45 36 26,10000.00,14,12.0,8,2022-04-16,true
2204,C-12204,Falun Urheilu AB,,INDEPENDENT,SE,Falun,791 71,Fjällvägen 60,SE215189112401,falun.urheilu.example,+46 70 582 79 12,100000.00,30,10.0,8,2016-01-25,true
2205,C-12205,Kalotti Fritid GmbH,,INDEPENDENT,DE,Berlin,10115,Hauptstraße 29,DE366368330,kalotti.fritid.example,+49 40 0689303,100000.00,30,10.0,8,2018-01-24,true
2206,C-12206,Metsä Adventure AB,,DEPARTMENT_STORE,SE,Luleå,972 31,Hamngatan 8,SE403916151101,metsa.adventure.example,+46 70 783 42 44,25000.00,45,0.0,10,2019-08-03,true
2207,C-12207,Lake Turutstyr GmbH,,INDEPENDENT,DE,Hamburg,20095,Am Markt 4,DE683384317,lake.turutstyr.example,+49 40 6719148,15000.00,30,12.0,9,2025-10-01,true
2208,C-12208,Arctic Camping Oy,,INDEPENDENT,FI,Tampere,33100,Hämeenkatu 68,FI28661273,arctic.camping.example,+358 40 216 2978,100000.00,30,5.0,10,2020-04-06,true
2209,C-12209,Kaira Retki AS,,DEPARTMENT_STORE,NO,Lillehammer,2609,Havnegata 41,NO399918050MVA,kaira.retki.example,+47 983 21 335,60000.00,60,10.0,10,2026-08-30,true
2210,C-12210,Kittilä Retki Oy,,INDEPENDENT,FI,Kittilä,99100,Hämeenkatu 49,FI21255550,kittila.retki.example,+358 40 817 6722,60000.00,30,2.0,9,2021-07-30,true
2211,C-12211,Forest Adventure Oy,,INDEPENDENT,FI,Espoo,02100,Yliopistonkatu 26,FI42316278,forest.adventure.example,+358 40 317 6585,25000.00,30,2.0,9,2021-02-25,true
2212,C-12212,Malmö Camping AB,,INDEPENDENT,SE,Malmö,211 20,Kungsgatan 102,SE466636924801,malmo.camping.example,+46 70 359 41 64,25000.00,30,5.0,8,2024-04-30,true
2213,C-12213,Basecamp24 Oy,,ONLINE,FI,Rovaniemi,96100,Puistokatu 2,FI80510674,basecamp24.example,+358 40 600 4566,100000.00,60,5.0,8,2018-03-28,true
2214,C-12214,Compass Friluft GmbH,,INDEPENDENT,DE,Hamburg,20095,Bergweg 29,DE518022722,compass.friluft.example,+49 40 9044161,15000.00,60,7.5,9,2021-03-25,true
2215,C-12215,Ridge Outdoor Oy,,INDEPENDENT,FI,Oulu,90100,Teollisuustie 32,FI96074782,ridge.outdoor.example,+358 40 526 1531,10000.00,14,5.0,9,2019-06-06,true
2216,C-12216,Tromsø Camping AS,,INDEPENDENT,NO,Tromsø,9008,Fjellveien 34,NO648180733MVA,tromso.camping.example,+47 974 57 234,15000.00,45,0.0,10,2017-06-20,true
2217,C-12217,Compass Sports Oy,,INDEPENDENT,FI,Kuusamo,93600,Keskuskatu 4,FI22150622,compass.sports.example,+358 40 897 1834,10000.00,60,2.0,8,2021-09-01,true
2218,C-12218,Loiste Outfitters Oy,,INDEPENDENT,FI,Turku,20100,Kauppakatu 88,FI75114194,loiste.outfitters.example,+358 40 853 4989,100000.00,14,5.0,9,2023-05-02,true
2219,C-12219,Kerostore AB,,ONLINE,SE,Göteborg,411 04,Storgatan 44,SE958958953501,kerostore.example,+46 70 931 11 13,40000.00,45,5.0,8,2017-05-10,true
2220,C-12220,Thomsen Friluft ApS,,DEPARTMENT_STORE,DK,Kolding,6000,Vestergade 107,DK79559303,thomsen.friluft.example,+45 25 99 92 85,40000.00,45,5.0,9,2017-05-23,true
2221,C-12221,Berlin Adventures GmbH,,RENTAL_OUTFITTER,DE,Berlin,10115,Am Markt 111,DE064081615,berlin.adventures.example,+49 40 6396507,100000.00,30,0.0,10,2017-02-26,true
2222,C-12222,Keroshop OÜ,,ONLINE,EE,Pärnu,80010,Narva mnt 13,EE737017448,keroshop.example,+372 5280 3480,40000.00,60,2.0,9,2025-09-11,true
2223,C-12223,Arctic Trekking AS,,INDEPENDENT,NO,Stavanger,4006,Torggata 29,NO832846697MVA,arctic.trekking.example,+47 994 64 115,10000.00,45,5.0,9,2018-11-15,true
2224,C-12224,Ruska Sport AS,,INDEPENDENT,NO,Hamar,2317,Fjellveien 50,NO826231696MVA,ruska.sport.example,+47 917 95 143,40000.00,14,3.0,9,2021-08-01,true
2225,C-12225,Odense Trekking ApS,,DEPARTMENT_STORE,DK,Odense,5000,Østergade 34,DK32255708,odense.trekking.example,+45 43 21 49 31,15000.00,45,5.0,8,2019-10-29,true
2226,C-12226,Hiker's Outfitters GmbH,,INDEPENDENT,DE,Kiel,24103,Bergweg 97,DE471595049,hikers.outfitters.example,+49 40 5232434,60000.00,30,3.0,9,2026-06-07,true
2227,C-12227,Kayakgear GmbH,,ONLINE,DE,Flensburg,24937,Am Markt 33,DE733733615,kayakgear.example,+49 40 4499115,15000.00,30,3.0,9,2020-04-09,true
2228,C-12228,Lakestore GmbH,,ONLINE,DE,Berlin,10115,Hauptstraße 96,DE419821821,lakestore.example,+49 40 7491246,5000.00,30,5.0,9,2018-01-08,true
2229,C-12229,Sundsvall Outfitters AB,,INDEPENDENT,SE,Sundsvall,852 30,Norra Esplanaden 107,SE594498113801,sundsvall.outfitters.example,+46 70 187 71 18,10000.00,30,10.0,9,2015-01-31,true
2230,C-12230,Kaamos Sport & Fritid Oy,,INDEPENDENT,FI,Turku,20100,Asemakatu 51,FI13156686,kaamos.sport.fritid.example,+358 40 651 2774,5000.00,14,3.0,10,2025-08-22,true
2231,C-12231,Kaamos Sport Oy,,INDEPENDENT,FI,Joensuu,80100,Yliopistonkatu 64,FI55559970,kaamos.sport.example,+358 40 719 6100,15000.00,45,0.0,9,2022-12-16,true
2232,C-12232,Madsen Urheilu ApS,,INDEPENDENT,DK,Roskilde,4000,Industrivej 96,DK47372715,madsen.urheilu.example,+45 37 60 95 54,60000.00,60,5.0,9,2022-04-25,false
2233,C-12233,Lake Trekking AS,,INDEPENDENT,NO,Oslo,0150,Industriveien 112,NO741879293MVA,lake.trekking.example,+47 929 34 638,100000.00,30,0.0,8,2023-09-30,true
2234,C-12234,Lahti Sport & Fritid Oy,,INDEPENDENT,FI,Lahti,15100,Torikatu 19,FI18776743,lahti.sport.fritid.example,+358 40 107 6592,5000.00,30,5.0,10,2024-07-04,true
2235,C-12235,Arctic Urheilu AS,,DEPARTMENT_STORE,NO,Lillehammer,2609,Torggata 62,NO311934858MVA,arctic.urheilu.example,+47 902 37 562,5000.00,14,2.0,9,2015-10-06,false
2236,C-12236,Compass Trekking Oy,,INDEPENDENT,FI,Jyväskylä,40100,Rantatie 71,FI58012065,compass.trekking.example,+358 40 668 3998,5000.00,30,3.0,8,2022-11-02,true
2237,C-12237,Summit Fritid AS,,INDEPENDENT,NO,Lillehammer,2609,Kirkegata 31,NO011146728MVA,summit.fritid.example,+47 955 39 253,25000.00,30,12.0,8,2026-05-24,true
2238,C-12238,Rakka Turutstyr AS,,DEPARTMENT_STORE,NO,Hamar,2317,Strandveien 28,NO809637218MVA,rakka.turutstyr.example,+47 923 96 700,10000.00,30,5.0,8,2024-10-02,true
2239,C-12239,Vinter Urheilu Oy,,INDEPENDENT,FI,Kuopio,70100,Torikatu 89,FI50382392,vinter.urheilu.example,+358 40 059 2709,15000.00,30,7.5,10,2021-11-09,true
2240,C-12240,Nordlys Urheilu AB,,DEPARTMENT_STORE,SE,Uppsala,753 10,Norra Esplanaden 105,SE099430884001,nordlys.urheilu.example,+46 70 992 23 73,100000.00,30,0.0,8,2019-08-03,true
2241,C-12241,Skog Sports AB,,INDEPENDENT,SE,Gävle,803 20,Skolgatan 112,SE572187936001,skog.sports.example,+46 70 192 37 64,15000.00,14,12.0,8,2015-03-14,false
2242,C-12242,Ruska Retki AB,,INDEPENDENT,SE,Östersund,831 30,Järnvägsgatan 27,SE551040525001,ruska.retki.example,+46 70 129 29 02,15000.00,14,2.0,9,2015-06-21,true
2243,C-12243,Kallio Outdoor Oy,,INDEPENDENT,FI,Rovaniemi,96100,Yliopistonkatu 82,FI36725881,kallio.outdoor.example,+358 40 095 6043,60000.00,45,0.0,8,2021-10-06,true
2244,C-12244,Nietosgear AB,,ONLINE,SE,Örebro,702 11,Kungsgatan 81,SE926159230601,nietosgear.example,+46 70 806 49 19,100000.00,30,0.0,9,2015-05-17,true
2245,C-12245,Forest24 Oy,,ONLINE,FI,Kuopio,70100,Keskuskatu 10,FI20283495,forest24.example,+358 40 914 3914,15000.00,14,5.0,8,2019-05-03,true
2246,C-12246,Linköping Adventure AB,,DEPARTMENT_STORE,SE,Linköping,582 22,Drottninggatan 70,SE022892518101,linkoping.adventure.example,+46 70 218 89 98,10000.00,14,12.0,10,2020-09-13,true
2247,C-12247,Rakka Camping AB,,INDEPENDENT,SE,Stockholm,111 20,Hamngatan 42,SE145183197701,rakka.camping.example,+46 70 298 84 08,25000.00,30,0.0,9,2017-06-08,true
2248,C-12248,Thomsen Outdoor ApS,,INDEPENDENT,DK,Aarhus,8000,Havnevej 93,DK41386684,thomsen.outdoor.example,+45 09 83 42 29,100000.00,60,0.0,8,2018-12-05,true
2249,C-12249,Malmö Fritid AB,,INDEPENDENT,SE,Malmö,211 20,Industrivägen 16,SE121054564801,malmo.fritid.example,+46 70 968 05 35,60000.00,30,3.0,8,2025-09-14,true
2250,C-12250,Ruska Trekking AS,,INDEPENDENT,NO,Tromsø,9008,Fjellveien 114,NO111176991MVA,ruska.trekking.example,+47 983 41 925,40000.00,30,12.0,10,2022-03-09,true
2251,C-12251,Vaara Sport AB,,INDEPENDENT,SE,Kiruna,981 31,Kungsgatan 106,SE799959023101,vaara.sport.example,+46 70 694 70 36,100000.00,30,0.0,10,2026-03-28,true
2252,C-12252,Aapa Friluft AB,,INDEPENDENT,SE,Kiruna,981 31,Industrivägen 13,SE276200296501,aapa.friluft.example,+46 70 454 89 41,60000.00,30,5.0,10,2022-04-01,true
2253,C-12253,Lake Trekking AB,,INDEPENDENT,SE,Östersund,831 30,Fjällvägen 69,SE210081356701,lake.trekking.example,+46 70 176 94 38,10000.00,30,12.0,10,2025-08-20,true
2254,C-12254,Vinter Retki Oy,,INDEPENDENT,FI,Seinäjoki,60100,Hämeenkatu 3,FI04486589,vinter.retki.example,+358 40 508 8325,60000.00,45,3.0,10,2017-10-23,true
2255,C-12255,Trail Sport & Fritid AB,,INDEPENDENT,SE,Uppsala,753 10,Kungsgatan 36,SE913390617201,trail.sport.fritid.example,+46 70 421 66 11,40000.00,45,5.0,8,2017-01-17,true
2256,C-12256,Lake Sports AB,,INDEPENDENT,SE,Örebro,702 11,Industrivägen 61,SE398002371101,lake.sports.example,+46 70 486 55 63,60000.00,30,10.0,10,2025-05-29,true
2257,C-12257,Nilsson Sport AB,,INDEPENDENT,SE,Göteborg,411 04,Järnvägsgatan 116,SE194361401201,nilsson.sport.example,+46 70 240 32 39,60000.00,45,3.0,9,2025-07-29,true
2258,C-12258,Espoo Hiking Association,,CLUB_OR_SCHOOL,FI,Espoo,02100,Rantatie 83,FI36469881,espoo.hiking.association.example,+358 40 989 6367,15000.00,30,3.0,8,2026-06-18,true
2259,C-12259,Compass Sport AS,,INDEPENDENT,NO,Trondheim,7010,Kirkegata 7,NO909276366MVA,compass.sport.example,+47 939 03 194,10000.00,45,7.5,10,2019-04-18,true
2260,C-12260,Fjäll Outdoor AS,,INDEPENDENT,NO,Hamar,2317,Havnegata 27,NO264258030MVA,fjall.outdoor.example,+47 967 38 730,60000.00,45,7.5,8,2023-02-08,true
2261,C-12261,Odense Guides ApS,,RENTAL_OUTFITTER,DK,Odense,5000,Østergade 96,DK76647942,odense.guides.example,+45 99 97 93 09,60000.00,30,10.0,9,2023-04-21,true
2262,C-12262,Esbjerg Fritid ApS,,INDEPENDENT,DK,Esbjerg,6700,Skolevej 64,DK03705770,esbjerg.fritid.example,+45 50 48 14 86,60000.00,14,10.0,10,2017-10-25,true
2263,C-12263,Hoffmann Sport GmbH,,INDEPENDENT,DE,Hamburg,20095,Bergweg 91,DE714224169,hoffmann.sport.example,+49 40 0220586,40000.00,30,0.0,9,2026-07-29,true
2264,C-12264,Forest Sport & Fritid AB,,INDEPENDENT,SE,Östersund,831 30,Drottninggatan 64,SE387424538501,forest.sport.fritid.example,+46 70 419 92 29,10000.00,45,5.0,10,2017-06-05,true
2265,C-12265,Selkä24 AB,,ONLINE,SE,Göteborg,411 04,Storgatan 88,SE730394770401,selka24.example,+46 70 885 16 07,25000.00,30,7.5,8,2020-09-26,true
2266,C-12266,Tartu Fritid OÜ,,INDEPENDENT,EE,Tartu,51003,Narva mnt 55,EE190678934,tartu.fritid.example,+372 5038 6997,40000.00,45,5.0,9,2016-02-18,true
2267,C-12267,Kiruna Camping AB,,INDEPENDENT,SE,Kiruna,981 31,Industrivägen 72,SE571980893501,kiruna.camping.example,+46 70 760 86 83,5000.00,30,0.0,10,2016-09-14,true
2268,C-12268,Basecampstore Oy,,ONLINE,FI,Kittilä,99100,Keskuskatu 4,FI15379039,basecampstore.example,+358 40 417 1952,10000.00,45,0.0,10,2019-09-03,true
2269,C-12269,Joensuu Scouts,,CLUB_OR_SCHOOL,FI,Joensuu,80100,Puistokatu 16,FI43853892,joensuu.scouts.example,+358 40 608 1544,40000.00,30,10.0,9,2015-07-26,true
2270,C-12270,Oulu Adventures Oy,,RENTAL_OUTFITTER,FI,Oulu,90100,Mannerheimintie 39,FI82066584,oulu.adventures.example,+358 40 902 2979,60000.00,45,5.0,10,2015-01-01,true
2271,C-12271,Ruska Outfitters OÜ,,DEPARTMENT_STORE,EE,Tallinn,10111,Kooli tn 109,EE795366499,ruska.outfitters.example,+372 5061 6965,25000.00,30,12.0,8,2022-05-24,true
2272,C-12272,Aalborg Expeditions ApS,,RENTAL_OUTFITTER,DK,Aalborg,9000,Havnevej 87,DK49154828,aalborg.expeditions.example,+45 72 46 15 10,40000.00,60,5.0,10,2022-06-02,true
2273,C-12273,Kayak Friluft AS,,DEPARTMENT_STORE,NO,Oslo,0150,Kirkegata 94,NO044558238MVA,kayak.friluft.example,+47 998 40 575,5000.00,14,0.0,10,2018-02-18,true
2274,C-12274,Loiste Turutstyr AS,,DEPARTMENT_STORE,NO,Lillehammer,2609,Strandveien 67,NO849029492MVA,loiste.turutstyr.example,+47 968 13 990,10000.00,30,0.0,9,2021-10-14,true
2275,C-12275,Fjäll Turutstyr Oy,,INDEPENDENT,FI,Joensuu,80100,Yliopistonkatu 32,FI37925841,fjall.turutstyr.example,+358 40 730 4973,5000.00,30,10.0,8,2016-05-19,true
2276,C-12276,Gävle Adventures AB,,RENTAL_OUTFITTER,SE,Gävle,803 20,Norra Esplanaden 44,SE026151793701,gavle.adventures.example,+46 70 785 99 34,60000.00,30,0.0,10,2019-02-25,true
2277,C-12277,Loisteshop Oy,,ONLINE,FI,Joensuu,80100,Hämeenkatu 66,FI64205660,loisteshop.example,+358 40 671 3439,60000.00,30,3.0,10,2024-06-25,true
2278,C-12278,Flensburg Outfitters GmbH,,INDEPENDENT,DE,Flensburg,24937,Hauptstraße 9,DE330282582,flensburg.outfitters.example,+49 40 4757033,60000.00,45,5.0,8,2018-01-12,true
2279,C-12279,Kiruna Sport & Fritid AB,,INDEPENDENT,SE,Kiruna,981 31,Kungsgatan 104,SE596030856801,kiruna.sport.fritid.example,+46 70 234 78 60,100000.00,30,10.0,10,2017-09-19,true
2280,C-12280,Suvanto24 AS,,ONLINE,NO,Bergen,5003,Torggata 59,NO659450571MVA,suvanto24.example,+47 904 16 087,40000.00,60,12.0,8,2018-02-10,true
2281,C-12281,Vinter Outfitters Oy,,DEPARTMENT_STORE,FI,Kuopio,70100,Teollisuustie 18,FI22097904,vinter.outfitters.example,+358 40 371 6903,60000.00,45,0.0,9,2021-09-06,true
2282,C-12282,Vaarashop Oy,,ONLINE,FI,Seinäjoki,60100,Torikatu 10,FI52629993,vaarashop.example,+358 40 642 1482,60000.00,30,7.5,10,2018-01-08,true
2283,C-12283,Lake Turutstyr AB,,INDEPENDENT,SE,Östersund,831 30,Norra Esplanaden 83,SE425340371001,lake.turutstyr.example,+46 70 301 99 98,15000.00,45,5.0,9,2016-11-06,true
2284,C-12284,Hiker'sstore AS,,ONLINE,NO,Hamar,2317,Skoleveien 55,NO556933942MVA,hikersstore.example,+47 923 66 821,15000.00,30,0.0,9,2017-11-08,true
2285,C-12285,Kairastore ApS,,ONLINE,DK,Aarhus,8000,Østergade 48,DK58970227,kairastore.example,+45 23 48 18 79,40000.00,60,10.0,9,2025-06-15,true
2286,C-12286,Rakka Sport AS,,INDEPENDENT,NO,Oslo,0150,Storgata 38,NO835866005MVA,rakka.sport.example,+47 915 98 632,5000.00,30,10.0,8,2015-10-04,true
2287,C-12287,Fjäll Friluft ApS,,INDEPENDENT,DK,Aarhus,8000,Havnevej 7,DK60863569,fjall.friluft.example,+45 85 07 19 78,15000.00,30,2.0,10,2015-10-22,true
2288,C-12288,Vuoma Fritid AB,,INDEPENDENT,SE,Örebro,702 11,Drottninggatan 119,SE654136898101,vuoma.fritid.example,+46 70 070 09 18,10000.00,45,2.0,10,2021-01-29,true
2289,C-12289,Nordlys Retki Oy,,DEPARTMENT_STORE,FI,Hämeenlinna,13100,Rantatie 18,FI31657463,nordlys.retki.example,+358 40 252 3085,100000.00,30,3.0,10,2021-12-31,true
2290,C-12290,Vidde Urheilu AS,,INDEPENDENT,NO,Ålesund,6002,Kirkegata 112,NO178435478MVA,vidde.urheilu.example,+47 943 53 808,5000.00,45,3.0,10,2025-01-06,true
2291,C-12291,Viddestore AS,,ONLINE,NO,Lillehammer,2609,Havnegata 69,NO827852993MVA,viddestore.example,+47 938 96 849,15000.00,30,7.5,8,2024-10-26,true
2292,C-12292,Viddeshop AS,,ONLINE,NO,Trondheim,7010,Strandveien 21,NO332645191MVA,viddeshop.example,+47 926 97 395,5000.00,30,0.0,9,2024-02-12,true
2293,C-12293,Oslo Sports AS,,DEPARTMENT_STORE,NO,Oslo,0150,Skoleveien 99,NO486956647MVA,oslo.sports.example,+47 934 79 608,100000.00,30,0.0,10,2017-06-01,true
2294,C-12294,Hamar Retki AS,,INDEPENDENT,NO,Hamar,2317,Havnegata 75,NO499510632MVA,hamar.retki.example,+47 949 10 988,100000.00,30,7.5,8,2026-08-21,true
2295,C-12295,Rovaniemi Urheilu Oy,,DEPARTMENT_STORE,FI,Rovaniemi,96100,Asemakatu 32,FI87189103,rovaniemi.urheilu.example,+358 40 849 7806,25000.00,30,5.0,9,2022-01-22,true
2296,C-12296,Aarhus Outfitters ApS,,INDEPENDENT,DK,Aarhus,8000,Hovedgaden 104,DK87670190,aarhus.outfitters.example,+45 45 60 58 81,100000.00,14,12.0,9,2025-03-14,true
2297,C-12297,Skog Adventure GmbH,,DEPARTMENT_STORE,DE,Kiel,24103,Bergweg 80,DE459937740,skog.adventure.example,+49 40 8030882,10000.00,30,3.0,10,2022-09-22,true
2298,C-12298,Kero Camping Oy,,INDEPENDENT,FI,Seinäjoki,60100,Yliopistonkatu 56,FI70825326,kero.camping.example,+358 40 151 2464,100000.00,30,0.0,8,2017-01-18,true
2299,C-12299,Kokkola Fritid Oy,,INDEPENDENT,FI,Kokkola,67100,Keskuskatu 99,FI46994591,kokkola.fritid.example,+358 40 722 5120,60000.00,14,7.5,10,2016-12-01,true
2300,C-12300,Vaara Sports AB,,INDEPENDENT,SE,Falun,791 71,Skolgatan 107,SE741076153201,vaara.sports.example,+46 70 617 92 98,15000.00,45,2.0,8,2021-02-09,true
2301,C-12301,Tartu Expeditions OÜ,,RENTAL_OUTFITTER,EE,Tartu,51003,Pärnu mnt 37,EE945116144,tartu.expeditions.example,+372 5532 9189,15000.00,30,3.0,8,2017-01-17,true
2302,C-12302,Polar Sport Oy,,DEPARTMENT_STORE,FI,Helsinki,00100,Hämeenkatu 69,FI31073244,polar.sport.example,+358 40 086 5857,100000.00,14,0.0,10,2021-10-04,true
2303,C-12303,Compass Camping AB,,INDEPENDENT,SE,Umeå,903 26,Fjällvägen 63,SE329869027401,compass.camping.example,+46 70 548 58 92,60000.00,45,0.0,8,2024-04-03,true
2304,C-12304,Ridge Sport Oy,,INDEPENDENT,FI,Kuopio,70100,Teollisuustie 81,FI41313760,ridge.sport.example,+358 40 416 7559,100000.00,14,0.0,8,2018-11-16,true
2305,C-12305,Kero Trekking Oy,,INDEPENDENT,FI,Joensuu,80100,Rantatie 48,FI40977215,kero.trekking.example,+358 40 622 0546,40000.00,30,0.0,10,2026-06-26,true
2306,C-12306,Trail Urheilu AB,,INDEPENDENT,SE,Falun,791 71,Järnvägsgatan 109,SE356009472001,trail.urheilu.example,+46 70 363 35 06,10000.00,30,0.0,10,2024-05-17,true
2307,C-12307,Kokkola Camping Oy,,INDEPENDENT,FI,Kokkola,67100,Mannerheimintie 56,FI64741730,kokkola.camping.example,+358 40 375 1979,100000.00,14,5.0,9,2026-01-03,true
2308,C-12308,Aarhus Camping ApS,,INDEPENDENT,DK,Aarhus,8000,Havnevej 15,DK92813968,aarhus.camping.example,+45 25 26 90 31,40000.00,30,3.0,10,2020-06-13,true
2309,C-12309,Rakka Fritid AB,,INDEPENDENT,SE,Gävle,803 20,Hamngatan 1,SE272039129301,rakka.fritid.example,+46 70 409 72 15,60000.00,60,0.0,8,2018-07-22,true
2310,C-12310,Nietos Turutstyr Oy,,DEPARTMENT_STORE,FI,Seinäjoki,60100,Mannerheimintie 55,FI40243856,nietos.turutstyr.example,+358 40 239 8876,100000.00,30,0.0,9,2019-07-06,true
2311,C-12311,Selkä Retki Oy,,INDEPENDENT,FI,Seinäjoki,60100,Rantatie 80,FI02633062,selka.retki.example,+358 40 960 9806,10000.00,30,0.0,8,2019-11-14,true
2312,C-12312,Vuomagear ApS,,ONLINE,DK,Aarhus,8000,Havnevej 88,DK57013569,vuomagear.example,+45 26 02 20 30,60000.00,30,0.0,8,2015-12-08,true
2313,C-12313,Fjord Fritid AB,,INDEPENDENT,SE,Umeå,903 26,Skolgatan 30,SE602661313601,fjord.fritid.example,+46 70 501 17 84,60000.00,45,12.0,10,2026-06-13,true
2314,C-12314,Turku Sport Oy,,INDEPENDENT,FI,Turku,20100,Keskuskatu 77,FI35652797,turku.sport.example,+358 40 445 7243,5000.00,30,0.0,10,2018-11-08,true
2315,C-12315,Kittilä Urheilu Oy,,DEPARTMENT_STORE,FI,Kittilä,99100,Yliopistonkatu 7,FI26532447,kittila.urheilu.example,+358 40 541 0164,60000.00,30,0.0,8,2017-10-12,true
2316,C-12316,Vinter Retki ApS,,INDEPENDENT,DK,Roskilde,4000,Østergade 31,DK48270594,vinter.retki.example,+45 52 28 46 54,60000.00,14,10.0,9,2019-07-14,true
2317,C-12317,Haugen Sport AS,,DEPARTMENT_STORE,NO,Stavanger,4006,Skoleveien 63,NO922321713MVA,haugen.sport.example,+47 957 72 026,15000.00,14,0.0,10,2019-08-23,true
2318,C-12318,Metsä24 Oy,,ONLINE,FI,Kittilä,99100,Hämeenkatu 116,FI50557967,metsa24.example,+358 40 258 2012,5000.00,14,5.0,9,2023-08-22,false
2319,C-12319,Kero Sport & Fritid Oy,,INDEPENDENT,FI,Seinäjoki,60100,Teollisuustie 83,FI78196746,kero.sport.fritid.example,+358 40 679 7315,5000.00,14,7.5,8,2017-01-18,false
2320,C-12320,Stavanger Camping AS,,INDEPENDENT,NO,Stavanger,4006,Havnegata 82,NO054472178MVA,stavanger.camping.example,+47 931 34 786,15000.00,60,3.0,9,2020-01-28,true
2321,C-12321,Sepp Urheilu OÜ,,INDEPENDENT,EE,Tallinn,10111,Tartu mnt 97,EE780815639,sepp.urheilu.example,+372 5059 5020,10000.00,30,3.0,9,2025-07-11,true
2322,C-12322,Lake Camping Oy,,INDEPENDENT,FI,Oulu,90100,Teollisuustie 87,FI09558142,lake.camping.example,+358 40 560 8714,5000.00,30,5.0,9,2026-05-16,true
2323,C-12323,Nordlys Outdoor ApS,,INDEPENDENT,DK,Copenhagen,1050,Havnevej 6,DK40926059,nordlys.outdoor.example,+45 80 94 62 78,60000.00,14,0.0,9,2019-11-20,true
2324,C-12324,Basecamp Trekking OÜ,,INDEPENDENT,EE,Tallinn,10111,Tartu mnt 89,EE994653924,basecamp.trekking.example,+372 5652 2787,100000.00,60,5.0,10,2024-11-05,true
2325,C-12325,Kairashop Oy,,ONLINE,FI,Jyväskylä,40100,Kauppakatu 88,FI98214687,kairashop.example,+358 40 532 4676,10000.00,45,0.0,10,2021-02-28,true
2326,C-12326,Kairagear AS,,ONLINE,NO,Kristiansand,4610,Strandveien 54,NO486766194MVA,kairagear.example,+47 998 35 761,10000.00,30,0.0,9,2020-09-15,true
2327,C-12327,Salo Friluft Oy,,INDEPENDENT,FI,Tampere,33100,Rantatie 57,FI96701853,salo.friluft.example,+358 40 667 0420,60000.00,30,0.0,9,2015-03-14,true
2328,C-12328,Vinter Fritid AS,,INDEPENDENT,NO,Bodø,8006,Fjellveien 30,NO446683383MVA,vinter.fritid.example,+47 907 04 804,60000.00,60,0.0,9,2018-10-09,true
2329,C-12329,Viddegear ApS,,ONLINE,DK,Copenhagen,1050,Nørregade 72,DK25957290,viddegear.example,+45 34 42 12 40,15000.00,30,5.0,10,2020-12-09,true
2330,C-12330,Olsen Outdoor AS,,INDEPENDENT,NO,Tromsø,9008,Fjellveien 6,NO907360299MVA,olsen.outdoor.example,+47 965 12 539,10000.00,30,5.0,10,2016-07-15,true
2331,C-12331,Stavanger Fritid AS,,DEPARTMENT_STORE,NO,Stavanger,4006,Kirkegata 84,NO971265139MVA,stavanger.fritid.example,+47 967 65 486,100000.00,30,3.0,10,2022-05-28,true
2332,C-12332,Selkä Trekking AB,,INDEPENDENT,SE,Karlstad,652 24,Drottninggatan 7,SE938879379801,selka.trekking.example,+46 70 317 30 15,60000.00,14,0.0,9,2024-03-07,true
2333,C-12333,Ridge Outdoor OÜ,,INDEPENDENT,EE,Tartu,51003,Sadama tn 97,EE860936700,ridge.outdoor.example,+372 5020 4760,60000.00,30,0.0,9,2015-02-14,true
2334,C-12334,Nietos Friluft GmbH,,INDEPENDENT,DE,Berlin,10115,Am Markt 55,DE767701097,nietos.friluft.example,+49 40 5960340,10000.00,30,5.0,9,2025-09-03,true
2335,C-12335,Ruskashop OÜ,,ONLINE,EE,Tallinn,10111,Pärnu mnt 40,EE153612632,ruskashop.example,+372 5580 6749,15000.00,30,3.0,10,2020-03-08,true
2336,C-12336,Selkä Friluft AB,,INDEPENDENT,SE,Uppsala,753 10,Järnvägsgatan 83,SE851104083401,selka.friluft.example,+46 70 632 62 15,10000.00,60,12.0,10,2018-07-26,true
2337,C-12337,Kuusamo Sport & Fritid Oy,,DEPARTMENT_STORE,FI,Kuusamo,93600,Torikatu 54,FI12678010,kuusamo.sport.fritid.example,+358 40 566 0087,25000.00,60,0.0,10,2022-02-11,true
2338,C-12338,Hamar Scouts,,CLUB_OR_SCHOOL,NO,Hamar,2317,Torggata 33,NO612479173MVA,hamar.scouts.example,+47 971 38 179,60000.00,30,12.0,10,2025-07-28,true
2339,C-12339,Basecamp Outfitters Oy,,INDEPENDENT,FI,Oulu,90100,Hämeenkatu 80,FI87942039,basecamp.outfitters.example,+358 40 511 7847,5000.00,60,12.0,10,2024-04-25,true
2340,C-12340,Nietos Sport OÜ,,INDEPENDENT,EE,Tallinn,10111,Narva mnt 43,EE940745744,nietos.sport.example,+372 5587 8025,25000.00,60,12.0,9,2023-06-11,true
2341,C-12341,Kaamos Sports AB,,INDEPENDENT,SE,Falun,791 71,Industrivägen 75,SE242194356801,kaamos.sports.example,+46 70 125 78 30,5000.00,30,0.0,9,2024-02-29,true
2342,C-12342,Berlin Turutstyr GmbH,,INDEPENDENT,DE,Berlin,10115,Bahnhofstraße 47,DE923338886,berlin.turutstyr.example,+49 40 4003344,15000.00,30,10.0,9,2021-10-20,true
2343,C-12343,Basecampgear AB,,ONLINE,SE,Linköping,582 22,Skolgatan 52,SE073893444501,basecampgear.example,+46 70 727 11 73,10000.00,30,0.0,8,2020-05-24,true
2344,C-12344,Vinter Turutstyr AB,,DEPARTMENT_STORE,SE,Linköping,582 22,Industrivägen 69,SE456768841701,vinter.turutstyr.example,+46 70 795 57 21,15000.00,14,12.0,10,2024-09-22,true
2345,C-12345,Tampere Sport Oy,,INDEPENDENT,FI,Tampere,33100,Torikatu 10,FI87644209,tampere.sport.example,+358 40 747 3735,100000.00,14,10.0,9,2022-11-22,true
2346,C-12346,Aalborg Sports ApS,,INDEPENDENT,DK,Aalborg,9000,Hovedgaden 111,DK14603208,aalborg.sports.example,+45 09 48 45 79,15000.00,60,3.0,10,2026-08-26,true
2347,C-12347,Erä Sport & Fritid ApS,,INDEPENDENT,DK,Odense,5000,Industrivej 36,DK40060072,era.sport.fritid.example,+45 80 08 28 62,25000.00,60,7.5,9,2021-11-10,true
2348,C-12348,Göteborg Fritid AB,,INDEPENDENT,SE,Göteborg,411 04,Norra Esplanaden 36,SE529592457101,goteborg.fritid.example,+46 70 978 48 88,25000.00,45,0.0,8,2026-08-15,true
2349,C-12349,Aurora Adventure GmbH,,INDEPENDENT,DE,Munich,80331,Hafenstraße 14,DE851146864,aurora.adventure.example,+49 40 0311509,40000.00,60,3.0,9,2017-07-03,true
2350,C-12350,Lillehammer Hiking Association,,CLUB_OR_SCHOOL,NO,Lillehammer,2609,Fjellveien 17,NO847419138MVA,lillehammer.hiking.association.example,+47 922 14 669,10000.00,45,5.0,8,2020-04-13,true
2351,C-12351,Vaara Friluft AS,,INDEPENDENT,NO,Alta,9510,Kirkegata 32,NO138221089MVA,vaara.friluft.example,+47 931 44 425,25000.00,14,12.0,9,2023-06-30,true
2352,C-12352,Nieminen Sport Oy,,INDEPENDENT,FI,Jyväskylä,40100,Torikatu 78,FI09143218,nieminen.sport.example,+358 40 186 1255,10000.00,45,10.0,9,2024-10-03,true
2353,C-12353,Ålesund Fritid AS,,INDEPENDENT,NO,Ålesund,6002,Industriveien 71,NO566113630MVA,alesund.fritid.example,+47 963 66 048,15000.00,45,5.0,10,2024-11-20,true
2354,C-12354,Tallinn Adventure OÜ,,INDEPENDENT,EE,Tallinn,10111,Tartu mnt 103,EE971557875,tallinn.adventure.example,+372 5475 4330,15000.00,14,0.0,8,2022-11-04,true
2355,C-12355,Vuoma Sports GmbH,,DEPARTMENT_STORE,DE,Munich,80331,Hauptstraße 59,DE714499723,vuoma.sports.example,+49 40 2888455,15000.00,30,0.0,8,2022-11-14,true
2356,C-12356,Suvanto Camping ApS,,INDEPENDENT,DK,Kolding,6000,Industrivej 117,DK38325587,suvanto.camping.example,+45 22 97 26 58,10000.00,30,7.5,10,2018-11-11,true
2357,C-12357,Nietos Fritid AS,,INDEPENDENT,NO,Oslo,0150,Storgata 20,NO093827924MVA,nietos.fritid.example,+47 932 82 461,15000.00,30,0.0,10,2016-06-26,true
2358,C-12358,Aurora Urheilu Oy,,INDEPENDENT,FI,Kuopio,70100,Keskuskatu 77,FI44366508,aurora.urheilu.example,+358 40 789 5907,40000.00,14,0.0,9,2026-08-12,true
2359,C-12359,Aurora Sport & Fritid AS,,INDEPENDENT,NO,Stavanger,4006,Industriveien 45,NO415289816MVA,aurora.sport.fritid.example,+47 989 95 974,100000.00,30,7.5,8,2022-08-02,true
2360,C-12360,Hiker's Trekking ApS,,INDEPENDENT,DK,Odense,5000,Vestergade 9,DK98210797,hikers.trekking.example,+45 62 41 00 01,10000.00,60,0.0,8,2019-02-21,true
2361,C-12361,Trail Turutstyr Oy,,INDEPENDENT,FI,Kittilä,99100,Keskuskatu 46,FI44650738,trail.turutstyr.example,+358 40 014 3806,40000.00,45,3.0,10,2017-02-18,true
2362,C-12362,Vidde Turutstyr Oy,,INDEPENDENT,FI,Rovaniemi,96100,Teollisuustie 25,FI29885783,vidde.turutstyr.example,+358 40 936 4112,25000.00,45,3.0,10,2021-11-20,true
2363,C-12363,Kiel Rental GmbH,,RENTAL_OUTFITTER,DE,Kiel,24103,Am Markt 47,DE547403821,kiel.rental.example,+49 40 5989171,60000.00,30,3.0,8,2015-02-13,true
2364,C-12364,Schmidt Sport GmbH,,INDEPENDENT,DE,Hamburg,20095,Am Markt 44,DE865700518,schmidt.sport.example,+49 40 8593156,40000.00,60,3.0,8,2025-07-28,true
2365,C-12365,Vaarashop AS,,ONLINE,NO,Tromsø,9008,Kirkegata 116,NO914232144MVA,vaarashop.example,+47 900 69 472,60000.00,14,0.0,9,2025-01-23,true
2366,C-12366,Kero Sport Oy,,INDEPENDENT,FI,Hämeenlinna,13100,Keskuskatu 88,FI82807259,kero.sport.example,+358 40 166 8023,100000.00,60,5.0,10,2019-01-13,true
2367,C-12367,Sørensen Urheilu ApS,,INDEPENDENT,DK,Roskilde,4000,Havnevej 84,DK90575563,sorensen.urheilu.example,+45 60 97 93 09,60000.00,14,7.5,8,2024-09-17,true
2368,C-12368,Nordlys Adventure ApS,,INDEPENDENT,DK,Aalborg,9000,Skolevej 55,DK31214825,nordlys.adventure.example,+45 84 87 68 24,60000.00,30,0.0,9,2023-05-03,true
2369,C-12369,Bergen Sports AS,,INDEPENDENT,NO,Bergen,5003,Kirkegata 6,NO133154844MVA,bergen.sports.example,+47 908 30 241,5000.00,14,7.5,10,2021-10-31,true
2370,C-12370,Esbjerg Camping ApS,,INDEPENDENT,DK,Esbjerg,6700,Vestergade 17,DK93172650,esbjerg.camping.example,+45 58 11 17 72,5000.00,60,10.0,10,2016-07-28,true
2371,C-12371,Selkägear OÜ,,ONLINE,EE,Tallinn,10111,Sadama tn 19,EE325260786,selkagear.example,+372 5571 5346,10000.00,30,0.0,8,2016-07-19,true
2372,C-12372,Fjord Sport & Fritid Oy,,INDEPENDENT,FI,Kokkola,67100,Hämeenkatu 11,FI97821166,fjord.sport.fritid.example,+358 40 540 9033,40000.00,45,7.5,10,2023-02-16,true
2373,C-12373,Nordlys Sport AB,,INDEPENDENT,SE,Umeå,903 26,Järnvägsgatan 94,SE984256208701,nordlys.sport.example,+46 70 310 85 71,100000.00,45,7.5,10,2025-12-23,true
2374,C-12374,Loiste Sport Oy,,INDEPENDENT,FI,Kokkola,67100,Keskuskatu 103,FI73803658,loiste.sport.example,+358 40 927 4668,60000.00,30,0.0,8,2023-11-09,true
2375,C-12375,Compass Adventure ApS,,INDEPENDENT,DK,Odense,5000,Skolevej 38,DK59946435,compass.adventure.example,+45 21 28 86 63,10000.00,30,7.5,9,2025-09-30,true
2376,C-12376,Fjäll Turutstyr GmbH,,INDEPENDENT,DE,Berlin,10115,Hafenstraße 100,DE293090241,fjall.turutstyr.example,+49 40 3615592,15000.00,30,0.0,8,2019-12-07,true
2377,C-12377,Fjordgear AS,,ONLINE,NO,Lillehammer,2609,Kirkegata 64,NO433159920MVA,fjordgear.example,+47 939 63 758,60000.00,60,3.0,10,2019-04-27,true
2378,C-12378,Kuopio Expeditions Oy,,RENTAL_OUTFITTER,FI,Kuopio,70100,Teollisuustie 60,FI09195117,kuopio.expeditions.example,+358 40 149 2788,10000.00,30,12.0,9,2024-02-02,true
2379,C-12379,Östersund Outdoor School,,CLUB_OR_SCHOOL,SE,Östersund,831 30,Skolgatan 56,SE216179767601,ostersund.outdoor.school.example,+46 70 735 23 58,40000.00,45,5.0,9,2021-01-22,true
2380,C-12380,Ruska Camping Oy,,INDEPENDENT,FI,Kittilä,99100,Keskuskatu 84,FI19954731,ruska.camping.example,+358 40 494 1780,15000.00,30,0.0,10,2018-02-13,true
2381,C-12381,Pärnu Outfitters OÜ,,INDEPENDENT,EE,Pärnu,80010,Sadama tn 28,EE469973279,parnu.outfitters.example,+372 5906 8440,60000.00,30,12.0,10,2022-01-28,true
2382,C-12382,Vuoma Outfitters AB,,INDEPENDENT,SE,Gävle,803 20,Drottninggatan 119,SE141678642201,vuoma.outfitters.example,+46 70 636 16 86,5000.00,30,0.0,10,2025-07-20,true
2383,C-12383,Nietos24 AS,,ONLINE,NO,Ålesund,6002,Fjellveien 87,NO852299778MVA,nietos24.example,+47 907 35 508,100000.00,14,0.0,10,2016-01-01,true
2384,C-12384,Kaamos Retki Oy,,INDEPENDENT,FI,Tampere,33100,Kauppakatu 58,FI35116378,kaamos.retki.example,+358 40 739 1104,5000.00,30,3.0,8,2026-04-23,true
2385,C-12385,Fjäll Sport & Fritid ApS,,INDEPENDENT,DK,Roskilde,4000,Havnevej 119,DK18442075,fjall.sport.fritid.example,+45 56 68 95 50,40000.00,60,0.0,9,2015-09-21,true
2386,C-12386,Metsä Outdoor AB,,DEPARTMENT_STORE,SE,Falun,791 71,Skolgatan 74,SE134843170801,metsa.outdoor.example,+46 70 006 40 32,5000.00,60,3.0,9,2016-02-09,true
2387,C-12387,Hamburg Friluft GmbH,,INDEPENDENT,DE,Hamburg,20095,Hauptstraße 33,DE457312642,hamburg.friluft.example,+49 40 0157487,40000.00,60,12.0,9,2020-03-25,true
2388,C-12388,Nordlys Sport & Fritid AB,,INDEPENDENT,SE,Karlstad,652 24,Norra Esplanaden 88,SE668540018301,nordlys.sport.fritid.example,+46 70 929 05 47,60000.00,30,0.0,9,2019-07-14,true
2389,C-12389,Gävle Sports AB,,INDEPENDENT,SE,Gävle,803 20,Drottninggatan 52,SE114129319701,gavle.sports.example,+46 70 874 20 28,60000.00,30,5.0,10,2023-07-10,false
2390,C-12390,Polar Camping Oy,,INDEPENDENT,FI,Espoo,02100,Torikatu 56,FI06736952,polar.camping.example,+358 40 377 3846,5000.00,45,0.0,9,2017-02-24,true
2391,C-12391,Alta Rental AS,,RENTAL_OUTFITTER,NO,Alta,9510,Fjellveien 52,NO474441028MVA,alta.rental.example,+47 934 71 394,40000.00,14,0.0,9,2024-07-07,true
2392,C-12392,Vuoma Sport & Fritid AB,,INDEPENDENT,SE,Linköping,582 22,Storgatan 49,SE420070520501,vuoma.sport.fritid.example,+46 70 016 16 00,5000.00,30,3.0,10,2021-05-18,true
2393,C-12393,Bergen Sport AS,,INDEPENDENT,NO,Bergen,5003,Havnegata 108,NO812513869MVA,bergen.sport.example,+47 931 33 592,100000.00,30,0.0,10,2023-09-18,true
2394,C-12394,Rebane Outdoor OÜ,,INDEPENDENT,EE,Tallinn,10111,Pärnu mnt 114,EE134428746,rebane.outdoor.example,+372 5447 9203,10000.00,14,2.0,9,2017-01-12,true
2395,C-12395,Rakka Trekking AB,,INDEPENDENT,SE,Åre,837 52,Norra Esplanaden 1,SE902084123401,rakka.trekking.example,+46 70 068 99 15,15000.00,14,2.0,9,2026-05-30,true
2396,C-12396,Compass Friluft AB,,INDEPENDENT,SE,Östersund,831 30,Norra Esplanaden 13,SE222306883601,compass.friluft.example,+46 70 853 09 88,15000.00,45,7.5,9,2020-01-14,true
2397,C-12397,Aarhus Expeditions ApS,,RENTAL_OUTFITTER,DK,Aarhus,8000,Nørregade 81,DK24230295,aarhus.expeditions.example,+45 98 46 47 30,10000.00,14,10.0,8,2016-03-07,true
2398,C-12398,Lake Friluft AS,,INDEPENDENT,NO,Lillehammer,2609,Kirkegata 64,NO800420413MVA,lake.friluft.example,+47 900 83 357,25000.00,30,10.0,9,2015-09-08,true
2399,C-12399,Trail Adventure AB,,INDEPENDENT,SE,Gävle,803 20,Fjällvägen 26,SE861777053401,trail.adventure.example,+46 70 140 81 48,40000.00,60,5.0,9,2015-01-04,true
2400,C-12400,Vaara Outfitters AB,,INDEPENDENT,SE,Uppsala,753 10,Skolgatan 69,SE438062897601,vaara.outfitters.example,+46 70 504 29 68,15000.00,30,0.0,10,2022-05-17,true
