id,customer_id,label,street,postal_code,city,country,delivery_instructions,is_default
1,1,Store,Puistokatu 33,33100,Tampere,FI,,true
2,2,Store,Hamngatan 78,981 31,Kiruna,SE,Call 30 min before arrival,true
3,3,Store,Järnvägsgatan 21,903 26,Umeå,SE,Leave with neighbour shop if closed,true
4,4,Store,Havnegata 96,9008,Tromsø,NO,No deliveries before 9:00,true
5,5,Store,Vestergade 69,8000,Aarhus,DK,No deliveries before 9:00,true
6,6,Store,Rantatie 86,96100,Rovaniemi,FI,,true
7,6,Central warehouse,Teollisuustie 106,02100,Espoo,FI,Call 30 min before arrival,false
8,6,Second store,Asemakatu 58,33100,Tampere,FI,,false
9,7,Store,Kauppakatu 38,65100,Vaasa,FI,"Loading bay at the back, open 7-15",true
10,7,Central warehouse,Puistokatu 106,02100,Espoo,FI,,false
11,8,Store,Torikatu 42,02100,Espoo,FI,,true
12,9,Store,Teollisuustie 52,65100,Vaasa,FI,No deliveries before 9:00,true
13,9,Central warehouse,Rantatie 28,93600,Kuusamo,FI,,false
14,9,Second store,Rantatie 46,70100,Kuopio,FI,,false
15,10,Store,Teollisuustie 19,13100,Hämeenlinna,FI,,true
16,10,Second store,Asemakatu 10,96100,Rovaniemi,FI,Pallets only via goods entrance,false
17,11,Store,Teollisuustie 51,40100,Jyväskylä,FI,,true
18,12,Store,Keskuskatu 10,00100,Helsinki,FI,Call 30 min before arrival,true
19,13,Store,Torikatu 81,15100,Lahti,FI,,true
20,14,Store,Torikatu 95,65100,Vaasa,FI,Call 30 min before arrival,true
21,15,Store,Teollisuustie 15,70100,Kuopio,FI,"Loading bay at the back, open 7-15",true
22,15,Central warehouse,Teollisuustie 26,13100,Hämeenlinna,FI,Leave with neighbour shop if closed,false
23,15,Second store,Rantatie 80,96100,Rovaniemi,FI,Leave with neighbour shop if closed,false
24,16,Store,Kauppakatu 102,80100,Joensuu,FI,"Loading bay at the back, open 7-15",true
25,17,Store,Yliopistonkatu 53,20100,Turku,FI,"Loading bay at the back, open 7-15",true
26,17,Central warehouse,Mannerheimintie 73,00100,Helsinki,FI,,false
27,18,Store,Rantatie 2,80100,Joensuu,FI,Leave with neighbour shop if closed,true
28,18,Second store,Hämeenkatu 47,90100,Oulu,FI,"Loading bay at the back, open 7-15",false
29,19,Store,Yliopistonkatu 21,96100,Rovaniemi,FI,Pallets only via goods entrance,true
30,19,Second store,Teollisuustie 52,93600,Kuusamo,FI,Pallets only via goods entrance,false
31,20,Store,Kauppakatu 31,70100,Kuopio,FI,No deliveries before 9:00,true
32,21,Store,Yliopistonkatu 117,90100,Oulu,FI,"Loading bay at the back, open 7-15",true
33,21,Second store,Mannerheimintie 7,99100,Kittilä,FI,Leave with neighbour shop if closed,false
34,22,Store,Yliopistonkatu 42,65100,Vaasa,FI,Pallets only via goods entrance,true
35,22,Central warehouse,Mannerheimintie 98,15100,Lahti,FI,,false
36,23,Store,Kauppakatu 87,13100,Hämeenlinna,FI,,true
37,23,Central warehouse,Kauppakatu 82,20100,Turku,FI,,false
38,24,Store,Rantatie 65,33100,Tampere,FI,,true
39,24,Second store,Keskuskatu 3,33100,Tampere,FI,"Loading bay at the back, open 7-15",false
40,25,Store,Yliopistonkatu 81,20100,Turku,FI,,true
41,26,Store,Mannerheimintie 11,00100,Helsinki,FI,Call 30 min before arrival,true
42,26,Central warehouse,Asemakatu 16,65100,Vaasa,FI,Pallets only via goods entrance,false
43,27,Store,Teollisuustie 34,67100,Kokkola,FI,Call 30 min before arrival,true
44,28,Store,Puistokatu 107,99100,Kittilä,FI,,true
45,28,Central warehouse,Mannerheimintie 79,99100,Kittilä,FI,Call 30 min before arrival,false
46,29,Store,Yliopistonkatu 107,99100,Kittilä,FI,,true
47,30,Store,Hämeenkatu 32,67100,Kokkola,FI,Leave with neighbour shop if closed,true
48,30,Central warehouse,Asemakatu 34,02100,Espoo,FI,,false
49,31,Store,Hämeenkatu 16,65100,Vaasa,FI,No deliveries before 9:00,true
50,32,Store,Hämeenkatu 23,13100,Hämeenlinna,FI,Pallets only via goods entrance,true
51,32,Central warehouse,Torikatu 66,70100,Kuopio,FI,Call 30 min before arrival,false
52,32,Second store,Kauppakatu 56,99100,Kittilä,FI,,false
53,33,Store,Torikatu 27,40100,Jyväskylä,FI,Call 30 min before arrival,true
54,33,Second store,Hämeenkatu 81,13100,Hämeenlinna,FI,,false
55,34,Store,Yliopistonkatu 31,80100,Joensuu,FI,No deliveries before 9:00,true
56,35,Store,Teollisuustie 38,65100,Vaasa,FI,"Loading bay at the back, open 7-15",true
57,36,Store,Mannerheimintie 92,90100,Oulu,FI,"Loading bay at the back, open 7-15",true
58,37,Store,Kauppakatu 110,93600,Kuusamo,FI,Leave with neighbour shop if closed,true
59,38,Store,Hämeenkatu 90,65100,Vaasa,FI,Pallets only via goods entrance,true
60,38,Central warehouse,Hämeenkatu 103,67100,Kokkola,FI,,false
61,39,Store,Puistokatu 84,02100,Espoo,FI,Call 30 min before arrival,true
62,40,Store,Mannerheimintie 104,13100,Hämeenlinna,FI,"Loading bay at the back, open 7-15",true
63,40,Second store,Yliopistonkatu 39,96100,Rovaniemi,FI,,false
64,41,Store,Asemakatu 112,96100,Rovaniemi,FI,,true
65,42,Store,Teollisuustie 57,96100,Rovaniemi,FI,Pallets only via goods entrance,true
66,42,Second store,Yliopistonkatu 92,33100,Tampere,FI,No deliveries before 9:00,false
67,43,Store,Keskuskatu 1,15100,Lahti,FI,,true
68,44,Store,Torikatu 70,13100,Hämeenlinna,FI,Leave with neighbour shop if closed,true
69,45,Store,Norra Esplanaden 93,981 31,Kiruna,SE,,true
70,46,Store,Kungsgatan 95,652 24,Karlstad,SE,Pallets only via goods entrance,true
71,47,Store,Industriveien 65,3015,Drammen,NO,Pallets only via goods entrance,true
72,47,Second store,Industriveien 25,7010,Trondheim,NO,,false
73,48,Store,Skoleveien 79,6002,Ålesund,NO,Leave with neighbour shop if closed,true
74,48,Central warehouse,Storgata 89,9008,Tromsø,NO,,false
75,49,Store,Strandveien 106,4610,Kristiansand,NO,"Loading bay at the back, open 7-15",true
76,49,Central warehouse,Havnegata 25,9510,Alta,NO,Call 30 min before arrival,false
77,50,Store,Skolgatan 5,582 22,Linköping,SE,Leave with neighbour shop if closed,true
78,51,Store,Hamngatan 99,981 31,Kiruna,SE,,true
79,51,Central warehouse,Industrivägen 119,852 30,Sundsvall,SE,,false
80,52,Store,Kungsgatan 86,981 31,Kiruna,SE,Leave with neighbour shop if closed,true
81,53,Store,Storgatan 98,111 20,Stockholm,SE,Call 30 min before arrival,true
82,54,Store,Kungsgatan 21,831 30,Östersund,SE,No deliveries before 9:00,true
83,55,Store,Storgatan 2,852 30,Sundsvall,SE,,true
84,56,Store,Storgatan 120,411 04,Göteborg,SE,,true
85,57,Store,Industrivägen 53,837 52,Åre,SE,,true
86,57,Central warehouse,Drottninggatan 41,903 26,Umeå,SE,"Loading bay at the back, open 7-15",false
87,58,Store,Skoleveien 53,4610,Kristiansand,NO,Pallets only via goods entrance,true
88,58,Central warehouse,Industriveien 108,6002,Ålesund,NO,Pallets only via goods entrance,false
89,59,Store,Norra Esplanaden 32,111 20,Stockholm,SE,Leave with neighbour shop if closed,true
90,60,Store,Norra Esplanaden 76,411 04,Göteborg,SE,Leave with neighbour shop if closed,true
91,61,Store,Kirkegata 27,2317,Hamar,NO,,true
92,62,Store,Norra Esplanaden 118,753 10,Uppsala,SE,"Loading bay at the back, open 7-15",true
93,62,Central warehouse,Skolgatan 58,803 20,Gävle,SE,,false
94,63,Store,Storgatan 76,582 22,Linköping,SE,"Loading bay at the back, open 7-15",true
95,63,Second store,Norra Esplanaden 45,852 30,Sundsvall,SE,"Loading bay at the back, open 7-15",false
96,64,Store,Industriveien 66,0150,Oslo,NO,,true
97,65,Store,Kungsgatan 52,411 04,Göteborg,SE,Leave with neighbour shop if closed,true
98,66,Store,Fjellveien 120,2317,Hamar,NO,Pallets only via goods entrance,true
99,67,Store,Industriveien 116,9008,Tromsø,NO,"Loading bay at the back, open 7-15",true
100,68,Store,Fjellveien 23,2609,Lillehammer,NO,,true
101,69,Store,Drottninggatan 33,837 52,Åre,SE,Call 30 min before arrival,true
102,70,Store,Fjällvägen 82,753 10,Uppsala,SE,"Loading bay at the back, open 7-15",true
103,70,Second store,Kungsgatan 23,652 24,Karlstad,SE,Leave with neighbour shop if closed,false
104,71,Store,Storgata 50,0150,Oslo,NO,No deliveries before 9:00,true
105,72,Store,Strandveien 118,4006,Stavanger,NO,,true
106,73,Store,Strandveien 101,2609,Lillehammer,NO,Leave with neighbour shop if closed,true
107,73,Central warehouse,Fjellveien 59,4610,Kristiansand,NO,Pallets only via goods entrance,false
108,73,Second store,Havnegata 19,9008,Tromsø,NO,Pallets only via goods entrance,false
109,74,Store,Industriveien 47,8006,Bodø,NO,,true
110,75,Store,Industrivägen 76,972 31,Luleå,SE,Pallets only via goods entrance,true
111,76,Store,Fjellveien 21,4006,Stavanger,NO,Leave with neighbour shop if closed,true
112,77,Store,Fjällvägen 63,652 24,Karlstad,SE,Leave with neighbour shop if closed,true
113,77,Central warehouse,Skolgatan 71,211 20,Malmö,SE,No deliveries before 9:00,false
114,78,Store,Drottninggatan 22,972 31,Luleå,SE,No deliveries before 9:00,true
115,78,Central warehouse,Industrivägen 19,111 20,Stockholm,SE,No deliveries before 9:00,false
116,79,Store,Industrivägen 76,791 71,Falun,SE,"Loading bay at the back, open 7-15",true
117,80,Store,Industriveien 76,9008,Tromsø,NO,Leave with neighbour shop if closed,true
118,80,Central warehouse,Torggata 3,7010,Trondheim,NO,"Loading bay at the back, open 7-15",false
119,81,Store,Järnvägsgatan 50,582 22,Linköping,SE,"Loading bay at the back, open 7-15",true
120,81,Second store,Järnvägsgatan 58,582 22,Linköping,SE,No deliveries before 9:00,false
121,82,Store,Torggata 71,4610,Kristiansand,NO,,true
122,83,Store,Kirkegata 41,5003,Bergen,NO,,true
123,84,Store,Storgata 8,3015,Drammen,NO,Pallets only via goods entrance,true
124,85,Store,Industrivägen 107,831 30,Östersund,SE,"Loading bay at the back, open 7-15",true
125,86,Store,Hamngatan 66,852 30,Sundsvall,SE,,true
126,87,Store,Industriveien 91,4610,Kristiansand,NO,,true
127,88,Store,Fjällvägen 7,753 10,Uppsala,SE,Call 30 min before arrival,true
128,89,Store,Torggata 44,5003,Bergen,NO,,true
129,90,Store,Hamngatan 119,111 20,Stockholm,SE,No deliveries before 9:00,true
130,90,Central warehouse,Drottninggatan 20,803 20,Gävle,SE,Leave with neighbour shop if closed,false
131,91,Store,Hovedgaden 34,6700,Esbjerg,DK,"Loading bay at the back, open 7-15",true
132,91,Central warehouse,Nørregade 113,1050,Copenhagen,DK,,false
133,92,Store,Skolgatan 110,837 52,Åre,SE,No deliveries before 9:00,true
134,93,Store,Vestergade 28,9000,Aalborg,DK,Leave with neighbour shop if closed,true
135,94,Store,Industrivej 61,6000,Kolding,DK,Leave with neighbour shop if closed,true
136,95,Store,Vestergade 73,1050,Copenhagen,DK,No deliveries before 9:00,true
137,95,Central warehouse,Hovedgaden 100,1050,Copenhagen,DK,Leave with neighbour shop if closed,false
138,96,Store,Nørregade 35,1050,Copenhagen,DK,Leave with neighbour shop if closed,true
139,97,Store,Skolgatan 81,753 10,Uppsala,SE,"Loading bay at the back, open 7-15",true
140,97,Second store,Drottninggatan 83,852 30,Sundsvall,SE,Leave with neighbour shop if closed,false
141,98,Store,Skolevej 23,5000,Odense,DK,"Loading bay at the back, open 7-15",true
142,99,Store,Havnevej 98,5000,Odense,DK,Call 30 min before arrival,true
143,100,Store,Vestergade 52,1050,Copenhagen,DK,,true
144,100,Central warehouse,Industrivej 69,6700,Esbjerg,DK,Call 30 min before arrival,false
145,101,Store,Nørregade 8,8000,Aarhus,DK,Leave with neighbour shop if closed,true
146,101,Second store,Industrivej 84,5000,Odense,DK,,false
147,102,Store,Järnvägsgatan 31,111 20,Stockholm,SE,,true
148,103,Store,Skolgatan 79,903 26,Umeå,SE,Leave with neighbour shop if closed,true
149,104,Store,Järnvägsgatan 62,702 11,Örebro,SE,Pallets only via goods entrance,true
150,105,Store,Havnevej 57,4000,Roskilde,DK,Call 30 min before arrival,true
151,106,Store,Norra Esplanaden 36,981 31,Kiruna,SE,Pallets only via goods entrance,true
152,107,Store,Skolevej 27,6700,Esbjerg,DK,,true
153,107,Central warehouse,Industrivej 1,6000,Kolding,DK,,false
154,107,Second store,Nørregade 35,9000,Aalborg,DK,,false
155,108,Store,Industrivägen 76,791 71,Falun,SE,"Loading bay at the back, open 7-15",true
156,109,Store,Industrivej 112,5000,Odense,DK,Pallets only via goods entrance,true
157,109,Central warehouse,Vestergade 48,6700,Esbjerg,DK,,false
158,109,Second store,Industrivej 65,6700,Esbjerg,DK,Leave with neighbour shop if closed,false
159,110,Store,Østergade 111,8000,Aarhus,DK,Leave with neighbour shop if closed,true
160,111,Store,Fjällvägen 72,652 24,Karlstad,SE,Leave with neighbour shop if closed,true
161,112,Store,Storgatan 22,652 24,Karlstad,SE,Leave with neighbour shop if closed,true
162,112,Central warehouse,Fjällvägen 100,702 11,Örebro,SE,No deliveries before 9:00,false
163,113,Store,Järnvägsgatan 49,852 30,Sundsvall,SE,Leave with neighbour shop if closed,true
164,114,Store,Skolgatan 114,791 71,Falun,SE,,true
165,115,Store,Järnvägsgatan 45,831 30,Östersund,SE,,true
166,116,Store,Østergade 103,6700,Esbjerg,DK,,true
167,117,Store,Nørregade 81,9000,Aalborg,DK,Leave with neighbour shop if closed,true
168,117,Central warehouse,Nørregade 117,9000,Aalborg,DK,Call 30 min before arrival,false
169,118,Store,Skolevej 52,5000,Odense,DK,,true
170,119,Store,Nørregade 64,8000,Aarhus,DK,Call 30 min before arrival,true
171,119,Central warehouse,Skolevej 63,8000,Aarhus,DK,,false
172,120,Store,Norra Esplanaden 21,111 20,Stockholm,SE,Leave with neighbour shop if closed,true
173,121,Store,Järnvägsgatan 120,803 20,Gävle,SE,No deliveries before 9:00,true
174,121,Central warehouse,Järnvägsgatan 88,837 52,Åre,SE,Pallets only via goods entrance,false
175,121,Second store,Storgatan 98,753 10,Uppsala,SE,No deliveries before 9:00,false
176,122,Store,Norra Esplanaden 93,753 10,Uppsala,SE,,true
177,122,Central warehouse,Skolgatan 22,837 52,Åre,SE,Leave with neighbour shop if closed,false
178,123,Store,Skolgatan 30,652 24,Karlstad,SE,No deliveries before 9:00,true
179,124,Store,Skolevej 75,9000,Aalborg,DK,Pallets only via goods entrance,true
180,125,Store,Industriveien 76,3015,Drammen,NO,,true
181,125,Central warehouse,Kirkegata 69,7010,Trondheim,NO,,false
182,126,Store,Torggata 2,2317,Hamar,NO,Call 30 min before arrival,true
183,127,Store,Storgata 97,8006,Bodø,NO,No deliveries before 9:00,true
184,128,Store,Torggata 43,3015,Drammen,NO,Pallets only via goods entrance,true
185,129,Store,Torggata 86,4610,Kristiansand,NO,,true
186,130,Store,Kirkegata 70,8006,Bodø,NO,Leave with neighbour shop if closed,true
187,130,Central warehouse,Kirkegata 99,0150,Oslo,NO,"Loading bay at the back, open 7-15",false
188,131,Store,Kirkegata 32,8006,Bodø,NO,Leave with neighbour shop if closed,true
189,132,Store,Storgata 29,4006,Stavanger,NO,,true
190,133,Store,Skoleveien 89,9008,Tromsø,NO,Call 30 min before arrival,true
191,134,Store,Storgata 38,2609,Lillehammer,NO,,true
192,134,Second store,Industriveien 98,8006,Bodø,NO,Pallets only via goods entrance,false
193,135,Store,Havnegata 118,4006,Stavanger,NO,"Loading bay at the back, open 7-15",true
194,136,Store,Torggata 116,0150,Oslo,NO,,true
195,137,Store,Storgata 80,9008,Tromsø,NO,No deliveries before 9:00,true
196,138,Store,Torggata 59,2317,Hamar,NO,,true
197,139,Store,Fjellveien 99,6002,Ålesund,NO,,true
198,140,Store,Skoleveien 2,8006,Bodø,NO,,true
199,140,Central warehouse,Storgata 105,8006,Bodø,NO,No deliveries before 9:00,false
200,141,Store,Fjellveien 60,2317,Hamar,NO,Pallets only via goods entrance,true
201,142,Store,Strandveien 15,9008,Tromsø,NO,Leave with neighbour shop if closed,true
202,143,Store,Strandveien 72,2317,Hamar,NO,Leave with neighbour shop if closed,true
203,144,Store,Fjellveien 89,5003,Bergen,NO,,true
204,144,Central warehouse,Kirkegata 108,8006,Bodø,NO,Leave with neighbour shop if closed,false
205,145,Store,Storgata 28,3015,Drammen,NO,Call 30 min before arrival,true
206,145,Central warehouse,Kirkegata 65,4610,Kristiansand,NO,,false
207,146,Store,Torggata 42,2317,Hamar,NO,"Loading bay at the back, open 7-15",true
208,147,Store,Mannerheimintie 66,00100,Helsinki,FI,,true
209,148,Store,Asemakatu 13,90100,Oulu,FI,"Loading bay at the back, open 7-15",true
210,148,Central warehouse,Teollisuustie 87,13100,Hämeenlinna,FI,,false
211,148,Second store,Torikatu 47,70100,Kuopio,FI,Leave with neighbour shop if closed,false
212,149,Store,Torikatu 64,60100,Seinäjoki,FI,"Loading bay at the back, open 7-15",true
213,149,Second store,Yliopistonkatu 41,90100,Oulu,FI,No deliveries before 9:00,false
214,150,Store,Torikatu 8,99100,Kittilä,FI,Call 30 min before arrival,true
215,150,Second store,Teollisuustie 47,65100,Vaasa,FI,,false
216,151,Store,Rantatie 100,93600,Kuusamo,FI,Call 30 min before arrival,true
217,151,Second store,Keskuskatu 70,15100,Lahti,FI,,false
218,152,Store,Rantatie 93,99100,Kittilä,FI,No deliveries before 9:00,true
219,152,Second store,Hämeenkatu 29,93600,Kuusamo,FI,,false
220,153,Store,Kauppakatu 48,60100,Seinäjoki,FI,Pallets only via goods entrance,true
221,153,Central warehouse,Yliopistonkatu 87,93600,Kuusamo,FI,Pallets only via goods entrance,false
222,154,Store,Teollisuustie 105,00100,Helsinki,FI,Pallets only via goods entrance,true
223,155,Store,Rantatie 30,99100,Kittilä,FI,Pallets only via goods entrance,true
224,156,Store,Asemakatu 27,65100,Vaasa,FI,"Loading bay at the back, open 7-15",true
225,156,Second store,Keskuskatu 77,65100,Vaasa,FI,"Loading bay at the back, open 7-15",false
226,157,Store,Rantatie 73,40100,Jyväskylä,FI,,true
227,158,Store,Rantatie 43,15100,Lahti,FI,No deliveries before 9:00,true
228,159,Store,Mannerheimintie 39,02100,Espoo,FI,Pallets only via goods entrance,true
229,160,Store,Mannerheimintie 76,70100,Kuopio,FI,Call 30 min before arrival,true
230,160,Central warehouse,Hämeenkatu 85,99100,Kittilä,FI,Leave with neighbour shop if closed,false
231,161,Store,Puistokatu 84,99100,Kittilä,FI,,true
232,162,Store,Kauppakatu 106,13100,Hämeenlinna,FI,Call 30 min before arrival,true
233,163,Store,Teollisuustie 40,96100,Rovaniemi,FI,,true
234,163,Second store,Kauppakatu 40,13100,Hämeenlinna,FI,"Loading bay at the back, open 7-15",false
235,164,Store,Yliopistonkatu 18,90100,Oulu,FI,No deliveries before 9:00,true
236,164,Central warehouse,Teollisuustie 34,00100,Helsinki,FI,,false
237,165,Store,Keskuskatu 54,40100,Jyväskylä,FI,No deliveries before 9:00,true
238,166,Store,Torikatu 94,99100,Kittilä,FI,No deliveries before 9:00,true
239,167,Store,Teollisuustie 68,33100,Tampere,FI,"Loading bay at the back, open 7-15",true
240,168,Store,Puistokatu 40,99100,Kittilä,FI,Call 30 min before arrival,true
241,169,Store,Mannerheimintie 71,99100,Kittilä,FI,,true
242,170,Store,Asemakatu 70,67100,Kokkola,FI,No deliveries before 9:00,true
243,170,Second store,Keskuskatu 30,60100,Seinäjoki,FI,No deliveries before 9:00,false
244,171,Store,Asemakatu 99,99100,Kittilä,FI,,true
245,171,Central warehouse,Keskuskatu 42,67100,Kokkola,FI,"Loading bay at the back, open 7-15",false
246,172,Store,Rantatie 18,60100,Seinäjoki,FI,Leave with neighbour shop if closed,true
247,173,Store,Yliopistonkatu 105,99100,Kittilä,FI,No deliveries before 9:00,true
248,174,Store,Industrivej 102,1050,Copenhagen,DK,,true
249,174,Central warehouse,Industrivej 82,6000,Kolding,DK,Call 30 min before arrival,false
250,175,Store,Industrivej 29,8000,Aarhus,DK,Pallets only via goods entrance,true
251,176,Store,Vestergade 102,8000,Aarhus,DK,,true
252,177,Store,Skolevej 5,5000,Odense,DK,Leave with neighbour shop if closed,true
253,177,Central warehouse,Østergade 52,8000,Aarhus,DK,Pallets only via goods entrance,false
254,178,Store,Havnevej 115,6700,Esbjerg,DK,No deliveries before 9:00,true
255,179,Store,Vestergade 64,6000,Kolding,DK,,true
256,180,Store,Vestergade 2,5000,Odense,DK,Leave with neighbour shop if closed,true
257,180,Central warehouse,Havnevej 29,4000,Roskilde,DK,Leave with neighbour shop if closed,false
258,181,Store,Havnevej 84,1050,Copenhagen,DK,No deliveries before 9:00,true
259,182,Store,Vestergade 22,9000,Aalborg,DK,,true
260,182,Central warehouse,Vestergade 46,9000,Aalborg,DK,,false
261,183,Store,Nørregade 3,6000,Kolding,DK,Call 30 min before arrival,true
262,184,Store,Vestergade 63,4000,Roskilde,DK,Pallets only via goods entrance,true
263,184,Central warehouse,Østergade 27,8000,Aarhus,DK,,false
264,185,Store,Hovedgaden 33,6700,Esbjerg,DK,Call 30 min before arrival,true
265,186,Store,Havnevej 92,6000,Kolding,DK,No deliveries before 9:00,true
266,186,Central warehouse,Østergade 90,8000,Aarhus,DK,Call 30 min before arrival,false
267,187,Store,Nørregade 47,8000,Aarhus,DK,Leave with neighbour shop if closed,true
268,187,Central warehouse,Østergade 41,8000,Aarhus,DK,Call 30 min before arrival,false
269,188,Store,Nørregade 42,9000,Aalborg,DK,"Loading bay at the back, open 7-15",true
270,189,Store,Industrivägen 2,791 71,Falun,SE,Pallets only via goods entrance,true
271,190,Store,Norra Esplanaden 73,582 22,Linköping,SE,,true
272,190,Second store,Industrivägen 5,837 52,Åre,SE,Pallets only via goods entrance,false
273,191,Store,Järnvägsgatan 8,702 11,Örebro,SE,No deliveries before 9:00,true
274,192,Store,Kungsgatan 29,972 31,Luleå,SE,No deliveries before 9:00,true
275,192,Central warehouse,Skolgatan 71,211 20,Malmö,SE,"Loading bay at the back, open 7-15",false
276,193,Store,Storgatan 33,111 20,Stockholm,SE,Call 30 min before arrival,true
277,193,Second store,Kungsgatan 19,981 31,Kiruna,SE,No deliveries before 9:00,false
278,194,Store,Skolgatan 95,972 31,Luleå,SE,No deliveries before 9:00,true
279,194,Central warehouse,Skolgatan 26,702 11,Örebro,SE,Leave with neighbour shop if closed,false
280,195,Store,Storgatan 7,852 30,Sundsvall,SE,Call 30 min before arrival,true
281,195,Central warehouse,Industrivägen 96,837 52,Åre,SE,,false
282,196,Store,Skolgatan 95,972 31,Luleå,SE,,true
283,196,Second store,Järnvägsgatan 49,211 20,Malmö,SE,,false
284,197,Store,Industrivägen 26,831 30,Östersund,SE,,true
285,197,Second store,Skolgatan 76,652 24,Karlstad,SE,Leave with neighbour shop if closed,false
286,198,Store,Skolgatan 103,791 71,Falun,SE,Pallets only via goods entrance,true
287,198,Central warehouse,Järnvägsgatan 109,903 26,Umeå,SE,,false
288,199,Store,Norra Esplanaden 115,791 71,Falun,SE,,true
289,199,Central warehouse,Norra Esplanaden 113,211 20,Malmö,SE,,false
290,200,Store,Industrivägen 18,803 20,Gävle,SE,No deliveries before 9:00,true
291,201,Store,Kungsgatan 74,111 20,Stockholm,SE,"Loading bay at the back, open 7-15",true
292,201,Central warehouse,Storgatan 42,981 31,Kiruna,SE,"Loading bay at the back, open 7-15",false
293,202,Store,Drottninggatan 85,411 04,Göteborg,SE,Pallets only via goods entrance,true
294,202,Second store,Storgatan 74,411 04,Göteborg,SE,,false
295,203,Store,Skolgatan 94,831 30,Östersund,SE,,true
296,204,Store,Skolgatan 85,972 31,Luleå,SE,,true
297,204,Central warehouse,Hamngatan 62,702 11,Örebro,SE,,false
298,205,Store,Kungsgatan 119,753 10,Uppsala,SE,Pallets only via goods entrance,true
299,206,Store,Industrivägen 119,831 30,Östersund,SE,Call 30 min before arrival,true
300,207,Store,Norra Esplanaden 60,791 71,Falun,SE,Leave with neighbour shop if closed,true
301,208,Store,Puistokatu 76,00100,Helsinki,FI,Call 30 min before arrival,true
302,208,Second store,Teollisuustie 66,65100,Vaasa,FI,,false
303,209,Store,Yliopistonkatu 77,33100,Tampere,FI,Leave with neighbour shop if closed,true
304,209,Second store,Torikatu 78,15100,Lahti,FI,Call 30 min before arrival,false
305,210,Store,Keskuskatu 23,33100,Tampere,FI,No deliveries before 9:00,true
306,210,Central warehouse,Teollisuustie 54,90100,Oulu,FI,,false
307,210,Second store,Kauppakatu 34,67100,Kokkola,FI,Pallets only via goods entrance,false
308,211,Store,Yliopistonkatu 95,13100,Hämeenlinna,FI,"Loading bay at the back, open 7-15",true
309,212,Store,Torikatu 14,90100,Oulu,FI,"Loading bay at the back, open 7-15",true
310,212,Central warehouse,Kauppakatu 94,13100,Hämeenlinna,FI,Leave with neighbour shop if closed,false
311,213,Store,Puistokatu 44,80100,Joensuu,FI,Leave with neighbour shop if closed,true
312,214,Store,Rantatie 37,40100,Jyväskylä,FI,Leave with neighbour shop if closed,true
313,215,Store,Rantatie 21,80100,Joensuu,FI,"Loading bay at the back, open 7-15",true
314,215,Second store,Yliopistonkatu 71,96100,Rovaniemi,FI,Leave with neighbour shop if closed,false
315,216,Store,Torikatu 13,80100,Joensuu,FI,No deliveries before 9:00,true
316,216,Central warehouse,Teollisuustie 54,15100,Lahti,FI,Leave with neighbour shop if closed,false
317,217,Store,Puistokatu 72,60100,Seinäjoki,FI,,true
318,218,Store,Puistokatu 36,80100,Joensuu,FI,Pallets only via goods entrance,true
319,218,Central warehouse,Keskuskatu 7,13100,Hämeenlinna,FI,No deliveries before 9:00,false
320,218,Second store,Torikatu 55,13100,Hämeenlinna,FI,"Loading bay at the back, open 7-15",false
321,219,Store,Teollisuustie 56,99100,Kittilä,FI,No deliveries before 9:00,true
322,220,Store,Storgatan 118,831 30,Östersund,SE,No deliveries before 9:00,true
323,221,Store,Rantatie 24,90100,Oulu,FI,Leave with neighbour shop if closed,true
324,221,Second store,Asemakatu 99,93600,Kuusamo,FI,Leave with neighbour shop if closed,false
325,222,Store,Bergweg 105,10115,Berlin,DE,No deliveries before 9:00,true
326,222,Second store,Bahnhofstraße 28,80331,Munich,DE,Pallets only via goods entrance,false
327,223,Store,Fjellveien 69,3015,Drammen,NO,,true
328,224,Store,Østergade 3,8000,Aarhus,DK,Leave with neighbour shop if closed,true
329,224,Second store,Nørregade 108,4000,Roskilde,DK,"Loading bay at the back, open 7-15",false
330,225,Store,Am Markt 88,10115,Berlin,DE,"Loading bay at the back, open 7-15",true
331,226,Store,Rantatie 45,90100,Oulu,FI,Pallets only via goods entrance,true
332,227,Store,Mannerheimintie 87,40100,Jyväskylä,FI,Leave with neighbour shop if closed,true
333,227,Second store,Torikatu 3,02100,Espoo,FI,,false
334,228,Store,Järnvägsgatan 2,803 20,Gävle,SE,,true
335,228,Second store,Hamngatan 120,582 22,Linköping,SE,,false
336,229,Store,Storgata 69,2609,Lillehammer,NO,,true
337,229,Central warehouse,Kirkegata 82,4610,Kristiansand,NO,,false
338,230,Store,Skoleveien 43,2317,Hamar,NO,"Loading bay at the back, open 7-15",true
339,231,Store,Fjällvägen 58,791 71,Falun,SE,No deliveries before 9:00,true
340,232,Store,Kauppakatu 43,60100,Seinäjoki,FI,Call 30 min before arrival,true
341,233,Store,Kirkegata 76,4006,Stavanger,NO,,true
342,234,Store,Hauptstraße 9,20095,Hamburg,DE,Leave with neighbour shop if closed,true
343,235,Store,Fjällvägen 10,652 24,Karlstad,SE,Leave with neighbour shop if closed,true
344,236,Store,Torggata 112,9008,Tromsø,NO,No deliveries before 9:00,true
345,237,Store,Havnegata 98,9008,Tromsø,NO,,true
346,238,Store,Industriveien 46,5003,Bergen,NO,,true
347,238,Second store,Havnegata 68,7010,Trondheim,NO,Leave with neighbour shop if closed,false
348,239,Store,Mannerheimintie 10,99100,Kittilä,FI,,true
349,240,Store,Hamngatan 7,582 22,Linköping,SE,Pallets only via goods entrance,true
350,241,Store,Mannerheimintie 108,70100,Kuopio,FI,Call 30 min before arrival,true
351,242,Store,Torikatu 27,65100,Vaasa,FI,Pallets only via goods entrance,true
352,243,Store,Hafenstraße 100,24103,Kiel,DE,,true
353,244,Store,Østergade 57,1050,Copenhagen,DK,Call 30 min before arrival,true
354,245,Store,Torikatu 107,20100,Turku,FI,Call 30 min before arrival,true
355,246,Store,Järnvägsgatan 113,753 10,Uppsala,SE,Call 30 min before arrival,true
356,247,Store,Norra Esplanaden 66,981 31,Kiruna,SE,"Loading bay at the back, open 7-15",true
357,248,Store,Keskuskatu 104,00100,Helsinki,FI,"Loading bay at the back, open 7-15",true
358,249,Store,Skoleveien 89,4006,Stavanger,NO,Leave with neighbour shop if closed,true
359,250,Store,Teollisuustie 29,67100,Kokkola,FI,Call 30 min before arrival,true
360,251,Store,Norra Esplanaden 29,791 71,Falun,SE,"Loading bay at the back, open 7-15",true
361,252,Store,Skolevej 33,1050,Copenhagen,DK,Call 30 min before arrival,true
362,253,Store,Fjellveien 107,0150,Oslo,NO,"Loading bay at the back, open 7-15",true
363,254,Store,Rantatie 62,33100,Tampere,FI,Call 30 min before arrival,true
364,255,Store,Mannerheimintie 10,00100,Helsinki,FI,No deliveries before 9:00,true
365,256,Store,Drottninggatan 15,111 20,Stockholm,SE,Leave with neighbour shop if closed,true
366,257,Store,Teollisuustie 57,70100,Kuopio,FI,,true
367,258,Store,Bahnhofstraße 14,24937,Flensburg,DE,"Loading bay at the back, open 7-15",true
368,259,Store,Vestergade 118,6700,Esbjerg,DK,Call 30 min before arrival,true
369,259,Second store,Nørregade 47,4000,Roskilde,DK,Leave with neighbour shop if closed,false
370,260,Store,Puistokatu 114,40100,Jyväskylä,FI,Pallets only via goods entrance,true
371,261,Store,Norra Esplanaden 11,702 11,Örebro,SE,No deliveries before 9:00,true
372,262,Store,Strandveien 1,0150,Oslo,NO,Call 30 min before arrival,true
373,262,Central warehouse,Strandveien 59,2609,Lillehammer,NO,Leave with neighbour shop if closed,false
374,263,Store,Hamngatan 65,903 26,Umeå,SE,,true
375,264,Store,Asemakatu 115,70100,Kuopio,FI,,true
376,265,Store,Torggata 37,9008,Tromsø,NO,Call 30 min before arrival,true
377,265,Second store,Storgata 102,7010,Trondheim,NO,"Loading bay at the back, open 7-15",false
378,266,Store,Tartu mnt 62,10111,Tallinn,EE,Call 30 min before arrival,true
379,266,Second store,Pärnu mnt 111,51003,Tartu,EE,,false
380,267,Store,Bahnhofstraße 78,24937,Flensburg,DE,,true
381,268,Store,Kirkegata 101,6002,Ålesund,NO,,true
382,269,Store,Nørregade 17,4000,Roskilde,DK,,true
383,269,Central warehouse,Østergade 2,6000,Kolding,DK,"Loading bay at the back, open 7-15",false
384,270,Store,Hauptstraße 84,24937,Flensburg,DE,,true
385,271,Store,Puistokatu 83,67100,Kokkola,FI,"Loading bay at the back, open 7-15",true
386,272,Store,Skoleveien 84,2609,Lillehammer,NO,,true
387,273,Store,Hamngatan 62,831 30,Östersund,SE,No deliveries before 9:00,true
388,274,Store,Torikatu 117,40100,Jyväskylä,FI,"Loading bay at the back, open 7-15",true
389,274,Second store,Rantatie 43,65100,Vaasa,FI,,false
390,275,Store,Industriveien 108,7010,Trondheim,NO,Pallets only via goods entrance,true
391,276,Store,Skolevej 109,6700,Esbjerg,DK,Call 30 min before arrival,true
392,277,Store,Hovedgaden 93,8000,Aarhus,DK,"Loading bay at the back, open 7-15",true
393,277,Second store,Skolevej 103,5000,Odense,DK,No deliveries before 9:00,false
394,278,Store,Torikatu 66,80100,Joensuu,FI,,true
395,279,Store,Strandveien 89,7010,Trondheim,NO,No deliveries before 9:00,true
396,280,Store,Keskuskatu 119,60100,Seinäjoki,FI,,true
397,281,Store,Keskuskatu 25,33100,Tampere,FI,,true
398,281,Second store,Teollisuustie 15,65100,Vaasa,FI,Pallets only via goods entrance,false
399,282,Store,Rantatie 70,70100,Kuopio,FI,"Loading bay at the back, open 7-15",true
400,283,Store,Østergade 110,8000,Aarhus,DK,Pallets only via goods entrance,true
401,284,Store,Storgatan 86,411 04,Göteborg,SE,,true
402,285,Store,Industrivägen 40,111 20,Stockholm,SE,Pallets only via goods entrance,true
403,286,Store,Torggata 4,9008,Tromsø,NO,"Loading bay at the back, open 7-15",true
404,287,Store,Teollisuustie 73,70100,Kuopio,FI,Call 30 min before arrival,true
405,288,Store,Fjällvägen 100,837 52,Åre,SE,Call 30 min before arrival,true
406,289,Store,Nørregade 32,4000,Roskilde,DK,Pallets only via goods entrance,true
407,290,Store,Skolgatan 97,972 31,Luleå,SE,Leave with neighbour shop if closed,true
408,291,Store,Puistokatu 104,99100,Kittilä,FI,Pallets only via goods entrance,true
409,292,Store,Vestergade 35,6700,Esbjerg,DK,Call 30 min before arrival,true
410,293,Store,Hovedgaden 16,4000,Roskilde,DK,,true
411,294,Store,Nørregade 82,6000,Kolding,DK,Pallets only via goods entrance,true
412,295,Store,Industriveien 29,8006,Bodø,NO,No deliveries before 9:00,true
413,295,Central warehouse,Skoleveien 8,6002,Ålesund,NO,Pallets only via goods entrance,false
414,296,Store,Mannerheimintie 99,15100,Lahti,FI,Pallets only via goods entrance,true
415,297,Store,Torggata 17,6002,Ålesund,NO,,true
416,298,Store,Hämeenkatu 13,20100,Turku,FI,Pallets only via goods entrance,true
417,299,Store,Kirkegata 83,6002,Ålesund,NO,,true
418,300,Store,Järnvägsgatan 1,981 31,Kiruna,SE,"Loading bay at the back, open 7-15",true
419,300,Second store,Drottninggatan 71,903 26,Umeå,SE,"Loading bay at the back, open 7-15",false
420,301,Store,Kauppakatu 94,70100,Kuopio,FI,Leave with neighbour shop if closed,true
421,302,Store,Asemakatu 118,65100,Vaasa,FI,,true
422,303,Store,Rantatie 40,96100,Rovaniemi,FI,Call 30 min before arrival,true
423,304,Store,Kungsgatan 26,211 20,Malmö,SE,Leave with neighbour shop if closed,true
424,305,Store,Asemakatu 119,67100,Kokkola,FI,Pallets only via goods entrance,true
425,306,Store,Industriveien 100,7010,Trondheim,NO,,true
426,307,Store,Järnvägsgatan 82,981 31,Kiruna,SE,Call 30 min before arrival,true
427,308,Store,Kungsgatan 28,852 30,Sundsvall,SE,,true
428,309,Store,Rantatie 17,00100,Helsinki,FI,"Loading bay at the back, open 7-15",true
429,310,Store,Torikatu 64,20100,Turku,FI,Pallets only via goods entrance,true
430,311,Store,Järnvägsgatan 49,831 30,Östersund,SE,,true
431,311,Second store,Kungsgatan 117,652 24,Karlstad,SE,"Loading bay at the back, open 7-15",false
432,312,Store,Industriveien 19,4006,Stavanger,NO,Pallets only via goods entrance,true
433,313,Store,Yliopistonkatu 45,20100,Turku,FI,,true
434,314,Store,Storgatan 27,753 10,Uppsala,SE,Pallets only via goods entrance,true
435,315,Store,Skolevej 36,6000,Kolding,DK,Call 30 min before arrival,true
436,316,Store,Storgatan 58,753 10,Uppsala,SE,Call 30 min before arrival,true
437,317,Store,Rantatie 97,96100,Rovaniemi,FI,Pallets only via goods entrance,true
438,318,Store,Havnegata 12,8006,Bodø,NO,,true
439,318,Second store,Torggata 60,6002,Ålesund,NO,No deliveries before 9:00,false
440,319,Store,Kungsgatan 111,791 71,Falun,SE,,true
441,320,Store,Bahnhofstraße 95,80331,Munich,DE,,true
442,321,Store,Kungsgatan 119,111 20,Stockholm,SE,Pallets only via goods entrance,true
443,322,Store,Havnevej 82,4000,Roskilde,DK,Leave with neighbour shop if closed,true
444,323,Store,Fjällvägen 63,837 52,Åre,SE,Call 30 min before arrival,true
445,324,Store,Storgata 9,9008,Tromsø,NO,,true
446,325,Store,Nørregade 72,5000,Odense,DK,Leave with neighbour shop if closed,true
447,326,Store,Nørregade 24,6000,Kolding,DK,,true
448,327,Store,Rantatie 29,02100,Espoo,FI,,true
449,328,Store,Drottninggatan 46,753 10,Uppsala,SE,,true
450,329,Store,Yliopistonkatu 40,60100,Seinäjoki,FI,No deliveries before 9:00,true
451,330,Store,Hovedgaden 60,9000,Aalborg,DK,,true
452,331,Store,Asemakatu 43,13100,Hämeenlinna,FI,No deliveries before 9:00,true
453,332,Store,Torggata 98,3015,Drammen,NO,Pallets only via goods entrance,true
454,333,Store,Kungsgatan 3,803 20,Gävle,SE,Call 30 min before arrival,true
455,334,Store,Kauppakatu 111,13100,Hämeenlinna,FI,"Loading bay at the back, open 7-15",true
456,335,Store,Hamngatan 55,411 04,Göteborg,SE,Call 30 min before arrival,true
457,336,Store,Drottninggatan 20,111 20,Stockholm,SE,Pallets only via goods entrance,true
458,337,Store,Nørregade 60,4000,Roskilde,DK,Pallets only via goods entrance,true
459,338,Store,Storgatan 97,803 20,Gävle,SE,Pallets only via goods entrance,true
460,339,Store,Nørregade 21,4000,Roskilde,DK,Leave with neighbour shop if closed,true
461,340,Store,Drottninggatan 117,852 30,Sundsvall,SE,,true
462,341,Store,Skolgatan 120,972 31,Luleå,SE,Call 30 min before arrival,true
463,342,Store,Norra Esplanaden 82,411 04,Göteborg,SE,Call 30 min before arrival,true
464,343,Store,Hovedgaden 64,8000,Aarhus,DK,Call 30 min before arrival,true
465,344,Store,Hauptstraße 78,10115,Berlin,DE,No deliveries before 9:00,true
466,345,Store,Industriveien 102,6002,Ålesund,NO,Pallets only via goods entrance,true
467,346,Store,Skoleveien 7,2609,Lillehammer,NO,,true
468,347,Store,Teollisuustie 77,00100,Helsinki,FI,"Loading bay at the back, open 7-15",true
469,348,Store,Kungsgatan 91,111 20,Stockholm,SE,Pallets only via goods entrance,true
470,349,Store,Havnevej 84,8000,Aarhus,DK,Leave with neighbour shop if closed,true
471,350,Store,Skolevej 5,4000,Roskilde,DK,Pallets only via goods entrance,true
472,351,Store,Järnvägsgatan 16,111 20,Stockholm,SE,No deliveries before 9:00,true
473,351,Central warehouse,Fjällvägen 33,837 52,Åre,SE,,false
474,352,Store,Østergade 111,1050,Copenhagen,DK,Pallets only via goods entrance,true
475,353,Store,Mannerheimintie 63,60100,Seinäjoki,FI,Call 30 min before arrival,true
476,354,Store,Puistokatu 11,93600,Kuusamo,FI,,true
477,355,Store,Skolgatan 1,753 10,Uppsala,SE,Leave with neighbour shop if closed,true
478,356,Store,Strandveien 20,7010,Trondheim,NO,Leave with neighbour shop if closed,true
479,357,Store,Torikatu 53,65100,Vaasa,FI,Call 30 min before arrival,true
480,357,Second store,Torikatu 18,65100,Vaasa,FI,,false
481,358,Store,Storgatan 66,582 22,Linköping,SE,No deliveries before 9:00,true
482,358,Second store,Drottninggatan 65,852 30,Sundsvall,SE,,false
483,359,Store,Sadama tn 39,10111,Tallinn,EE,Pallets only via goods entrance,true
484,360,Store,Bahnhofstraße 31,10115,Berlin,DE,,true
485,361,Store,Industrivej 43,1050,Copenhagen,DK,Leave with neighbour shop if closed,true
486,362,Store,Storgata 116,9510,Alta,NO,,true
487,362,Second store,Industriveien 65,6002,Ålesund,NO,Call 30 min before arrival,false
488,363,Store,Storgatan 25,791 71,Falun,SE,Leave with neighbour shop if closed,true
489,364,Store,Drottninggatan 48,582 22,Linköping,SE,Leave with neighbour shop if closed,true
490,365,Store,Drottninggatan 70,702 11,Örebro,SE,"Loading bay at the back, open 7-15",true
491,366,Store,Hämeenkatu 6,20100,Turku,FI,No deliveries before 9:00,true
492,367,Store,Hovedgaden 111,6700,Esbjerg,DK,"Loading bay at the back, open 7-15",true
493,368,Store,Fjellveien 69,9510,Alta,NO,,true
494,369,Store,Fjellveien 49,9008,Tromsø,NO,"Loading bay at the back, open 7-15",true
495,370,Store,Nørregade 75,5000,Odense,DK,No deliveries before 9:00,true
496,370,Second store,Vestergade 93,4000,Roskilde,DK,No deliveries before 9:00,false
497,371,Store,Kauppakatu 119,40100,Jyväskylä,FI,"Loading bay at the back, open 7-15",true
498,372,Store,Hamngatan 37,837 52,Åre,SE,Call 30 min before arrival,true
499,372,Second store,Drottninggatan 38,981 31,Kiruna,SE,"Loading bay at the back, open 7-15",false
500,373,Store,Drottninggatan 78,702 11,Örebro,SE,Call 30 min before arrival,true
501,374,Store,Industrivägen 51,211 20,Malmö,SE,No deliveries before 9:00,true
502,375,Store,Storgata 50,8006,Bodø,NO,,true
503,376,Store,Fjällvägen 54,831 30,Östersund,SE,Call 30 min before arrival,true
504,377,Store,Fjellveien 41,4610,Kristiansand,NO,,true
505,378,Store,Vestergade 17,5000,Odense,DK,Pallets only via goods entrance,true
506,378,Second store,Industrivej 45,6700,Esbjerg,DK,,false
507,379,Store,Vestergade 94,6000,Kolding,DK,Pallets only via goods entrance,true
508,380,Store,Skolgatan 67,702 11,Örebro,SE,,true
509,381,Store,Rantatie 22,00100,Helsinki,FI,No deliveries before 9:00,true
510,382,Store,Narva mnt 62,51003,Tartu,EE,Call 30 min before arrival,true
511,383,Store,Industriveien 3,2317,Hamar,NO,"Loading bay at the back, open 7-15",true
512,384,Store,Rantatie 28,00100,Helsinki,FI,,true
513,385,Store,Strandveien 84,9008,Tromsø,NO,,true
514,386,Store,Hämeenkatu 2,40100,Jyväskylä,FI,,true
515,387,Store,Havnegata 117,9510,Alta,NO,"Loading bay at the back, open 7-15",true
516,388,Store,Narva mnt 80,51003,Tartu,EE,,true
517,389,Store,Havnegata 60,8006,Bodø,NO,"Loading bay at the back, open 7-15",true
518,390,Store,Skoleveien 91,2317,Hamar,NO,"Loading bay at the back, open 7-15",true
519,391,Store,Havnevej 8,4000,Roskilde,DK,Pallets only via goods entrance,true
520,392,Store,Kirkegata 116,5003,Bergen,NO,Call 30 min before arrival,true
521,393,Store,Keskuskatu 106,20100,Turku,FI,Pallets only via goods entrance,true
522,394,Store,Teollisuustie 28,99100,Kittilä,FI,Leave with neighbour shop if closed,true
523,394,Second store,Teollisuustie 29,33100,Tampere,FI,,false
524,395,Store,Storgata 53,4006,Stavanger,NO,,true
525,396,Store,Torggata 4,4610,Kristiansand,NO,Pallets only via goods entrance,true
526,397,Store,Rantatie 41,90100,Oulu,FI,,true
527,398,Store,Pärnu mnt 16,80010,Pärnu,EE,No deliveries before 9:00,true
528,399,Store,Havnegata 116,9008,Tromsø,NO,,true
529,400,Store,Norra Esplanaden 9,837 52,Åre,SE,,true
530,401,Store,Hämeenkatu 40,15100,Lahti,FI,,true
531,401,Second store,Torikatu 49,00100,Helsinki,FI,Leave with neighbour shop if closed,false
532,402,Store,Industrivej 49,8000,Aarhus,DK,,true
533,402,Second store,Nørregade 80,1050,Copenhagen,DK,No deliveries before 9:00,false
534,403,Store,Rantatie 71,93600,Kuusamo,FI,,true
535,404,Store,Puistokatu 8,00100,Helsinki,FI,Pallets only via goods entrance,true
536,405,Store,Norra Esplanaden 105,903 26,Umeå,SE,Leave with neighbour shop if closed,true
537,406,Store,Skolgatan 105,411 04,Göteborg,SE,Call 30 min before arrival,true
538,407,Store,Norra Esplanaden 1,981 31,Kiruna,SE,No deliveries before 9:00,true
539,408,Store,Narva mnt 112,80010,Pärnu,EE,Leave with neighbour shop if closed,true
540,409,Store,Hämeenkatu 89,80100,Joensuu,FI,Pallets only via goods entrance,true
541,410,Store,Kungsgatan 8,903 26,Umeå,SE,"Loading bay at the back, open 7-15",true
542,411,Store,Havnevej 20,9000,Aalborg,DK,Call 30 min before arrival,true
543,412,Store,Puistokatu 95,93600,Kuusamo,FI,,true
544,413,Store,Hamngatan 113,837 52,Åre,SE,,true
545,414,Store,Vestergade 77,1050,Copenhagen,DK,,true
546,415,Store,Torikatu 40,15100,Lahti,FI,Call 30 min before arrival,true
547,416,Store,Järnvägsgatan 66,831 30,Östersund,SE,No deliveries before 9:00,true
548,417,Store,Drottninggatan 55,582 22,Linköping,SE,"Loading bay at the back, open 7-15",true
549,418,Store,Drottninggatan 93,652 24,Karlstad,SE,No deliveries before 9:00,true
550,419,Store,Hämeenkatu 39,20100,Turku,FI,,true
551,419,Second store,Keskuskatu 18,15100,Lahti,FI,Leave with neighbour shop if closed,false
552,420,Store,Industriveien 46,0150,Oslo,NO,,true
553,421,Store,Kooli tn 119,51003,Tartu,EE,,true
554,422,Store,Torikatu 93,00100,Helsinki,FI,"Loading bay at the back, open 7-15",true
555,423,Store,Keskuskatu 62,70100,Kuopio,FI,"Loading bay at the back, open 7-15",true
556,424,Store,Tartu mnt 80,10111,Tallinn,EE,No deliveries before 9:00,true
557,425,Store,Hauptstraße 18,10115,Berlin,DE,Pallets only via goods entrance,true
558,426,Store,Industrivägen 108,791 71,Falun,SE,Pallets only via goods entrance,true
559,427,Store,Fjällvägen 5,111 20,Stockholm,SE,No deliveries before 9:00,true
560,428,Store,Kungsgatan 8,903 26,Umeå,SE,Leave with neighbour shop if closed,true
561,428,Second store,Norra Esplanaden 15,582 22,Linköping,SE,,false
562,429,Store,Puistokatu 69,20100,Turku,FI,Pallets only via goods entrance,true
563,430,Store,Teollisuustie 99,02100,Espoo,FI,Call 30 min before arrival,true
564,431,Store,Hamngatan 55,972 31,Luleå,SE,Pallets only via goods entrance,true
565,432,Store,Hamngatan 16,803 20,Gävle,SE,,true
566,433,Store,Skolgatan 58,652 24,Karlstad,SE,Leave with neighbour shop if closed,true
567,434,Store,Torggata 24,5003,Bergen,NO,,true
568,435,Store,Storgatan 115,211 20,Malmö,SE,Pallets only via goods entrance,true
569,436,Store,Kirkegata 31,7010,Trondheim,NO,"Loading bay at the back, open 7-15",true
570,437,Store,Hafenstraße 109,24103,Kiel,DE,No deliveries before 9:00,true
571,438,Store,Pärnu mnt 84,10111,Tallinn,EE,No deliveries before 9:00,true
572,439,Store,Storgatan 20,972 31,Luleå,SE,,true
573,439,Second store,Norra Esplanaden 33,211 20,Malmö,SE,Pallets only via goods entrance,false
574,440,Store,Rantatie 80,15100,Lahti,FI,Call 30 min before arrival,true
575,441,Store,Bahnhofstraße 38,24103,Kiel,DE,Leave with neighbour shop if closed,true
576,442,Store,Storgata 91,9008,Tromsø,NO,Pallets only via goods entrance,true
577,443,Store,Bahnhofstraße 40,10115,Berlin,DE,No deliveries before 9:00,true
578,444,Store,Skolevej 93,5000,Odense,DK,,true
579,445,Store,Industrivägen 45,831 30,Östersund,SE,Call 30 min before arrival,true
580,445,Central warehouse,Kungsgatan 62,211 20,Malmö,SE,No deliveries before 9:00,false
581,445,Second store,Drottninggatan 51,803 20,Gävle,SE,Pallets only via goods entrance,false
582,446,Store,Puistokatu 44,70100,Kuopio,FI,"Loading bay at the back, open 7-15",true
583,446,Second store,Kauppakatu 79,90100,Oulu,FI,Pallets only via goods entrance,false
584,447,Store,Hafenstraße 83,24103,Kiel,DE,,true
585,448,Store,Narva mnt 110,51003,Tartu,EE,No deliveries before 9:00,true
586,449,Store,Storgatan 86,582 22,Linköping,SE,Pallets only via goods entrance,true
587,450,Store,Skolgatan 23,837 52,Åre,SE,"Loading bay at the back, open 7-15",true
588,450,Second store,Kungsgatan 39,652 24,Karlstad,SE,No deliveries before 9:00,false
589,451,Store,Skolevej 22,4000,Roskilde,DK,Pallets only via goods entrance,true
590,452,Store,Kirkegata 12,8006,Bodø,NO,,true
591,453,Store,Torggata 77,9510,Alta,NO,Pallets only via goods entrance,true
592,453,Central warehouse,Industriveien 4,2317,Hamar,NO,"Loading bay at the back, open 7-15",false
593,454,Store,Drottninggatan 96,903 26,Umeå,SE,"Loading bay at the back, open 7-15",true
594,454,Central warehouse,Hamngatan 45,702 11,Örebro,SE,Leave with neighbour shop if closed,false
595,455,Store,Torggata 5,2317,Hamar,NO,No deliveries before 9:00,true
596,456,Store,Teollisuustie 117,02100,Espoo,FI,,true
597,457,Store,Hämeenkatu 87,02100,Espoo,FI,Call 30 min before arrival,true
598,458,Store,Norra Esplanaden 3,981 31,Kiruna,SE,Leave with neighbour shop if closed,true
599,459,Store,Kauppakatu 102,20100,Turku,FI,No deliveries before 9:00,true
600,460,Store,Torggata 83,5003,Bergen,NO,,true
601,461,Store,Fjellveien 31,4006,Stavanger,NO,,true
602,462,Store,Hovedgaden 75,1050,Copenhagen,DK,No deliveries before 9:00,true
603,463,Store,Fjellveien 16,2317,Hamar,NO,Call 30 min before arrival,true
604,464,Store,Bergweg 61,24103,Kiel,DE,,true
605,465,Store,Fjällvägen 10,803 20,Gävle,SE,No deliveries before 9:00,true
606,466,Store,Asemakatu 73,33100,Tampere,FI,No deliveries before 9:00,true
607,467,Store,Järnvägsgatan 52,852 30,Sundsvall,SE,"Loading bay at the back, open 7-15",true
608,468,Store,Hamngatan 97,972 31,Luleå,SE,Leave with neighbour shop if closed,true
609,469,Store,Storgata 15,0150,Oslo,NO,No deliveries before 9:00,true
610,470,Store,Torikatu 41,00100,Helsinki,FI,No deliveries before 9:00,true
611,471,Store,Torggata 17,2609,Lillehammer,NO,,true
612,472,Store,Mannerheimintie 51,00100,Helsinki,FI,,true
613,473,Store,Kungsgatan 37,837 52,Åre,SE,No deliveries before 9:00,true
614,473,Second store,Norra Esplanaden 101,837 52,Åre,SE,Leave with neighbour shop if closed,false
615,474,Store,Kirkegata 54,3015,Drammen,NO,"Loading bay at the back, open 7-15",true
616,475,Store,Norra Esplanaden 13,972 31,Luleå,SE,No deliveries before 9:00,true
617,476,Store,Skoleveien 84,0150,Oslo,NO,"Loading bay at the back, open 7-15",true
618,477,Store,Hamngatan 82,903 26,Umeå,SE,,true
619,478,Store,Drottninggatan 100,972 31,Luleå,SE,Pallets only via goods entrance,true
620,478,Second store,Kungsgatan 49,211 20,Malmö,SE,"Loading bay at the back, open 7-15",false
621,479,Store,Teollisuustie 25,99100,Kittilä,FI,Call 30 min before arrival,true
622,480,Store,Storgata 4,7010,Trondheim,NO,No deliveries before 9:00,true
623,481,Store,Mannerheimintie 90,99100,Kittilä,FI,"Loading bay at the back, open 7-15",true
624,482,Store,Rantatie 72,80100,Joensuu,FI,Leave with neighbour shop if closed,true
625,483,Store,Østergade 115,9000,Aalborg,DK,Call 30 min before arrival,true
626,484,Store,Kauppakatu 103,70100,Kuopio,FI,Leave with neighbour shop if closed,true
627,485,Store,Storgatan 18,111 20,Stockholm,SE,"Loading bay at the back, open 7-15",true
628,486,Store,Mannerheimintie 118,67100,Kokkola,FI,Call 30 min before arrival,true
629,487,Store,Industrivägen 60,791 71,Falun,SE,,true
630,488,Store,Torggata 117,4006,Stavanger,NO,Leave with neighbour shop if closed,true
631,488,Second store,Havnegata 107,7010,Trondheim,NO,Call 30 min before arrival,false
632,489,Store,Kungsgatan 14,753 10,Uppsala,SE,,true
633,490,Store,Drottninggatan 58,852 30,Sundsvall,SE,Pallets only via goods entrance,true
634,491,Store,Järnvägsgatan 108,981 31,Kiruna,SE,No deliveries before 9:00,true
635,491,Second store,Norra Esplanaden 100,791 71,Falun,SE,No deliveries before 9:00,false
636,492,Store,Bergweg 67,24103,Kiel,DE,Call 30 min before arrival,true
637,493,Store,Asemakatu 21,90100,Oulu,FI,,true
638,494,Store,Fjällvägen 99,837 52,Åre,SE,"Loading bay at the back, open 7-15",true
639,495,Store,Bergweg 102,10115,Berlin,DE,,true
640,496,Store,Skoleveien 102,4610,Kristiansand,NO,Pallets only via goods entrance,true
641,497,Store,Storgatan 26,837 52,Åre,SE,Leave with neighbour shop if closed,true
642,498,Store,Havnegata 7,4006,Stavanger,NO,,true
643,499,Store,Storgata 100,2317,Hamar,NO,"Loading bay at the back, open 7-15",true
644,499,Central warehouse,Industriveien 14,8006,Bodø,NO,"Loading bay at the back, open 7-15",false
645,500,Store,Strandveien 84,4610,Kristiansand,NO,No deliveries before 9:00,true
646,501,Store,Østergade 99,6700,Esbjerg,DK,"Loading bay at the back, open 7-15",true
647,501,Central warehouse,Havnevej 108,1050,Copenhagen,DK,Leave with neighbour shop if closed,false
648,502,Store,Skoleveien 19,0150,Oslo,NO,Leave with neighbour shop if closed,true
649,503,Store,Torikatu 77,65100,Vaasa,FI,No deliveries before 9:00,true
650,504,Store,Drottninggatan 82,411 04,Göteborg,SE,,true
651,505,Store,Industriveien 92,4610,Kristiansand,NO,Leave with neighbour shop if closed,true
652,505,Second store,Kirkegata 7,2609,Lillehammer,NO,"Loading bay at the back, open 7-15",false
653,506,Store,Bergweg 84,10115,Berlin,DE,,true
654,506,Second store,Bahnhofstraße 32,24937,Flensburg,DE,,false
655,507,Store,Asemakatu 81,02100,Espoo,FI,Pallets only via goods entrance,true
656,508,Store,Havnegata 118,3015,Drammen,NO,"Loading bay at the back, open 7-15",true
657,509,Store,Hämeenkatu 60,20100,Turku,FI,,true
658,510,Store,Fjällvägen 78,903 26,Umeå,SE,Leave with neighbour shop if closed,true
659,511,Store,Skoleveien 48,7010,Trondheim,NO,,true
660,512,Store,Järnvägsgatan 89,981 31,Kiruna,SE,,true
661,513,Store,Kungsgatan 18,211 20,Malmö,SE,,true
662,514,Store,Kooli tn 65,10111,Tallinn,EE,,true
663,515,Store,Havnegata 25,2609,Lillehammer,NO,"Loading bay at the back, open 7-15",true
664,516,Store,Teollisuustie 47,02100,Espoo,FI,No deliveries before 9:00,true
665,517,Store,Puistokatu 21,60100,Seinäjoki,FI,Pallets only via goods entrance,true
666,517,Second store,Kauppakatu 60,93600,Kuusamo,FI,Call 30 min before arrival,false
667,518,Store,Industriveien 53,9008,Tromsø,NO,"Loading bay at the back, open 7-15",true
668,519,Store,Kungsgatan 106,753 10,Uppsala,SE,No deliveries before 9:00,true
669,520,Store,Bahnhofstraße 50,20095,Hamburg,DE,No deliveries before 9:00,true
670,521,Store,Kirkegata 68,6002,Ålesund,NO,"Loading bay at the back, open 7-15",true
671,522,Store,Narva mnt 111,80010,Pärnu,EE,,true
672,523,Store,Industriveien 104,0150,Oslo,NO,,true
673,524,Store,Kirkegata 55,3015,Drammen,NO,"Loading bay at the back, open 7-15",true
674,525,Store,Puistokatu 106,65100,Vaasa,FI,Call 30 min before arrival,true
675,525,Second store,Teollisuustie 32,00100,Helsinki,FI,,false
676,526,Store,Kauppakatu 80,60100,Seinäjoki,FI,,true
677,527,Store,Fjällvägen 71,981 31,Kiruna,SE,Pallets only via goods entrance,true
678,528,Store,Rantatie 89,00100,Helsinki,FI,,true
679,529,Store,Asemakatu 52,00100,Helsinki,FI,Call 30 min before arrival,true
680,530,Store,Kirkegata 104,2609,Lillehammer,NO,,true
681,531,Store,Yliopistonkatu 57,90100,Oulu,FI,No deliveries before 9:00,true
682,531,Second store,Torikatu 109,70100,Kuopio,FI,No deliveries before 9:00,false
683,532,Store,Yliopistonkatu 29,90100,Oulu,FI,,true
684,532,Second store,Rantatie 86,96100,Rovaniemi,FI,Leave with neighbour shop if closed,false
685,533,Store,Torggata 60,8006,Bodø,NO,,true
686,534,Store,Asemakatu 77,70100,Kuopio,FI,No deliveries before 9:00,true
687,535,Store,Am Markt 106,20095,Hamburg,DE,,true
688,535,Central warehouse,Hafenstraße 80,24937,Flensburg,DE,Pallets only via goods entrance,false
689,536,Store,Mannerheimintie 8,90100,Oulu,FI,"Loading bay at the back, open 7-15",true
690,537,Store,Østergade 28,1050,Copenhagen,DK,,true
691,537,Central warehouse,Havnevej 40,6000,Kolding,DK,Call 30 min before arrival,false
692,538,Store,Strandveien 33,2317,Hamar,NO,"Loading bay at the back, open 7-15",true
693,539,Store,Vestergade 31,5000,Odense,DK,,true
694,540,Store,Järnvägsgatan 64,972 31,Luleå,SE,No deliveries before 9:00,true
695,541,Store,Torikatu 119,13100,Hämeenlinna,FI,,true
696,541,Second store,Mannerheimintie 44,00100,Helsinki,FI,Leave with neighbour shop if closed,false
697,542,Store,Drottninggatan 76,111 20,Stockholm,SE,Leave with neighbour shop if closed,true
698,543,Store,Fjällvägen 92,972 31,Luleå,SE,Leave with neighbour shop if closed,true
699,544,Store,Rantatie 60,70100,Kuopio,FI,Leave with neighbour shop if closed,true
700,545,Store,Mannerheimintie 44,13100,Hämeenlinna,FI,Pallets only via goods entrance,true
701,546,Store,Storgatan 39,903 26,Umeå,SE,Pallets only via goods entrance,true
702,546,Second store,Norra Esplanaden 85,972 31,Luleå,SE,Leave with neighbour shop if closed,false
703,547,Store,Järnvägsgatan 85,981 31,Kiruna,SE,,true
704,548,Store,Puistokatu 103,02100,Espoo,FI,No deliveries before 9:00,true
705,549,Store,Puistokatu 75,70100,Kuopio,FI,,true
706,549,Central warehouse,Hämeenkatu 68,00100,Helsinki,FI,No deliveries before 9:00,false
707,550,Store,Drottninggatan 47,411 04,Göteborg,SE,,true
708,551,Store,Hämeenkatu 35,65100,Vaasa,FI,,true
709,552,Store,Industriveien 5,2609,Lillehammer,NO,Call 30 min before arrival,true
710,552,Second store,Havnegata 96,5003,Bergen,NO,Pallets only via goods entrance,false
711,553,Store,Puistokatu 10,15100,Lahti,FI,Leave with neighbour shop if closed,true
712,554,Store,Havnegata 73,5003,Bergen,NO,,true
713,555,Store,Norra Esplanaden 10,702 11,Örebro,SE,Leave with neighbour shop if closed,true
714,556,Store,Skolgatan 84,803 20,Gävle,SE,Pallets only via goods entrance,true
715,557,Store,Torggata 93,6002,Ålesund,NO,"Loading bay at the back, open 7-15",true
716,558,Store,Torggata 56,4006,Stavanger,NO,"Loading bay at the back, open 7-15",true
717,558,Second store,Torggata 8,4006,Stavanger,NO,No deliveries before 9:00,false
718,559,Store,Drottninggatan 103,803 20,Gävle,SE,Leave with neighbour shop if closed,true
719,560,Store,Norra Esplanaden 63,852 30,Sundsvall,SE,Leave with neighbour shop if closed,true
720,561,Store,Havnevej 94,6700,Esbjerg,DK,Pallets only via goods entrance,true
721,562,Store,Mannerheimintie 101,93600,Kuusamo,FI,,true
722,563,Store,Storgatan 51,972 31,Luleå,SE,,true
723,564,Store,Hämeenkatu 75,65100,Vaasa,FI,Pallets only via goods entrance,true
724,565,Store,Drottninggatan 89,831 30,Östersund,SE,,true
725,566,Store,Havnevej 18,6700,Esbjerg,DK,,true
726,566,Central warehouse,Nørregade 67,4000,Roskilde,DK,,false
727,567,Store,Havnegata 74,3015,Drammen,NO,Pallets only via goods entrance,true
728,568,Store,Puistokatu 118,99100,Kittilä,FI,,true
729,569,Store,Kauppakatu 96,96100,Rovaniemi,FI,No deliveries before 9:00,true
730,570,Store,Industrivägen 12,411 04,Göteborg,SE,Call 30 min before arrival,true
731,571,Store,Kungsgatan 35,582 22,Linköping,SE,Call 30 min before arrival,true
732,572,Store,Storgatan 72,831 30,Östersund,SE,Call 30 min before arrival,true
733,573,Store,Torikatu 4,33100,Tampere,FI,"Loading bay at the back, open 7-15",true
734,573,Central warehouse,Hämeenkatu 82,99100,Kittilä,FI,No deliveries before 9:00,false
735,574,Store,Skolevej 79,6700,Esbjerg,DK,Pallets only via goods entrance,true
736,574,Second store,Hovedgaden 23,5000,Odense,DK,No deliveries before 9:00,false
737,575,Store,Skolgatan 97,702 11,Örebro,SE,,true
738,576,Store,Storgata 84,7010,Trondheim,NO,Leave with neighbour shop if closed,true
739,576,Second store,Storgata 24,0150,Oslo,NO,,false
740,577,Store,Mannerheimintie 110,93600,Kuusamo,FI,No deliveries before 9:00,true
741,578,Store,Skolgatan 88,211 20,Malmö,SE,No deliveries before 9:00,true
742,579,Store,Drottninggatan 32,753 10,Uppsala,SE,"Loading bay at the back, open 7-15",true
743,580,Store,Puistokatu 117,20100,Turku,FI,"Loading bay at the back, open 7-15",true
744,581,Store,Industrivägen 118,903 26,Umeå,SE,Pallets only via goods entrance,true
745,582,Store,Sadama tn 21,10111,Tallinn,EE,No deliveries before 9:00,true
746,583,Store,Østergade 97,4000,Roskilde,DK,No deliveries before 9:00,true
747,584,Store,Industrivej 8,6000,Kolding,DK,"Loading bay at the back, open 7-15",true
748,585,Store,Torikatu 68,80100,Joensuu,FI,Pallets only via goods entrance,true
749,586,Store,Hamngatan 116,411 04,Göteborg,SE,Call 30 min before arrival,true
750,587,Store,Storgatan 45,981 31,Kiruna,SE,Leave with neighbour shop if closed,true
751,588,Store,Keskuskatu 115,13100,Hämeenlinna,FI,Leave with neighbour shop if closed,true
752,589,Store,Torikatu 78,90100,Oulu,FI,,true
753,590,Store,Mannerheimintie 42,90100,Oulu,FI,Call 30 min before arrival,true
754,591,Store,Norra Esplanaden 85,582 22,Linköping,SE,Leave with neighbour shop if closed,true
755,591,Central warehouse,Norra Esplanaden 96,582 22,Linköping,SE,,false
756,592,Store,Norra Esplanaden 105,411 04,Göteborg,SE,,true
757,593,Store,Keskuskatu 16,80100,Joensuu,FI,Call 30 min before arrival,true
758,594,Store,Asemakatu 1,20100,Turku,FI,,true
759,594,Second store,Torikatu 44,33100,Tampere,FI,Leave with neighbour shop if closed,false
760,595,Store,Storgatan 36,837 52,Åre,SE,,true
761,596,Store,Asemakatu 63,40100,Jyväskylä,FI,Pallets only via goods entrance,true
762,596,Second store,Rantatie 42,65100,Vaasa,FI,No deliveries before 9:00,false
763,597,Store,Asemakatu 76,80100,Joensuu,FI,"Loading bay at the back, open 7-15",true
764,598,Store,Drottninggatan 73,652 24,Karlstad,SE,,true
765,598,Central warehouse,Skolgatan 74,791 71,Falun,SE,No deliveries before 9:00,false
766,599,Store,Torikatu 91,33100,Tampere,FI,Call 30 min before arrival,true
767,600,Store,Fjellveien 82,3015,Drammen,NO,,true
768,601,Store,Hovedgaden 48,9000,Aalborg,DK,Pallets only via goods entrance,true
769,602,Store,Strandveien 35,6002,Ålesund,NO,,true
770,602,Central warehouse,Skoleveien 43,2317,Hamar,NO,Leave with neighbour shop if closed,false
771,603,Store,Industrivägen 100,582 22,Linköping,SE,,true
772,604,Store,Kungsgatan 9,831 30,Östersund,SE,Pallets only via goods entrance,true
773,604,Second store,Norra Esplanaden 76,582 22,Linköping,SE,,false
774,605,Store,Østergade 3,4000,Roskilde,DK,Leave with neighbour shop if closed,true
775,606,Store,Kauppakatu 96,90100,Oulu,FI,Leave with neighbour shop if closed,true
776,607,Store,Havnevej 57,8000,Aarhus,DK,Leave with neighbour shop if closed,true
777,608,Store,Kungsgatan 116,903 26,Umeå,SE,No deliveries before 9:00,true
778,609,Store,Bergweg 32,24103,Kiel,DE,Call 30 min before arrival,true
779,610,Store,Industriveien 74,2317,Hamar,NO,"Loading bay at the back, open 7-15",true
780,611,Store,Kirkegata 99,9510,Alta,NO,Pallets only via goods entrance,true
781,611,Second store,Storgata 27,9008,Tromsø,NO,"Loading bay at the back, open 7-15",false
782,612,Store,Mannerheimintie 38,70100,Kuopio,FI,,true
783,613,Store,Hamngatan 116,803 20,Gävle,SE,Call 30 min before arrival,true
784,614,Store,Drottninggatan 13,972 31,Luleå,SE,,true
785,615,Store,Kauppakatu 45,90100,Oulu,FI,,true
786,616,Store,Puistokatu 108,00100,Helsinki,FI,"Loading bay at the back, open 7-15",true
787,617,Store,Torikatu 27,99100,Kittilä,FI,,true
788,617,Second store,Kauppakatu 101,33100,Tampere,FI,,false
789,618,Store,Drottninggatan 61,981 31,Kiruna,SE,Leave with neighbour shop if closed,true
790,619,Store,Kungsgatan 13,803 20,Gävle,SE,"Loading bay at the back, open 7-15",true
791,620,Store,Hamngatan 63,753 10,Uppsala,SE,"Loading bay at the back, open 7-15",true
792,621,Store,Asemakatu 12,00100,Helsinki,FI,Pallets only via goods entrance,true
793,621,Central warehouse,Asemakatu 68,20100,Turku,FI,"Loading bay at the back, open 7-15",false
794,622,Store,Skoleveien 65,8006,Bodø,NO,,true
795,623,Store,Kooli tn 118,80010,Pärnu,EE,"Loading bay at the back, open 7-15",true
796,624,Store,Skoleveien 94,5003,Bergen,NO,,true
797,625,Store,Skolgatan 83,652 24,Karlstad,SE,"Loading bay at the back, open 7-15",true
798,626,Store,Nørregade 119,8000,Aarhus,DK,No deliveries before 9:00,true
799,627,Store,Industriveien 47,4006,Stavanger,NO,Call 30 min before arrival,true
800,628,Store,Kungsgatan 32,702 11,Örebro,SE,,true
801,629,Store,Torggata 5,4006,Stavanger,NO,No deliveries before 9:00,true
802,629,Central warehouse,Fjellveien 24,9510,Alta,NO,No deliveries before 9:00,false
803,630,Store,Storgatan 39,211 20,Malmö,SE,Pallets only via goods entrance,true
804,630,Second store,Kungsgatan 105,753 10,Uppsala,SE,Call 30 min before arrival,false
805,631,Store,Skolevej 80,9000,Aalborg,DK,Call 30 min before arrival,true
806,631,Second store,Østergade 44,6700,Esbjerg,DK,"Loading bay at the back, open 7-15",false
807,632,Store,Hämeenkatu 16,40100,Jyväskylä,FI,No deliveries before 9:00,true
808,633,Store,Norra Esplanaden 8,753 10,Uppsala,SE,Call 30 min before arrival,true
809,634,Store,Bergweg 64,10115,Berlin,DE,Leave with neighbour shop if closed,true
810,635,Store,Storgatan 9,702 11,Örebro,SE,"Loading bay at the back, open 7-15",true
811,636,Store,Rantatie 39,60100,Seinäjoki,FI,No deliveries before 9:00,true
812,637,Store,Industrivägen 110,981 31,Kiruna,SE,,true
813,638,Store,Teollisuustie 9,65100,Vaasa,FI,Pallets only via goods entrance,true
814,639,Store,Skoleveien 50,4610,Kristiansand,NO,"Loading bay at the back, open 7-15",true
815,640,Store,Kungsgatan 78,411 04,Göteborg,SE,Pallets only via goods entrance,true
816,641,Store,Fjellveien 27,5003,Bergen,NO,"Loading bay at the back, open 7-15",true
817,642,Store,Industrivägen 62,852 30,Sundsvall,SE,Pallets only via goods entrance,true
818,643,Store,Storgatan 44,981 31,Kiruna,SE,No deliveries before 9:00,true
819,644,Store,Vestergade 91,8000,Aarhus,DK,No deliveries before 9:00,true
820,645,Store,Hovedgaden 14,6000,Kolding,DK,"Loading bay at the back, open 7-15",true
821,645,Central warehouse,Havnevej 72,5000,Odense,DK,Pallets only via goods entrance,false
822,645,Second store,Skolevej 43,8000,Aarhus,DK,"Loading bay at the back, open 7-15",false
823,646,Store,Yliopistonkatu 74,00100,Helsinki,FI,Call 30 min before arrival,true
824,647,Store,Bergweg 71,80331,Munich,DE,,true
825,648,Store,Bahnhofstraße 58,10115,Berlin,DE,,true
826,649,Store,Industrivej 2,5000,Odense,DK,Leave with neighbour shop if closed,true
827,650,Store,Fjällvägen 61,753 10,Uppsala,SE,,true
828,650,Central warehouse,Storgatan 17,411 04,Göteborg,SE,"Loading bay at the back, open 7-15",false
829,651,Store,Hamngatan 6,831 30,Östersund,SE,Pallets only via goods entrance,true
830,652,Store,Norra Esplanaden 117,852 30,Sundsvall,SE,"Loading bay at the back, open 7-15",true
831,652,Second store,Industrivägen 97,831 30,Östersund,SE,Call 30 min before arrival,false
832,653,Store,Norra Esplanaden 114,791 71,Falun,SE,Leave with neighbour shop if closed,true
833,654,Store,Hämeenkatu 115,93600,Kuusamo,FI,Leave with neighbour shop if closed,true
834,655,Store,Havnegata 9,9510,Alta,NO,Pallets only via goods entrance,true
835,656,Store,Pärnu mnt 18,10111,Tallinn,EE,,true
836,656,Second store,Kooli tn 27,10111,Tallinn,EE,Pallets only via goods entrance,false
837,657,Store,Skoleveien 15,5003,Bergen,NO,,true
838,658,Store,Hamngatan 115,831 30,Östersund,SE,No deliveries before 9:00,true
839,659,Store,Rantatie 54,33100,Tampere,FI,Leave with neighbour shop if closed,true
840,660,Store,Hamngatan 59,972 31,Luleå,SE,"Loading bay at the back, open 7-15",true
841,661,Store,Havnegata 29,9008,Tromsø,NO,Leave with neighbour shop if closed,true
842,662,Store,Hamngatan 106,111 20,Stockholm,SE,Leave with neighbour shop if closed,true
843,663,Store,Mannerheimintie 103,15100,Lahti,FI,Leave with neighbour shop if closed,true
844,664,Store,Vestergade 118,4000,Roskilde,DK,Pallets only via goods entrance,true
845,664,Second store,Havnevej 25,6000,Kolding,DK,"Loading bay at the back, open 7-15",false
846,665,Store,Kungsgatan 44,791 71,Falun,SE,,true
847,666,Store,Kirkegata 109,3015,Drammen,NO,No deliveries before 9:00,true
848,667,Store,Teollisuustie 9,02100,Espoo,FI,Leave with neighbour shop if closed,true
849,668,Store,Asemakatu 109,60100,Seinäjoki,FI,"Loading bay at the back, open 7-15",true
850,668,Central warehouse,Rantatie 15,80100,Joensuu,FI,"Loading bay at the back, open 7-15",false
851,669,Store,Skolevej 48,5000,Odense,DK,Call 30 min before arrival,true
852,670,Store,Industriveien 106,8006,Bodø,NO,"Loading bay at the back, open 7-15",true
853,670,Second store,Skoleveien 8,4006,Stavanger,NO,Call 30 min before arrival,false
854,671,Store,Storgata 17,7010,Trondheim,NO,"Loading bay at the back, open 7-15",true
855,672,Store,Fjellveien 51,4610,Kristiansand,NO,Pallets only via goods entrance,true
856,673,Store,Fjällvägen 9,702 11,Örebro,SE,"Loading bay at the back, open 7-15",true
857,674,Store,Havnegata 6,6002,Ålesund,NO,Leave with neighbour shop if closed,true
858,675,Store,Industrivej 75,4000,Roskilde,DK,,true
859,676,Store,Teollisuustie 112,20100,Turku,FI,Pallets only via goods entrance,true
860,677,Store,Yliopistonkatu 68,40100,Jyväskylä,FI,Leave with neighbour shop if closed,true
861,678,Store,Keskuskatu 66,90100,Oulu,FI,Pallets only via goods entrance,true
862,679,Store,Skolgatan 90,803 20,Gävle,SE,Leave with neighbour shop if closed,true
863,680,Store,Storgata 25,0150,Oslo,NO,Call 30 min before arrival,true
864,680,Second store,Havnegata 72,8006,Bodø,NO,Call 30 min before arrival,false
865,681,Store,Järnvägsgatan 37,831 30,Östersund,SE,"Loading bay at the back, open 7-15",true
866,682,Store,Drottninggatan 42,831 30,Östersund,SE,Pallets only via goods entrance,true
867,682,Second store,Norra Esplanaden 79,981 31,Kiruna,SE,Leave with neighbour shop if closed,false
868,683,Store,Strandveien 39,2609,Lillehammer,NO,,true
869,683,Second store,Industriveien 34,9008,Tromsø,NO,No deliveries before 9:00,false
870,684,Store,Drottninggatan 88,791 71,Falun,SE,,true
871,684,Second store,Skolgatan 62,791 71,Falun,SE,"Loading bay at the back, open 7-15",false
872,685,Store,Kungsgatan 111,411 04,Göteborg,SE,"Loading bay at the back, open 7-15",true
873,686,Store,Hämeenkatu 35,60100,Seinäjoki,FI,"Loading bay at the back, open 7-15",true
874,687,Store,Keskuskatu 80,90100,Oulu,FI,,true
875,687,Second store,Yliopistonkatu 104,90100,Oulu,FI,"Loading bay at the back, open 7-15",false
876,688,Store,Storgata 35,7010,Trondheim,NO,Pallets only via goods entrance,true
877,689,Store,Torikatu 101,96100,Rovaniemi,FI,Call 30 min before arrival,true
878,689,Second store,Asemakatu 95,99100,Kittilä,FI,No deliveries before 9:00,false
879,690,Store,Järnvägsgatan 36,972 31,Luleå,SE,Pallets only via goods entrance,true
880,691,Store,Fjällvägen 6,903 26,Umeå,SE,"Loading bay at the back, open 7-15",true
881,692,Store,Kungsgatan 21,903 26,Umeå,SE,Pallets only via goods entrance,true
882,693,Store,Torikatu 24,80100,Joensuu,FI,Call 30 min before arrival,true
883,694,Store,Drottninggatan 90,111 20,Stockholm,SE,Leave with neighbour shop if closed,true
884,695,Store,Havnegata 9,2317,Hamar,NO,No deliveries before 9:00,true
885,696,Store,Strandveien 43,9510,Alta,NO,Leave with neighbour shop if closed,true
886,697,Store,Keskuskatu 10,60100,Seinäjoki,FI,,true
887,698,Store,Rantatie 56,20100,Turku,FI,No deliveries before 9:00,true
888,698,Second store,Yliopistonkatu 27,02100,Espoo,FI,,false
889,699,Store,Vestergade 15,5000,Odense,DK,Pallets only via goods entrance,true
890,700,Store,Järnvägsgatan 31,831 30,Östersund,SE,,true
891,700,Second store,Industrivägen 88,852 30,Sundsvall,SE,Leave with neighbour shop if closed,false
892,701,Store,Kungsgatan 36,972 31,Luleå,SE,Leave with neighbour shop if closed,true
893,702,Store,Torggata 3,7010,Trondheim,NO,Call 30 min before arrival,true
894,703,Store,Torikatu 109,70100,Kuopio,FI,,true
895,703,Second store,Teollisuustie 34,93600,Kuusamo,FI,Leave with neighbour shop if closed,false
896,704,Store,Havnegata 77,5003,Bergen,NO,Call 30 min before arrival,true
897,705,Store,Kauppakatu 35,70100,Kuopio,FI,,true
898,706,Store,Norra Esplanaden 115,803 20,Gävle,SE,No deliveries before 9:00,true
899,707,Store,Industrivägen 105,837 52,Åre,SE,,true
900,708,Store,Industrivägen 49,411 04,Göteborg,SE,Leave with neighbour shop if closed,true
901,709,Store,Teollisuustie 103,00100,Helsinki,FI,,true
902,710,Store,Kauppakatu 44,13100,Hämeenlinna,FI,No deliveries before 9:00,true
903,711,Store,Skolgatan 67,582 22,Linköping,SE,,true
904,711,Second store,Norra Esplanaden 94,852 30,Sundsvall,SE,No deliveries before 9:00,false
905,712,Store,Storgata 4,6002,Ålesund,NO,,true
906,713,Store,Storgata 34,4006,Stavanger,NO,Pallets only via goods entrance,true
907,714,Store,Teollisuustie 47,67100,Kokkola,FI,Call 30 min before arrival,true
908,714,Second store,Teollisuustie 33,60100,Seinäjoki,FI,"Loading bay at the back, open 7-15",false
909,715,Store,Kirkegata 67,5003,Bergen,NO,Leave with neighbour shop if closed,true
910,716,Store,Storgata 43,6002,Ålesund,NO,Pallets only via goods entrance,true
911,717,Store,Skolgatan 99,903 26,Umeå,SE,Call 30 min before arrival,true
912,717,Central warehouse,Hamngatan 57,852 30,Sundsvall,SE,Leave with neighbour shop if closed,false
913,718,Store,Yliopistonkatu 84,20100,Turku,FI,"Loading bay at the back, open 7-15",true
914,718,Central warehouse,Rantatie 6,80100,Joensuu,FI,"Loading bay at the back, open 7-15",false
915,719,Store,Mannerheimintie 113,33100,Tampere,FI,"Loading bay at the back, open 7-15",true
916,720,Store,Keskuskatu 69,80100,Joensuu,FI,No deliveries before 9:00,true
917,721,Store,Keskuskatu 29,90100,Oulu,FI,,true
918,721,Second store,Teollisuustie 25,40100,Jyväskylä,FI,Pallets only via goods entrance,false
919,722,Store,Østergade 46,1050,Copenhagen,DK,No deliveries before 9:00,true
920,723,Store,Kauppakatu 25,00100,Helsinki,FI,No deliveries before 9:00,true
921,724,Store,Mannerheimintie 62,60100,Seinäjoki,FI,"Loading bay at the back, open 7-15",true
922,725,Store,Teollisuustie 17,02100,Espoo,FI,"Loading bay at the back, open 7-15",true
923,726,Store,Rantatie 50,96100,Rovaniemi,FI,Pallets only via goods entrance,true
924,727,Store,Kauppakatu 16,70100,Kuopio,FI,Call 30 min before arrival,true
925,728,Store,Østergade 102,9000,Aalborg,DK,No deliveries before 9:00,true
926,729,Store,Yliopistonkatu 67,70100,Kuopio,FI,Pallets only via goods entrance,true
927,730,Store,Mannerheimintie 11,60100,Seinäjoki,FI,,true
928,731,Store,Bergweg 52,10115,Berlin,DE,,true
929,732,Store,Keskuskatu 7,70100,Kuopio,FI,Call 30 min before arrival,true
930,732,Second store,Yliopistonkatu 6,60100,Seinäjoki,FI,Call 30 min before arrival,false
931,733,Store,Industrivägen 16,211 20,Malmö,SE,Call 30 min before arrival,true
932,734,Store,Yliopistonkatu 11,67100,Kokkola,FI,No deliveries before 9:00,true
933,734,Second store,Keskuskatu 100,99100,Kittilä,FI,,false
934,735,Store,Norra Esplanaden 82,903 26,Umeå,SE,Pallets only via goods entrance,true
935,736,Store,Storgata 110,4610,Kristiansand,NO,No deliveries before 9:00,true
936,737,Store,Drottninggatan 36,831 30,Östersund,SE,Pallets only via goods entrance,true
937,738,Store,Asemakatu 95,40100,Jyväskylä,FI,No deliveries before 9:00,true
938,739,Store,Industrivägen 98,852 30,Sundsvall,SE,Pallets only via goods entrance,true
939,740,Store,Yliopistonkatu 68,13100,Hämeenlinna,FI,Pallets only via goods entrance,true
940,740,Second store,Rantatie 1,60100,Seinäjoki,FI,No deliveries before 9:00,false
941,741,Store,Industrivej 100,1050,Copenhagen,DK,No deliveries before 9:00,true
942,741,Second store,Nørregade 52,1050,Copenhagen,DK,Call 30 min before arrival,false
943,742,Store,Yliopistonkatu 103,90100,Oulu,FI,No deliveries before 9:00,true
944,743,Store,Teollisuustie 30,90100,Oulu,FI,Pallets only via goods entrance,true
945,744,Store,Nørregade 62,6000,Kolding,DK,,true
946,744,Central warehouse,Østergade 98,5000,Odense,DK,Call 30 min before arrival,false
947,745,Store,Storgatan 110,852 30,Sundsvall,SE,"Loading bay at the back, open 7-15",true
948,746,Store,Fjällvägen 10,111 20,Stockholm,SE,No deliveries before 9:00,true
949,746,Central warehouse,Storgatan 24,652 24,Karlstad,SE,,false
950,747,Store,Teollisuustie 110,02100,Espoo,FI,Pallets only via goods entrance,true
951,748,Store,Storgatan 95,753 10,Uppsala,SE,Leave with neighbour shop if closed,true
952,749,Store,Drottninggatan 91,831 30,Östersund,SE,Leave with neighbour shop if closed,true
953,750,Store,Industrivej 38,9000,Aalborg,DK,Call 30 min before arrival,true
954,751,Store,Mannerheimintie 3,90100,Oulu,FI,Call 30 min before arrival,true
955,752,Store,Storgatan 1,852 30,Sundsvall,SE,Call 30 min before arrival,true
956,753,Store,Järnvägsgatan 67,211 20,Malmö,SE,"Loading bay at the back, open 7-15",true
957,754,Store,Hämeenkatu 21,02100,Espoo,FI,Leave with neighbour shop if closed,true
958,754,Second store,Puistokatu 41,33100,Tampere,FI,,false
959,755,Store,Havnevej 66,8000,Aarhus,DK,No deliveries before 9:00,true
960,756,Store,Fjällvägen 80,831 30,Östersund,SE,"Loading bay at the back, open 7-15",true
961,757,Store,Kauppakatu 51,80100,Joensuu,FI,,true
962,758,Store,Puistokatu 92,70100,Kuopio,FI,"Loading bay at the back, open 7-15",true
963,759,Store,Hamngatan 28,753 10,Uppsala,SE,,true
964,760,Store,Havnegata 31,5003,Bergen,NO,,true
965,761,Store,Teollisuustie 19,40100,Jyväskylä,FI,"Loading bay at the back, open 7-15",true
966,761,Central warehouse,Keskuskatu 14,99100,Kittilä,FI,"Loading bay at the back, open 7-15",false
967,762,Store,Puistokatu 51,93600,Kuusamo,FI,Call 30 min before arrival,true
968,763,Store,Kauppakatu 118,93600,Kuusamo,FI,No deliveries before 9:00,true
969,764,Store,Puistokatu 120,20100,Turku,FI,Leave with neighbour shop if closed,true
970,765,Store,Pärnu mnt 67,10111,Tallinn,EE,"Loading bay at the back, open 7-15",true
971,766,Store,Asemakatu 88,96100,Rovaniemi,FI,Pallets only via goods entrance,true
972,767,Store,Skoleveien 113,4006,Stavanger,NO,"Loading bay at the back, open 7-15",true
973,768,Store,Rantatie 103,67100,Kokkola,FI,Pallets only via goods entrance,true
974,769,Store,Strandveien 102,9510,Alta,NO,"Loading bay at the back, open 7-15",true
975,769,Central warehouse,Havnegata 21,2609,Lillehammer,NO,,false
976,769,Second store,Kirkegata 30,0150,Oslo,NO,Call 30 min before arrival,false
977,770,Store,Hämeenkatu 20,96100,Rovaniemi,FI,No deliveries before 9:00,true
978,771,Store,Keskuskatu 61,96100,Rovaniemi,FI,"Loading bay at the back, open 7-15",true
979,772,Store,Storgata 9,9510,Alta,NO,No deliveries before 9:00,true
980,773,Store,Drottninggatan 48,111 20,Stockholm,SE,,true
981,774,Store,Storgatan 9,903 26,Umeå,SE,Pallets only via goods entrance,true
982,774,Second store,Storgatan 38,753 10,Uppsala,SE,No deliveries before 9:00,false
983,775,Store,Teollisuustie 119,40100,Jyväskylä,FI,Pallets only via goods entrance,true
984,775,Second store,Teollisuustie 98,15100,Lahti,FI,No deliveries before 9:00,false
985,776,Store,Fjellveien 51,5003,Bergen,NO,Call 30 min before arrival,true
986,777,Store,Kauppakatu 40,02100,Espoo,FI,Call 30 min before arrival,true
987,778,Store,Vestergade 93,6000,Kolding,DK,,true
988,779,Store,Keskuskatu 81,13100,Hämeenlinna,FI,Leave with neighbour shop if closed,true
989,780,Store,Bahnhofstraße 49,24937,Flensburg,DE,"Loading bay at the back, open 7-15",true
990,781,Store,Asemakatu 97,33100,Tampere,FI,Call 30 min before arrival,true
991,781,Second store,Kauppakatu 84,13100,Hämeenlinna,FI,Leave with neighbour shop if closed,false
992,782,Store,Hämeenkatu 93,70100,Kuopio,FI,No deliveries before 9:00,true
993,783,Store,Am Markt 66,10115,Berlin,DE,Leave with neighbour shop if closed,true
994,783,Second store,Bergweg 1,10115,Berlin,DE,Pallets only via goods entrance,false
995,784,Store,Havnevej 31,5000,Odense,DK,No deliveries before 9:00,true
996,785,Store,Hämeenkatu 8,15100,Lahti,FI,,true
997,786,Store,Hämeenkatu 33,80100,Joensuu,FI,,true
998,787,Store,Puistokatu 71,20100,Turku,FI,"Loading bay at the back, open 7-15",true
999,788,Store,Nørregade 16,6000,Kolding,DK,"Loading bay at the back, open 7-15",true
1000,789,Store,Fjellveien 113,8006,Bodø,NO,Pallets only via goods entrance,true
1001,789,Central warehouse,Strandveien 34,3015,Drammen,NO,Call 30 min before arrival,false
1002,790,Store,Drottninggatan 86,111 20,Stockholm,SE,No deliveries before 9:00,true
1003,791,Store,Skoleveien 106,7010,Trondheim,NO,,true
1004,792,Store,Asemakatu 19,70100,Kuopio,FI,No deliveries before 9:00,true
1005,793,Store,Storgata 106,5003,Bergen,NO,Leave with neighbour shop if closed,true
1006,794,Store,Järnvägsgatan 58,972 31,Luleå,SE,No deliveries before 9:00,true
1007,795,Store,Norra Esplanaden 52,111 20,Stockholm,SE,Call 30 min before arrival,true
1008,796,Store,Storgatan 52,831 30,Östersund,SE,Leave with neighbour shop if closed,true
1009,797,Store,Puistokatu 103,90100,Oulu,FI,,true
1010,798,Store,Sadama tn 113,51003,Tartu,EE,,true
1011,799,Store,Rantatie 25,00100,Helsinki,FI,Leave with neighbour shop if closed,true
1012,799,Second store,Kauppakatu 35,60100,Seinäjoki,FI,Call 30 min before arrival,false
1013,800,Store,Nørregade 59,9000,Aalborg,DK,,true
1014,800,Second store,Nørregade 111,8000,Aarhus,DK,Call 30 min before arrival,false
1015,801,Store,Drottninggatan 21,211 20,Malmö,SE,"Loading bay at the back, open 7-15",true
1016,802,Store,Torggata 13,4610,Kristiansand,NO,,true
1017,803,Store,Mannerheimintie 112,67100,Kokkola,FI,"Loading bay at the back, open 7-15",true
1018,804,Store,Strandveien 4,4610,Kristiansand,NO,Leave with neighbour shop if closed,true
1019,804,Second store,Kirkegata 48,9510,Alta,NO,,false
1020,805,Store,Järnvägsgatan 101,111 20,Stockholm,SE,"Loading bay at the back, open 7-15",true
1021,806,Store,Industrivej 37,9000,Aalborg,DK,,true
1022,807,Store,Kauppakatu 14,15100,Lahti,FI,Leave with neighbour shop if closed,true
1023,808,Store,Teollisuustie 22,70100,Kuopio,FI,Call 30 min before arrival,true
1024,809,Store,Skolevej 89,1050,Copenhagen,DK,,true
1025,809,Second store,Nørregade 58,6000,Kolding,DK,,false
1026,810,Store,Rantatie 94,33100,Tampere,FI,Pallets only via goods entrance,true
1027,811,Store,Torikatu 95,70100,Kuopio,FI,Call 30 min before arrival,true
1028,812,Store,Torggata 62,0150,Oslo,NO,"Loading bay at the back, open 7-15",true
1029,813,Store,Skoleveien 83,9008,Tromsø,NO,No deliveries before 9:00,true
1030,814,Store,Sadama tn 8,10111,Tallinn,EE,Pallets only via goods entrance,true
1031,814,Central warehouse,Pärnu mnt 26,80010,Pärnu,EE,Leave with neighbour shop if closed,false
1032,814,Second store,Kooli tn 26,51003,Tartu,EE,"Loading bay at the back, open 7-15",false
1033,815,Store,Vestergade 80,1050,Copenhagen,DK,No deliveries before 9:00,true
1034,816,Store,Strandveien 17,3015,Drammen,NO,,true
1035,817,Store,Østergade 56,4000,Roskilde,DK,Leave with neighbour shop if closed,true
1036,818,Store,Norra Esplanaden 26,211 20,Malmö,SE,,true
1037,819,Store,Industriveien 89,8006,Bodø,NO,Leave with neighbour shop if closed,true
1038,820,Store,Hämeenkatu 56,02100,Espoo,FI,,true
1039,821,Store,Industrivägen 4,411 04,Göteborg,SE,"Loading bay at the back, open 7-15",true
1040,822,Store,Kooli tn 119,10111,Tallinn,EE,"Loading bay at the back, open 7-15",true
1041,822,Central warehouse,Tartu mnt 100,80010,Pärnu,EE,"Loading bay at the back, open 7-15",false
1042,823,Store,Yliopistonkatu 54,93600,Kuusamo,FI,Leave with neighbour shop if closed,true
1043,824,Store,Skolevej 28,8000,Aarhus,DK,No deliveries before 9:00,true
1044,825,Store,Hämeenkatu 81,60100,Seinäjoki,FI,Leave with neighbour shop if closed,true
1045,825,Second store,Puistokatu 101,90100,Oulu,FI,,false
1046,826,Store,Hamngatan 95,831 30,Östersund,SE,Pallets only via goods entrance,true
1047,826,Second store,Drottninggatan 42,831 30,Östersund,SE,"Loading bay at the back, open 7-15",false
1048,827,Store,Østergade 116,1050,Copenhagen,DK,,true
1049,828,Store,Industrivägen 77,652 24,Karlstad,SE,,true
1050,828,Second store,Norra Esplanaden 7,852 30,Sundsvall,SE,No deliveries before 9:00,false
1051,829,Store,Hämeenkatu 114,15100,Lahti,FI,,true
1052,830,Store,Keskuskatu 85,60100,Seinäjoki,FI,Call 30 min before arrival,true
1053,830,Second store,Rantatie 74,67100,Kokkola,FI,Pallets only via goods entrance,false
1054,831,Store,Järnvägsgatan 22,211 20,Malmö,SE,Call 30 min before arrival,true
1055,832,Store,Järnvägsgatan 118,753 10,Uppsala,SE,"Loading bay at the back, open 7-15",true
1056,833,Store,Pärnu mnt 119,80010,Pärnu,EE,Leave with neighbour shop if closed,true
1057,834,Store,Puistokatu 32,20100,Turku,FI,"Loading bay at the back, open 7-15",true
1058,835,Store,Keskuskatu 115,67100,Kokkola,FI,,true
1059,835,Second store,Mannerheimintie 54,02100,Espoo,FI,"Loading bay at the back, open 7-15",false
1060,836,Store,Industrivägen 33,831 30,Östersund,SE,"Loading bay at the back, open 7-15",true
1061,837,Store,Torggata 61,3015,Drammen,NO,,true
1062,838,Store,Rantatie 115,00100,Helsinki,FI,"Loading bay at the back, open 7-15",true
1063,839,Store,Fjellveien 42,4610,Kristiansand,NO,Pallets only via goods entrance,true
1064,840,Store,Norra Esplanaden 16,837 52,Åre,SE,,true
1065,841,Store,Keskuskatu 21,90100,Oulu,FI,Pallets only via goods entrance,true
1066,842,Store,Keskuskatu 13,13100,Hämeenlinna,FI,No deliveries before 9:00,true
1067,843,Store,Hamngatan 51,753 10,Uppsala,SE,Call 30 min before arrival,true
1068,843,Central warehouse,Fjällvägen 45,803 20,Gävle,SE,,false
1069,844,Store,Nørregade 108,4000,Roskilde,DK,No deliveries before 9:00,true
1070,845,Store,Hafenstraße 25,20095,Hamburg,DE,"Loading bay at the back, open 7-15",true
1071,845,Second store,Am Markt 23,20095,Hamburg,DE,,false
1072,846,Store,Kauppakatu 57,13100,Hämeenlinna,FI,"Loading bay at the back, open 7-15",true
1073,846,Central warehouse,Teollisuustie 49,90100,Oulu,FI,Leave with neighbour shop if closed,false
1074,847,Store,Østergade 28,5000,Odense,DK,,true
1075,848,Store,Skolevej 23,1050,Copenhagen,DK,,true
1076,848,Second store,Havnevej 95,1050,Copenhagen,DK,No deliveries before 9:00,false
1077,849,Store,Industriveien 42,3015,Drammen,NO,No deliveries before 9:00,true
1078,850,Store,Asemakatu 53,33100,Tampere,FI,Pallets only via goods entrance,true
1079,851,Store,Mannerheimintie 116,65100,Vaasa,FI,Leave with neighbour shop if closed,true
1080,852,Store,Keskuskatu 65,93600,Kuusamo,FI,Pallets only via goods entrance,true
1081,852,Central warehouse,Torikatu 57,70100,Kuopio,FI,,false
1082,853,Store,Keskuskatu 85,65100,Vaasa,FI,Pallets only via goods entrance,true
1083,854,Store,Hämeenkatu 75,15100,Lahti,FI,"Loading bay at the back, open 7-15",true
1084,854,Second store,Rantatie 50,65100,Vaasa,FI,,false
1085,855,Store,Hafenstraße 37,80331,Munich,DE,Pallets only via goods entrance,true
1086,856,Store,Kirkegata 37,0150,Oslo,NO,,true
1087,857,Store,Keskuskatu 68,70100,Kuopio,FI,,true
1088,858,Store,Hamngatan 120,411 04,Göteborg,SE,Pallets only via goods entrance,true
1089,859,Store,Rantatie 53,20100,Turku,FI,Leave with neighbour shop if closed,true
1090,860,Store,Norra Esplanaden 120,981 31,Kiruna,SE,Leave with neighbour shop if closed,true
1091,861,Store,Yliopistonkatu 37,65100,Vaasa,FI,Pallets only via goods entrance,true
1092,862,Store,Asemakatu 23,93600,Kuusamo,FI,Call 30 min before arrival,true
1093,863,Store,Skolevej 40,8000,Aarhus,DK,Pallets only via goods entrance,true
1094,863,Central warehouse,Østergade 59,4000,Roskilde,DK,Call 30 min before arrival,false
1095,864,Store,Hämeenkatu 111,70100,Kuopio,FI,Call 30 min before arrival,true
1096,865,Store,Storgata 17,7010,Trondheim,NO,,true
1097,865,Second store,Kirkegata 101,3015,Drammen,NO,Pallets only via goods entrance,false
1098,866,Store,Kirkegata 36,2317,Hamar,NO,"Loading bay at the back, open 7-15",true
1099,867,Store,Torggata 59,4610,Kristiansand,NO,,true
1100,868,Store,Hämeenkatu 112,33100,Tampere,FI,,true
1101,869,Store,Havnevej 101,6700,Esbjerg,DK,,true
1102,870,Store,Puistokatu 41,96100,Rovaniemi,FI,No deliveries before 9:00,true
1103,871,Store,Kauppakatu 113,20100,Turku,FI,Leave with neighbour shop if closed,true
1104,871,Second store,Yliopistonkatu 43,02100,Espoo,FI,,false
1105,872,Store,Rantatie 53,40100,Jyväskylä,FI,Call 30 min before arrival,true
1106,872,Second store,Kauppakatu 99,70100,Kuopio,FI,"Loading bay at the back, open 7-15",false
1107,873,Store,Torggata 43,8006,Bodø,NO,,true
1108,874,Store,Strandveien 16,6002,Ålesund,NO,No deliveries before 9:00,true
1109,875,Store,Strandveien 96,3015,Drammen,NO,Leave with neighbour shop if closed,true
1110,876,Store,Torggata 62,9008,Tromsø,NO,Pallets only via goods entrance,true
1111,876,Central warehouse,Storgata 82,4006,Stavanger,NO,"Loading bay at the back, open 7-15",false
1112,877,Store,Kauppakatu 20,15100,Lahti,FI,No deliveries before 9:00,true
1113,878,Store,Hamngatan 24,582 22,Linköping,SE,No deliveries before 9:00,true
1114,879,Store,Fjällvägen 91,111 20,Stockholm,SE,Call 30 min before arrival,true
1115,880,Store,Skolgatan 64,111 20,Stockholm,SE,Leave with neighbour shop if closed,true
1116,880,Central warehouse,Industrivägen 18,582 22,Linköping,SE,"Loading bay at the back, open 7-15",false
1117,881,Store,Hämeenkatu 115,96100,Rovaniemi,FI,Call 30 min before arrival,true
1118,882,Store,Kungsgatan 104,211 20,Malmö,SE,,true
1119,883,Store,Kungsgatan 53,582 22,Linköping,SE,No deliveries before 9:00,true
1120,884,Store,Rantatie 9,96100,Rovaniemi,FI,Leave with neighbour shop if closed,true
1121,885,Store,Hamngatan 108,582 22,Linköping,SE,Call 30 min before arrival,true
1122,886,Store,Vestergade 83,6000,Kolding,DK,Call 30 min before arrival,true
1123,887,Store,Nørregade 76,6000,Kolding,DK,No deliveries before 9:00,true
1124,887,Second store,Hovedgaden 109,6000,Kolding,DK,,false
1125,888,Store,Fjällvägen 55,903 26,Umeå,SE,No deliveries before 9:00,true
1126,889,Store,Yliopistonkatu 68,80100,Joensuu,FI,Leave with neighbour shop if closed,true
1127,890,Store,Skolgatan 74,582 22,Linköping,SE,"Loading bay at the back, open 7-15",true
1128,891,Store,Kirkegata 90,3015,Drammen,NO,,true
1129,892,Store,Skolgatan 56,903 26,Umeå,SE,,true
1130,892,Second store,Norra Esplanaden 43,753 10,Uppsala,SE,,false
1131,893,Store,Nørregade 20,6700,Esbjerg,DK,"Loading bay at the back, open 7-15",true
1132,894,Store,Hämeenkatu 102,40100,Jyväskylä,FI,No deliveries before 9:00,true
1133,895,Store,Strandveien 16,5003,Bergen,NO,Pallets only via goods entrance,true
1134,896,Store,Kooli tn 15,10111,Tallinn,EE,,true
1135,897,Store,Asemakatu 91,93600,Kuusamo,FI,Leave with neighbour shop if closed,true
1136,898,Store,Østergade 23,4000,Roskilde,DK,Call 30 min before arrival,true
1137,899,Store,Norra Esplanaden 79,831 30,Östersund,SE,,true
1138,900,Store,Puistokatu 26,67100,Kokkola,FI,Call 30 min before arrival,true
1139,901,Store,Skolevej 67,4000,Roskilde,DK,,true
1140,902,Store,Kooli tn 77,51003,Tartu,EE,Pallets only via goods entrance,true
1141,903,Store,Strandveien 118,0150,Oslo,NO,No deliveries before 9:00,true
1142,904,Store,Teollisuustie 13,80100,Joensuu,FI,"Loading bay at the back, open 7-15",true
1143,905,Store,Skoleveien 39,2609,Lillehammer,NO,,true
1144,906,Store,Fjällvägen 117,211 20,Malmö,SE,,true
1145,907,Store,Drottninggatan 45,753 10,Uppsala,SE,No deliveries before 9:00,true
1146,908,Store,Narva mnt 111,51003,Tartu,EE,"Loading bay at the back, open 7-15",true
1147,909,Store,Vestergade 74,8000,Aarhus,DK,Pallets only via goods entrance,true
1148,910,Store,Skolgatan 13,411 04,Göteborg,SE,Call 30 min before arrival,true
1149,911,Store,Yliopistonkatu 115,99100,Kittilä,FI,Call 30 min before arrival,true
1150,912,Store,Østergade 114,6700,Esbjerg,DK,,true
1151,913,Store,Industrivägen 64,211 20,Malmö,SE,,true
1152,914,Store,Skolgatan 100,652 24,Karlstad,SE,Leave with neighbour shop if closed,true
1153,915,Store,Fjällvägen 74,852 30,Sundsvall,SE,Pallets only via goods entrance,true
1154,916,Store,Bergweg 78,80331,Munich,DE,"Loading bay at the back, open 7-15",true
1155,917,Store,Teollisuustie 61,13100,Hämeenlinna,FI,"Loading bay at the back, open 7-15",true
1156,917,Central warehouse,Yliopistonkatu 48,80100,Joensuu,FI,,false
1157,918,Store,Puistokatu 77,67100,Kokkola,FI,Leave with neighbour shop if closed,true
1158,919,Store,Storgatan 65,791 71,Falun,SE,Pallets only via goods entrance,true
1159,920,Store,Fjellveien 75,0150,Oslo,NO,Leave with neighbour shop if closed,true
1160,921,Store,Fjällvägen 99,411 04,Göteborg,SE,Call 30 min before arrival,true
1161,922,Store,Puistokatu 82,33100,Tampere,FI,Leave with neighbour shop if closed,true
1162,923,Store,Industrivej 62,1050,Copenhagen,DK,No deliveries before 9:00,true
1163,923,Central warehouse,Havnevej 72,5000,Odense,DK,Leave with neighbour shop if closed,false
1164,924,Store,Keskuskatu 115,02100,Espoo,FI,,true
1165,924,Second store,Asemakatu 1,90100,Oulu,FI,,false
1166,925,Store,Storgata 113,6002,Ålesund,NO,,true
1167,926,Store,Bergweg 56,20095,Hamburg,DE,No deliveries before 9:00,true
1168,926,Second store,Hauptstraße 1,10115,Berlin,DE,,false
1169,927,Store,Hovedgaden 59,6700,Esbjerg,DK,Call 30 min before arrival,true
1170,928,Store,Skoleveien 77,0150,Oslo,NO,Leave with neighbour shop if closed,true
1171,929,Store,Kirkegata 21,0150,Oslo,NO,,true
1172,930,Store,Kooli tn 85,51003,Tartu,EE,Call 30 min before arrival,true
1173,930,Second store,Kooli tn 67,10111,Tallinn,EE,Call 30 min before arrival,false
1174,931,Store,Torggata 98,3015,Drammen,NO,No deliveries before 9:00,true
1175,932,Store,Hovedgaden 85,1050,Copenhagen,DK,,true
1176,933,Store,Mannerheimintie 21,40100,Jyväskylä,FI,Call 30 min before arrival,true
1177,934,Store,Industriveien 21,3015,Drammen,NO,,true
1178,935,Store,Hämeenkatu 27,99100,Kittilä,FI,Leave with neighbour shop if closed,true
1179,936,Store,Strandveien 76,7010,Trondheim,NO,Call 30 min before arrival,true
1180,937,Store,Havnegata 36,2317,Hamar,NO,No deliveries before 9:00,true
1181,938,Store,Am Markt 35,24937,Flensburg,DE,,true
1182,939,Store,Järnvägsgatan 92,791 71,Falun,SE,Leave with neighbour shop if closed,true
1183,940,Store,Am Markt 115,24103,Kiel,DE,No deliveries before 9:00,true
1184,941,Store,Storgata 76,3015,Drammen,NO,,true
1185,942,Store,Skolgatan 22,582 22,Linköping,SE,,true
1186,943,Store,Havnegata 94,9510,Alta,NO,Leave with neighbour shop if closed,true
1187,944,Store,Industriveien 7,7010,Trondheim,NO,No deliveries before 9:00,true
1188,945,Store,Hovedgaden 89,6000,Kolding,DK,Leave with neighbour shop if closed,true
1189,946,Store,Mannerheimintie 50,15100,Lahti,FI,"Loading bay at the back, open 7-15",true
1190,947,Store,Kungsgatan 90,837 52,Åre,SE,No deliveries before 9:00,true
1191,948,Store,Norra Esplanaden 77,582 22,Linköping,SE,Pallets only via goods entrance,true
1192,948,Central warehouse,Hamngatan 96,852 30,Sundsvall,SE,No deliveries before 9:00,false
1193,948,Second store,Kungsgatan 108,972 31,Luleå,SE,Call 30 min before arrival,false
1194,949,Store,Yliopistonkatu 49,60100,Seinäjoki,FI,Call 30 min before arrival,true
1195,950,Store,Skoleveien 84,5003,Bergen,NO,Leave with neighbour shop if closed,true
1196,951,Store,Rantatie 83,40100,Jyväskylä,FI,Leave with neighbour shop if closed,true
1197,952,Store,Skoleveien 37,3015,Drammen,NO,Pallets only via goods entrance,true
1198,953,Store,Mannerheimintie 81,00100,Helsinki,FI,Pallets only via goods entrance,true
1199,954,Store,Hafenstraße 88,80331,Munich,DE,Pallets only via goods entrance,true
1200,955,Store,Torikatu 85,96100,Rovaniemi,FI,Pallets only via goods entrance,true
1201,955,Second store,Kauppakatu 93,20100,Turku,FI,Call 30 min before arrival,false
1202,956,Store,Torggata 70,4006,Stavanger,NO,"Loading bay at the back, open 7-15",true
1203,957,Store,Am Markt 113,24103,Kiel,DE,Leave with neighbour shop if closed,true
1204,958,Store,Storgata 40,9510,Alta,NO,No deliveries before 9:00,true
1205,959,Store,Torggata 75,2609,Lillehammer,NO,Leave with neighbour shop if closed,true
1206,960,Store,Industrivägen 67,837 52,Åre,SE,Pallets only via goods entrance,true
1207,961,Store,Puistokatu 107,13100,Hämeenlinna,FI,"Loading bay at the back, open 7-15",true
1208,962,Store,Teollisuustie 1,00100,Helsinki,FI,,true
1209,963,Store,Asemakatu 85,02100,Espoo,FI,"Loading bay at the back, open 7-15",true
1210,964,Store,Yliopistonkatu 80,80100,Joensuu,FI,"Loading bay at the back, open 7-15",true
1211,965,Store,Kauppakatu 117,02100,Espoo,FI,No deliveries before 9:00,true
1212,965,Second store,Torikatu 8,90100,Oulu,FI,Leave with neighbour shop if closed,false
1213,966,Store,Hamngatan 100,411 04,Göteborg,SE,,true
1214,967,Store,Mannerheimintie 4,80100,Joensuu,FI,Call 30 min before arrival,true
1215,968,Store,Hämeenkatu 91,93600,Kuusamo,FI,Leave with neighbour shop if closed,true
1216,969,Store,Industrivägen 13,972 31,Luleå,SE,,true
1217,970,Store,Fjällvägen 75,111 20,Stockholm,SE,,true
1218,971,Store,Nørregade 8,5000,Odense,DK,"Loading bay at the back, open 7-15",true
1219,972,Store,Havnegata 69,9510,Alta,NO,No deliveries before 9:00,true
1220,973,Store,Drottninggatan 103,791 71,Falun,SE,,true
1221,974,Store,Fjellveien 86,5003,Bergen,NO,Pallets only via goods entrance,true
1222,974,Second store,Strandveien 55,4610,Kristiansand,NO,No deliveries before 9:00,false
1223,975,Store,Industrivägen 51,211 20,Malmö,SE,No deliveries before 9:00,true
1224,976,Store,Bergweg 117,10115,Berlin,DE,,true
1225,977,Store,Torikatu 84,13100,Hämeenlinna,FI,Leave with neighbour shop if closed,true
1226,978,Store,Puistokatu 63,33100,Tampere,FI,Leave with neighbour shop if closed,true
1227,979,Store,Kauppakatu 49,96100,Rovaniemi,FI,,true
1228,980,Store,Østergade 28,9000,Aalborg,DK,,true
1229,981,Store,Industrivägen 96,702 11,Örebro,SE,"Loading bay at the back, open 7-15",true
1230,982,Store,Storgatan 90,652 24,Karlstad,SE,Call 30 min before arrival,true
1231,983,Store,Rantatie 22,02100,Espoo,FI,,true
1232,984,Store,Järnvägsgatan 116,972 31,Luleå,SE,Pallets only via goods entrance,true
1233,985,Store,Rantatie 73,40100,Jyväskylä,FI,Leave with neighbour shop if closed,true
1234,985,Second store,Teollisuustie 52,67100,Kokkola,FI,Pallets only via goods entrance,false
1235,986,Store,Havnevej 9,9000,Aalborg,DK,No deliveries before 9:00,true
1236,987,Store,Havnevej 38,5000,Odense,DK,Pallets only via goods entrance,true
1237,988,Store,Skolgatan 95,837 52,Åre,SE,,true
1238,989,Store,Hämeenkatu 55,93600,Kuusamo,FI,Leave with neighbour shop if closed,true
1239,990,Store,Puistokatu 79,96100,Rovaniemi,FI,,true
1240,991,Store,Storgata 108,7010,Trondheim,NO,No deliveries before 9:00,true
1241,992,Store,Hämeenkatu 63,15100,Lahti,FI,"Loading bay at the back, open 7-15",true
1242,993,Store,Havnegata 55,9510,Alta,NO,"Loading bay at the back, open 7-15",true
1243,994,Store,Fjällvägen 39,582 22,Linköping,SE,No deliveries before 9:00,true
1244,995,Store,Kirkegata 28,8006,Bodø,NO,,true
1245,996,Store,Storgatan 104,211 20,Malmö,SE,Call 30 min before arrival,true
1246,996,Central warehouse,Industrivägen 95,211 20,Malmö,SE,Pallets only via goods entrance,false
1247,997,Store,Hämeenkatu 80,90100,Oulu,FI,Call 30 min before arrival,true
1248,998,Store,Industrivägen 93,753 10,Uppsala,SE,,true
1249,999,Store,Hamngatan 44,652 24,Karlstad,SE,,true
1250,1000,Store,Hamngatan 55,791 71,Falun,SE,No deliveries before 9:00,true
1251,1001,Store,Hafenstraße 102,24937,Flensburg,DE,,true
1252,1002,Store,Kungsgatan 67,582 22,Linköping,SE,,true
1253,1003,Store,Hämeenkatu 45,02100,Espoo,FI,Leave with neighbour shop if closed,true
1254,1004,Store,Rantatie 119,00100,Helsinki,FI,"Loading bay at the back, open 7-15",true
1255,1005,Store,Teollisuustie 42,20100,Turku,FI,,true
1256,1006,Store,Yliopistonkatu 14,90100,Oulu,FI,No deliveries before 9:00,true
1257,1007,Store,Storgatan 19,803 20,Gävle,SE,"Loading bay at the back, open 7-15",true
1258,1008,Store,Kungsgatan 15,702 11,Örebro,SE,No deliveries before 9:00,true
1259,1009,Store,Pärnu mnt 35,51003,Tartu,EE,Call 30 min before arrival,true
1260,1009,Second store,Narva mnt 114,80010,Pärnu,EE,Call 30 min before arrival,false
1261,1010,Store,Havnevej 69,8000,Aarhus,DK,,true
1262,1011,Store,Havnegata 44,4006,Stavanger,NO,,true
1263,1012,Store,Fjällvägen 93,211 20,Malmö,SE,No deliveries before 9:00,true
1264,1012,Second store,Hamngatan 9,791 71,Falun,SE,Pallets only via goods entrance,false
1265,1013,Store,Storgata 27,5003,Bergen,NO,Call 30 min before arrival,true
1266,1014,Store,Industrivägen 19,111 20,Stockholm,SE,,true
1267,1015,Store,Fjällvägen 11,411 04,Göteborg,SE,,true
1268,1016,Store,Kungsgatan 89,702 11,Örebro,SE,,true
1269,1017,Store,Keskuskatu 48,67100,Kokkola,FI,Call 30 min before arrival,true
1270,1018,Store,Industrivej 38,6700,Esbjerg,DK,Leave with neighbour shop if closed,true
1271,1019,Store,Hämeenkatu 118,60100,Seinäjoki,FI,Leave with neighbour shop if closed,true
1272,1020,Store,Yliopistonkatu 88,40100,Jyväskylä,FI,Call 30 min before arrival,true
1273,1021,Store,Strandveien 103,4006,Stavanger,NO,No deliveries before 9:00,true
1274,1022,Store,Puistokatu 92,33100,Tampere,FI,,true
1275,1022,Central warehouse,Asemakatu 39,00100,Helsinki,FI,Call 30 min before arrival,false
1276,1022,Second store,Yliopistonkatu 12,20100,Turku,FI,,false
1277,1023,Store,Torggata 90,9008,Tromsø,NO,"Loading bay at the back, open 7-15",true
1278,1024,Store,Keskuskatu 114,40100,Jyväskylä,FI,"Loading bay at the back, open 7-15",true
1279,1025,Store,Vestergade 6,9000,Aalborg,DK,,true
1280,1026,Store,Havnegata 102,9510,Alta,NO,Pallets only via goods entrance,true
1281,1027,Store,Torikatu 98,70100,Kuopio,FI,"Loading bay at the back, open 7-15",true
1282,1028,Store,Norra Esplanaden 86,852 30,Sundsvall,SE,,true
1283,1029,Store,Puistokatu 21,13100,Hämeenlinna,FI,"Loading bay at the back, open 7-15",true
1284,1030,Store,Hämeenkatu 8,00100,Helsinki,FI,,true
1285,1031,Store,Puistokatu 86,80100,Joensuu,FI,"Loading bay at the back, open 7-15",true
1286,1032,Store,Skolevej 27,1050,Copenhagen,DK,Pallets only via goods entrance,true
1287,1032,Second store,Østergade 31,5000,Odense,DK,Call 30 min before arrival,false
1288,1033,Store,Industrivägen 36,111 20,Stockholm,SE,No deliveries before 9:00,true
1289,1034,Store,Torikatu 3,00100,Helsinki,FI,No deliveries before 9:00,true
1290,1035,Store,Bergweg 49,24937,Flensburg,DE,Leave with neighbour shop if closed,true
1291,1036,Store,Storgatan 27,972 31,Luleå,SE,,true
1292,1037,Store,Fjällvägen 64,753 10,Uppsala,SE,Leave with neighbour shop if closed,true
1293,1038,Store,Skolevej 100,1050,Copenhagen,DK,"Loading bay at the back, open 7-15",true
1294,1039,Store,Industrivej 51,4000,Roskilde,DK,,true
1295,1039,Second store,Vestergade 35,8000,Aarhus,DK,,false
1296,1040,Store,Järnvägsgatan 12,831 30,Östersund,SE,"Loading bay at the back, open 7-15",true
1297,1041,Store,Am Markt 38,24103,Kiel,DE,Call 30 min before arrival,true
1298,1041,Second store,Hafenstraße 28,10115,Berlin,DE,"Loading bay at the back, open 7-15",false
1299,1042,Store,Havnegata 118,6002,Ålesund,NO,,true
1300,1042,Second store,Industriveien 96,4006,Stavanger,NO,"Loading bay at the back, open 7-15",false
1301,1043,Store,Kauppakatu 114,33100,Tampere,FI,Pallets only via goods entrance,true
1302,1044,Store,Industriveien 8,2609,Lillehammer,NO,"Loading bay at the back, open 7-15",true
1303,1045,Store,Kirkegata 99,0150,Oslo,NO,No deliveries before 9:00,true
1304,1045,Second store,Torggata 51,5003,Bergen,NO,Leave with neighbour shop if closed,false
1305,1046,Store,Kauppakatu 42,60100,Seinäjoki,FI,Leave with neighbour shop if closed,true
1306,1047,Store,Mannerheimintie 43,99100,Kittilä,FI,,true
1307,1048,Store,Yliopistonkatu 118,67100,Kokkola,FI,No deliveries before 9:00,true
1308,1048,Second store,Asemakatu 61,20100,Turku,FI,,false
1309,1049,Store,Hämeenkatu 18,20100,Turku,FI,Pallets only via goods entrance,true
1310,1050,Store,Østergade 101,5000,Odense,DK,"Loading bay at the back, open 7-15",true
1311,1050,Second store,Industrivej 36,9000,Aalborg,DK,No deliveries before 9:00,false
1312,1051,Store,Kauppakatu 33,93600,Kuusamo,FI,,true
1313,1052,Store,Norra Esplanaden 114,753 10,Uppsala,SE,,true
1314,1053,Store,Norra Esplanaden 105,837 52,Åre,SE,No deliveries before 9:00,true
1315,1054,Store,Industriveien 48,2609,Lillehammer,NO,,true
1316,1055,Store,Skoleveien 45,0150,Oslo,NO,"Loading bay at the back, open 7-15",true
1317,1056,Store,Kauppakatu 65,90100,Oulu,FI,"Loading bay at the back, open 7-15",true
1318,1056,Second store,Rantatie 27,80100,Joensuu,FI,,false
1319,1057,Store,Industrivägen 34,702 11,Örebro,SE,Call 30 min before arrival,true
1320,1058,Store,Fjellveien 13,8006,Bodø,NO,"Loading bay at the back, open 7-15",true
1321,1059,Store,Fjällvägen 3,972 31,Luleå,SE,No deliveries before 9:00,true
1322,1060,Store,Hämeenkatu 3,65100,Vaasa,FI,No deliveries before 9:00,true
1323,1060,Central warehouse,Hämeenkatu 26,70100,Kuopio,FI,,false
1324,1061,Store,Sadama tn 37,10111,Tallinn,EE,"Loading bay at the back, open 7-15",true
1325,1062,Store,Skolgatan 77,803 20,Gävle,SE,Call 30 min before arrival,true
1326,1063,Store,Drottninggatan 14,972 31,Luleå,SE,No deliveries before 9:00,true
1327,1064,Store,Asemakatu 100,99100,Kittilä,FI,No deliveries before 9:00,true
1328,1065,Store,Kungsgatan 35,903 26,Umeå,SE,Leave with neighbour shop if closed,true
1329,1066,Store,Rantatie 117,02100,Espoo,FI,Call 30 min before arrival,true
1330,1067,Store,Skolgatan 120,702 11,Örebro,SE,Pallets only via goods entrance,true
1331,1067,Second store,Norra Esplanaden 57,582 22,Linköping,SE,Pallets only via goods entrance,false
1332,1068,Store,Havnegata 112,5003,Bergen,NO,No deliveries before 9:00,true
1333,1069,Store,Strandveien 56,2609,Lillehammer,NO,Call 30 min before arrival,true
1334,1070,Store,Keskuskatu 68,33100,Tampere,FI,,true
1335,1071,Store,Rantatie 110,65100,Vaasa,FI,Call 30 min before arrival,true
1336,1072,Store,Storgata 96,3015,Drammen,NO,Pallets only via goods entrance,true
1337,1073,Store,Rantatie 48,93600,Kuusamo,FI,Leave with neighbour shop if closed,true
1338,1074,Store,Havnevej 99,4000,Roskilde,DK,,true
1339,1075,Store,Skolgatan 34,652 24,Karlstad,SE,No deliveries before 9:00,true
1340,1076,Store,Havnegata 48,3015,Drammen,NO,No deliveries before 9:00,true
1341,1076,Central warehouse,Strandveien 88,7010,Trondheim,NO,,false
1342,1077,Store,Yliopistonkatu 54,93600,Kuusamo,FI,"Loading bay at the back, open 7-15",true
1343,1078,Store,Skoleveien 42,2317,Hamar,NO,Call 30 min before arrival,true
1344,1079,Store,Kauppakatu 104,90100,Oulu,FI,,true
1345,1080,Store,Hafenstraße 36,24937,Flensburg,DE,No deliveries before 9:00,true
1346,1080,Second store,Bahnhofstraße 110,24103,Kiel,DE,,false
1347,1081,Store,Asemakatu 8,20100,Turku,FI,,true
1348,1082,Store,Järnvägsgatan 105,753 10,Uppsala,SE,Pallets only via goods entrance,true
1349,1083,Store,Storgata 113,4006,Stavanger,NO,,true
1350,1084,Store,Drottninggatan 116,837 52,Åre,SE,,true
1351,1085,Store,Storgatan 46,111 20,Stockholm,SE,,true
1352,1086,Store,Fjellveien 84,9510,Alta,NO,Pallets only via goods entrance,true
1353,1087,Store,Strandveien 4,5003,Bergen,NO,,true
1354,1088,Store,Industrivej 31,6700,Esbjerg,DK,,true
1355,1089,Store,Kauppakatu 25,67100,Kokkola,FI,Pallets only via goods entrance,true
1356,1090,Store,Mannerheimintie 111,96100,Rovaniemi,FI,"Loading bay at the back, open 7-15",true
1357,1091,Store,Industriveien 18,0150,Oslo,NO,"Loading bay at the back, open 7-15",true
1358,1091,Second store,Storgata 59,9008,Tromsø,NO,Leave with neighbour shop if closed,false
1359,1092,Store,Hovedgaden 21,6700,Esbjerg,DK,Leave with neighbour shop if closed,true
1360,1093,Store,Vestergade 64,6700,Esbjerg,DK,Pallets only via goods entrance,true
1361,1094,Store,Kauppakatu 22,80100,Joensuu,FI,,true
1362,1094,Second store,Kauppakatu 9,02100,Espoo,FI,,false
1363,1095,Store,Havnegata 65,7010,Trondheim,NO,Pallets only via goods entrance,true
1364,1096,Store,Mannerheimintie 20,15100,Lahti,FI,,true
1365,1097,Store,Kirkegata 82,8006,Bodø,NO,Call 30 min before arrival,true
1366,1098,Store,Industriveien 101,0150,Oslo,NO,,true
1367,1099,Store,Asemakatu 17,02100,Espoo,FI,Leave with neighbour shop if closed,true
1368,1100,Store,Vestergade 85,9000,Aalborg,DK,Pallets only via goods entrance,true
1369,1101,Store,Keskuskatu 70,90100,Oulu,FI,,true
1370,1102,Store,Kirkegata 31,3015,Drammen,NO,Leave with neighbour shop if closed,true
1371,1103,Store,Rantatie 92,00100,Helsinki,FI,,true
1372,1104,Store,Asemakatu 32,20100,Turku,FI,No deliveries before 9:00,true
1373,1105,Store,Am Markt 30,24937,Flensburg,DE,,true
1374,1106,Store,Mannerheimintie 51,90100,Oulu,FI,Pallets only via goods entrance,true
1375,1107,Store,Norra Esplanaden 115,791 71,Falun,SE,Pallets only via goods entrance,true
1376,1108,Store,Yliopistonkatu 69,65100,Vaasa,FI,,true
1377,1109,Store,Järnvägsgatan 85,837 52,Åre,SE,,true
1378,1110,Store,Industriveien 24,2609,Lillehammer,NO,"Loading bay at the back, open 7-15",true
1379,1110,Central warehouse,Skoleveien 94,2317,Hamar,NO,Pallets only via goods entrance,false
1380,1111,Store,Teollisuustie 44,02100,Espoo,FI,,true
1381,1112,Store,Hamngatan 108,702 11,Örebro,SE,No deliveries before 9:00,true
1382,1112,Second store,Järnvägsgatan 41,852 30,Sundsvall,SE,Call 30 min before arrival,false
1383,1113,Store,Fjällvägen 28,702 11,Örebro,SE,"Loading bay at the back, open 7-15",true
1384,1114,Store,Puistokatu 82,80100,Joensuu,FI,,true
1385,1115,Store,Drottninggatan 26,981 31,Kiruna,SE,,true
1386,1115,Central warehouse,Järnvägsgatan 59,652 24,Karlstad,SE,No deliveries before 9:00,false
1387,1116,Store,Teollisuustie 73,20100,Turku,FI,"Loading bay at the back, open 7-15",true
1388,1117,Store,Nørregade 77,4000,Roskilde,DK,Leave with neighbour shop if closed,true
1389,1118,Store,Yliopistonkatu 72,33100,Tampere,FI,Call 30 min before arrival,true
1390,1119,Store,Fjellveien 38,8006,Bodø,NO,Leave with neighbour shop if closed,true
1391,1120,Store,Kirkegata 73,2609,Lillehammer,NO,"Loading bay at the back, open 7-15",true
1392,1121,Store,Hovedgaden 58,9000,Aalborg,DK,Pallets only via goods entrance,true
1393,1121,Central warehouse,Østergade 42,6000,Kolding,DK,,false
1394,1122,Store,Drottninggatan 21,582 22,Linköping,SE,Leave with neighbour shop if closed,true
1395,1123,Store,Kungsgatan 45,852 30,Sundsvall,SE,,true
1396,1124,Store,Fjellveien 86,9008,Tromsø,NO,Leave with neighbour shop if closed,true
1397,1125,Store,Puistokatu 23,80100,Joensuu,FI,,true
1398,1126,Store,Fjellveien 2,9510,Alta,NO,Call 30 min before arrival,true
1399,1127,Store,Hämeenkatu 110,00100,Helsinki,FI,,true
1400,1128,Store,Hamngatan 37,582 22,Linköping,SE,No deliveries before 9:00,true
1401,1129,Store,Am Markt 77,24937,Flensburg,DE,No deliveries before 9:00,true
1402,1129,Second store,Hauptstraße 25,24103,Kiel,DE,,false
1403,1130,Store,Kungsgatan 14,791 71,Falun,SE,"Loading bay at the back, open 7-15",true
1404,1131,Store,Norra Esplanaden 86,411 04,Göteborg,SE,,true
1405,1132,Store,Norra Esplanaden 70,211 20,Malmö,SE,,true
1406,1133,Store,Skoleveien 32,4006,Stavanger,NO,Call 30 min before arrival,true
1407,1134,Store,Norra Esplanaden 32,837 52,Åre,SE,Call 30 min before arrival,true
1408,1135,Store,Kauppakatu 54,65100,Vaasa,FI,No deliveries before 9:00,true
1409,1136,Store,Industriveien 41,7010,Trondheim,NO,,true
1410,1137,Store,Torggata 116,7010,Trondheim,NO,No deliveries before 9:00,true
1411,1138,Store,Skolevej 76,1050,Copenhagen,DK,,true
1412,1138,Second store,Nørregade 119,9000,Aalborg,DK,Leave with neighbour shop if closed,false
1413,1139,Store,Teollisuustie 35,40100,Jyväskylä,FI,Call 30 min before arrival,true
1414,1140,Store,Mannerheimintie 39,80100,Joensuu,FI,,true
1415,1141,Store,Kirkegata 17,0150,Oslo,NO,Leave with neighbour shop if closed,true
1416,1142,Store,Kungsgatan 120,702 11,Örebro,SE,Leave with neighbour shop if closed,true
1417,1143,Store,Fjällvägen 54,111 20,Stockholm,SE,No deliveries before 9:00,true
1418,1143,Central warehouse,Industrivägen 16,972 31,Luleå,SE,No deliveries before 9:00,false
1419,1144,Store,Pärnu mnt 52,10111,Tallinn,EE,,true
1420,1145,Store,Hämeenkatu 37,33100,Tampere,FI,Call 30 min before arrival,true
1421,1146,Store,Norra Esplanaden 51,972 31,Luleå,SE,,true
1422,1146,Central warehouse,Storgatan 39,831 30,Östersund,SE,Leave with neighbour shop if closed,false
1423,1147,Store,Keskuskatu 120,15100,Lahti,FI,"Loading bay at the back, open 7-15",true
1424,1148,Store,Hafenstraße 100,24937,Flensburg,DE,Leave with neighbour shop if closed,true
1425,1149,Store,Mannerheimintie 51,65100,Vaasa,FI,Leave with neighbour shop if closed,true
1426,1150,Store,Teollisuustie 27,13100,Hämeenlinna,FI,"Loading bay at the back, open 7-15",true
1427,1150,Second store,Puistokatu 72,00100,Helsinki,FI,Pallets only via goods entrance,false
1428,1151,Store,Rantatie 30,65100,Vaasa,FI,Pallets only via goods entrance,true
1429,1152,Store,Kooli tn 3,80010,Pärnu,EE,,true
1430,1152,Second store,Tartu mnt 33,51003,Tartu,EE,Pallets only via goods entrance,false
1431,1153,Store,Torggata 56,4610,Kristiansand,NO,Call 30 min before arrival,true
1432,1154,Store,Am Markt 58,24103,Kiel,DE,Pallets only via goods entrance,true
1433,1155,Store,Torggata 120,9510,Alta,NO,Call 30 min before arrival,true
1434,1156,Store,Fjellveien 23,9510,Alta,NO,,true
1435,1157,Store,Kauppakatu 92,33100,Tampere,FI,"Loading bay at the back, open 7-15",true
1436,1158,Store,Narva mnt 4,80010,Pärnu,EE,No deliveries before 9:00,true
1437,1159,Store,Storgata 77,5003,Bergen,NO,Call 30 min before arrival,true
1438,1160,Store,Pärnu mnt 14,80010,Pärnu,EE,Leave with neighbour shop if closed,true
1439,1160,Central warehouse,Sadama tn 114,51003,Tartu,EE,,false
1440,1161,Store,Hamngatan 23,852 30,Sundsvall,SE,,true
1441,1162,Store,Kauppakatu 89,70100,Kuopio,FI,Pallets only via goods entrance,true
1442,1163,Store,Skoleveien 35,8006,Bodø,NO,Leave with neighbour shop if closed,true
1443,1163,Second store,Torggata 69,5003,Bergen,NO,,false
1444,1164,Store,Industrivej 63,6000,Kolding,DK,Pallets only via goods entrance,true
1445,1165,Store,Fjellveien 26,9510,Alta,NO,Pallets only via goods entrance,true
1446,1166,Store,Havnegata 114,2317,Hamar,NO,,true
1447,1167,Store,Østergade 68,4000,Roskilde,DK,No deliveries before 9:00,true
1448,1168,Store,Fjällvägen 66,211 20,Malmö,SE,"Loading bay at the back, open 7-15",true
1449,1169,Store,Mannerheimintie 110,13100,Hämeenlinna,FI,,true
1450,1170,Store,Nørregade 36,1050,Copenhagen,DK,Call 30 min before arrival,true
1451,1171,Store,Teollisuustie 67,90100,Oulu,FI,,true
1452,1171,Second store,Torikatu 98,70100,Kuopio,FI,"Loading bay at the back, open 7-15",false
1453,1172,Store,Storgatan 59,903 26,Umeå,SE,No deliveries before 9:00,true
1454,1173,Store,Industriveien 51,7010,Trondheim,NO,Pallets only via goods entrance,true
1455,1174,Store,Drottninggatan 28,981 31,Kiruna,SE,,true
1456,1175,Store,Industrivej 71,9000,Aalborg,DK,,true
1457,1176,Store,Storgata 112,9510,Alta,NO,Call 30 min before arrival,true
1458,1177,Store,Drottninggatan 34,652 24,Karlstad,SE,"Loading bay at the back, open 7-15",true
1459,1178,Store,Mannerheimintie 48,93600,Kuusamo,FI,No deliveries before 9:00,true
1460,1179,Store,Teollisuustie 97,60100,Seinäjoki,FI,"Loading bay at the back, open 7-15",true
1461,1180,Store,Storgata 22,9510,Alta,NO,"Loading bay at the back, open 7-15",true
1462,1181,Store,Torggata 29,9008,Tromsø,NO,,true
1463,1182,Store,Yliopistonkatu 13,93600,Kuusamo,FI,,true
1464,1183,Store,Am Markt 9,24937,Flensburg,DE,,true
1465,1184,Store,Asemakatu 84,60100,Seinäjoki,FI,Leave with neighbour shop if closed,true
1466,1185,Store,Puistokatu 7,67100,Kokkola,FI,Leave with neighbour shop if closed,true
1467,1186,Store,Østergade 17,9000,Aalborg,DK,,true
1468,1187,Store,Järnvägsgatan 8,753 10,Uppsala,SE,Leave with neighbour shop if closed,true
1469,1187,Second store,Hamngatan 9,702 11,Örebro,SE,Call 30 min before arrival,false
1470,1188,Store,Havnegata 23,6002,Ålesund,NO,No deliveries before 9:00,true
1471,1189,Store,Kungsgatan 92,972 31,Luleå,SE,Call 30 min before arrival,true
1472,1190,Store,Mannerheimintie 11,90100,Oulu,FI,,true
1473,1191,Store,Havnegata 102,6002,Ålesund,NO,,true
1474,1192,Store,Asemakatu 111,60100,Seinäjoki,FI,Pallets only via goods entrance,true
1475,1192,Second store,Torikatu 111,99100,Kittilä,FI,,false
1476,1193,Store,Torikatu 58,15100,Lahti,FI,,true
1477,1194,Store,Kooli tn 91,80010,Pärnu,EE,Pallets only via goods entrance,true
1478,1195,Store,Norra Esplanaden 95,972 31,Luleå,SE,"Loading bay at the back, open 7-15",true
1479,1196,Store,Narva mnt 14,51003,Tartu,EE,Leave with neighbour shop if closed,true
1480,1196,Second store,Pärnu mnt 38,80010,Pärnu,EE,,false
1481,1197,Store,Fjällvägen 6,753 10,Uppsala,SE,Call 30 min before arrival,true
1482,1198,Store,Storgatan 23,652 24,Karlstad,SE,No deliveries before 9:00,true
1483,1198,Second store,Järnvägsgatan 60,831 30,Östersund,SE,,false
1484,1199,Store,Kirkegata 93,3015,Drammen,NO,Pallets only via goods entrance,true
1485,1200,Store,Kauppakatu 19,20100,Turku,FI,Call 30 min before arrival,true
1486,1201,Store,Hämeenkatu 82,15100,Lahti,FI,"Loading bay at the back, open 7-15",true
1487,1202,Store,Kirkegata 41,9510,Alta,NO,No deliveries before 9:00,true
1488,1203,Store,Industrivägen 62,791 71,Falun,SE,,true
1489,1204,Store,Østergade 86,9000,Aalborg,DK,No deliveries before 9:00,true
1490,1204,Second store,Skolevej 63,6700,Esbjerg,DK,,false
1491,1205,Store,Keskuskatu 116,33100,Tampere,FI,,true
1492,1206,Store,Nørregade 119,6700,Esbjerg,DK,Call 30 min before arrival,true
1493,1207,Store,Strandveien 9,4610,Kristiansand,NO,Call 30 min before arrival,true
1494,1207,Second store,Torggata 62,7010,Trondheim,NO,,false
1495,1208,Store,Storgatan 120,981 31,Kiruna,SE,"Loading bay at the back, open 7-15",true
1496,1209,Store,Strandveien 59,4610,Kristiansand,NO,,true
1497,1210,Store,Am Markt 88,24937,Flensburg,DE,No deliveries before 9:00,true
1498,1210,Central warehouse,Am Markt 60,24937,Flensburg,DE,Leave with neighbour shop if closed,false
1499,1211,Store,Fjellveien 72,6002,Ålesund,NO,Leave with neighbour shop if closed,true
1500,1212,Store,Keskuskatu 27,15100,Lahti,FI,,true
1501,1213,Store,Torikatu 109,80100,Joensuu,FI,Call 30 min before arrival,true
1502,1214,Store,Torikatu 27,20100,Turku,FI,,true
1503,1215,Store,Asemakatu 17,93600,Kuusamo,FI,Call 30 min before arrival,true
1504,1216,Store,Torggata 8,2317,Hamar,NO,,true
1505,1217,Store,Am Markt 49,10115,Berlin,DE,,true
1506,1218,Store,Industrivägen 18,837 52,Åre,SE,,true
1507,1218,Central warehouse,Skolgatan 95,791 71,Falun,SE,,false
1508,1219,Store,Hamngatan 81,903 26,Umeå,SE,,true
1509,1220,Store,Skolgatan 62,981 31,Kiruna,SE,,true
1510,1221,Store,Rantatie 114,65100,Vaasa,FI,Pallets only via goods entrance,true
1511,1221,Second store,Asemakatu 95,67100,Kokkola,FI,,false
1512,1222,Store,Tartu mnt 90,51003,Tartu,EE,,true
1513,1222,Second store,Sadama tn 63,10111,Tallinn,EE,Call 30 min before arrival,false
1514,1223,Store,Drottninggatan 62,981 31,Kiruna,SE,Pallets only via goods entrance,true
1515,1223,Second store,Norra Esplanaden 25,803 20,Gävle,SE,,false
1516,1224,Store,Fjällvägen 119,652 24,Karlstad,SE,Call 30 min before arrival,true
1517,1224,Second store,Hamngatan 75,981 31,Kiruna,SE,,false
1518,1225,Store,Skolevej 52,6700,Esbjerg,DK,Leave with neighbour shop if closed,true
1519,1226,Store,Järnvägsgatan 3,981 31,Kiruna,SE,Pallets only via goods entrance,true
1520,1227,Store,Skoleveien 85,2609,Lillehammer,NO,Pallets only via goods entrance,true
1521,1228,Store,Hämeenkatu 97,13100,Hämeenlinna,FI,"Loading bay at the back, open 7-15",true
1522,1228,Second store,Yliopistonkatu 63,80100,Joensuu,FI,,false
1523,1229,Store,Järnvägsgatan 37,702 11,Örebro,SE,Call 30 min before arrival,true
1524,1230,Store,Strandveien 120,5003,Bergen,NO,"Loading bay at the back, open 7-15",true
1525,1231,Store,Hovedgaden 64,1050,Copenhagen,DK,Leave with neighbour shop if closed,true
1526,1232,Store,Industrivägen 118,582 22,Linköping,SE,Call 30 min before arrival,true
1527,1233,Store,Norra Esplanaden 7,972 31,Luleå,SE,"Loading bay at the back, open 7-15",true
1528,1234,Store,Mannerheimintie 66,80100,Joensuu,FI,Pallets only via goods entrance,true
1529,1235,Store,Puistokatu 119,00100,Helsinki,FI,Leave with neighbour shop if closed,true
1530,1236,Store,Industrivägen 44,831 30,Östersund,SE,Call 30 min before arrival,true
1531,1237,Store,Puistokatu 16,40100,Jyväskylä,FI,No deliveries before 9:00,true
1532,1238,Store,Järnvägsgatan 104,582 22,Linköping,SE,Call 30 min before arrival,true
1533,1239,Store,Industriveien 9,4006,Stavanger,NO,"Loading bay at the back, open 7-15",true
1534,1239,Second store,Fjellveien 67,8006,Bodø,NO,No deliveries before 9:00,false
1535,1240,Store,Storgatan 34,852 30,Sundsvall,SE,"Loading bay at the back, open 7-15",true
1536,1241,Store,Mannerheimintie 77,02100,Espoo,FI,"Loading bay at the back, open 7-15",true
1537,1242,Store,Asemakatu 15,70100,Kuopio,FI,No deliveries before 9:00,true
1538,1243,Store,Rantatie 58,67100,Kokkola,FI,,true
1539,1244,Store,Torggata 97,4610,Kristiansand,NO,No deliveries before 9:00,true
1540,1245,Store,Norra Esplanaden 23,972 31,Luleå,SE,Leave with neighbour shop if closed,true
1541,1245,Central warehouse,Industrivägen 20,702 11,Örebro,SE,,false
1542,1245,Second store,Kungsgatan 112,652 24,Karlstad,SE,Leave with neighbour shop if closed,false
1543,1246,Store,Industriveien 3,5003,Bergen,NO,,true
1544,1246,Second store,Skoleveien 44,0150,Oslo,NO,"Loading bay at the back, open 7-15",false
1545,1247,Store,Østergade 108,5000,Odense,DK,Leave with neighbour shop if closed,true
1546,1247,Central warehouse,Vestergade 77,6000,Kolding,DK,No deliveries before 9:00,false
1547,1248,Store,Drottninggatan 119,702 11,Örebro,SE,,true
1548,1249,Store,Fjellveien 68,4006,Stavanger,NO,Call 30 min before arrival,true
1549,1250,Store,Fjällvägen 71,753 10,Uppsala,SE,No deliveries before 9:00,true
1550,1251,Store,Kooli tn 103,10111,Tallinn,EE,No deliveries before 9:00,true
1551,1251,Second store,Pärnu mnt 65,80010,Pärnu,EE,Call 30 min before arrival,false
1552,1252,Store,Puistokatu 56,20100,Turku,FI,"Loading bay at the back, open 7-15",true
1553,1253,Store,Kirkegata 23,8006,Bodø,NO,No deliveries before 9:00,true
1554,1253,Central warehouse,Fjellveien 65,4006,Stavanger,NO,Call 30 min before arrival,false
1555,1254,Store,Bergweg 83,24937,Flensburg,DE,No deliveries before 9:00,true
1556,1255,Store,Teollisuustie 47,70100,Kuopio,FI,,true
1557,1256,Store,Keskuskatu 104,99100,Kittilä,FI,Leave with neighbour shop if closed,true
1558,1257,Store,Yliopistonkatu 99,67100,Kokkola,FI,,true
1559,1258,Store,Fjellveien 55,5003,Bergen,NO,Leave with neighbour shop if closed,true
1560,1259,Store,Bahnhofstraße 96,24103,Kiel,DE,Call 30 min before arrival,true
1561,1260,Store,Kauppakatu 17,70100,Kuopio,FI,Leave with neighbour shop if closed,true
1562,1261,Store,Puistokatu 24,40100,Jyväskylä,FI,Call 30 min before arrival,true
1563,1262,Store,Fjällvägen 103,111 20,Stockholm,SE,,true
1564,1262,Second store,Industrivägen 46,852 30,Sundsvall,SE,No deliveries before 9:00,false
1565,1263,Store,Storgatan 94,111 20,Stockholm,SE,Leave with neighbour shop if closed,true
1566,1263,Second store,Storgatan 2,411 04,Göteborg,SE,"Loading bay at the back, open 7-15",false
1567,1264,Store,Strandveien 34,9008,Tromsø,NO,Leave with neighbour shop if closed,true
1568,1264,Second store,Strandveien 99,9510,Alta,NO,,false
1569,1265,Store,Norra Esplanaden 98,803 20,Gävle,SE,"Loading bay at the back, open 7-15",true
1570,1266,Store,Torggata 65,8006,Bodø,NO,Call 30 min before arrival,true
1571,1267,Store,Teollisuustie 49,90100,Oulu,FI,,true
1572,1268,Store,Am Markt 47,20095,Hamburg,DE,,true
1573,1269,Store,Havnegata 92,6002,Ålesund,NO,,true
1574,1270,Store,Tartu mnt 118,80010,Pärnu,EE,"Loading bay at the back, open 7-15",true
1575,1271,Store,Yliopistonkatu 119,99100,Kittilä,FI,No deliveries before 9:00,true
1576,1271,Central warehouse,Torikatu 66,70100,Kuopio,FI,Leave with neighbour shop if closed,false
1577,1272,Store,Puistokatu 28,96100,Rovaniemi,FI,Call 30 min before arrival,true
1578,1273,Store,Hämeenkatu 81,02100,Espoo,FI,,true
1579,1274,Store,Kauppakatu 5,96100,Rovaniemi,FI,Call 30 min before arrival,true
1580,1275,Store,Torikatu 82,93600,Kuusamo,FI,Pallets only via goods entrance,true
1581,1276,Store,Skolgatan 112,972 31,Luleå,SE,Leave with neighbour shop if closed,true
1582,1277,Store,Vestergade 92,1050,Copenhagen,DK,Call 30 min before arrival,true
1583,1278,Store,Puistokatu 72,40100,Jyväskylä,FI,Pallets only via goods entrance,true
1584,1279,Store,Kauppakatu 62,65100,Vaasa,FI,"Loading bay at the back, open 7-15",true
1585,1279,Second store,Asemakatu 16,40100,Jyväskylä,FI,Call 30 min before arrival,false
1586,1280,Store,Vestergade 47,8000,Aarhus,DK,,true
1587,1281,Store,Drottninggatan 91,211 20,Malmö,SE,,true
1588,1282,Store,Drottninggatan 22,831 30,Östersund,SE,Pallets only via goods entrance,true
1589,1283,Store,Puistokatu 49,99100,Kittilä,FI,Leave with neighbour shop if closed,true
1590,1284,Store,Keskuskatu 97,60100,Seinäjoki,FI,,true
1591,1284,Central warehouse,Puistokatu 37,15100,Lahti,FI,"Loading bay at the back, open 7-15",false
1592,1285,Store,Storgata 80,7010,Trondheim,NO,No deliveries before 9:00,true
1593,1285,Central warehouse,Havnegata 68,9008,Tromsø,NO,,false
1594,1285,Second store,Havnegata 112,2317,Hamar,NO,,false
1595,1286,Store,Yliopistonkatu 26,70100,Kuopio,FI,"Loading bay at the back, open 7-15",true
1596,1287,Store,Puistokatu 24,20100,Turku,FI,,true
1597,1288,Store,Torikatu 48,60100,Seinäjoki,FI,"Loading bay at the back, open 7-15",true
1598,1289,Store,Drottninggatan 110,111 20,Stockholm,SE,,true
1599,1290,Store,Asemakatu 56,15100,Lahti,FI,,true
1600,1291,Store,Torikatu 44,02100,Espoo,FI,"Loading bay at the back, open 7-15",true
1601,1292,Store,Havnegata 110,8006,Bodø,NO,Pallets only via goods entrance,true
1602,1292,Second store,Torggata 79,9008,Tromsø,NO,Leave with neighbour shop if closed,false
1603,1293,Store,Hamngatan 27,753 10,Uppsala,SE,"Loading bay at the back, open 7-15",true
1604,1294,Store,Mannerheimintie 1,65100,Vaasa,FI,Call 30 min before arrival,true
1605,1295,Store,Hämeenkatu 69,40100,Jyväskylä,FI,,true
1606,1296,Store,Industrivej 99,6000,Kolding,DK,Pallets only via goods entrance,true
1607,1297,Store,Kauppakatu 66,90100,Oulu,FI,Pallets only via goods entrance,true
1608,1298,Store,Rantatie 38,33100,Tampere,FI,,true
1609,1299,Store,Norra Esplanaden 40,803 20,Gävle,SE,Leave with neighbour shop if closed,true
1610,1300,Store,Havnegata 70,0150,Oslo,NO,No deliveries before 9:00,true
1611,1300,Central warehouse,Storgata 3,6002,Ålesund,NO,,false
1612,1301,Store,Keskuskatu 59,93600,Kuusamo,FI,Pallets only via goods entrance,true
1613,1302,Store,Industrivej 37,5000,Odense,DK,,true
1614,1303,Store,Østergade 53,5000,Odense,DK,,true
1615,1303,Second store,Industrivej 84,9000,Aalborg,DK,No deliveries before 9:00,false
1616,1304,Store,Keskuskatu 16,90100,Oulu,FI,Call 30 min before arrival,true
1617,1305,Store,Mannerheimintie 56,15100,Lahti,FI,No deliveries before 9:00,true
1618,1306,Store,Asemakatu 19,13100,Hämeenlinna,FI,No deliveries before 9:00,true
1619,1307,Store,Asemakatu 120,90100,Oulu,FI,Call 30 min before arrival,true
1620,1307,Second store,Hämeenkatu 68,20100,Turku,FI,No deliveries before 9:00,false
1621,1308,Store,Hamngatan 28,702 11,Örebro,SE,Pallets only via goods entrance,true
1622,1309,Store,Keskuskatu 94,99100,Kittilä,FI,Pallets only via goods entrance,true
1623,1310,Store,Norra Esplanaden 88,837 52,Åre,SE,,true
1624,1311,Store,Sadama tn 20,51003,Tartu,EE,Pallets only via goods entrance,true
1625,1311,Central warehouse,Kooli tn 10,80010,Pärnu,EE,,false
1626,1312,Store,Järnvägsgatan 97,111 20,Stockholm,SE,,true
1627,1313,Store,Industrivej 20,8000,Aarhus,DK,Leave with neighbour shop if closed,true
1628,1314,Store,Kirkegata 91,4610,Kristiansand,NO,,true
1629,1315,Store,Puistokatu 103,90100,Oulu,FI,Pallets only via goods entrance,true
1630,1315,Second store,Puistokatu 66,65100,Vaasa,FI,,false
1631,1316,Store,Industrivägen 20,111 20,Stockholm,SE,Pallets only via goods entrance,true
1632,1317,Store,Am Markt 30,10115,Berlin,DE,,true
1633,1317,Second store,Bergweg 85,10115,Berlin,DE,Pallets only via goods entrance,false
1634,1318,Store,Hauptstraße 62,24937,Flensburg,DE,Leave with neighbour shop if closed,true
1635,1319,Store,Kirkegata 98,4610,Kristiansand,NO,,true
1636,1320,Store,Skolgatan 1,903 26,Umeå,SE,Pallets only via goods entrance,true
1637,1321,Store,Norra Esplanaden 40,791 71,Falun,SE,Call 30 min before arrival,true
1638,1322,Store,Rantatie 103,40100,Jyväskylä,FI,Call 30 min before arrival,true
1639,1323,Store,Kungsgatan 59,582 22,Linköping,SE,Pallets only via goods entrance,true
1640,1323,Second store,Storgatan 13,981 31,Kiruna,SE,"Loading bay at the back, open 7-15",false
1641,1324,Store,Keskuskatu 38,00100,Helsinki,FI,"Loading bay at the back, open 7-15",true
1642,1325,Store,Yliopistonkatu 13,96100,Rovaniemi,FI,Pallets only via goods entrance,true
1643,1326,Store,Torikatu 78,13100,Hämeenlinna,FI,Leave with neighbour shop if closed,true
1644,1327,Store,Kirkegata 48,4006,Stavanger,NO,Call 30 min before arrival,true
1645,1328,Store,Skolevej 59,6000,Kolding,DK,"Loading bay at the back, open 7-15",true
1646,1329,Store,Skolevej 55,6700,Esbjerg,DK,No deliveries before 9:00,true
1647,1330,Store,Industrivägen 48,791 71,Falun,SE,,true
1648,1331,Store,Järnvägsgatan 42,791 71,Falun,SE,No deliveries before 9:00,true
1649,1332,Store,Skoleveien 98,6002,Ålesund,NO,Leave with neighbour shop if closed,true
1650,1333,Store,Havnegata 21,0150,Oslo,NO,No deliveries before 9:00,true
1651,1334,Store,Puistokatu 23,02100,Espoo,FI,Pallets only via goods entrance,true
1652,1335,Store,Yliopistonkatu 66,60100,Seinäjoki,FI,Leave with neighbour shop if closed,true
1653,1336,Store,Asemakatu 69,02100,Espoo,FI,No deliveries before 9:00,true
1654,1336,Second store,Torikatu 61,70100,Kuopio,FI,"Loading bay at the back, open 7-15",false
1655,1337,Store,Østergade 78,8000,Aarhus,DK,Leave with neighbour shop if closed,true
1656,1338,Store,Am Markt 69,20095,Hamburg,DE,,true
1657,1339,Store,Strandveien 4,6002,Ålesund,NO,Leave with neighbour shop if closed,true
1658,1340,Store,Am Markt 37,10115,Berlin,DE,No deliveries before 9:00,true
1659,1341,Store,Kirkegata 58,0150,Oslo,NO,,true
1660,1342,Store,Torikatu 9,20100,Turku,FI,Pallets only via goods entrance,true
1661,1343,Store,Rantatie 7,93600,Kuusamo,FI,Leave with neighbour shop if closed,true
1662,1344,Store,Rantatie 57,70100,Kuopio,FI,,true
1663,1345,Store,Skolgatan 106,702 11,Örebro,SE,,true
1664,1346,Store,Teollisuustie 110,93600,Kuusamo,FI,No deliveries before 9:00,true
1665,1347,Store,Hafenstraße 102,20095,Hamburg,DE,Pallets only via goods entrance,true
1666,1348,Store,Fjällvägen 58,111 20,Stockholm,SE,,true
1667,1349,Store,Bergweg 119,20095,Hamburg,DE,No deliveries before 9:00,true
1668,1350,Store,Storgata 92,2609,Lillehammer,NO,Leave with neighbour shop if closed,true
1669,1350,Central warehouse,Havnegata 96,5003,Bergen,NO,No deliveries before 9:00,false
1670,1351,Store,Kirkegata 19,2609,Lillehammer,NO,Call 30 min before arrival,true
1671,1351,Second store,Strandveien 106,6002,Ålesund,NO,,false
1672,1352,Store,Kirkegata 69,6002,Ålesund,NO,"Loading bay at the back, open 7-15",true
1673,1353,Store,Torggata 77,4610,Kristiansand,NO,Call 30 min before arrival,true
1674,1354,Store,Keskuskatu 91,99100,Kittilä,FI,Leave with neighbour shop if closed,true
1675,1354,Second store,Rantatie 97,33100,Tampere,FI,,false
1676,1355,Store,Norra Esplanaden 33,702 11,Örebro,SE,No deliveries before 9:00,true
1677,1356,Store,Mannerheimintie 28,99100,Kittilä,FI,Pallets only via goods entrance,true
1678,1356,Second store,Asemakatu 88,60100,Seinäjoki,FI,"Loading bay at the back, open 7-15",false
1679,1357,Store,Fjällvägen 17,111 20,Stockholm,SE,Pallets only via goods entrance,true
1680,1358,Store,Industriveien 14,0150,Oslo,NO,Call 30 min before arrival,true
1681,1359,Store,Drottninggatan 10,852 30,Sundsvall,SE,Leave with neighbour shop if closed,true
1682,1360,Store,Bergweg 81,24103,Kiel,DE,"Loading bay at the back, open 7-15",true
1683,1361,Store,Nørregade 54,1050,Copenhagen,DK,"Loading bay at the back, open 7-15",true
1684,1362,Store,Hämeenkatu 2,99100,Kittilä,FI,Pallets only via goods entrance,true
1685,1363,Store,Skolgatan 78,791 71,Falun,SE,"Loading bay at the back, open 7-15",true
1686,1364,Store,Torggata 73,2317,Hamar,NO,No deliveries before 9:00,true
1687,1364,Second store,Havnegata 1,9008,Tromsø,NO,,false
1688,1365,Store,Kirkegata 66,8006,Bodø,NO,No deliveries before 9:00,true
1689,1366,Store,Strandveien 36,0150,Oslo,NO,No deliveries before 9:00,true
1690,1367,Store,Keskuskatu 57,67100,Kokkola,FI,Leave with neighbour shop if closed,true
1691,1367,Second store,Teollisuustie 6,67100,Kokkola,FI,,false
1692,1368,Store,Industriveien 23,2317,Hamar,NO,,true
1693,1369,Store,Kirkegata 6,3015,Drammen,NO,"Loading bay at the back, open 7-15",true
1694,1370,Store,Torggata 48,4610,Kristiansand,NO,Pallets only via goods entrance,true
1695,1371,Store,Drottninggatan 59,582 22,Linköping,SE,,true
1696,1372,Store,Hafenstraße 41,10115,Berlin,DE,No deliveries before 9:00,true
1697,1373,Store,Storgata 110,4610,Kristiansand,NO,Leave with neighbour shop if closed,true
1698,1374,Store,Fjellveien 76,6002,Ålesund,NO,Call 30 min before arrival,true
1699,1375,Store,Järnvägsgatan 6,852 30,Sundsvall,SE,No deliveries before 9:00,true
1700,1376,Store,Torggata 105,2317,Hamar,NO,"Loading bay at the back, open 7-15",true
1701,1377,Store,Skoleveien 7,7010,Trondheim,NO,Leave with neighbour shop if closed,true
1702,1378,Store,Fjellveien 53,9008,Tromsø,NO,"Loading bay at the back, open 7-15",true
1703,1379,Store,Skolgatan 108,111 20,Stockholm,SE,Call 30 min before arrival,true
1704,1380,Store,Havnegata 2,9510,Alta,NO,,true
1705,1381,Store,Skolevej 45,6000,Kolding,DK,Call 30 min before arrival,true
1706,1382,Store,Asemakatu 2,99100,Kittilä,FI,Pallets only via goods entrance,true
1707,1383,Store,Havnegata 62,5003,Bergen,NO,,true
1708,1384,Store,Fjellveien 48,7010,Trondheim,NO,No deliveries before 9:00,true
1709,1385,Store,Asemakatu 13,02100,Espoo,FI,Leave with neighbour shop if closed,true
1710,1385,Central warehouse,Kauppakatu 34,70100,Kuopio,FI,,false
1711,1386,Store,Narva mnt 61,80010,Pärnu,EE,"Loading bay at the back, open 7-15",true
1712,1387,Store,Torikatu 65,65100,Vaasa,FI,,true
1713,1388,Store,Hauptstraße 42,24103,Kiel,DE,"Loading bay at the back, open 7-15",true
1714,1389,Store,Mannerheimintie 23,33100,Tampere,FI,Leave with neighbour shop if closed,true
1715,1390,Store,Pärnu mnt 60,80010,Pärnu,EE,"Loading bay at the back, open 7-15",true
1716,1391,Store,Hafenstraße 31,80331,Munich,DE,,true
1717,1392,Store,Skolevej 99,5000,Odense,DK,Leave with neighbour shop if closed,true
1718,1393,Store,Hovedgaden 106,6000,Kolding,DK,No deliveries before 9:00,true
1719,1393,Second store,Industrivej 8,4000,Roskilde,DK,Leave with neighbour shop if closed,false
1720,1394,Store,Teollisuustie 104,65100,Vaasa,FI,"Loading bay at the back, open 7-15",true
1721,1395,Store,Kungsgatan 90,652 24,Karlstad,SE,,true
1722,1396,Store,Torggata 71,3015,Drammen,NO,"Loading bay at the back, open 7-15",true
1723,1397,Store,Tartu mnt 37,10111,Tallinn,EE,,true
1724,1397,Second store,Kooli tn 114,10111,Tallinn,EE,,false
1725,1398,Store,Hamngatan 18,582 22,Linköping,SE,,true
1726,1399,Store,Industrivej 112,4000,Roskilde,DK,No deliveries before 9:00,true
1727,1400,Store,Rantatie 73,33100,Tampere,FI,,true
1728,1401,Store,Teollisuustie 98,02100,Espoo,FI,,true
1729,1402,Store,Torikatu 75,65100,Vaasa,FI,"Loading bay at the back, open 7-15",true
1730,1403,Store,Skolgatan 67,903 26,Umeå,SE,Call 30 min before arrival,true
1731,1404,Store,Yliopistonkatu 85,15100,Lahti,FI,Call 30 min before arrival,true
1732,1405,Store,Hamngatan 44,582 22,Linköping,SE,No deliveries before 9:00,true
1733,1406,Store,Vestergade 13,8000,Aarhus,DK,Leave with neighbour shop if closed,true
1734,1407,Store,Fjällvägen 1,411 04,Göteborg,SE,,true
1735,1407,Second store,Norra Esplanaden 13,803 20,Gävle,SE,Pallets only via goods entrance,false
1736,1408,Store,Teollisuustie 88,65100,Vaasa,FI,Leave with neighbour shop if closed,true
1737,1409,Store,Østergade 92,8000,Aarhus,DK,Call 30 min before arrival,true
1738,1410,Store,Fjällvägen 23,211 20,Malmö,SE,,true
1739,1411,Store,Nørregade 31,8000,Aarhus,DK,Leave with neighbour shop if closed,true
1740,1412,Store,Industriveien 109,3015,Drammen,NO,Call 30 min before arrival,true
1741,1413,Store,Fjällvägen 20,753 10,Uppsala,SE,,true
1742,1414,Store,Storgatan 50,972 31,Luleå,SE,No deliveries before 9:00,true
1743,1415,Store,Norra Esplanaden 10,852 30,Sundsvall,SE,Call 30 min before arrival,true
1744,1415,Second store,Drottninggatan 26,411 04,Göteborg,SE,No deliveries before 9:00,false
1745,1416,Store,Torikatu 44,70100,Kuopio,FI,Leave with neighbour shop if closed,true
1746,1417,Store,Industrivägen 31,831 30,Östersund,SE,Leave with neighbour shop if closed,true
1747,1418,Store,Teollisuustie 98,99100,Kittilä,FI,Pallets only via goods entrance,true
1748,1419,Store,Storgata 65,8006,Bodø,NO,No deliveries before 9:00,true
1749,1420,Store,Bergweg 101,20095,Hamburg,DE,,true
1750,1421,Store,Storgata 7,4610,Kristiansand,NO,Pallets only via goods entrance,true
1751,1422,Store,Fjällvägen 82,702 11,Örebro,SE,Call 30 min before arrival,true
1752,1422,Second store,Hamngatan 72,972 31,Luleå,SE,Pallets only via goods entrance,false
1753,1423,Store,Strandveien 42,8006,Bodø,NO,No deliveries before 9:00,true
1754,1424,Store,Torikatu 71,93600,Kuusamo,FI,,true
1755,1425,Store,Strandveien 52,6002,Ålesund,NO,"Loading bay at the back, open 7-15",true
1756,1426,Store,Skolgatan 1,791 71,Falun,SE,Pallets only via goods entrance,true
1757,1427,Store,Puistokatu 68,13100,Hämeenlinna,FI,"Loading bay at the back, open 7-15",true
1758,1428,Store,Fjällvägen 67,582 22,Linköping,SE,,true
1759,1429,Store,Hafenstraße 105,10115,Berlin,DE,No deliveries before 9:00,true
1760,1429,Second store,Hafenstraße 52,24937,Flensburg,DE,,false
1761,1430,Store,Narva mnt 90,80010,Pärnu,EE,Call 30 min before arrival,true
1762,1431,Store,Industrivägen 13,652 24,Karlstad,SE,,true
1763,1432,Store,Storgatan 68,111 20,Stockholm,SE,"Loading bay at the back, open 7-15",true
1764,1433,Store,Bergweg 56,10115,Berlin,DE,,true
1765,1433,Second store,Bahnhofstraße 86,20095,Hamburg,DE,,false
1766,1434,Store,Keskuskatu 48,33100,Tampere,FI,,true
1767,1435,Store,Mannerheimintie 80,02100,Espoo,FI,"Loading bay at the back, open 7-15",true
1768,1436,Store,Bahnhofstraße 38,20095,Hamburg,DE,Leave with neighbour shop if closed,true
1769,1437,Store,Fjellveien 92,9008,Tromsø,NO,Call 30 min before arrival,true
1770,1437,Second store,Fjellveien 72,0150,Oslo,NO,No deliveries before 9:00,false
1771,1438,Store,Puistokatu 97,65100,Vaasa,FI,Call 30 min before arrival,true
1772,1439,Store,Skolevej 25,9000,Aalborg,DK,Call 30 min before arrival,true
1773,1440,Store,Industriveien 53,4006,Stavanger,NO,,true
1774,1441,Store,Skolevej 84,4000,Roskilde,DK,,true
1775,1442,Store,Skoleveien 68,9510,Alta,NO,,true
1776,1443,Store,Østergade 53,8000,Aarhus,DK,Leave with neighbour shop if closed,true
1777,1444,Store,Rantatie 115,65100,Vaasa,FI,Pallets only via goods entrance,true
1778,1445,Store,Järnvägsgatan 44,803 20,Gävle,SE,Call 30 min before arrival,true
1779,1446,Store,Industriveien 87,0150,Oslo,NO,No deliveries before 9:00,true
1780,1447,Store,Industriveien 110,9008,Tromsø,NO,,true
1781,1448,Store,Drottninggatan 83,831 30,Östersund,SE,Pallets only via goods entrance,true
1782,1449,Store,Järnvägsgatan 20,852 30,Sundsvall,SE,No deliveries before 9:00,true
1783,1450,Store,Industrivägen 69,111 20,Stockholm,SE,Pallets only via goods entrance,true
1784,1451,Store,Kauppakatu 62,96100,Rovaniemi,FI,Pallets only via goods entrance,true
1785,1452,Store,Strandveien 47,6002,Ålesund,NO,No deliveries before 9:00,true
1786,1453,Store,Kauppakatu 20,02100,Espoo,FI,,true
1787,1453,Central warehouse,Hämeenkatu 104,33100,Tampere,FI,,false
1788,1453,Second store,Asemakatu 85,65100,Vaasa,FI,"Loading bay at the back, open 7-15",false
1789,1454,Store,Puistokatu 76,02100,Espoo,FI,,true
1790,1454,Second store,Yliopistonkatu 119,60100,Seinäjoki,FI,,false
1791,1455,Store,Havnegata 97,2609,Lillehammer,NO,Pallets only via goods entrance,true
1792,1456,Store,Bahnhofstraße 21,20095,Hamburg,DE,,true
1793,1456,Central warehouse,Hafenstraße 31,24103,Kiel,DE,No deliveries before 9:00,false
1794,1457,Store,Hauptstraße 74,24937,Flensburg,DE,Leave with neighbour shop if closed,true
1795,1458,Store,Industriveien 100,3015,Drammen,NO,"Loading bay at the back, open 7-15",true
1796,1458,Second store,Storgata 105,5003,Bergen,NO,"Loading bay at the back, open 7-15",false
1797,1459,Store,Hamngatan 78,852 30,Sundsvall,SE,"Loading bay at the back, open 7-15",true
1798,1460,Store,Skolevej 44,1050,Copenhagen,DK,"Loading bay at the back, open 7-15",true
1799,1461,Store,Keskuskatu 72,90100,Oulu,FI,Call 30 min before arrival,true
1800,1462,Store,Skolgatan 87,791 71,Falun,SE,Leave with neighbour shop if closed,true
1801,1463,Store,Fjällvägen 66,411 04,Göteborg,SE,,true
1802,1464,Store,Havnegata 19,4610,Kristiansand,NO,,true
1803,1465,Store,Puistokatu 10,60100,Seinäjoki,FI,No deliveries before 9:00,true
1804,1465,Central warehouse,Teollisuustie 59,93600,Kuusamo,FI,"Loading bay at the back, open 7-15",false
1805,1466,Store,Hauptstraße 53,20095,Hamburg,DE,Pallets only via goods entrance,true
1806,1466,Second store,Am Markt 79,10115,Berlin,DE,"Loading bay at the back, open 7-15",false
1807,1467,Store,Strandveien 110,7010,Trondheim,NO,No deliveries before 9:00,true
1808,1468,Store,Skolevej 30,4000,Roskilde,DK,No deliveries before 9:00,true
1809,1469,Store,Hämeenkatu 66,40100,Jyväskylä,FI,,true
1810,1469,Second store,Torikatu 34,99100,Kittilä,FI,Leave with neighbour shop if closed,false
1811,1470,Store,Torggata 109,0150,Oslo,NO,Call 30 min before arrival,true
1812,1470,Central warehouse,Fjellveien 13,6002,Ålesund,NO,No deliveries before 9:00,false
1813,1471,Store,Norra Esplanaden 8,582 22,Linköping,SE,Leave with neighbour shop if closed,true
1814,1472,Store,Skolgatan 33,411 04,Göteborg,SE,Pallets only via goods entrance,true
1815,1473,Store,Sadama tn 58,80010,Pärnu,EE,Leave with neighbour shop if closed,true
1816,1473,Central warehouse,Pärnu mnt 99,10111,Tallinn,EE,Pallets only via goods entrance,false
1817,1474,Store,Havnegata 94,5003,Bergen,NO,Pallets only via goods entrance,true
1818,1475,Store,Keskuskatu 89,33100,Tampere,FI,No deliveries before 9:00,true
1819,1476,Store,Skolgatan 31,791 71,Falun,SE,Call 30 min before arrival,true
1820,1476,Second store,Järnvägsgatan 108,831 30,Östersund,SE,"Loading bay at the back, open 7-15",false
1821,1477,Store,Norra Esplanaden 65,837 52,Åre,SE,Call 30 min before arrival,true
1822,1478,Store,Drottninggatan 7,852 30,Sundsvall,SE,,true
1823,1479,Store,Järnvägsgatan 30,111 20,Stockholm,SE,,true
1824,1480,Store,Strandveien 29,7010,Trondheim,NO,,true
1825,1480,Second store,Kirkegata 118,4610,Kristiansand,NO,Call 30 min before arrival,false
1826,1481,Store,Hafenstraße 5,10115,Berlin,DE,Call 30 min before arrival,true
1827,1481,Central warehouse,Am Markt 111,20095,Hamburg,DE,,false
1828,1482,Store,Norra Esplanaden 87,652 24,Karlstad,SE,Pallets only via goods entrance,true
1829,1483,Store,Kauppakatu 99,00100,Helsinki,FI,,true
1830,1484,Store,Bergweg 25,24937,Flensburg,DE,No deliveries before 9:00,true
1831,1485,Store,Järnvägsgatan 95,972 31,Luleå,SE,Call 30 min before arrival,true
1832,1486,Store,Bahnhofstraße 87,20095,Hamburg,DE,,true
1833,1487,Store,Yliopistonkatu 102,33100,Tampere,FI,Leave with neighbour shop if closed,true
1834,1488,Store,Hämeenkatu 95,70100,Kuopio,FI,,true
1835,1489,Store,Yliopistonkatu 43,02100,Espoo,FI,,true
1836,1490,Store,Keskuskatu 100,70100,Kuopio,FI,Call 30 min before arrival,true
1837,1491,Store,Kungsgatan 90,831 30,Östersund,SE,Pallets only via goods entrance,true
1838,1491,Central warehouse,Kungsgatan 72,753 10,Uppsala,SE,Leave with neighbour shop if closed,false
1839,1492,Store,Storgatan 52,582 22,Linköping,SE,No deliveries before 9:00,true
1840,1492,Second store,Norra Esplanaden 1,831 30,Östersund,SE,"Loading bay at the back, open 7-15",false
1841,1493,Store,Järnvägsgatan 3,837 52,Åre,SE,Leave with neighbour shop if closed,true
1842,1494,Store,Am Markt 49,10115,Berlin,DE,,true
1843,1495,Store,Puistokatu 61,20100,Turku,FI,"Loading bay at the back, open 7-15",true
1844,1496,Store,Storgata 49,5003,Bergen,NO,No deliveries before 9:00,true
1845,1497,Store,Mannerheimintie 28,00100,Helsinki,FI,No deliveries before 9:00,true
1846,1498,Store,Havnevej 54,6000,Kolding,DK,Call 30 min before arrival,true
1847,1499,Store,Yliopistonkatu 30,99100,Kittilä,FI,No deliveries before 9:00,true
1848,1499,Central warehouse,Mannerheimintie 15,93600,Kuusamo,FI,,false
1849,1500,Store,Narva mnt 7,51003,Tartu,EE,,true
1850,1501,Store,Torikatu 103,67100,Kokkola,FI,"Loading bay at the back, open 7-15",true
1851,1502,Store,Hämeenkatu 38,20100,Turku,FI,Leave with neighbour shop if closed,true
1852,1503,Store,Storgatan 1,972 31,Luleå,SE,Call 30 min before arrival,true
1853,1504,Store,Hovedgaden 75,6000,Kolding,DK,No deliveries before 9:00,true
1854,1505,Store,Skolgatan 28,903 26,Umeå,SE,"Loading bay at the back, open 7-15",true
1855,1506,Store,Yliopistonkatu 73,93600,Kuusamo,FI,,true
1856,1507,Store,Am Markt 111,20095,Hamburg,DE,,true
1857,1508,Store,Kirkegata 33,6002,Ålesund,NO,,true
1858,1509,Store,Skolgatan 74,753 10,Uppsala,SE,,true
1859,1509,Second store,Hamngatan 89,837 52,Åre,SE,"Loading bay at the back, open 7-15",false
1860,1510,Store,Hamngatan 39,753 10,Uppsala,SE,Leave with neighbour shop if closed,true
1861,1511,Store,Kauppakatu 56,13100,Hämeenlinna,FI,,true
1862,1512,Store,Norra Esplanaden 66,753 10,Uppsala,SE,,true
1863,1513,Store,Kirkegata 104,9510,Alta,NO,Pallets only via goods entrance,true
1864,1514,Store,Torggata 15,9008,Tromsø,NO,"Loading bay at the back, open 7-15",true
1865,1515,Store,Torggata 66,7010,Trondheim,NO,Pallets only via goods entrance,true
1866,1516,Store,Am Markt 48,80331,Munich,DE,,true
1867,1516,Second store,Hauptstraße 36,24103,Kiel,DE,,false
1868,1517,Store,Puistokatu 82,65100,Vaasa,FI,Pallets only via goods entrance,true
1869,1518,Store,Rantatie 82,15100,Lahti,FI,Call 30 min before arrival,true
1870,1519,Store,Mannerheimintie 31,70100,Kuopio,FI,Call 30 min before arrival,true
1871,1520,Store,Torggata 14,2609,Lillehammer,NO,Call 30 min before arrival,true
1872,1520,Second store,Skoleveien 42,8006,Bodø,NO,"Loading bay at the back, open 7-15",false
1873,1521,Store,Østergade 45,6700,Esbjerg,DK,No deliveries before 9:00,true
1874,1522,Store,Kirkegata 29,9008,Tromsø,NO,No deliveries before 9:00,true
1875,1523,Store,Havnevej 39,1050,Copenhagen,DK,Pallets only via goods entrance,true
1876,1523,Central warehouse,Vestergade 6,9000,Aalborg,DK,Leave with neighbour shop if closed,false
1877,1523,Second store,Østergade 60,9000,Aalborg,DK,No deliveries before 9:00,false
1878,1524,Store,Storgata 14,9008,Tromsø,NO,Pallets only via goods entrance,true
1879,1524,Second store,Industriveien 111,6002,Ålesund,NO,Call 30 min before arrival,false
1880,1525,Store,Kungsgatan 3,981 31,Kiruna,SE,Call 30 min before arrival,true
1881,1526,Store,Asemakatu 90,65100,Vaasa,FI,Pallets only via goods entrance,true
1882,1527,Store,Norra Esplanaden 44,852 30,Sundsvall,SE,,true
1883,1528,Store,Vestergade 84,1050,Copenhagen,DK,"Loading bay at the back, open 7-15",true
1884,1529,Store,Teollisuustie 60,99100,Kittilä,FI,,true
1885,1530,Store,Hämeenkatu 81,40100,Jyväskylä,FI,,true
1886,1531,Store,Skoleveien 67,4610,Kristiansand,NO,No deliveries before 9:00,true
1887,1532,Store,Torggata 82,5003,Bergen,NO,No deliveries before 9:00,true
1888,1533,Store,Järnvägsgatan 40,211 20,Malmö,SE,Call 30 min before arrival,true
1889,1533,Second store,Norra Esplanaden 89,972 31,Luleå,SE,Pallets only via goods entrance,false
1890,1534,Store,Asemakatu 53,33100,Tampere,FI,Pallets only via goods entrance,true
1891,1535,Store,Torikatu 31,60100,Seinäjoki,FI,,true
1892,1535,Central warehouse,Yliopistonkatu 67,65100,Vaasa,FI,Pallets only via goods entrance,false
1893,1536,Store,Storgata 97,9510,Alta,NO,,true
1894,1537,Store,Fjellveien 83,8006,Bodø,NO,Pallets only via goods entrance,true
1895,1538,Store,Torggata 29,3015,Drammen,NO,,true
1896,1539,Store,Storgatan 6,702 11,Örebro,SE,Pallets only via goods entrance,true
1897,1540,Store,Østergade 32,4000,Roskilde,DK,,true
1898,1541,Store,Industrivägen 52,411 04,Göteborg,SE,Pallets only via goods entrance,true
1899,1542,Store,Kungsgatan 22,753 10,Uppsala,SE,,true
1900,1543,Store,Fjällvägen 36,831 30,Östersund,SE,Pallets only via goods entrance,true
1901,1544,Store,Puistokatu 62,80100,Joensuu,FI,Pallets only via goods entrance,true
1902,1545,Store,Hauptstraße 33,80331,Munich,DE,Leave with neighbour shop if closed,true
1903,1546,Store,Mannerheimintie 110,00100,Helsinki,FI,No deliveries before 9:00,true
1904,1547,Store,Industrivägen 77,411 04,Göteborg,SE,No deliveries before 9:00,true
1905,1548,Store,Torggata 112,9510,Alta,NO,"Loading bay at the back, open 7-15",true
1906,1549,Store,Bergweg 59,80331,Munich,DE,Call 30 min before arrival,true
1907,1550,Store,Hovedgaden 70,5000,Odense,DK,"Loading bay at the back, open 7-15",true
1908,1551,Store,Torggata 48,2317,Hamar,NO,,true
1909,1552,Store,Hämeenkatu 78,67100,Kokkola,FI,Pallets only via goods entrance,true
1910,1553,Store,Vestergade 19,5000,Odense,DK,,true
1911,1554,Store,Skoleveien 24,4610,Kristiansand,NO,Leave with neighbour shop if closed,true
1912,1555,Store,Fjällvägen 67,753 10,Uppsala,SE,"Loading bay at the back, open 7-15",true
1913,1556,Store,Torikatu 33,93600,Kuusamo,FI,Pallets only via goods entrance,true
1914,1557,Store,Torikatu 10,33100,Tampere,FI,Pallets only via goods entrance,true
1915,1558,Store,Storgata 4,6002,Ålesund,NO,Pallets only via goods entrance,true
1916,1559,Store,Industriveien 21,4610,Kristiansand,NO,Leave with neighbour shop if closed,true
1917,1560,Store,Bergweg 83,24103,Kiel,DE,Call 30 min before arrival,true
1918,1561,Store,Hamngatan 99,903 26,Umeå,SE,No deliveries before 9:00,true
1919,1562,Store,Kirkegata 55,2317,Hamar,NO,No deliveries before 9:00,true
1920,1563,Store,Fjällvägen 119,582 22,Linköping,SE,,true
1921,1564,Store,Storgatan 89,831 30,Östersund,SE,Leave with neighbour shop if closed,true
1922,1565,Store,Norra Esplanaden 45,831 30,Östersund,SE,No deliveries before 9:00,true
1923,1566,Store,Torikatu 42,80100,Joensuu,FI,Call 30 min before arrival,true
1924,1567,Store,Kungsgatan 49,652 24,Karlstad,SE,,true
1925,1567,Second store,Järnvägsgatan 106,972 31,Luleå,SE,,false
1926,1568,Store,Hamngatan 16,981 31,Kiruna,SE,Call 30 min before arrival,true
1927,1569,Store,Tartu mnt 116,80010,Pärnu,EE,Leave with neighbour shop if closed,true
1928,1570,Store,Havnevej 35,6000,Kolding,DK,Call 30 min before arrival,true
1929,1571,Store,Skolgatan 27,972 31,Luleå,SE,"Loading bay at the back, open 7-15",true
1930,1572,Store,Kungsgatan 21,652 24,Karlstad,SE,No deliveries before 9:00,true
1931,1572,Second store,Industrivägen 10,831 30,Östersund,SE,Call 30 min before arrival,false
1932,1573,Store,Hamngatan 102,981 31,Kiruna,SE,Leave with neighbour shop if closed,true
1933,1574,Store,Rantatie 55,02100,Espoo,FI,Call 30 min before arrival,true
1934,1574,Second store,Teollisuustie 86,96100,Rovaniemi,FI,Call 30 min before arrival,false
1935,1575,Store,Keskuskatu 46,99100,Kittilä,FI,,true
1936,1576,Store,Pärnu mnt 40,10111,Tallinn,EE,No deliveries before 9:00,true
1937,1577,Store,Kauppakatu 54,13100,Hämeenlinna,FI,Pallets only via goods entrance,true
1938,1578,Store,Fjällvägen 83,582 22,Linköping,SE,No deliveries before 9:00,true
1939,1579,Store,Skolgatan 30,702 11,Örebro,SE,,true
1940,1580,Store,Strandveien 114,3015,Drammen,NO,Pallets only via goods entrance,true
1941,1581,Store,Bahnhofstraße 12,80331,Munich,DE,No deliveries before 9:00,true
1942,1582,Store,Nørregade 84,6000,Kolding,DK,Leave with neighbour shop if closed,true
1943,1583,Store,Vestergade 11,5000,Odense,DK,,true
1944,1583,Second store,Skolevej 29,6700,Esbjerg,DK,"Loading bay at the back, open 7-15",false
1945,1584,Store,Storgatan 19,211 20,Malmö,SE,"Loading bay at the back, open 7-15",true
1946,1585,Store,Tartu mnt 21,10111,Tallinn,EE,No deliveries before 9:00,true
1947,1586,Store,Skolevej 6,5000,Odense,DK,Pallets only via goods entrance,true
1948,1587,Store,Keskuskatu 34,15100,Lahti,FI,Leave with neighbour shop if closed,true
1949,1587,Central warehouse,Asemakatu 55,67100,Kokkola,FI,"Loading bay at the back, open 7-15",false
1950,1588,Store,Puistokatu 71,80100,Joensuu,FI,,true
1951,1588,Second store,Hämeenkatu 36,00100,Helsinki,FI,Pallets only via goods entrance,false
1952,1589,Store,Skolgatan 68,903 26,Umeå,SE,No deliveries before 9:00,true
1953,1590,Store,Kauppakatu 79,60100,Seinäjoki,FI,Leave with neighbour shop if closed,true
1954,1591,Store,Drottninggatan 14,211 20,Malmö,SE,,true
1955,1592,Store,Industriveien 47,9510,Alta,NO,"Loading bay at the back, open 7-15",true
1956,1593,Store,Vestergade 76,9000,Aalborg,DK,Pallets only via goods entrance,true
1957,1594,Store,Asemakatu 102,60100,Seinäjoki,FI,,true
1958,1594,Central warehouse,Teollisuustie 18,90100,Oulu,FI,,false
1959,1595,Store,Asemakatu 77,20100,Turku,FI,Pallets only via goods entrance,true
1960,1596,Store,Industriveien 51,9510,Alta,NO,,true
1961,1597,Store,Järnvägsgatan 35,652 24,Karlstad,SE,"Loading bay at the back, open 7-15",true
1962,1597,Second store,Kungsgatan 14,582 22,Linköping,SE,,false
1963,1598,Store,Industrivej 40,6000,Kolding,DK,,true
1964,1598,Second store,Industrivej 55,8000,Aarhus,DK,Leave with neighbour shop if closed,false
1965,1599,Store,Storgata 120,5003,Bergen,NO,,true
1966,1599,Central warehouse,Havnegata 68,4610,Kristiansand,NO,No deliveries before 9:00,false
1967,1600,Store,Narva mnt 28,80010,Pärnu,EE,Call 30 min before arrival,true
1968,1601,Store,Kungsgatan 81,582 22,Linköping,SE,Pallets only via goods entrance,true
1969,1602,Store,Skolevej 112,6700,Esbjerg,DK,Pallets only via goods entrance,true
1970,1603,Store,Industrivägen 116,211 20,Malmö,SE,"Loading bay at the back, open 7-15",true
1971,1604,Store,Fjällvägen 78,791 71,Falun,SE,Call 30 min before arrival,true
1972,1604,Central warehouse,Hamngatan 36,753 10,Uppsala,SE,"Loading bay at the back, open 7-15",false
1973,1605,Store,Narva mnt 105,80010,Pärnu,EE,No deliveries before 9:00,true
1974,1606,Store,Mannerheimintie 72,65100,Vaasa,FI,Leave with neighbour shop if closed,true
1975,1606,Second store,Rantatie 94,96100,Rovaniemi,FI,Leave with neighbour shop if closed,false
1976,1607,Store,Keskuskatu 62,60100,Seinäjoki,FI,Pallets only via goods entrance,true
1977,1608,Store,Hauptstraße 64,20095,Hamburg,DE,Pallets only via goods entrance,true
1978,1608,Second store,Bergweg 16,20095,Hamburg,DE,,false
1979,1609,Store,Storgata 68,2609,Lillehammer,NO,Leave with neighbour shop if closed,true
1980,1610,Store,Kungsgatan 58,753 10,Uppsala,SE,,true
1981,1611,Store,Fjellveien 48,6002,Ålesund,NO,,true
1982,1611,Central warehouse,Strandveien 30,0150,Oslo,NO,,false
1983,1612,Store,Drottninggatan 7,831 30,Östersund,SE,Pallets only via goods entrance,true
1984,1613,Store,Asemakatu 27,40100,Jyväskylä,FI,,true
1985,1614,Store,Pärnu mnt 84,80010,Pärnu,EE,No deliveries before 9:00,true
1986,1615,Store,Skoleveien 118,9008,Tromsø,NO,"Loading bay at the back, open 7-15",true
1987,1616,Store,Hamngatan 98,791 71,Falun,SE,Call 30 min before arrival,true
1988,1617,Store,Drottninggatan 9,852 30,Sundsvall,SE,"Loading bay at the back, open 7-15",true
1989,1618,Store,Mannerheimintie 32,65100,Vaasa,FI,No deliveries before 9:00,true
1990,1619,Store,Yliopistonkatu 50,40100,Jyväskylä,FI,No deliveries before 9:00,true
1991,1619,Second store,Keskuskatu 43,90100,Oulu,FI,No deliveries before 9:00,false
1992,1620,Store,Hauptstraße 65,80331,Munich,DE,"Loading bay at the back, open 7-15",true
1993,1621,Store,Fjellveien 1,0150,Oslo,NO,No deliveries before 9:00,true
1994,1622,Store,Havnegata 68,7010,Trondheim,NO,,true
1995,1623,Store,Storgata 17,6002,Ålesund,NO,,true
1996,1624,Store,Vestergade 113,4000,Roskilde,DK,,true
1997,1625,Store,Kungsgatan 54,111 20,Stockholm,SE,"Loading bay at the back, open 7-15",true
1998,1626,Store,Strandveien 35,2609,Lillehammer,NO,,true
1999,1626,Central warehouse,Torggata 99,2609,Lillehammer,NO,,false
2000,1627,Store,Industrivägen 9,791 71,Falun,SE,Pallets only via goods entrance,true
2001,1628,Store,Fjällvägen 48,803 20,Gävle,SE,Leave with neighbour shop if closed,true
2002,1629,Store,Hämeenkatu 62,15100,Lahti,FI,"Loading bay at the back, open 7-15",true
2003,1629,Second store,Puistokatu 43,60100,Seinäjoki,FI,,false
2004,1630,Store,Kauppakatu 106,00100,Helsinki,FI,Leave with neighbour shop if closed,true
2005,1631,Store,Storgata 37,7010,Trondheim,NO,"Loading bay at the back, open 7-15",true
2006,1632,Store,Teollisuustie 62,80100,Joensuu,FI,Call 30 min before arrival,true
2007,1633,Store,Bahnhofstraße 11,80331,Munich,DE,Call 30 min before arrival,true
2008,1633,Second store,Hafenstraße 5,24103,Kiel,DE,Pallets only via goods entrance,false
2009,1634,Store,Industrivägen 16,753 10,Uppsala,SE,,true
2010,1634,Second store,Industrivägen 21,852 30,Sundsvall,SE,,false
2011,1635,Store,Fjellveien 8,3015,Drammen,NO,"Loading bay at the back, open 7-15",true
2012,1636,Store,Torikatu 26,15100,Lahti,FI,"Loading bay at the back, open 7-15",true
2013,1637,Store,Norra Esplanaden 105,981 31,Kiruna,SE,,true
2014,1638,Store,Mannerheimintie 98,02100,Espoo,FI,,true
2015,1639,Store,Industriveien 14,4006,Stavanger,NO,Pallets only via goods entrance,true
2016,1640,Store,Storgatan 4,831 30,Östersund,SE,Pallets only via goods entrance,true
2017,1641,Store,Kauppakatu 37,70100,Kuopio,FI,Pallets only via goods entrance,true
2018,1642,Store,Storgata 60,2317,Hamar,NO,Pallets only via goods entrance,true
2019,1643,Store,Torggata 119,6002,Ålesund,NO,Leave with neighbour shop if closed,true
2020,1643,Second store,Skoleveien 4,9510,Alta,NO,"Loading bay at the back, open 7-15",false
2021,1644,Store,Drottninggatan 24,972 31,Luleå,SE,Leave with neighbour shop if closed,true
2022,1645,Store,Skolgatan 39,753 10,Uppsala,SE,Pallets only via goods entrance,true
2023,1646,Store,Rantatie 114,90100,Oulu,FI,,true
2024,1647,Store,Fjellveien 105,7010,Trondheim,NO,Pallets only via goods entrance,true
2025,1648,Store,Hafenstraße 86,24103,Kiel,DE,Call 30 min before arrival,true
2026,1648,Central warehouse,Bahnhofstraße 51,20095,Hamburg,DE,,false
2027,1648,Second store,Am Markt 11,80331,Munich,DE,,false
2028,1649,Store,Asemakatu 46,93600,Kuusamo,FI,Pallets only via goods entrance,true
2029,1650,Store,Kungsgatan 34,803 20,Gävle,SE,Call 30 min before arrival,true
2030,1650,Second store,Drottninggatan 70,702 11,Örebro,SE,No deliveries before 9:00,false
2031,1651,Store,Norra Esplanaden 50,803 20,Gävle,SE,,true
2032,1651,Second store,Hamngatan 75,837 52,Åre,SE,,false
2033,1652,Store,Havnegata 86,6002,Ålesund,NO,"Loading bay at the back, open 7-15",true
2034,1653,Store,Hafenstraße 104,80331,Munich,DE,,true
2035,1654,Store,Industrivägen 82,972 31,Luleå,SE,,true
2036,1655,Store,Norra Esplanaden 7,211 20,Malmö,SE,,true
2037,1655,Second store,Fjällvägen 92,211 20,Malmö,SE,Leave with neighbour shop if closed,false
2038,1656,Store,Industriveien 101,7010,Trondheim,NO,"Loading bay at the back, open 7-15",true
2039,1657,Store,Teollisuustie 92,70100,Kuopio,FI,"Loading bay at the back, open 7-15",true
2040,1658,Store,Narva mnt 54,51003,Tartu,EE,"Loading bay at the back, open 7-15",true
2041,1659,Store,Hovedgaden 63,1050,Copenhagen,DK,"Loading bay at the back, open 7-15",true
2042,1660,Store,Keskuskatu 99,70100,Kuopio,FI,,true
2043,1661,Store,Kungsgatan 55,981 31,Kiruna,SE,,true
2044,1662,Store,Rantatie 28,90100,Oulu,FI,Pallets only via goods entrance,true
2045,1662,Second store,Mannerheimintie 118,13100,Hämeenlinna,FI,Leave with neighbour shop if closed,false
2046,1663,Store,Mannerheimintie 77,00100,Helsinki,FI,Leave with neighbour shop if closed,true
2047,1664,Store,Industriveien 71,4610,Kristiansand,NO,,true
2048,1664,Second store,Torggata 114,2609,Lillehammer,NO,Call 30 min before arrival,false
2049,1665,Store,Skoleveien 83,7010,Trondheim,NO,"Loading bay at the back, open 7-15",true
2050,1665,Second store,Industriveien 107,8006,Bodø,NO,Leave with neighbour shop if closed,false
2051,1666,Store,Drottninggatan 101,972 31,Luleå,SE,No deliveries before 9:00,true
2052,1667,Store,Teollisuustie 17,65100,Vaasa,FI,Leave with neighbour shop if closed,true
2053,1668,Store,Torikatu 95,90100,Oulu,FI,,true
2054,1669,Store,Hauptstraße 119,20095,Hamburg,DE,Pallets only via goods entrance,true
2055,1670,Store,Hovedgaden 117,1050,Copenhagen,DK,Call 30 min before arrival,true
2056,1670,Central warehouse,Skolevej 114,6000,Kolding,DK,Pallets only via goods entrance,false
2057,1671,Store,Tartu mnt 81,80010,Pärnu,EE,Leave with neighbour shop if closed,true
2058,1672,Store,Havnegata 49,4006,Stavanger,NO,,true
2059,1673,Store,Hauptstraße 55,24937,Flensburg,DE,No deliveries before 9:00,true
2060,1673,Second store,Am Markt 73,80331,Munich,DE,No deliveries before 9:00,false
2061,1674,Store,Sadama tn 49,51003,Tartu,EE,Leave with neighbour shop if closed,true
2062,1675,Store,Järnvägsgatan 31,652 24,Karlstad,SE,No deliveries before 9:00,true
2063,1676,Store,Fjellveien 9,4006,Stavanger,NO,"Loading bay at the back, open 7-15",true
2064,1677,Store,Rantatie 54,13100,Hämeenlinna,FI,"Loading bay at the back, open 7-15",true
2065,1678,Store,Järnvägsgatan 98,702 11,Örebro,SE,No deliveries before 9:00,true
2066,1679,Store,Storgata 33,9008,Tromsø,NO,No deliveries before 9:00,true
2067,1679,Second store,Havnegata 20,7010,Trondheim,NO,Leave with neighbour shop if closed,false
2068,1680,Store,Puistokatu 105,65100,Vaasa,FI,Call 30 min before arrival,true
2069,1680,Second store,Hämeenkatu 80,15100,Lahti,FI,Pallets only via goods entrance,false
2070,1681,Store,Skoleveien 11,6002,Ålesund,NO,Call 30 min before arrival,true
2071,1681,Second store,Skoleveien 78,7010,Trondheim,NO,"Loading bay at the back, open 7-15",false
2072,1682,Store,Hämeenkatu 5,15100,Lahti,FI,Pallets only via goods entrance,true
2073,1683,Store,Rantatie 94,67100,Kokkola,FI,,true
2074,1683,Second store,Kauppakatu 27,99100,Kittilä,FI,Call 30 min before arrival,false
2075,1684,Store,Rantatie 82,02100,Espoo,FI,Call 30 min before arrival,true
2076,1685,Store,Hovedgaden 75,6000,Kolding,DK,Pallets only via goods entrance,true
2077,1686,Store,Vestergade 29,5000,Odense,DK,"Loading bay at the back, open 7-15",true
2078,1687,Store,Industrivägen 77,791 71,Falun,SE,No deliveries before 9:00,true
2079,1688,Store,Mannerheimintie 103,90100,Oulu,FI,,true
2080,1689,Store,Yliopistonkatu 69,65100,Vaasa,FI,"Loading bay at the back, open 7-15",true
2081,1690,Store,Skolevej 16,6700,Esbjerg,DK,,true
2082,1691,Store,Rantatie 115,70100,Kuopio,FI,,true
2083,1692,Store,Storgata 110,9510,Alta,NO,,true
2084,1693,Store,Keskuskatu 96,80100,Joensuu,FI,"Loading bay at the back, open 7-15",true
2085,1694,Store,Fjällvägen 35,753 10,Uppsala,SE,Pallets only via goods entrance,true
2086,1695,Store,Hämeenkatu 17,02100,Espoo,FI,Leave with neighbour shop if closed,true
2087,1696,Store,Hauptstraße 68,80331,Munich,DE,No deliveries before 9:00,true
2088,1697,Store,Drottninggatan 63,702 11,Örebro,SE,"Loading bay at the back, open 7-15",true
2089,1698,Store,Kooli tn 99,10111,Tallinn,EE,Call 30 min before arrival,true
2090,1699,Store,Industriveien 95,2609,Lillehammer,NO,"Loading bay at the back, open 7-15",true
2091,1700,Store,Keskuskatu 26,96100,Rovaniemi,FI,Call 30 min before arrival,true
2092,1701,Store,Industrivej 17,9000,Aalborg,DK,"Loading bay at the back, open 7-15",true
2093,1702,Store,Skolevej 91,5000,Odense,DK,"Loading bay at the back, open 7-15",true
2094,1703,Store,Kauppakatu 78,13100,Hämeenlinna,FI,,true
2095,1703,Second store,Yliopistonkatu 99,80100,Joensuu,FI,Leave with neighbour shop if closed,false
2096,1704,Store,Hamngatan 105,903 26,Umeå,SE,,true
2097,1705,Store,Asemakatu 76,99100,Kittilä,FI,Pallets only via goods entrance,true
2098,1705,Second store,Asemakatu 52,60100,Seinäjoki,FI,Call 30 min before arrival,false
2099,1706,Store,Hämeenkatu 64,67100,Kokkola,FI,Pallets only via goods entrance,true
2100,1707,Store,Drottninggatan 63,981 31,Kiruna,SE,Pallets only via goods entrance,true
2101,1707,Second store,Järnvägsgatan 22,981 31,Kiruna,SE,Call 30 min before arrival,false
2102,1708,Store,Hamngatan 75,837 52,Åre,SE,Leave with neighbour shop if closed,true
2103,1708,Central warehouse,Industrivägen 55,837 52,Åre,SE,"Loading bay at the back, open 7-15",false
2104,1709,Store,Industrivägen 47,111 20,Stockholm,SE,,true
2105,1710,Store,Nørregade 22,6700,Esbjerg,DK,,true
2106,1711,Store,Storgata 30,6002,Ålesund,NO,Call 30 min before arrival,true
2107,1712,Store,Norra Esplanaden 68,652 24,Karlstad,SE,Leave with neighbour shop if closed,true
2108,1713,Store,Østergade 24,6000,Kolding,DK,Leave with neighbour shop if closed,true
2109,1714,Store,Fjällvägen 4,903 26,Umeå,SE,Leave with neighbour shop if closed,true
2110,1715,Store,Skoleveien 90,8006,Bodø,NO,,true
2111,1716,Store,Asemakatu 42,20100,Turku,FI,Call 30 min before arrival,true
2112,1717,Store,Bergweg 60,80331,Munich,DE,"Loading bay at the back, open 7-15",true
2113,1718,Store,Kauppakatu 87,96100,Rovaniemi,FI,,true
2114,1719,Store,Skolgatan 77,852 30,Sundsvall,SE,,true
2115,1720,Store,Hauptstraße 116,80331,Munich,DE,"Loading bay at the back, open 7-15",true
2116,1720,Second store,Hafenstraße 118,80331,Munich,DE,Leave with neighbour shop if closed,false
2117,1721,Store,Torggata 36,3015,Drammen,NO,,true
2118,1721,Second store,Torggata 64,8006,Bodø,NO,,false
2119,1722,Store,Vestergade 120,9000,Aalborg,DK,Call 30 min before arrival,true
2120,1723,Store,Mannerheimintie 105,65100,Vaasa,FI,No deliveries before 9:00,true
2121,1724,Store,Kungsgatan 44,852 30,Sundsvall,SE,,true
2122,1725,Store,Teollisuustie 19,60100,Seinäjoki,FI,No deliveries before 9:00,true
2123,1726,Store,Nørregade 84,8000,Aarhus,DK,"Loading bay at the back, open 7-15",true
2124,1726,Second store,Skolevej 96,6000,Kolding,DK,,false
2125,1727,Store,Hovedgaden 60,6000,Kolding,DK,Leave with neighbour shop if closed,true
2126,1728,Store,Asemakatu 120,00100,Helsinki,FI,"Loading bay at the back, open 7-15",true
2127,1729,Store,Fjellveien 81,6002,Ålesund,NO,Leave with neighbour shop if closed,true
2128,1730,Store,Kungsgatan 77,831 30,Östersund,SE,,true
2129,1730,Second store,Storgatan 34,852 30,Sundsvall,SE,,false
2130,1731,Store,Drottninggatan 59,981 31,Kiruna,SE,Pallets only via goods entrance,true
2131,1732,Store,Mannerheimintie 41,02100,Espoo,FI,Pallets only via goods entrance,true
2132,1732,Second store,Hämeenkatu 114,60100,Seinäjoki,FI,"Loading bay at the back, open 7-15",false
2133,1733,Store,Havnevej 57,1050,Copenhagen,DK,,true
2134,1734,Store,Østergade 70,9000,Aalborg,DK,,true
2135,1735,Store,Torggata 117,2609,Lillehammer,NO,,true
2136,1736,Store,Storgata 77,8006,Bodø,NO,,true
2137,1737,Store,Kirkegata 11,8006,Bodø,NO,"Loading bay at the back, open 7-15",true
2138,1738,Store,Am Markt 36,24103,Kiel,DE,,true
2139,1739,Store,Am Markt 91,24937,Flensburg,DE,No deliveries before 9:00,true
2140,1739,Second store,Am Markt 38,20095,Hamburg,DE,"Loading bay at the back, open 7-15",false
2141,1740,Store,Storgatan 77,972 31,Luleå,SE,Pallets only via goods entrance,true
2142,1741,Store,Keskuskatu 112,96100,Rovaniemi,FI,Pallets only via goods entrance,true
2143,1742,Store,Pärnu mnt 82,80010,Pärnu,EE,No deliveries before 9:00,true
2144,1743,Store,Strandveien 114,9008,Tromsø,NO,,true
2145,1744,Store,Järnvägsgatan 84,903 26,Umeå,SE,,true
2146,1745,Store,Skoleveien 120,9008,Tromsø,NO,Call 30 min before arrival,true
2147,1746,Store,Hämeenkatu 6,13100,Hämeenlinna,FI,Pallets only via goods entrance,true
2148,1747,Store,Asemakatu 4,33100,Tampere,FI,Leave with neighbour shop if closed,true
2149,1748,Store,Hämeenkatu 106,13100,Hämeenlinna,FI,,true
2150,1748,Central warehouse,Hämeenkatu 90,80100,Joensuu,FI,Pallets only via goods entrance,false
2151,1749,Store,Storgatan 84,852 30,Sundsvall,SE,Leave with neighbour shop if closed,true
2152,1749,Second store,Skolgatan 26,903 26,Umeå,SE,Leave with neighbour shop if closed,false
2153,1750,Store,Puistokatu 67,33100,Tampere,FI,Leave with neighbour shop if closed,true
2154,1750,Second store,Rantatie 104,15100,Lahti,FI,,false
2155,1751,Store,Norra Esplanaden 32,652 24,Karlstad,SE,,true
2156,1752,Store,Rantatie 28,99100,Kittilä,FI,,true
2157,1752,Second store,Rantatie 64,02100,Espoo,FI,No deliveries before 9:00,false
2158,1753,Store,Industrivägen 47,791 71,Falun,SE,No deliveries before 9:00,true
2159,1754,Store,Fjellveien 31,8006,Bodø,NO,,true
2160,1754,Second store,Industriveien 105,4006,Stavanger,NO,Leave with neighbour shop if closed,false
2161,1755,Store,Bahnhofstraße 22,24937,Flensburg,DE,Leave with neighbour shop if closed,true
2162,1756,Store,Skoleveien 90,9510,Alta,NO,"Loading bay at the back, open 7-15",true
2163,1757,Store,Mannerheimintie 91,02100,Espoo,FI,"Loading bay at the back, open 7-15",true
2164,1758,Store,Järnvägsgatan 104,803 20,Gävle,SE,Pallets only via goods entrance,true
2165,1759,Store,Am Markt 108,80331,Munich,DE,Pallets only via goods entrance,true
2166,1759,Second store,Hafenstraße 4,24103,Kiel,DE,"Loading bay at the back, open 7-15",false
2167,1760,Store,Kooli tn 71,10111,Tallinn,EE,Call 30 min before arrival,true
2168,1761,Store,Industriveien 119,5003,Bergen,NO,"Loading bay at the back, open 7-15",true
2169,1762,Store,Hauptstraße 30,24937,Flensburg,DE,Leave with neighbour shop if closed,true
2170,1762,Second store,Bergweg 3,10115,Berlin,DE,Call 30 min before arrival,false
2171,1763,Store,Keskuskatu 76,13100,Hämeenlinna,FI,No deliveries before 9:00,true
2172,1764,Store,Industrivägen 44,652 24,Karlstad,SE,Leave with neighbour shop if closed,true
2173,1764,Second store,Fjällvägen 12,831 30,Östersund,SE,Pallets only via goods entrance,false
2174,1765,Store,Vestergade 100,5000,Odense,DK,No deliveries before 9:00,true
2175,1766,Store,Hafenstraße 119,20095,Hamburg,DE,,true
2176,1767,Store,Kirkegata 24,7010,Trondheim,NO,Leave with neighbour shop if closed,true
2177,1768,Store,Puistokatu 82,15100,Lahti,FI,Call 30 min before arrival,true
2178,1769,Store,Kungsgatan 92,411 04,Göteborg,SE,Leave with neighbour shop if closed,true
2179,1770,Store,Fjällvägen 29,211 20,Malmö,SE,No deliveries before 9:00,true
2180,1771,Store,Hämeenkatu 63,13100,Hämeenlinna,FI,,true
2181,1772,Store,Storgata 85,0150,Oslo,NO,Call 30 min before arrival,true
2182,1773,Store,Norra Esplanaden 14,981 31,Kiruna,SE,,true
2183,1774,Store,Narva mnt 90,80010,Pärnu,EE,Pallets only via goods entrance,true
2184,1775,Store,Storgatan 61,852 30,Sundsvall,SE,Call 30 min before arrival,true
2185,1776,Store,Rantatie 32,02100,Espoo,FI,Leave with neighbour shop if closed,true
2186,1777,Store,Fjellveien 95,8006,Bodø,NO,,true
2187,1778,Store,Fjellveien 83,4610,Kristiansand,NO,Leave with neighbour shop if closed,true
2188,1779,Store,Industriveien 91,9008,Tromsø,NO,Call 30 min before arrival,true
2189,1780,Store,Asemakatu 60,96100,Rovaniemi,FI,"Loading bay at the back, open 7-15",true
2190,1780,Second store,Torikatu 114,65100,Vaasa,FI,Pallets only via goods entrance,false
2191,1781,Store,Vestergade 92,6700,Esbjerg,DK,Pallets only via goods entrance,true
2192,1782,Store,Strandveien 92,4610,Kristiansand,NO,Pallets only via goods entrance,true
2193,1783,Store,Asemakatu 79,65100,Vaasa,FI,Pallets only via goods entrance,true
2194,1784,Store,Hauptstraße 32,80331,Munich,DE,"Loading bay at the back, open 7-15",true
2195,1785,Store,Havnegata 55,4610,Kristiansand,NO,No deliveries before 9:00,true
2196,1786,Store,Torggata 14,3015,Drammen,NO,No deliveries before 9:00,true
2197,1787,Store,Skoleveien 11,2609,Lillehammer,NO,,true
2198,1788,Store,Pärnu mnt 87,10111,Tallinn,EE,,true
2199,1789,Store,Rantatie 64,15100,Lahti,FI,,true
2200,1790,Store,Kirkegata 81,9510,Alta,NO,Leave with neighbour shop if closed,true
2201,1791,Store,Havnegata 79,7010,Trondheim,NO,Pallets only via goods entrance,true
2202,1792,Store,Skolgatan 86,903 26,Umeå,SE,Call 30 min before arrival,true
2203,1793,Store,Nørregade 23,1050,Copenhagen,DK,Leave with neighbour shop if closed,true
2204,1794,Store,Storgata 104,3015,Drammen,NO,,true
2205,1794,Second store,Industriveien 15,3015,Drammen,NO,,false
2206,1795,Store,Industrivej 81,4000,Roskilde,DK,,true
2207,1796,Store,Bahnhofstraße 115,24937,Flensburg,DE,,true
2208,1797,Store,Keskuskatu 67,33100,Tampere,FI,Call 30 min before arrival,true
2209,1797,Central warehouse,Puistokatu 75,99100,Kittilä,FI,Leave with neighbour shop if closed,false
2210,1798,Store,Hämeenkatu 29,00100,Helsinki,FI,No deliveries before 9:00,true
2211,1799,Store,Narva mnt 85,51003,Tartu,EE,Call 30 min before arrival,true
2212,1799,Second store,Sadama tn 108,10111,Tallinn,EE,Pallets only via goods entrance,false
2213,1800,Store,Järnvägsgatan 25,831 30,Östersund,SE,Leave with neighbour shop if closed,true
2214,1800,Second store,Storgatan 117,803 20,Gävle,SE,"Loading bay at the back, open 7-15",false
2215,1801,Store,Fjällvägen 18,652 24,Karlstad,SE,"Loading bay at the back, open 7-15",true
2216,1802,Store,Drottninggatan 71,702 11,Örebro,SE,,true
2217,1803,Store,Bergweg 90,24103,Kiel,DE,Leave with neighbour shop if closed,true
2218,1804,Store,Torikatu 115,67100,Kokkola,FI,No deliveries before 9:00,true
2219,1805,Store,Hovedgaden 78,8000,Aarhus,DK,,true
2220,1806,Store,Drottninggatan 15,852 30,Sundsvall,SE,Leave with neighbour shop if closed,true
2221,1807,Store,Storgatan 12,411 04,Göteborg,SE,Call 30 min before arrival,true
2222,1808,Store,Hamngatan 70,791 71,Falun,SE,No deliveries before 9:00,true
2223,1809,Store,Hamngatan 3,981 31,Kiruna,SE,,true
2224,1810,Store,Teollisuustie 96,15100,Lahti,FI,"Loading bay at the back, open 7-15",true
2225,1811,Store,Järnvägsgatan 113,831 30,Östersund,SE,,true
2226,1811,Central warehouse,Drottninggatan 9,111 20,Stockholm,SE,,false
2227,1812,Store,Drottninggatan 28,411 04,Göteborg,SE,,true
2228,1813,Store,Rantatie 22,99100,Kittilä,FI,,true
2229,1814,Store,Norra Esplanaden 33,211 20,Malmö,SE,No deliveries before 9:00,true
2230,1815,Store,Puistokatu 84,02100,Espoo,FI,,true
2231,1816,Store,Storgata 53,9510,Alta,NO,,true
2232,1817,Store,Hamngatan 82,753 10,Uppsala,SE,Call 30 min before arrival,true
2233,1818,Store,Hamngatan 37,972 31,Luleå,SE,,true
2234,1819,Store,Torggata 116,3015,Drammen,NO,"Loading bay at the back, open 7-15",true
2235,1820,Store,Havnegata 105,9008,Tromsø,NO,,true
2236,1821,Store,Strandveien 22,5003,Bergen,NO,,true
2237,1822,Store,Asemakatu 115,20100,Turku,FI,Leave with neighbour shop if closed,true
2238,1823,Store,Havnegata 13,4006,Stavanger,NO,Pallets only via goods entrance,true
2239,1824,Store,Järnvägsgatan 61,702 11,Örebro,SE,Leave with neighbour shop if closed,true
2240,1824,Central warehouse,Drottninggatan 15,981 31,Kiruna,SE,"Loading bay at the back, open 7-15",false
2241,1825,Store,Hamngatan 71,972 31,Luleå,SE,Leave with neighbour shop if closed,true
2242,1826,Store,Rantatie 88,67100,Kokkola,FI,Leave with neighbour shop if closed,true
2243,1827,Store,Rantatie 75,15100,Lahti,FI,,true
2244,1828,Store,Rantatie 60,70100,Kuopio,FI,"Loading bay at the back, open 7-15",true
2245,1829,Store,Storgatan 79,831 30,Östersund,SE,No deliveries before 9:00,true
2246,1830,Store,Industrivägen 95,753 10,Uppsala,SE,Pallets only via goods entrance,true
2247,1831,Store,Fjellveien 28,6002,Ålesund,NO,No deliveries before 9:00,true
2248,1832,Store,Skoleveien 106,0150,Oslo,NO,Call 30 min before arrival,true
2249,1832,Second store,Storgata 69,3015,Drammen,NO,,false
2250,1833,Store,Storgatan 40,411 04,Göteborg,SE,Pallets only via goods entrance,true
2251,1833,Second store,Norra Esplanaden 14,981 31,Kiruna,SE,,false
2252,1834,Store,Teollisuustie 83,96100,Rovaniemi,FI,Call 30 min before arrival,true
2253,1835,Store,Kooli tn 11,10111,Tallinn,EE,,true
2254,1836,Store,Järnvägsgatan 24,852 30,Sundsvall,SE,No deliveries before 9:00,true
2255,1837,Store,Am Markt 6,10115,Berlin,DE,,true
2256,1838,Store,Kirkegata 79,4610,Kristiansand,NO,No deliveries before 9:00,true
2257,1839,Store,Hamngatan 102,702 11,Örebro,SE,,true
2258,1840,Store,Norra Esplanaden 68,837 52,Åre,SE,Leave with neighbour shop if closed,true
2259,1841,Store,Storgatan 32,652 24,Karlstad,SE,,true
2260,1842,Store,Norra Esplanaden 14,111 20,Stockholm,SE,No deliveries before 9:00,true
2261,1843,Store,Torggata 12,0150,Oslo,NO,Call 30 min before arrival,true
2262,1844,Store,Torggata 25,2317,Hamar,NO,Pallets only via goods entrance,true
2263,1845,Store,Teollisuustie 76,00100,Helsinki,FI,Call 30 min before arrival,true
2264,1845,Central warehouse,Rantatie 91,80100,Joensuu,FI,,false
2265,1846,Store,Yliopistonkatu 34,99100,Kittilä,FI,"Loading bay at the back, open 7-15",true
2266,1847,Store,Yliopistonkatu 99,80100,Joensuu,FI,No deliveries before 9:00,true
2267,1847,Second store,Asemakatu 36,70100,Kuopio,FI,No deliveries before 9:00,false
2268,1848,Store,Skoleveien 87,4610,Kristiansand,NO,Call 30 min before arrival,true
2269,1849,Store,Hamngatan 14,411 04,Göteborg,SE,No deliveries before 9:00,true
2270,1849,Second store,Fjällvägen 112,791 71,Falun,SE,Leave with neighbour shop if closed,false
2271,1850,Store,Havnegata 5,3015,Drammen,NO,Leave with neighbour shop if closed,true
2272,1851,Store,Rantatie 46,80100,Joensuu,FI,Pallets only via goods entrance,true
2273,1852,Store,Fjellveien 21,3015,Drammen,NO,Leave with neighbour shop if closed,true
2274,1853,Store,Industriveien 79,7010,Trondheim,NO,Call 30 min before arrival,true
2275,1854,Store,Havnegata 46,9008,Tromsø,NO,,true
2276,1855,Store,Havnegata 120,5003,Bergen,NO,Call 30 min before arrival,true
2277,1856,Store,Industrivej 92,9000,Aalborg,DK,Pallets only via goods entrance,true
2278,1857,Store,Havnevej 17,1050,Copenhagen,DK,Pallets only via goods entrance,true
2279,1858,Store,Bahnhofstraße 108,80331,Munich,DE,,true
2280,1859,Store,Puistokatu 112,33100,Tampere,FI,"Loading bay at the back, open 7-15",true
2281,1860,Store,Industriveien 90,2317,Hamar,NO,Call 30 min before arrival,true
2282,1860,Central warehouse,Kirkegata 76,5003,Bergen,NO,Leave with neighbour shop if closed,false
2283,1861,Store,Industrivägen 26,411 04,Göteborg,SE,Call 30 min before arrival,true
2284,1862,Store,Torggata 64,2609,Lillehammer,NO,,true
2285,1863,Store,Asemakatu 5,80100,Joensuu,FI,No deliveries before 9:00,true
2286,1864,Store,Torggata 32,4610,Kristiansand,NO,Call 30 min before arrival,true
2287,1865,Store,Havnevej 78,4000,Roskilde,DK,"Loading bay at the back, open 7-15",true
2288,1866,Store,Hafenstraße 15,24103,Kiel,DE,"Loading bay at the back, open 7-15",true
2289,1866,Second store,Hafenstraße 34,24103,Kiel,DE,Leave with neighbour shop if closed,false
2290,1867,Store,Järnvägsgatan 104,837 52,Åre,SE,Call 30 min before arrival,true
2291,1868,Store,Torggata 84,9510,Alta,NO,,true
2292,1869,Store,Kungsgatan 65,702 11,Örebro,SE,"Loading bay at the back, open 7-15",true
2293,1870,Store,Hovedgaden 41,8000,Aarhus,DK,"Loading bay at the back, open 7-15",true
2294,1871,Store,Industrivägen 104,702 11,Örebro,SE,No deliveries before 9:00,true
2295,1872,Store,Storgatan 2,411 04,Göteborg,SE,Leave with neighbour shop if closed,true
2296,1873,Store,Hovedgaden 89,4000,Roskilde,DK,Call 30 min before arrival,true
2297,1874,Store,Norra Esplanaden 62,903 26,Umeå,SE,"Loading bay at the back, open 7-15",true
2298,1875,Store,Norra Esplanaden 26,702 11,Örebro,SE,No deliveries before 9:00,true
2299,1876,Store,Puistokatu 15,67100,Kokkola,FI,No deliveries before 9:00,true
2300,1877,Store,Asemakatu 117,40100,Jyväskylä,FI,,true
2301,1878,Store,Østergade 41,6700,Esbjerg,DK,Pallets only via goods entrance,true
2302,1879,Store,Storgata 14,9008,Tromsø,NO,Pallets only via goods entrance,true
2303,1880,Store,Tartu mnt 117,51003,Tartu,EE,Call 30 min before arrival,true
2304,1881,Store,Skolgatan 46,211 20,Malmö,SE,Leave with neighbour shop if closed,true
2305,1882,Store,Østergade 40,6700,Esbjerg,DK,Call 30 min before arrival,true
2306,1883,Store,Industrivej 12,6700,Esbjerg,DK,Leave with neighbour shop if closed,true
2307,1884,Store,Yliopistonkatu 114,33100,Tampere,FI,Call 30 min before arrival,true
2308,1885,Store,Hamngatan 35,702 11,Örebro,SE,Leave with neighbour shop if closed,true
2309,1886,Store,Torggata 69,9008,Tromsø,NO,Pallets only via goods entrance,true
2310,1887,Store,Storgatan 51,652 24,Karlstad,SE,"Loading bay at the back, open 7-15",true
2311,1888,Store,Skolgatan 96,211 20,Malmö,SE,No deliveries before 9:00,true
2312,1889,Store,Hamngatan 88,411 04,Göteborg,SE,Pallets only via goods entrance,true
2313,1890,Store,Mannerheimintie 38,70100,Kuopio,FI,Pallets only via goods entrance,true
2314,1891,Store,Hämeenkatu 32,60100,Seinäjoki,FI,"Loading bay at the back, open 7-15",true
2315,1892,Store,Havnevej 117,6700,Esbjerg,DK,,true
2316,1893,Store,Industrivägen 38,803 20,Gävle,SE,,true
2317,1894,Store,Havnegata 112,8006,Bodø,NO,No deliveries before 9:00,true
2318,1894,Second store,Kirkegata 17,4006,Stavanger,NO,,false
2319,1895,Store,Skolgatan 19,791 71,Falun,SE,,true
2320,1896,Store,Torggata 11,9510,Alta,NO,"Loading bay at the back, open 7-15",true
2321,1897,Store,Industrivägen 115,791 71,Falun,SE,Call 30 min before arrival,true
2322,1898,Store,Kungsgatan 51,652 24,Karlstad,SE,"Loading bay at the back, open 7-15",true
2323,1899,Store,Teollisuustie 58,13100,Hämeenlinna,FI,"Loading bay at the back, open 7-15",true
2324,1899,Central warehouse,Keskuskatu 59,99100,Kittilä,FI,No deliveries before 9:00,false
2325,1900,Store,Mannerheimintie 58,65100,Vaasa,FI,,true
2326,1901,Store,Torggata 48,4610,Kristiansand,NO,Leave with neighbour shop if closed,true
2327,1902,Store,Hamngatan 7,652 24,Karlstad,SE,Call 30 min before arrival,true
2328,1903,Store,Bergweg 83,20095,Hamburg,DE,,true
2329,1904,Store,Industriveien 58,8006,Bodø,NO,,true
2330,1905,Store,Industriveien 110,8006,Bodø,NO,"Loading bay at the back, open 7-15",true
2331,1906,Store,Havnegata 112,8006,Bodø,NO,Leave with neighbour shop if closed,true
2332,1906,Second store,Skoleveien 89,6002,Ålesund,NO,Pallets only via goods entrance,false
2333,1907,Store,Havnegata 111,2609,Lillehammer,NO,Leave with neighbour shop if closed,true
2334,1908,Store,Mannerheimintie 76,15100,Lahti,FI,Pallets only via goods entrance,true
2335,1909,Store,Industrivej 56,4000,Roskilde,DK,Leave with neighbour shop if closed,true
2336,1910,Store,Asemakatu 46,13100,Hämeenlinna,FI,No deliveries before 9:00,true
2337,1911,Store,Skolgatan 35,803 20,Gävle,SE,Leave with neighbour shop if closed,true
2338,1912,Store,Hamngatan 25,852 30,Sundsvall,SE,Leave with neighbour shop if closed,true
2339,1912,Second store,Industrivägen 78,111 20,Stockholm,SE,,false
2340,1913,Store,Asemakatu 4,00100,Helsinki,FI,,true
2341,1914,Store,Storgatan 116,852 30,Sundsvall,SE,Call 30 min before arrival,true
2342,1915,Store,Industrivägen 94,411 04,Göteborg,SE,,true
2343,1916,Store,Storgata 61,0150,Oslo,NO,No deliveries before 9:00,true
2344,1916,Central warehouse,Torggata 78,6002,Ålesund,NO,Pallets only via goods entrance,false
2345,1916,Second store,Kirkegata 20,8006,Bodø,NO,"Loading bay at the back, open 7-15",false
2346,1917,Store,Skolgatan 58,702 11,Örebro,SE,,true
2347,1917,Second store,Kungsgatan 96,852 30,Sundsvall,SE,Call 30 min before arrival,false
2348,1918,Store,Havnegata 94,4006,Stavanger,NO,,true
2349,1919,Store,Kauppakatu 28,80100,Joensuu,FI,,true
2350,1920,Store,Rantatie 50,40100,Jyväskylä,FI,Leave with neighbour shop if closed,true
2351,1921,Store,Havnegata 71,4610,Kristiansand,NO,Pallets only via goods entrance,true
2352,1922,Store,Drottninggatan 47,411 04,Göteborg,SE,"Loading bay at the back, open 7-15",true
2353,1923,Store,Kungsgatan 80,852 30,Sundsvall,SE,Pallets only via goods entrance,true
2354,1923,Second store,Drottninggatan 105,411 04,Göteborg,SE,Leave with neighbour shop if closed,false
2355,1924,Store,Østergade 70,5000,Odense,DK,,true
2356,1925,Store,Østergade 86,1050,Copenhagen,DK,"Loading bay at the back, open 7-15",true
2357,1925,Central warehouse,Vestergade 35,1050,Copenhagen,DK,No deliveries before 9:00,false
2358,1925,Second store,Industrivej 91,5000,Odense,DK,Pallets only via goods entrance,false
2359,1926,Store,Rantatie 109,96100,Rovaniemi,FI,Leave with neighbour shop if closed,true
2360,1926,Second store,Kauppakatu 68,65100,Vaasa,FI,No deliveries before 9:00,false
2361,1927,Store,Hafenstraße 55,10115,Berlin,DE,Pallets only via goods entrance,true
2362,1928,Store,Fjellveien 119,9008,Tromsø,NO,Call 30 min before arrival,true
2363,1929,Store,Kungsgatan 92,837 52,Åre,SE,,true
2364,1929,Central warehouse,Fjällvägen 66,791 71,Falun,SE,Call 30 min before arrival,false
2365,1930,Store,Strandveien 4,5003,Bergen,NO,,true
2366,1931,Store,Yliopistonkatu 46,33100,Tampere,FI,Pallets only via goods entrance,true
2367,1932,Store,Järnvägsgatan 20,411 04,Göteborg,SE,"Loading bay at the back, open 7-15",true
2368,1932,Second store,Drottninggatan 75,981 31,Kiruna,SE,,false
2369,1933,Store,Fjällvägen 57,981 31,Kiruna,SE,,true
2370,1934,Store,Skolevej 49,9000,Aalborg,DK,No deliveries before 9:00,true
2371,1935,Store,Teollisuustie 56,67100,Kokkola,FI,,true
2372,1936,Store,Järnvägsgatan 111,753 10,Uppsala,SE,No deliveries before 9:00,true
2373,1937,Store,Keskuskatu 44,93600,Kuusamo,FI,"Loading bay at the back, open 7-15",true
2374,1938,Store,Norra Esplanaden 101,411 04,Göteborg,SE,Pallets only via goods entrance,true
2375,1939,Store,Hauptstraße 89,10115,Berlin,DE,"Loading bay at the back, open 7-15",true
2376,1939,Central warehouse,Hauptstraße 39,24103,Kiel,DE,Leave with neighbour shop if closed,false
2377,1940,Store,Torggata 118,4610,Kristiansand,NO,Pallets only via goods entrance,true
2378,1941,Store,Storgata 27,7010,Trondheim,NO,No deliveries before 9:00,true
2379,1942,Store,Kirkegata 118,2317,Hamar,NO,Leave with neighbour shop if closed,true
2380,1943,Store,Järnvägsgatan 86,411 04,Göteborg,SE,No deliveries before 9:00,true
2381,1944,Store,Hovedgaden 42,6700,Esbjerg,DK,Leave with neighbour shop if closed,true
2382,1945,Store,Industriveien 41,9510,Alta,NO,,true
2383,1945,Second store,Skoleveien 10,2609,Lillehammer,NO,Leave with neighbour shop if closed,false
2384,1946,Store,Østergade 27,4000,Roskilde,DK,,true
2385,1947,Store,Keskuskatu 92,00100,Helsinki,FI,"Loading bay at the back, open 7-15",true
2386,1948,Store,Storgata 63,4610,Kristiansand,NO,Pallets only via goods entrance,true
2387,1948,Central warehouse,Strandveien 69,9510,Alta,NO,,false
2388,1949,Store,Yliopistonkatu 38,90100,Oulu,FI,Call 30 min before arrival,true
2389,1950,Store,Torggata 31,8006,Bodø,NO,Leave with neighbour shop if closed,true
2390,1951,Store,Rantatie 87,93600,Kuusamo,FI,,true
2391,1952,Store,Havnegata 63,2609,Lillehammer,NO,Pallets only via goods entrance,true
2392,1953,Store,Puistokatu 109,40100,Jyväskylä,FI,,true
2393,1954,Store,Fjellveien 42,4610,Kristiansand,NO,Call 30 min before arrival,true
2394,1955,Store,Norra Esplanaden 107,981 31,Kiruna,SE,,true
2395,1956,Store,Hamngatan 30,652 24,Karlstad,SE,,true
2396,1957,Store,Havnevej 101,4000,Roskilde,DK,,true
2397,1958,Store,Rantatie 84,70100,Kuopio,FI,Leave with neighbour shop if closed,true
2398,1959,Store,Järnvägsgatan 94,803 20,Gävle,SE,Pallets only via goods entrance,true
2399,1960,Store,Keskuskatu 41,67100,Kokkola,FI,,true
2400,1961,Store,Rantatie 76,20100,Turku,FI,Leave with neighbour shop if closed,true
2401,1962,Store,Skoleveien 116,5003,Bergen,NO,"Loading bay at the back, open 7-15",true
2402,1963,Store,Skolevej 107,8000,Aarhus,DK,Leave with neighbour shop if closed,true
2403,1963,Second store,Skolevej 38,8000,Aarhus,DK,Leave with neighbour shop if closed,false
2404,1964,Store,Nørregade 113,6700,Esbjerg,DK,,true
2405,1964,Second store,Skolevej 65,6700,Esbjerg,DK,No deliveries before 9:00,false
2406,1965,Store,Keskuskatu 75,90100,Oulu,FI,Leave with neighbour shop if closed,true
2407,1966,Store,Nørregade 71,6700,Esbjerg,DK,Leave with neighbour shop if closed,true
2408,1966,Second store,Industrivej 29,1050,Copenhagen,DK,,false
2409,1967,Store,Sadama tn 91,80010,Pärnu,EE,No deliveries before 9:00,true
2410,1968,Store,Am Markt 7,80331,Munich,DE,Call 30 min before arrival,true
2411,1968,Second store,Am Markt 116,24937,Flensburg,DE,,false
2412,1969,Store,Rantatie 60,93600,Kuusamo,FI,Call 30 min before arrival,true
2413,1970,Store,Järnvägsgatan 28,803 20,Gävle,SE,No deliveries before 9:00,true
2414,1971,Store,Industriveien 54,5003,Bergen,NO,,true
2415,1972,Store,Østergade 32,9000,Aalborg,DK,No deliveries before 9:00,true
2416,1973,Store,Kooli tn 97,51003,Tartu,EE,Call 30 min before arrival,true
2417,1974,Store,Teollisuustie 50,02100,Espoo,FI,No deliveries before 9:00,true
2418,1975,Store,Skolgatan 19,211 20,Malmö,SE,Pallets only via goods entrance,true
2419,1976,Store,Industrivägen 118,903 26,Umeå,SE,Pallets only via goods entrance,true
2420,1977,Store,Skoleveien 46,5003,Bergen,NO,Leave with neighbour shop if closed,true
2421,1978,Store,Drottninggatan 87,702 11,Örebro,SE,Leave with neighbour shop if closed,true
2422,1979,Store,Bahnhofstraße 2,24103,Kiel,DE,Leave with neighbour shop if closed,true
2423,1980,Store,Kauppakatu 1,90100,Oulu,FI,,true
2424,1980,Second store,Torikatu 11,70100,Kuopio,FI,Leave with neighbour shop if closed,false
2425,1981,Store,Hämeenkatu 66,40100,Jyväskylä,FI,,true
2426,1981,Second store,Teollisuustie 38,20100,Turku,FI,No deliveries before 9:00,false
2427,1982,Store,Puistokatu 71,13100,Hämeenlinna,FI,Leave with neighbour shop if closed,true
2428,1983,Store,Torggata 60,0150,Oslo,NO,Call 30 min before arrival,true
2429,1984,Store,Hamngatan 115,753 10,Uppsala,SE,,true
2430,1985,Store,Rantatie 76,13100,Hämeenlinna,FI,Call 30 min before arrival,true
2431,1986,Store,Rantatie 17,60100,Seinäjoki,FI,Call 30 min before arrival,true
2432,1986,Central warehouse,Yliopistonkatu 20,13100,Hämeenlinna,FI,No deliveries before 9:00,false
2433,1987,Store,Vestergade 44,6000,Kolding,DK,,true
2434,1988,Store,Sadama tn 1,51003,Tartu,EE,Leave with neighbour shop if closed,true
2435,1988,Central warehouse,Pärnu mnt 47,51003,Tartu,EE,Pallets only via goods entrance,false
2436,1989,Store,Hämeenkatu 114,00100,Helsinki,FI,Call 30 min before arrival,true
2437,1990,Store,Havnevej 38,9000,Aalborg,DK,,true
2438,1991,Store,Kungsgatan 112,903 26,Umeå,SE,,true
2439,1992,Store,Puistokatu 39,40100,Jyväskylä,FI,Leave with neighbour shop if closed,true
2440,1993,Store,Skoleveien 74,2317,Hamar,NO,Call 30 min before arrival,true
2441,1994,Store,Mannerheimintie 49,02100,Espoo,FI,Leave with neighbour shop if closed,true
2442,1995,Store,Industrivej 32,6700,Esbjerg,DK,No deliveries before 9:00,true
2443,1995,Second store,Skolevej 60,1050,Copenhagen,DK,No deliveries before 9:00,false
2444,1996,Store,Am Markt 90,10115,Berlin,DE,No deliveries before 9:00,true
2445,1997,Store,Kooli tn 39,10111,Tallinn,EE,"Loading bay at the back, open 7-15",true
2446,1998,Store,Fjellveien 66,6002,Ålesund,NO,,true
2447,1999,Store,Nørregade 72,5000,Odense,DK,"Loading bay at the back, open 7-15",true
2448,2000,Store,Hovedgaden 92,6000,Kolding,DK,Pallets only via goods entrance,true
2449,2001,Store,Storgatan 114,803 20,Gävle,SE,,true
2450,2002,Store,Hämeenkatu 120,02100,Espoo,FI,Call 30 min before arrival,true
2451,2003,Store,Storgatan 89,903 26,Umeå,SE,Leave with neighbour shop if closed,true
2452,2004,Store,Teollisuustie 62,80100,Joensuu,FI,Call 30 min before arrival,true
2453,2005,Store,Puistokatu 84,65100,Vaasa,FI,Pallets only via goods entrance,true
2454,2006,Store,Pärnu mnt 109,10111,Tallinn,EE,No deliveries before 9:00,true
2455,2007,Store,Vestergade 114,6000,Kolding,DK,Pallets only via goods entrance,true
2456,2007,Second store,Havnevej 31,1050,Copenhagen,DK,"Loading bay at the back, open 7-15",false
2457,2008,Store,Kungsgatan 55,852 30,Sundsvall,SE,No deliveries before 9:00,true
2458,2009,Store,Drottninggatan 57,111 20,Stockholm,SE,Call 30 min before arrival,true
2459,2009,Second store,Skolgatan 46,211 20,Malmö,SE,Pallets only via goods entrance,false
2460,2010,Store,Industrivägen 82,652 24,Karlstad,SE,No deliveries before 9:00,true
2461,2011,Store,Mannerheimintie 96,60100,Seinäjoki,FI,No deliveries before 9:00,true
2462,2012,Store,Teollisuustie 109,00100,Helsinki,FI,Call 30 min before arrival,true
2463,2013,Store,Hauptstraße 76,24103,Kiel,DE,,true
2464,2014,Store,Puistokatu 26,93600,Kuusamo,FI,Call 30 min before arrival,true
2465,2015,Store,Vestergade 71,9000,Aalborg,DK,Pallets only via goods entrance,true
2466,2015,Central warehouse,Industrivej 77,4000,Roskilde,DK,,false
2467,2016,Store,Teollisuustie 5,67100,Kokkola,FI,No deliveries before 9:00,true
2468,2017,Store,Torikatu 56,00100,Helsinki,FI,Pallets only via goods entrance,true
2469,2018,Store,Keskuskatu 111,60100,Seinäjoki,FI,No deliveries before 9:00,true
2470,2019,Store,Storgata 109,2609,Lillehammer,NO,,true
2471,2020,Store,Sadama tn 104,51003,Tartu,EE,Pallets only via goods entrance,true
2472,2021,Store,Puistokatu 53,13100,Hämeenlinna,FI,"Loading bay at the back, open 7-15",true
2473,2022,Store,Kirkegata 110,3015,Drammen,NO,,true
2474,2023,Store,Storgatan 48,903 26,Umeå,SE,,true
2475,2024,Store,Skolevej 114,8000,Aarhus,DK,Call 30 min before arrival,true
2476,2025,Store,Mannerheimintie 94,99100,Kittilä,FI,,true
2477,2026,Store,Skoleveien 64,0150,Oslo,NO,,true
2478,2026,Second store,Fjellveien 20,7010,Trondheim,NO,,false
2479,2027,Store,Storgata 4,3015,Drammen,NO,Pallets only via goods entrance,true
2480,2028,Store,Hamngatan 85,702 11,Örebro,SE,Leave with neighbour shop if closed,true
2481,2029,Store,Kauppakatu 11,00100,Helsinki,FI,Call 30 min before arrival,true
2482,2030,Store,Vestergade 107,5000,Odense,DK,Call 30 min before arrival,true
2483,2031,Store,Havnevej 25,5000,Odense,DK,,true
2484,2032,Store,Kauppakatu 85,70100,Kuopio,FI,No deliveries before 9:00,true
2485,2033,Store,Skolgatan 44,411 04,Göteborg,SE,No deliveries before 9:00,true
2486,2034,Store,Yliopistonkatu 93,20100,Turku,FI,Pallets only via goods entrance,true
2487,2035,Store,Kooli tn 105,80010,Pärnu,EE,,true
2488,2036,Store,Skolgatan 29,981 31,Kiruna,SE,"Loading bay at the back, open 7-15",true
2489,2037,Store,Kauppakatu 94,93600,Kuusamo,FI,Leave with neighbour shop if closed,true
2490,2038,Store,Hafenstraße 83,10115,Berlin,DE,,true
2491,2039,Store,Skoleveien 39,7010,Trondheim,NO,Call 30 min before arrival,true
2492,2040,Store,Storgatan 92,972 31,Luleå,SE,Call 30 min before arrival,true
2493,2041,Store,Storgatan 46,702 11,Örebro,SE,Call 30 min before arrival,true
2494,2042,Store,Torggata 102,3015,Drammen,NO,"Loading bay at the back, open 7-15",true
2495,2043,Store,Bergweg 60,20095,Hamburg,DE,Call 30 min before arrival,true
2496,2044,Store,Torggata 97,2317,Hamar,NO,,true
2497,2045,Store,Hämeenkatu 112,65100,Vaasa,FI,Call 30 min before arrival,true
2498,2046,Store,Industrivägen 93,652 24,Karlstad,SE,Call 30 min before arrival,true
2499,2047,Store,Skolevej 52,6000,Kolding,DK,,true
2500,2048,Store,Järnvägsgatan 112,837 52,Åre,SE,Leave with neighbour shop if closed,true
2501,2049,Store,Hämeenkatu 26,20100,Turku,FI,No deliveries before 9:00,true
2502,2049,Second store,Torikatu 112,67100,Kokkola,FI,,false
2503,2050,Store,Nørregade 119,8000,Aarhus,DK,"Loading bay at the back, open 7-15",true
2504,2050,Second store,Skolevej 32,6700,Esbjerg,DK,Call 30 min before arrival,false
2505,2051,Store,Industrivägen 6,753 10,Uppsala,SE,No deliveries before 9:00,true
2506,2052,Store,Kungsgatan 22,903 26,Umeå,SE,,true
2507,2053,Store,Drottninggatan 41,702 11,Örebro,SE,No deliveries before 9:00,true
2508,2054,Store,Norra Esplanaden 112,831 30,Östersund,SE,Call 30 min before arrival,true
2509,2055,Store,Industrivägen 52,803 20,Gävle,SE,,true
2510,2056,Store,Nørregade 82,9000,Aalborg,DK,"Loading bay at the back, open 7-15",true
2511,2057,Store,Nørregade 65,6700,Esbjerg,DK,No deliveries before 9:00,true
2512,2058,Store,Skoleveien 52,0150,Oslo,NO,Pallets only via goods entrance,true
2513,2059,Store,Mannerheimintie 45,60100,Seinäjoki,FI,No deliveries before 9:00,true
2514,2060,Store,Yliopistonkatu 106,15100,Lahti,FI,"Loading bay at the back, open 7-15",true
2515,2060,Second store,Puistokatu 55,20100,Turku,FI,Pallets only via goods entrance,false
2516,2061,Store,Sadama tn 106,51003,Tartu,EE,Call 30 min before arrival,true
2517,2061,Central warehouse,Pärnu mnt 42,51003,Tartu,EE,Call 30 min before arrival,false
2518,2061,Second store,Kooli tn 29,10111,Tallinn,EE,Call 30 min before arrival,false
2519,2062,Store,Puistokatu 41,93600,Kuusamo,FI,,true
2520,2063,Store,Nørregade 13,6000,Kolding,DK,No deliveries before 9:00,true
2521,2064,Store,Bahnhofstraße 66,20095,Hamburg,DE,"Loading bay at the back, open 7-15",true
2522,2065,Store,Kauppakatu 80,15100,Lahti,FI,,true
2523,2066,Store,Skolgatan 116,702 11,Örebro,SE,,true
2524,2066,Central warehouse,Norra Esplanaden 45,903 26,Umeå,SE,,false
2525,2067,Store,Torikatu 5,65100,Vaasa,FI,Call 30 min before arrival,true
2526,2068,Store,Kauppakatu 81,00100,Helsinki,FI,,true
2527,2069,Store,Havnevej 38,9000,Aalborg,DK,No deliveries before 9:00,true
2528,2070,Store,Fjällvägen 16,852 30,Sundsvall,SE,Leave with neighbour shop if closed,true
2529,2070,Second store,Kungsgatan 79,111 20,Stockholm,SE,"Loading bay at the back, open 7-15",false
2530,2071,Store,Strandveien 23,8006,Bodø,NO,,true
2531,2072,Store,Hämeenkatu 108,20100,Turku,FI,,true
2532,2073,Store,Nørregade 4,5000,Odense,DK,,true
2533,2074,Store,Tartu mnt 63,10111,Tallinn,EE,Call 30 min before arrival,true
2534,2075,Store,Järnvägsgatan 38,852 30,Sundsvall,SE,,true
2535,2076,Store,Østergade 14,1050,Copenhagen,DK,,true
2536,2076,Second store,Hovedgaden 60,1050,Copenhagen,DK,,false
2537,2077,Store,Hamngatan 64,837 52,Åre,SE,,true
2538,2078,Store,Østergade 14,4000,Roskilde,DK,"Loading bay at the back, open 7-15",true
2539,2079,Store,Skolevej 111,8000,Aarhus,DK,Call 30 min before arrival,true
2540,2080,Store,Kirkegata 84,0150,Oslo,NO,,true
2541,2081,Store,Skolgatan 91,837 52,Åre,SE,No deliveries before 9:00,true
2542,2082,Store,Torggata 56,9510,Alta,NO,No deliveries before 9:00,true
2543,2083,Store,Nørregade 119,6000,Kolding,DK,Pallets only via goods entrance,true
2544,2084,Store,Hovedgaden 23,8000,Aarhus,DK,"Loading bay at the back, open 7-15",true
2545,2085,Store,Kauppakatu 46,99100,Kittilä,FI,Leave with neighbour shop if closed,true
2546,2086,Store,Yliopistonkatu 74,90100,Oulu,FI,"Loading bay at the back, open 7-15",true
2547,2087,Store,Hamngatan 47,652 24,Karlstad,SE,,true
2548,2088,Store,Rantatie 2,15100,Lahti,FI,,true
2549,2089,Store,Hamngatan 71,852 30,Sundsvall,SE,"Loading bay at the back, open 7-15",true
2550,2090,Store,Fjällvägen 76,211 20,Malmö,SE,,true
2551,2090,Second store,Drottninggatan 116,791 71,Falun,SE,Pallets only via goods entrance,false
2552,2091,Store,Bahnhofstraße 49,20095,Hamburg,DE,Call 30 min before arrival,true
2553,2092,Store,Strandveien 69,9008,Tromsø,NO,No deliveries before 9:00,true
2554,2093,Store,Industriveien 116,3015,Drammen,NO,Pallets only via goods entrance,true
2555,2093,Second store,Industriveien 64,6002,Ålesund,NO,,false
2556,2094,Store,Narva mnt 81,80010,Pärnu,EE,Pallets only via goods entrance,true
2557,2095,Store,Hämeenkatu 21,67100,Kokkola,FI,,true
2558,2096,Store,Fjällvägen 29,411 04,Göteborg,SE,"Loading bay at the back, open 7-15",true
2559,2096,Second store,Industrivägen 82,837 52,Åre,SE,,false
2560,2097,Store,Mannerheimintie 66,90100,Oulu,FI,No deliveries before 9:00,true
2561,2098,Store,Kirkegata 28,6002,Ålesund,NO,Pallets only via goods entrance,true
2562,2099,Store,Storgata 64,7010,Trondheim,NO,,true
2563,2100,Store,Industrivägen 70,753 10,Uppsala,SE,Leave with neighbour shop if closed,true
2564,2100,Second store,Storgatan 45,837 52,Åre,SE,Leave with neighbour shop if closed,false
2565,2101,Store,Kirkegata 108,7010,Trondheim,NO,Leave with neighbour shop if closed,true
2566,2102,Store,Havnevej 51,5000,Odense,DK,,true
2567,2103,Store,Industrivägen 3,831 30,Östersund,SE,,true
2568,2104,Store,Industrivej 41,1050,Copenhagen,DK,"Loading bay at the back, open 7-15",true
2569,2105,Store,Strandveien 22,4006,Stavanger,NO,,true
2570,2106,Store,Industriveien 30,4006,Stavanger,NO,Pallets only via goods entrance,true
2571,2107,Store,Havnevej 52,4000,Roskilde,DK,Pallets only via goods entrance,true
2572,2107,Second store,Hovedgaden 97,6000,Kolding,DK,Leave with neighbour shop if closed,false
2573,2108,Store,Bergweg 95,10115,Berlin,DE,Leave with neighbour shop if closed,true
2574,2109,Store,Skoleveien 84,2609,Lillehammer,NO,,true
2575,2109,Second store,Industriveien 99,2609,Lillehammer,NO,,false
2576,2110,Store,Drottninggatan 64,791 71,Falun,SE,Call 30 min before arrival,true
2577,2111,Store,Hovedgaden 118,5000,Odense,DK,,true
2578,2112,Store,Industriveien 15,8006,Bodø,NO,,true
2579,2112,Second store,Kirkegata 30,4610,Kristiansand,NO,No deliveries before 9:00,false
2580,2113,Store,Østergade 73,5000,Odense,DK,"Loading bay at the back, open 7-15",true
2581,2114,Store,Mannerheimintie 94,96100,Rovaniemi,FI,No deliveries before 9:00,true
2582,2115,Store,Hauptstraße 51,24937,Flensburg,DE,"Loading bay at the back, open 7-15",true
2583,2116,Store,Hämeenkatu 57,15100,Lahti,FI,Leave with neighbour shop if closed,true
2584,2117,Store,Kirkegata 14,8006,Bodø,NO,Pallets only via goods entrance,true
2585,2118,Store,Strandveien 71,7010,Trondheim,NO,Pallets only via goods entrance,true
2586,2119,Store,Kirkegata 99,9510,Alta,NO,"Loading bay at the back, open 7-15",true
2587,2120,Store,Asemakatu 91,20100,Turku,FI,,true
2588,2121,Store,Kungsgatan 57,211 20,Malmö,SE,,true
2589,2122,Store,Hamngatan 60,831 30,Östersund,SE,"Loading bay at the back, open 7-15",true
2590,2123,Store,Am Markt 26,24103,Kiel,DE,,true
2591,2124,Store,Torggata 100,4006,Stavanger,NO,"Loading bay at the back, open 7-15",true
2592,2124,Second store,Strandveien 3,2317,Hamar,NO,"Loading bay at the back, open 7-15",false
2593,2125,Store,Fjellveien 9,2609,Lillehammer,NO,,true
2594,2126,Store,Industrivej 84,9000,Aalborg,DK,Pallets only via goods entrance,true
2595,2126,Second store,Hovedgaden 28,4000,Roskilde,DK,,false
2596,2127,Store,Yliopistonkatu 1,00100,Helsinki,FI,Leave with neighbour shop if closed,true
2597,2128,Store,Fjellveien 116,4610,Kristiansand,NO,,true
2598,2128,Second store,Havnegata 68,9008,Tromsø,NO,,false
2599,2129,Store,Hovedgaden 68,8000,Aarhus,DK,,true
2600,2130,Store,Havnegata 56,9510,Alta,NO,Pallets only via goods entrance,true
2601,2131,Store,Skoleveien 98,4006,Stavanger,NO,,true
2602,2132,Store,Hovedgaden 64,6000,Kolding,DK,,true
2603,2133,Store,Nørregade 92,5000,Odense,DK,"Loading bay at the back, open 7-15",true
2604,2133,Central warehouse,Vestergade 68,8000,Aarhus,DK,Leave with neighbour shop if closed,false
2605,2134,Store,Skolgatan 3,972 31,Luleå,SE,,true
2606,2135,Store,Hämeenkatu 108,96100,Rovaniemi,FI,Call 30 min before arrival,true
2607,2136,Store,Storgata 90,9008,Tromsø,NO,Call 30 min before arrival,true
2608,2137,Store,Havnegata 49,4006,Stavanger,NO,,true
2609,2138,Store,Kirkegata 59,2609,Lillehammer,NO,Pallets only via goods entrance,true
2610,2139,Store,Fjällvägen 105,111 20,Stockholm,SE,,true
2611,2140,Store,Kirkegata 116,6002,Ålesund,NO,Leave with neighbour shop if closed,true
2612,2141,Store,Nørregade 1,6000,Kolding,DK,"Loading bay at the back, open 7-15",true
2613,2142,Store,Strandveien 56,9510,Alta,NO,Call 30 min before arrival,true
2614,2143,Store,Rantatie 76,13100,Hämeenlinna,FI,,true
2615,2143,Second store,Rantatie 109,02100,Espoo,FI,,false
2616,2144,Store,Hovedgaden 53,5000,Odense,DK,,true
2617,2144,Second store,Nørregade 64,4000,Roskilde,DK,Leave with neighbour shop if closed,false
2618,2145,Store,Skolevej 56,1050,Copenhagen,DK,,true
2619,2146,Store,Hovedgaden 25,6000,Kolding,DK,Pallets only via goods entrance,true
2620,2147,Store,Torikatu 38,15100,Lahti,FI,Call 30 min before arrival,true
2621,2148,Store,Hafenstraße 102,20095,Hamburg,DE,Pallets only via goods entrance,true
2622,2149,Store,Narva mnt 54,10111,Tallinn,EE,,true
2623,2150,Store,Industrivägen 16,852 30,Sundsvall,SE,Call 30 min before arrival,true
2624,2151,Store,Industrivej 66,5000,Odense,DK,Call 30 min before arrival,true
2625,2152,Store,Industriveien 40,2317,Hamar,NO,Leave with neighbour shop if closed,true
2626,2153,Store,Industriveien 65,2317,Hamar,NO,Pallets only via goods entrance,true
2627,2153,Second store,Strandveien 88,8006,Bodø,NO,No deliveries before 9:00,false
2628,2154,Store,Teollisuustie 110,15100,Lahti,FI,"Loading bay at the back, open 7-15",true
2629,2155,Store,Mannerheimintie 98,65100,Vaasa,FI,"Loading bay at the back, open 7-15",true
2630,2155,Second store,Kauppakatu 110,02100,Espoo,FI,,false
2631,2156,Store,Østergade 85,6000,Kolding,DK,,true
2632,2157,Store,Teollisuustie 6,80100,Joensuu,FI,,true
2633,2158,Store,Mannerheimintie 86,90100,Oulu,FI,Leave with neighbour shop if closed,true
2634,2159,Store,Nørregade 73,1050,Copenhagen,DK,No deliveries before 9:00,true
2635,2160,Store,Havnegata 27,4610,Kristiansand,NO,Leave with neighbour shop if closed,true
2636,2161,Store,Yliopistonkatu 82,60100,Seinäjoki,FI,,true
2637,2162,Store,Hamngatan 52,211 20,Malmö,SE,Pallets only via goods entrance,true
2638,2163,Store,Industrivägen 108,972 31,Luleå,SE,Leave with neighbour shop if closed,true
2639,2164,Store,Storgata 11,4610,Kristiansand,NO,Pallets only via goods entrance,true
2640,2164,Central warehouse,Torggata 116,3015,Drammen,NO,Leave with neighbour shop if closed,false
2641,2165,Store,Torggata 53,4610,Kristiansand,NO,Leave with neighbour shop if closed,true
2642,2166,Store,Teollisuustie 95,40100,Jyväskylä,FI,Call 30 min before arrival,true
2643,2167,Store,Fjällvägen 54,791 71,Falun,SE,"Loading bay at the back, open 7-15",true
2644,2168,Store,Industriveien 4,4610,Kristiansand,NO,No deliveries before 9:00,true
2645,2168,Second store,Torggata 11,7010,Trondheim,NO,Leave with neighbour shop if closed,false
2646,2169,Store,Hämeenkatu 88,93600,Kuusamo,FI,Call 30 min before arrival,true
2647,2169,Second store,Torikatu 7,13100,Hämeenlinna,FI,"Loading bay at the back, open 7-15",false
2648,2170,Store,Drottninggatan 34,981 31,Kiruna,SE,Call 30 min before arrival,true
2649,2170,Second store,Fjällvägen 80,972 31,Luleå,SE,Call 30 min before arrival,false
2650,2171,Store,Strandveien 7,4610,Kristiansand,NO,Pallets only via goods entrance,true
2651,2172,Store,Hamngatan 23,831 30,Östersund,SE,Pallets only via goods entrance,true
2652,2173,Store,Kauppakatu 11,67100,Kokkola,FI,Call 30 min before arrival,true
2653,2174,Store,Teollisuustie 3,99100,Kittilä,FI,"Loading bay at the back, open 7-15",true
2654,2175,Store,Kirkegata 44,0150,Oslo,NO,"Loading bay at the back, open 7-15",true
2655,2176,Store,Hamngatan 108,211 20,Malmö,SE,Leave with neighbour shop if closed,true
2656,2177,Store,Mannerheimintie 79,15100,Lahti,FI,Leave with neighbour shop if closed,true
2657,2178,Store,Hamngatan 65,211 20,Malmö,SE,Pallets only via goods entrance,true
2658,2179,Store,Havnegata 7,4006,Stavanger,NO,No deliveries before 9:00,true
2659,2180,Store,Strandveien 112,8006,Bodø,NO,,true
2660,2181,Store,Yliopistonkatu 87,40100,Jyväskylä,FI,,true
2661,2182,Store,Drottninggatan 101,652 24,Karlstad,SE,,true
2662,2183,Store,Storgata 119,0150,Oslo,NO,Pallets only via goods entrance,true
2663,2184,Store,Hämeenkatu 43,93600,Kuusamo,FI,Leave with neighbour shop if closed,true
2664,2185,Store,Drottninggatan 117,831 30,Östersund,SE,"Loading bay at the back, open 7-15",true
2665,2186,Store,Vestergade 98,5000,Odense,DK,"Loading bay at the back, open 7-15",true
2666,2187,Store,Storgata 41,3015,Drammen,NO,Pallets only via goods entrance,true
2667,2188,Store,Skolgatan 96,582 22,Linköping,SE,,true
2668,2189,Store,Pärnu mnt 20,10111,Tallinn,EE,,true
2669,2190,Store,Torikatu 104,60100,Seinäjoki,FI,"Loading bay at the back, open 7-15",true
2670,2191,Store,Nørregade 90,9000,Aalborg,DK,,true
2671,2191,Second store,Skolevej 44,5000,Odense,DK,Pallets only via goods entrance,false
2672,2192,Store,Järnvägsgatan 24,753 10,Uppsala,SE,Call 30 min before arrival,true
2673,2193,Store,Nørregade 55,1050,Copenhagen,DK,Pallets only via goods entrance,true
2674,2194,Store,Havnevej 87,8000,Aarhus,DK,"Loading bay at the back, open 7-15",true
2675,2195,Store,Industrivej 116,5000,Odense,DK,,true
2676,2195,Second store,Vestergade 116,5000,Odense,DK,"Loading bay at the back, open 7-15",false
2677,2196,Store,Storgatan 76,582 22,Linköping,SE,Pallets only via goods entrance,true
2678,2197,Store,Skolgatan 103,211 20,Malmö,SE,Pallets only via goods entrance,true
2679,2198,Store,Kungsgatan 10,852 30,Sundsvall,SE,Leave with neighbour shop if closed,true
2680,2198,Second store,Drottninggatan 93,981 31,Kiruna,SE,,false
2681,2199,Store,Skolevej 10,5000,Odense,DK,Leave with neighbour shop if closed,true
2682,2199,Second store,Havnevej 54,5000,Odense,DK,Leave with neighbour shop if closed,false
2683,2200,Store,Yliopistonkatu 80,33100,Tampere,FI,,true
2684,2201,Store,Østergade 3,6700,Esbjerg,DK,Leave with neighbour shop if closed,true
2685,2202,Store,Teollisuustie 57,96100,Rovaniemi,FI,"Loading bay at the back, open 7-15",true
2686,2203,Store,Vestergade 78,9000,Aalborg,DK,Pallets only via goods entrance,true
2687,2204,Store,Fjällvägen 60,791 71,Falun,SE,Leave with neighbour shop if closed,true
2688,2205,Store,Hauptstraße 29,10115,Berlin,DE,No deliveries before 9:00,true
2689,2205,Second store,Hafenstraße 68,10115,Berlin,DE,"Loading bay at the back, open 7-15",false
2690,2206,Store,Hamngatan 8,972 31,Luleå,SE,Pallets only via goods entrance,true
2691,2207,Store,Am Markt 4,20095,Hamburg,DE,,true
2692,2208,Store,Hämeenkatu 68,33100,Tampere,FI,Pallets only via goods entrance,true
2693,2209,Store,Havnegata 41,2609,Lillehammer,NO,Pallets only via goods entrance,true
2694,2210,Store,Hämeenkatu 49,99100,Kittilä,FI,Leave with neighbour shop if closed,true
2695,2210,Second store,Rantatie 46,93600,Kuusamo,FI,,false
2696,2211,Store,Yliopistonkatu 26,02100,Espoo,FI,Leave with neighbour shop if closed,true
2697,2212,Store,Kungsgatan 102,211 20,Malmö,SE,,true
2698,2213,Store,Puistokatu 2,96100,Rovaniemi,FI,Call 30 min before arrival,true
2699,2213,Central warehouse,Hämeenkatu 87,33100,Tampere,FI,"Loading bay at the back, open 7-15",false
2700,2214,Store,Bergweg 29,20095,Hamburg,DE,No deliveries before 9:00,true
2701,2215,Store,Teollisuustie 32,90100,Oulu,FI,"Loading bay at the back, open 7-15",true
2702,2216,Store,Fjellveien 34,9008,Tromsø,NO,,true
2703,2217,Store,Keskuskatu 4,93600,Kuusamo,FI,Leave with neighbour shop if closed,true
2704,2218,Store,Kauppakatu 88,20100,Turku,FI,,true
2705,2219,Store,Storgatan 44,411 04,Göteborg,SE,,true
2706,2219,Central warehouse,Skolgatan 5,981 31,Kiruna,SE,Call 30 min before arrival,false
2707,2220,Store,Vestergade 107,6000,Kolding,DK,,true
2708,2221,Store,Am Markt 111,10115,Berlin,DE,Leave with neighbour shop if closed,true
2709,2222,Store,Narva mnt 13,80010,Pärnu,EE,No deliveries before 9:00,true
2710,2223,Store,Torggata 29,4006,Stavanger,NO,No deliveries before 9:00,true
2711,2224,Store,Fjellveien 50,2317,Hamar,NO,,true
2712,2224,Second store,Skoleveien 100,6002,Ålesund,NO,Leave with neighbour shop if closed,false
2713,2225,Store,Østergade 34,5000,Odense,DK,,true
2714,2226,Store,Bergweg 97,24103,Kiel,DE,,true
2715,2227,Store,Am Markt 33,24937,Flensburg,DE,Pallets only via goods entrance,true
2716,2228,Store,Hauptstraße 96,10115,Berlin,DE,Call 30 min before arrival,true
2717,2229,Store,Norra Esplanaden 107,852 30,Sundsvall,SE,,true
2718,2230,Store,Asemakatu 51,20100,Turku,FI,,true
2719,2231,Store,Yliopistonkatu 64,80100,Joensuu,FI,,true
2720,2231,Second store,Mannerheimintie 16,67100,Kokkola,FI,No deliveries before 9:00,false
2721,2232,Store,Industrivej 96,4000,Roskilde,DK,No deliveries before 9:00,true
2722,2233,Store,Industriveien 112,0150,Oslo,NO,Pallets only via goods entrance,true
2723,2234,Store,Torikatu 19,15100,Lahti,FI,No deliveries before 9:00,true
2724,2235,Store,Torggata 62,2609,Lillehammer,NO,,true
2725,2236,Store,Rantatie 71,40100,Jyväskylä,FI,No deliveries before 9:00,true
2726,2237,Store,Kirkegata 31,2609,Lillehammer,NO,No deliveries before 9:00,true
2727,2238,Store,Strandveien 28,2317,Hamar,NO,Leave with neighbour shop if closed,true
2728,2238,Second store,Havnegata 97,4610,Kristiansand,NO,,false
2729,2239,Store,Torikatu 89,70100,Kuopio,FI,,true
2730,2240,Store,Norra Esplanaden 105,753 10,Uppsala,SE,,true
2731,2241,Store,Skolgatan 112,803 20,Gävle,SE,"Loading bay at the back, open 7-15",true
2732,2242,Store,Järnvägsgatan 27,831 30,Östersund,SE,,true
2733,2243,Store,Yliopistonkatu 82,96100,Rovaniemi,FI,Call 30 min before arrival,true
2734,2244,Store,Kungsgatan 81,702 11,Örebro,SE,Call 30 min before arrival,true
2735,2245,Store,Keskuskatu 10,70100,Kuopio,FI,Pallets only via goods entrance,true
2736,2245,Central warehouse,Asemakatu 84,65100,Vaasa,FI,,false
2737,2245,Second store,Asemakatu 85,90100,Oulu,FI,,false
2738,2246,Store,Drottninggatan 70,582 22,Linköping,SE,Pallets only via goods entrance,true
2739,2247,Store,Hamngatan 42,111 20,Stockholm,SE,Call 30 min before arrival,true
2740,2248,Store,Havnevej 93,8000,Aarhus,DK,No deliveries before 9:00,true
2741,2249,Store,Industrivägen 16,211 20,Malmö,SE,Call 30 min before arrival,true
2742,2249,Second store,Skolgatan 8,411 04,Göteborg,SE,"Loading bay at the back, open 7-15",false
2743,2250,Store,Fjellveien 114,9008,Tromsø,NO,Call 30 min before arrival,true
2744,2250,Second store,Skoleveien 19,9510,Alta,NO,,false
2745,2251,Store,Kungsgatan 106,981 31,Kiruna,SE,Call 30 min before arrival,true
2746,2251,Second store,Storgatan 80,972 31,Luleå,SE,Leave with neighbour shop if closed,false
2747,2252,Store,Industrivägen 13,981 31,Kiruna,SE,,true
2748,2253,Store,Fjällvägen 69,831 30,Östersund,SE,"Loading bay at the back, open 7-15",true
2749,2254,Store,Hämeenkatu 3,60100,Seinäjoki,FI,Leave with neighbour shop if closed,true
2750,2255,Store,Kungsgatan 36,753 10,Uppsala,SE,Leave with neighbour shop if closed,true
2751,2255,Second store,Industrivägen 108,791 71,Falun,SE,Call 30 min before arrival,false
2752,2256,Store,Industrivägen 61,702 11,Örebro,SE,,true
2753,2257,Store,Järnvägsgatan 116,411 04,Göteborg,SE,Call 30 min before arrival,true
2754,2258,Store,Rantatie 83,02100,Espoo,FI,Pallets only via goods entrance,true
2755,2258,Second store,Asemakatu 53,60100,Seinäjoki,FI,Leave with neighbour shop if closed,false
2756,2259,Store,Kirkegata 7,7010,Trondheim,NO,,true
2757,2259,Second store,Kirkegata 86,2609,Lillehammer,NO,"Loading bay at the back, open 7-15",false
2758,2260,Store,Havnegata 27,2317,Hamar,NO,"Loading bay at the back, open 7-15",true
2759,2261,Store,Østergade 96,5000,Odense,DK,,true
2760,2262,Store,Skolevej 64,6700,Esbjerg,DK,Pallets only via goods entrance,true
2761,2263,Store,Bergweg 91,20095,Hamburg,DE,Leave with neighbour shop if closed,true
2762,2264,Store,Drottninggatan 64,831 30,Östersund,SE,Leave with neighbour shop if closed,true
2763,2265,Store,Storgatan 88,411 04,Göteborg,SE,Pallets only via goods entrance,true
2764,2266,Store,Narva mnt 55,51003,Tartu,EE,No deliveries before 9:00,true
2765,2267,Store,Industrivägen 72,981 31,Kiruna,SE,,true
2766,2268,Store,Keskuskatu 4,99100,Kittilä,FI,No deliveries before 9:00,true
2767,2268,Central warehouse,Mannerheimintie 28,60100,Seinäjoki,FI,No deliveries before 9:00,false
2768,2269,Store,Puistokatu 16,80100,Joensuu,FI,Call 30 min before arrival,true
2769,2270,Store,Mannerheimintie 39,90100,Oulu,FI,Call 30 min before arrival,true
2770,2271,Store,Kooli tn 109,10111,Tallinn,EE,Call 30 min before arrival,true
2771,2272,Store,Havnevej 87,9000,Aalborg,DK,Leave with neighbour shop if closed,true
2772,2273,Store,Kirkegata 94,0150,Oslo,NO,Leave with neighbour shop if closed,true
2773,2273,Second store,Skoleveien 90,2609,Lillehammer,NO,,false
2774,2274,Store,Strandveien 67,2609,Lillehammer,NO,,true
2775,2275,Store,Yliopistonkatu 32,80100,Joensuu,FI,Leave with neighbour shop if closed,true
2776,2275,Second store,Rantatie 92,13100,Hämeenlinna,FI,,false
2777,2276,Store,Norra Esplanaden 44,803 20,Gävle,SE,Pallets only via goods entrance,true
2778,2277,Store,Hämeenkatu 66,80100,Joensuu,FI,Pallets only via goods entrance,true
2779,2278,Store,Hauptstraße 9,24937,Flensburg,DE,,true
2780,2279,Store,Kungsgatan 104,981 31,Kiruna,SE,,true
2781,2280,Store,Torggata 59,5003,Bergen,NO,"Loading bay at the back, open 7-15",true
2782,2281,Store,Teollisuustie 18,70100,Kuopio,FI,Pallets only via goods entrance,true
2783,2282,Store,Torikatu 10,60100,Seinäjoki,FI,,true
2784,2282,Second store,Asemakatu 63,20100,Turku,FI,,false
2785,2283,Store,Norra Esplanaden 83,831 30,Östersund,SE,,true
2786,2284,Store,Skoleveien 55,2317,Hamar,NO,Call 30 min before arrival,true
2787,2284,Central warehouse,Strandveien 37,8006,Bodø,NO,"Loading bay at the back, open 7-15",false
2788,2284,Second store,Torggata 49,9510,Alta,NO,"Loading bay at the back, open 7-15",false
2789,2285,Store,Østergade 48,8000,Aarhus,DK,,true
2790,2286,Store,Storgata 38,0150,Oslo,NO,Pallets only via goods entrance,true
2791,2286,Second store,Fjellveien 62,7010,Trondheim,NO,Leave with neighbour shop if closed,false
2792,2287,Store,Havnevej 7,8000,Aarhus,DK,"Loading bay at the back, open 7-15",true
2793,2287,Second store,Vestergade 68,5000,Odense,DK,,false
2794,2288,Store,Drottninggatan 119,702 11,Örebro,SE,Pallets only via goods entrance,true
2795,2289,Store,Rantatie 18,13100,Hämeenlinna,FI,Call 30 min before arrival,true
2796,2290,Store,Kirkegata 112,6002,Ålesund,NO,"Loading bay at the back, open 7-15",true
2797,2291,Store,Havnegata 69,2609,Lillehammer,NO,,true
2798,2292,Store,Strandveien 21,7010,Trondheim,NO,,true
2799,2292,Second store,Fjellveien 43,5003,Bergen,NO,,false
2800,2293,Store,Skoleveien 99,0150,Oslo,NO,,true
2801,2293,Second store,Torggata 107,9510,Alta,NO,"Loading bay at the back, open 7-15",false
2802,2294,Store,Havnegata 75,2317,Hamar,NO,,true
2803,2295,Store,Asemakatu 32,96100,Rovaniemi,FI,"Loading bay at the back, open 7-15",true
2804,2296,Store,Hovedgaden 104,8000,Aarhus,DK,Leave with neighbour shop if closed,true
2805,2297,Store,Bergweg 80,24103,Kiel,DE,Call 30 min before arrival,true
2806,2297,Second store,Hafenstraße 33,24103,Kiel,DE,"Loading bay at the back, open 7-15",false
2807,2298,Store,Yliopistonkatu 56,60100,Seinäjoki,FI,,true
2808,2299,Store,Keskuskatu 99,67100,Kokkola,FI,,true
2809,2300,Store,Skolgatan 107,791 71,Falun,SE,,true
2810,2301,Store,Pärnu mnt 37,51003,Tartu,EE,No deliveries before 9:00,true
2811,2302,Store,Hämeenkatu 69,00100,Helsinki,FI,No deliveries before 9:00,true
2812,2303,Store,Fjällvägen 63,903 26,Umeå,SE,Call 30 min before arrival,true
2813,2304,Store,Teollisuustie 81,70100,Kuopio,FI,Pallets only via goods entrance,true
2814,2305,Store,Rantatie 48,80100,Joensuu,FI,Leave with neighbour shop if closed,true
2815,2306,Store,Järnvägsgatan 109,791 71,Falun,SE,,true
2816,2307,Store,Mannerheimintie 56,67100,Kokkola,FI,No deliveries before 9:00,true
2817,2308,Store,Havnevej 15,8000,Aarhus,DK,Call 30 min before arrival,true
2818,2309,Store,Hamngatan 1,803 20,Gävle,SE,,true
2819,2310,Store,Mannerheimintie 55,60100,Seinäjoki,FI,No deliveries before 9:00,true
2820,2311,Store,Rantatie 80,60100,Seinäjoki,FI,Leave with neighbour shop if closed,true
2821,2312,Store,Havnevej 88,8000,Aarhus,DK,,true
2822,2312,Central warehouse,Østergade 61,6000,Kolding,DK,"Loading bay at the back, open 7-15",false
2823,2313,Store,Skolgatan 30,903 26,Umeå,SE,,true
2824,2314,Store,Keskuskatu 77,20100,Turku,FI,,true
2825,2315,Store,Yliopistonkatu 7,99100,Kittilä,FI,,true
2826,2316,Store,Østergade 31,4000,Roskilde,DK,Leave with neighbour shop if closed,true
2827,2317,Store,Skoleveien 63,4006,Stavanger,NO,No deliveries before 9:00,true
2828,2318,Store,Hämeenkatu 116,99100,Kittilä,FI,"Loading bay at the back, open 7-15",true
2829,2319,Store,Teollisuustie 83,60100,Seinäjoki,FI,Pallets only via goods entrance,true
2830,2320,Store,Havnegata 82,4006,Stavanger,NO,Call 30 min before arrival,true
2831,2321,Store,Tartu mnt 97,10111,Tallinn,EE,,true
2832,2321,Second store,Narva mnt 36,51003,Tartu,EE,No deliveries before 9:00,false
2833,2322,Store,Teollisuustie 87,90100,Oulu,FI,,true
2834,2323,Store,Havnevej 6,1050,Copenhagen,DK,Call 30 min before arrival,true
2835,2324,Store,Tartu mnt 89,10111,Tallinn,EE,Call 30 min before arrival,true
2836,2325,Store,Kauppakatu 88,40100,Jyväskylä,FI,,true
2837,2326,Store,Strandveien 54,4610,Kristiansand,NO,"Loading bay at the back, open 7-15",true
2838,2327,Store,Rantatie 57,33100,Tampere,FI,"Loading bay at the back, open 7-15",true
2839,2328,Store,Fjellveien 30,8006,Bodø,NO,"Loading bay at the back, open 7-15",true
2840,2329,Store,Nørregade 72,1050,Copenhagen,DK,Leave with neighbour shop if closed,true
2841,2330,Store,Fjellveien 6,9008,Tromsø,NO,No deliveries before 9:00,true
2842,2331,Store,Kirkegata 84,4006,Stavanger,NO,Pallets only via goods entrance,true
2843,2332,Store,Drottninggatan 7,652 24,Karlstad,SE,Pallets only via goods entrance,true
2844,2333,Store,Sadama tn 97,51003,Tartu,EE,Leave with neighbour shop if closed,true
2845,2334,Store,Am Markt 55,10115,Berlin,DE,Pallets only via goods entrance,true
2846,2335,Store,Pärnu mnt 40,10111,Tallinn,EE,,true
2847,2335,Central warehouse,Tartu mnt 44,10111,Tallinn,EE,No deliveries before 9:00,false
2848,2336,Store,Järnvägsgatan 83,753 10,Uppsala,SE,"Loading bay at the back, open 7-15",true
2849,2336,Second store,Norra Esplanaden 32,972 31,Luleå,SE,Leave with neighbour shop if closed,false
2850,2337,Store,Torikatu 54,93600,Kuusamo,FI,Leave with neighbour shop if closed,true
2851,2338,Store,Torggata 33,2317,Hamar,NO,,true
2852,2339,Store,Hämeenkatu 80,90100,Oulu,FI,Call 30 min before arrival,true
2853,2340,Store,Narva mnt 43,10111,Tallinn,EE,No deliveries before 9:00,true
2854,2341,Store,Industrivägen 75,791 71,Falun,SE,Leave with neighbour shop if closed,true
2855,2342,Store,Bahnhofstraße 47,10115,Berlin,DE,Call 30 min before arrival,true
2856,2343,Store,Skolgatan 52,582 22,Linköping,SE,"Loading bay at the back, open 7-15",true
2857,2344,Store,Industrivägen 69,582 22,Linköping,SE,"Loading bay at the back, open 7-15",true
2858,2344,Second store,Fjällvägen 108,972 31,Luleå,SE,,false
2859,2345,Store,Torikatu 10,33100,Tampere,FI,No deliveries before 9:00,true
2860,2346,Store,Hovedgaden 111,9000,Aalborg,DK,"Loading bay at the back, open 7-15",true
2861,2347,Store,Industrivej 36,5000,Odense,DK,,true
2862,2348,Store,Norra Esplanaden 36,411 04,Göteborg,SE,No deliveries before 9:00,true
2863,2349,Store,Hafenstraße 14,80331,Munich,DE,,true
2864,2350,Store,Fjellveien 17,2609,Lillehammer,NO,Leave with neighbour shop if closed,true
2865,2350,Second store,Strandveien 114,5003,Bergen,NO,No deliveries before 9:00,false
2866,2351,Store,Kirkegata 32,9510,Alta,NO,"Loading bay at the back, open 7-15",true
2867,2352,Store,Torikatu 78,40100,Jyväskylä,FI,,true
2868,2353,Store,Industriveien 71,6002,Ålesund,NO,"Loading bay at the back, open 7-15",true
2869,2354,Store,Tartu mnt 103,10111,Tallinn,EE,"Loading bay at the back, open 7-15",true
2870,2355,Store,Hauptstraße 59,80331,Munich,DE,No deliveries before 9:00,true
2871,2356,Store,Industrivej 117,6000,Kolding,DK,Leave with neighbour shop if closed,true
2872,2356,Second store,Østergade 92,9000,Aalborg,DK,No deliveries before 9:00,false
2873,2357,Store,Storgata 20,0150,Oslo,NO,,true
2874,2358,Store,Keskuskatu 77,70100,Kuopio,FI,"Loading bay at the back, open 7-15",true
2875,2359,Store,Industriveien 45,4006,Stavanger,NO,Pallets only via goods entrance,true
2876,2360,Store,Vestergade 9,5000,Odense,DK,No deliveries before 9:00,true
2877,2361,Store,Keskuskatu 46,99100,Kittilä,FI,Leave with neighbour shop if closed,true
2878,2362,Store,Teollisuustie 25,96100,Rovaniemi,FI,Call 30 min before arrival,true
2879,2363,Store,Am Markt 47,24103,Kiel,DE,Call 30 min before arrival,true
2880,2364,Store,Am Markt 44,20095,Hamburg,DE,Leave with neighbour shop if closed,true
2881,2365,Store,Kirkegata 116,9008,Tromsø,NO,Leave with neighbour shop if closed,true
2882,2366,Store,Keskuskatu 88,13100,Hämeenlinna,FI,Call 30 min before arrival,true
2883,2367,Store,Havnevej 84,4000,Roskilde,DK,"Loading bay at the back, open 7-15",true
2884,2368,Store,Skolevej 55,9000,Aalborg,DK,,true
2885,2369,Store,Kirkegata 6,5003,Bergen,NO,,true
2886,2370,Store,Vestergade 17,6700,Esbjerg,DK,No deliveries before 9:00,true
2887,2371,Store,Sadama tn 19,10111,Tallinn,EE,No deliveries before 9:00,true
2888,2372,Store,Hämeenkatu 11,67100,Kokkola,FI,No deliveries before 9:00,true
2889,2373,Store,Järnvägsgatan 94,903 26,Umeå,SE,"Loading bay at the back, open 7-15",true
2890,2373,Second store,Kungsgatan 92,702 11,Örebro,SE,"Loading bay at the back, open 7-15",false
2891,2374,Store,Keskuskatu 103,67100,Kokkola,FI,,true
2892,2375,Store,Skolevej 38,5000,Odense,DK,,true
2893,2376,Store,Hafenstraße 100,10115,Berlin,DE,Leave with neighbour shop if closed,true
2894,2376,Second store,Bergweg 6,80331,Munich,DE,Call 30 min before arrival,false
2895,2377,Store,Kirkegata 64,2609,Lillehammer,NO,,true
2896,2378,Store,Teollisuustie 60,70100,Kuopio,FI,"Loading bay at the back, open 7-15",true
2897,2378,Second store,Rantatie 8,96100,Rovaniemi,FI,Call 30 min before arrival,false
2898,2379,Store,Skolgatan 56,831 30,Östersund,SE,,true
2899,2380,Store,Keskuskatu 84,99100,Kittilä,FI,Pallets only via goods entrance,true
2900,2381,Store,Sadama tn 28,80010,Pärnu,EE,Call 30 min before arrival,true
2901,2382,Store,Drottninggatan 119,803 20,Gävle,SE,No deliveries before 9:00,true
2902,2383,Store,Fjellveien 87,6002,Ålesund,NO,,true
2903,2384,Store,Kauppakatu 58,33100,Tampere,FI,,true
2904,2385,Store,Havnevej 119,4000,Roskilde,DK,,true
2905,2386,Store,Skolgatan 74,791 71,Falun,SE,No deliveries before 9:00,true
2906,2387,Store,Hauptstraße 33,20095,Hamburg,DE,Pallets only via goods entrance,true
2907,2388,Store,Norra Esplanaden 88,652 24,Karlstad,SE,Pallets only via goods entrance,true
2908,2389,Store,Drottninggatan 52,803 20,Gävle,SE,Call 30 min before arrival,true
2909,2390,Store,Torikatu 56,02100,Espoo,FI,No deliveries before 9:00,true
2910,2391,Store,Fjellveien 52,9510,Alta,NO,,true
2911,2391,Second store,Torggata 22,4610,Kristiansand,NO,Call 30 min before arrival,false
2912,2392,Store,Storgatan 49,582 22,Linköping,SE,No deliveries before 9:00,true
2913,2393,Store,Havnegata 108,5003,Bergen,NO,Call 30 min before arrival,true
2914,2394,Store,Pärnu mnt 114,10111,Tallinn,EE,No deliveries before 9:00,true
2915,2395,Store,Norra Esplanaden 1,837 52,Åre,SE,"Loading bay at the back, open 7-15",true
2916,2396,Store,Norra Esplanaden 13,831 30,Östersund,SE,"Loading bay at the back, open 7-15",true
2917,2397,Store,Nørregade 81,8000,Aarhus,DK,No deliveries before 9:00,true
2918,2397,Second store,Skolevej 114,9000,Aalborg,DK,No deliveries before 9:00,false
2919,2398,Store,Kirkegata 64,2609,Lillehammer,NO,"Loading bay at the back, open 7-15",true
2920,2399,Store,Fjällvägen 26,803 20,Gävle,SE,Leave with neighbour shop if closed,true
2921,2399,Second store,Kungsgatan 98,411 04,Göteborg,SE,Leave with neighbour shop if closed,false
2922,2400,Store,Skolgatan 69,753 10,Uppsala,SE,Leave with neighbour shop if closed,true
