id,product_id,warehouse_id,on_hand,reserved,reorder_point,next_inbound_date
1,1,1,9,7,50,2026-09-21
2,1,2,15,10,20,2026-09-25
3,1,3,3,3,30,2026-09-25
4,2,1,46,2,20,
5,2,2,28,2,10,
6,2,3,23,10,20,
7,3,1,2,0,30,2026-09-12
8,3,2,2,6,50,2026-09-14
9,4,1,23,20,50,2026-10-01
10,4,2,35,8,30,
11,5,1,24,10,20,
12,5,2,53,5,30,
13,5,3,62,12,10,
14,6,1,1,7,50,2026-09-08
15,6,2,8,5,20,2026-09-15
16,6,3,15,8,20,2026-09-29
17,7,1,1,2,30,2026-09-11
18,7,2,47,0,50,2026-10-04
19,7,3,44,2,50,2026-10-09
20,8,1,10,10,30,2026-10-19
21,8,2,150,37,30,
22,8,3,9,1,10,2026-10-19
23,9,1,28,14,10,
24,9,2,70,11,20,
25,10,1,45,0,10,
26,10,2,51,1,30,
27,11,1,68,42,30,
28,11,2,7,4,30,2026-10-07
29,11,3,96,11,20,
30,12,1,6,3,10,2026-09-15
31,12,2,5,5,50,2026-09-11
32,12,3,17,17,50,2026-09-17
33,13,1,91,11,30,
34,13,2,15,0,20,2026-10-11
35,13,3,208,1,10,
36,14,1,57,27,10,
37,14,2,7,0,10,2026-09-10
38,15,1,50,17,30,
39,15,2,15,15,30,2026-09-26
40,15,3,45,22,50,2026-10-03
41,16,1,20,1,20,
42,16,2,85,1,50,
43,17,1,85,0,20,
44,17,2,16,16,30,2026-10-03
45,17,3,34,21,30,
46,18,1,32,30,50,2026-09-12
47,18,2,4,1,10,2026-09-13
48,19,1,16,8,50,2026-10-02
49,19,2,18,6,50,2026-10-04
50,20,1,57,0,20,
51,20,2,47,9,20,
52,21,1,107,7,30,
53,21,2,126,5,50,
54,21,3,64,0,10,
55,22,1,200,0,10,
56,22,2,62,27,10,
57,23,1,40,1,20,
58,23,2,56,0,10,
59,24,1,62,0,30,
60,24,2,123,30,10,
61,24,3,6,6,50,2026-09-30
62,25,1,7,8,10,2026-09-09
63,25,2,28,7,30,2026-09-21
64,26,1,24,5,30,2026-10-09
65,26,2,17,9,20,2026-10-03
66,27,1,68,1,30,
67,27,2,28,4,20,
68,28,1,7,1,20,2026-10-11
69,28,2,28,6,50,2026-10-15
70,29,1,11,20,50,2026-09-11
71,29,2,13,5,20,2026-09-24
72,29,3,25,12,30,2026-09-25
73,30,1,8,8,20,2026-09-10
74,30,2,175,3,50,
75,31,1,15,14,50,2026-09-15
76,31,2,2,1,50,2026-09-21
77,32,1,23,3,20,
78,32,2,62,0,30,
79,32,3,91,3,50,
80,33,1,99,5,30,
81,33,2,74,13,30,
82,34,1,13,9,50,2026-10-22
83,34,2,5,5,20,2026-10-05
84,35,1,30,13,20,
85,35,2,10,7,10,
86,36,1,1,0,30,2026-10-03
87,36,2,1,1,30,2026-09-22
88,36,3,6,6,30,2026-09-24
89,37,1,47,11,50,2026-09-17
90,37,2,0,4,50,2026-09-21
91,38,1,17,10,30,2026-09-20
92,38,2,78,7,20,
93,39,1,19,2,20,2026-09-17
94,39,2,7,0,10,2026-09-15
95,40,1,178,2,10,
96,40,2,45,25,20,
97,40,3,39,2,30,
98,41,1,50,4,30,
99,41,2,39,20,10,
100,42,1,39,39,30,
101,42,2,20,20,10,
102,43,1,63,0,30,
103,43,2,12,1,50,2026-10-13
104,44,1,65,16,20,
105,44,2,8,0,30,2026-09-20
106,44,3,118,4,10,
107,45,1,70,5,10,
108,45,2,55,4,20,
109,45,3,141,1,20,
110,46,1,10,2,30,2026-10-09
111,46,2,100,12,20,
112,46,3,100,21,30,
113,47,1,77,1,10,
114,47,2,55,0,10,
115,48,1,9,4,10,2026-09-17
116,48,2,0,0,20,2026-10-05
117,49,1,66,1,20,
118,49,2,7,7,20,2026-09-20
119,49,3,24,5,10,
120,50,1,3,2,10,2026-09-30
121,50,2,28,15,30,2026-09-21
122,50,3,43,36,50,2026-09-30
123,51,1,52,0,50,
124,51,2,88,18,30,
125,51,3,13,11,20,2026-10-12
126,52,1,163,15,10,
127,52,2,57,3,10,
128,53,1,50,38,30,
129,53,2,204,0,50,
130,53,3,24,17,20,
131,54,1,7,4,30,2026-10-15
132,54,2,163,1,50,
133,54,3,153,7,20,
134,55,1,14,0,10,
135,55,2,96,13,10,
136,56,1,31,6,10,
137,56,2,36,0,20,
138,56,3,61,7,10,
139,57,1,58,11,50,
140,57,2,41,10,10,
141,58,1,8,0,30,2026-09-10
142,58,2,12,6,20,2026-09-28
143,59,1,163,6,50,
144,59,2,92,5,50,
145,59,3,130,11,10,
146,60,1,37,3,30,
147,60,2,257,4,20,
148,60,3,112,1,50,
149,61,1,56,11,30,
150,61,2,40,11,10,
151,61,3,46,3,20,
152,62,1,49,7,10,
153,62,2,31,16,20,
154,63,1,19,3,10,
155,63,2,73,22,30,
156,64,1,13,31,20,2026-09-25
157,64,2,11,8,20,2026-09-29
158,64,3,10,7,10,2026-09-29
159,65,1,20,14,20,
160,65,2,42,2,20,
161,65,3,50,1,10,
162,66,1,48,1,30,
163,66,2,72,7,50,
164,67,1,80,31,20,
165,67,2,70,6,20,
166,68,1,1,0,20,2026-10-06
167,68,2,5,5,10,2026-09-27
168,69,1,45,15,20,
169,69,2,226,45,50,
170,70,1,15,15,50,2026-09-15
171,70,2,105,0,30,
172,71,1,41,0,20,
173,71,2,68,2,20,
174,71,3,31,3,10,
175,72,1,9,7,30,2026-09-29
176,72,2,12,1,50,2026-10-15
177,73,1,28,21,30,2026-09-30
178,73,2,17,2,30,2026-09-22
179,73,3,18,2,50,2026-09-26
180,74,1,68,1,50,
181,74,2,44,8,50,2026-10-10
182,74,3,108,2,50,
183,75,1,47,4,30,
184,75,2,90,24,50,
185,76,1,10,1,10,
186,76,2,26,8,20,
187,76,3,116,0,10,
188,77,1,107,6,10,
189,77,2,80,21,50,
190,77,3,31,7,50,2026-10-20
191,78,1,172,1,10,
192,78,2,10,0,20,2026-09-10
193,79,1,22,22,30,2026-09-14
194,79,2,61,10,10,
195,79,3,7,4,10,2026-10-04
196,80,1,49,35,10,
197,80,2,7,7,30,2026-09-22
198,80,3,52,2,30,
199,81,1,6,4,30,2026-09-27
200,81,2,23,23,50,2026-10-03
201,81,3,15,7,20,2026-09-28
202,82,1,18,18,50,2026-10-18
203,82,2,20,11,10,
204,83,1,10,4,50,2026-09-14
205,83,2,6,1,10,2026-10-05
206,84,1,26,1,50,2026-09-17
207,84,2,85,1,30,
208,85,1,49,8,50,2026-09-28
209,85,2,54,1,50,
210,85,3,24,0,30,2026-09-30
211,86,1,106,0,30,
212,86,2,53,1,20,
213,87,1,26,14,30,2026-10-04
214,87,2,17,10,20,2026-10-07
215,87,3,5,39,10,2026-09-17
216,88,1,18,8,30,2026-09-16
217,88,2,1,2,20,2026-09-25
218,88,3,3,3,20,2026-10-05
219,89,1,82,8,30,
220,89,2,28,10,50,2026-09-11
221,89,3,60,19,30,
222,90,1,8,5,50,2026-10-20
223,90,2,15,1,10,
224,91,1,26,1,50,2026-10-01
225,91,2,119,34,10,
226,91,3,63,0,30,
227,92,1,28,8,20,
228,92,2,91,29,20,
229,93,1,25,7,10,
230,93,2,11,1,20,2026-09-23
231,94,1,9,2,50,2026-10-09
232,94,2,5,4,30,2026-09-19
233,95,1,42,24,20,
234,95,2,8,1,50,2026-09-22
235,95,3,29,9,20,
236,96,1,7,0,20,2026-10-20
237,96,2,36,19,20,
238,97,1,7,7,50,2026-10-11
239,97,2,51,10,20,
240,97,3,53,7,50,
241,98,1,101,3,50,
242,98,2,24,12,50,2026-10-08
243,99,1,50,2,50,
244,99,2,13,10,10,
245,99,3,19,4,30,2026-09-15
246,100,1,28,11,30,2026-09-22
247,100,2,49,0,50,2026-09-27
248,100,3,26,9,20,
249,101,1,22,0,30,2026-10-13
250,101,2,128,2,20,
251,102,1,54,12,30,
252,102,2,91,2,20,
253,103,1,6,1,10,2026-09-27
254,103,2,9,9,30,2026-09-14
255,104,1,40,5,10,
256,104,2,22,12,30,2026-09-19
257,105,1,60,17,30,
258,105,2,34,0,30,
259,106,1,41,1,30,
260,106,2,105,7,30,
261,106,3,116,2,50,
262,107,1,63,2,10,
263,107,2,47,3,10,
264,108,1,87,9,50,
265,108,2,70,5,30,
266,109,1,80,6,10,
267,109,2,54,2,50,
268,109,3,38,2,50,2026-10-05
269,110,1,14,9,10,
270,110,2,71,3,50,
271,110,3,51,1,10,
272,111,1,61,19,30,
273,111,2,9,2,30,2026-10-05
274,111,3,128,5,10,
275,112,1,59,1,10,
276,112,2,27,8,50,2026-10-17
277,113,1,42,7,10,
278,113,2,200,5,30,
279,114,1,226,2,30,
280,114,2,15,3,20,2026-09-20
281,115,1,158,13,30,
282,115,2,32,30,10,
283,116,1,75,1,10,
284,116,2,104,7,30,
285,117,1,159,0,10,
286,117,2,80,0,30,
287,118,1,50,2,50,
288,118,2,37,6,20,
289,119,1,133,1,30,
290,119,2,77,16,50,
291,120,1,32,5,50,2026-09-14
292,120,2,42,6,50,2026-10-15
293,121,1,15,2,30,2026-09-10
294,121,2,9,9,30,2026-10-16
295,121,3,132,5,30,
296,122,1,71,11,20,
297,122,2,13,4,30,2026-09-15
298,122,3,17,0,20,2026-09-15
299,123,1,197,14,50,
300,123,2,22,3,10,
301,123,3,9,2,50,2026-09-13
302,124,1,12,12,50,2026-09-24
303,124,2,36,4,20,
304,124,3,122,0,50,
305,125,1,25,25,10,
306,125,2,44,22,20,
307,126,1,36,0,10,
308,126,2,20,7,10,
309,126,3,62,20,50,
310,127,1,80,37,20,
311,127,2,68,0,50,
312,128,1,49,4,50,2026-10-07
313,128,2,137,1,30,
314,129,1,59,7,10,
315,129,2,68,17,50,
316,129,3,42,6,30,
317,130,1,72,11,30,
318,130,2,26,0,20,
319,131,1,26,1,50,2026-10-17
320,131,2,11,1,10,
321,131,3,39,0,10,
322,132,1,31,1,30,
323,132,2,36,2,10,
324,133,1,33,6,20,
325,133,2,87,9,10,
326,134,1,8,4,50,2026-09-14
327,134,2,25,21,30,2026-10-12
328,135,1,236,1,50,
329,135,2,9,3,30,2026-10-09
330,136,1,2,1,10,2026-09-12
331,136,2,4,3,10,2026-09-24
332,136,3,17,2,30,2026-09-16
333,137,1,5,8,30,2026-09-21
334,137,2,92,2,50,
335,137,3,9,5,10,2026-10-10
336,138,1,50,8,30,
337,138,2,75,1,20,
338,139,1,31,1,50,2026-10-08
339,139,2,20,9,10,
340,139,3,35,0,10,
341,140,1,121,0,10,
342,140,2,6,0,30,2026-09-17
343,141,1,136,1,20,
344,141,2,23,3,20,
345,141,3,47,2,30,
346,142,1,65,28,50,
347,142,2,56,1,50,
348,143,1,165,23,30,
349,143,2,29,29,10,
350,144,1,73,0,30,
351,144,2,5,4,50,2026-10-21
352,144,3,12,12,30,2026-10-03
353,145,1,31,6,30,
354,145,2,94,17,20,
355,146,1,72,0,20,
356,146,2,55,15,20,
357,146,3,36,13,10,
358,147,1,23,8,30,2026-09-22
359,147,2,41,23,30,
360,148,1,50,2,30,
361,148,2,14,2,50,2026-10-19
362,148,3,53,16,20,
363,149,1,43,18,50,2026-09-12
364,149,2,117,6,20,
365,150,1,24,18,10,
366,150,2,296,11,30,
367,151,1,35,16,50,2026-10-04
368,151,2,23,2,30,2026-10-01
369,152,1,150,11,10,
370,152,2,34,0,50,2026-09-20
371,153,1,30,13,50,2026-09-27
372,153,2,50,7,20,
373,154,1,14,14,20,2026-09-14
374,154,2,29,4,30,2026-10-02
375,155,1,95,0,50,
376,155,2,90,7,30,
377,156,1,131,9,20,
378,156,2,28,0,50,2026-10-20
379,157,1,50,1,50,
380,157,2,54,3,10,
381,157,3,102,4,10,
382,158,1,190,5,10,
383,158,2,27,4,50,2026-09-29
384,159,1,38,8,30,
385,159,2,50,0,10,
386,160,1,115,3,20,
387,160,2,12,0,30,2026-10-04
388,161,1,40,9,50,2026-09-20
389,161,2,23,4,10,
390,161,3,183,2,10,
391,162,1,29,4,30,2026-09-19
392,162,2,85,22,10,
393,163,1,259,1,50,
394,163,2,141,10,10,
395,163,3,166,12,50,
396,164,1,170,7,30,
397,164,2,145,23,10,
398,165,1,18,13,50,2026-10-21
399,165,2,71,1,50,
400,166,1,21,10,10,
401,166,2,7,7,20,2026-10-16
402,166,3,39,14,50,2026-09-20
403,167,1,63,4,30,
404,167,2,18,4,20,2026-10-10
405,167,3,187,0,30,
406,168,1,13,5,20,2026-10-18
407,168,2,5,0,20,2026-10-16
408,169,1,6,3,10,2026-10-04
409,169,2,69,5,10,
410,170,1,51,10,10,
411,170,2,76,16,50,
412,170,3,120,11,10,
413,171,1,6,6,50,2026-09-13
414,171,2,30,18,50,2026-10-12
415,172,1,127,18,50,
416,172,2,127,15,50,
417,172,3,64,19,10,
418,173,1,12,6,50,2026-09-30
419,173,2,15,4,30,2026-09-10
420,173,3,8,7,10,2026-09-18
421,174,1,120,52,50,
422,174,2,45,7,20,
423,174,3,78,9,30,
424,175,1,18,12,10,
425,175,2,45,6,30,
426,176,1,102,4,20,
427,176,2,11,11,30,2026-09-24
428,176,3,64,0,20,
429,177,1,43,2,30,
430,177,2,179,2,50,
431,178,1,5,5,50,2026-09-24
432,178,2,32,9,30,
433,179,1,109,11,10,
434,179,2,110,5,30,
435,180,1,36,3,50,2026-10-21
436,180,2,11,8,50,2026-09-10
437,180,3,32,0,20,
438,181,1,18,8,30,2026-10-22
439,181,2,35,0,50,2026-10-17
440,182,1,25,1,30,2026-10-03
441,182,2,47,0,50,2026-10-20
442,183,1,9,5,10,2026-10-01
443,183,2,35,36,20,2026-09-21
444,183,3,5,5,20,2026-09-09
445,184,1,5,5,30,2026-10-22
446,184,2,291,28,20,
447,185,1,41,1,10,
448,185,2,103,2,10,
449,185,3,94,8,20,
450,186,1,8,0,30,2026-10-10
451,186,2,40,10,50,2026-10-17
452,187,1,36,1,20,
453,187,2,141,3,20,
454,187,3,17,17,20,2026-09-26
455,188,1,47,9,20,
456,188,2,28,0,10,
457,189,1,153,2,30,
458,189,2,147,2,20,
459,189,3,27,27,50,2026-10-21
460,190,1,81,0,20,
461,190,2,8,7,50,2026-09-17
462,191,1,49,3,30,
463,191,2,32,2,20,
464,192,1,35,9,30,
465,192,2,84,6,20,
466,192,3,12,5,50,2026-09-27
467,193,1,67,3,20,
468,193,2,18,5,20,2026-10-01
469,194,1,54,6,30,
470,194,2,8,3,20,2026-10-22
471,195,1,64,12,30,
472,195,2,125,1,30,
473,196,1,52,5,30,
474,196,2,15,5,30,2026-09-27
475,197,1,17,3,30,2026-09-30
476,197,2,43,2,50,2026-10-07
477,197,3,212,10,50,
478,198,1,287,3,50,
479,198,2,79,10,30,
480,199,1,140,11,30,
481,199,2,60,0,10,
482,200,1,13,13,10,
483,200,2,15,15,50,2026-10-08
484,201,1,18,0,30,2026-09-21
485,201,2,85,6,10,
486,202,1,59,26,20,
487,202,2,43,2,50,2026-10-03
488,203,1,28,8,30,2026-09-21
489,203,2,96,1,20,
490,204,1,28,10,10,
491,204,2,12,7,20,2026-10-12
492,205,1,136,6,50,
493,205,2,0,2,20,2026-09-12
494,206,1,132,16,10,
495,206,2,23,0,20,
496,206,3,32,3,50,2026-10-13
497,207,1,117,1,10,
498,207,2,55,38,10,
499,208,1,143,5,30,
500,208,2,243,10,10,
501,209,1,7,4,10,2026-09-21
502,209,2,8,17,30,2026-09-11
503,209,3,3,0,20,2026-10-04
504,210,1,32,8,50,2026-09-26
505,210,2,81,17,30,
506,210,3,11,11,20,2026-09-30
507,211,1,75,19,20,
508,211,2,42,12,20,
509,211,3,189,14,50,
510,212,1,65,1,10,
511,212,2,12,12,10,
512,213,1,61,0,10,
513,213,2,41,8,30,
514,214,1,29,21,30,2026-10-21
515,214,2,18,18,30,2026-09-23
516,215,1,108,20,30,
517,215,2,103,3,30,
518,216,1,39,1,10,
519,216,2,24,16,10,
520,216,3,35,0,20,
521,217,1,80,2,50,
522,217,2,41,3,20,
523,217,3,101,4,20,
524,218,1,39,5,30,
525,218,2,38,2,10,
526,219,1,114,2,50,
527,219,2,113,4,20,
528,219,3,105,3,30,
529,220,1,249,5,50,
530,220,2,19,0,20,2026-10-18
531,220,3,36,24,10,
532,221,1,107,0,20,
533,221,2,57,13,30,
534,221,3,103,5,30,
535,222,1,271,4,20,
536,222,2,14,2,10,
537,222,3,124,4,20,
538,223,1,47,1,50,2026-10-21
539,223,2,7,7,50,2026-10-06
540,224,1,105,19,50,
541,224,2,54,8,20,
542,224,3,40,0,20,
543,225,1,32,0,10,
544,225,2,43,3,30,
545,225,3,44,0,50,2026-09-28
546,226,1,29,10,30,2026-09-30
547,226,2,194,2,10,
548,226,3,5,5,50,2026-10-03
549,227,1,17,1,10,
550,227,2,41,6,30,
551,227,3,6,1,50,2026-10-20
552,228,1,42,17,10,
553,228,2,8,5,10,2026-09-16
554,229,1,32,5,10,
555,229,2,31,1,30,
556,230,1,54,12,30,
557,230,2,94,2,20,
558,231,1,147,18,30,
559,231,2,31,8,30,
560,232,1,2,2,30,2026-09-21
561,232,2,38,17,50,2026-10-05
562,232,3,5,1,20,2026-09-19
563,233,1,10,10,30,2026-09-25
564,233,2,41,9,20,
565,234,1,143,7,20,
566,234,2,15,15,20,2026-10-04
567,234,3,43,1,10,
568,235,1,6,3,30,2026-10-12
569,235,2,44,15,10,
570,235,3,18,16,20,2026-09-25
571,236,1,20,6,50,2026-09-14
572,236,2,18,1,10,
573,237,1,15,3,30,2026-09-23
574,237,2,118,12,10,
575,237,3,61,16,50,
576,238,1,22,22,10,
577,238,2,42,18,20,
578,239,1,191,2,50,
579,239,2,105,3,50,
580,239,3,48,26,30,
581,240,1,54,8,50,
582,240,2,80,1,30,
583,241,1,157,16,10,
584,241,2,70,9,20,
585,242,1,120,0,30,
586,242,2,6,2,10,2026-10-21
587,243,1,46,3,20,
588,243,2,211,1,20,
589,243,3,100,6,30,
590,244,1,12,12,10,
591,244,2,26,13,10,
592,244,3,93,9,10,
593,245,1,67,1,50,
594,245,2,47,4,30,
595,245,3,17,11,30,2026-09-27
596,246,1,57,2,50,
597,246,2,97,11,10,
598,246,3,63,4,10,
599,247,1,22,18,20,
600,247,2,24,3,50,2026-09-17
601,248,1,25,0,30,2026-10-21
602,248,2,22,2,10,
603,248,3,48,8,10,
604,249,1,43,11,50,2026-10-08
605,249,2,10,3,10,
606,249,3,15,10,50,2026-09-21
607,250,1,22,0,50,2026-09-22
608,250,2,66,0,30,
609,250,3,17,4,20,2026-10-07
610,251,1,63,8,30,
611,251,2,60,9,50,
612,252,1,116,8,30,
613,252,2,12,12,20,2026-09-21
614,253,1,56,12,30,
615,253,2,46,16,50,2026-10-11
616,254,1,58,2,20,
617,254,2,13,5,30,2026-09-14
618,255,1,10,7,20,2026-09-28
619,255,2,14,6,50,2026-10-15
620,255,3,28,3,30,2026-10-18
621,256,1,13,0,50,2026-10-05
622,256,2,165,11,30,
623,256,3,17,3,10,
624,257,1,1,1,10,2026-09-11
625,257,2,10,10,20,2026-10-06
626,257,3,0,1,20,2026-09-28
627,258,1,74,10,50,
628,258,2,46,31,20,
629,258,3,36,6,30,
630,259,1,58,2,20,
631,259,2,22,12,50,2026-09-20
632,260,1,19,9,10,
633,260,2,162,15,30,
634,261,1,56,5,50,
635,261,2,104,0,30,
636,262,1,90,2,30,
637,262,2,115,17,20,
638,263,1,41,8,20,
639,263,2,66,12,50,
640,264,1,22,22,20,
641,264,2,138,12,30,
642,265,1,57,17,50,
643,265,2,176,4,10,
644,265,3,30,7,20,
645,266,1,69,7,30,
646,266,2,36,2,50,2026-09-25
647,267,1,29,16,10,
648,267,2,22,2,10,
649,268,1,63,17,50,
650,268,2,32,20,50,2026-09-28
651,268,3,108,15,10,
652,269,1,10,10,50,2026-10-02
653,269,2,94,2,20,
654,270,1,64,4,30,
655,270,2,86,13,30,
656,270,3,103,25,30,
657,271,1,53,4,30,
658,271,2,5,5,10,2026-10-02
659,271,3,90,18,50,
660,272,1,11,3,20,2026-10-05
661,272,2,72,5,20,
662,273,1,78,0,20,
663,273,2,36,9,20,
664,274,1,58,3,10,
665,274,2,122,4,10,
666,274,3,34,6,30,
667,275,1,86,4,20,
668,275,2,78,19,30,
669,276,1,290,4,10,
670,276,2,15,15,20,2026-09-17
671,276,3,21,7,10,
672,277,1,0,0,0,
673,277,2,0,0,0,
674,278,1,10,4,30,2026-09-27
675,278,2,33,5,50,2026-10-22
676,278,3,42,6,50,2026-10-16
677,279,1,72,24,50,
678,279,2,32,8,20,
679,279,3,7,0,10,2026-09-28
680,280,1,19,4,20,2026-10-17
681,280,2,43,1,20,
682,281,1,38,13,10,
683,281,2,350,0,50,
684,282,1,300,3,30,
685,282,2,111,2,50,
686,283,1,149,1,20,
687,283,2,19,0,50,2026-10-04
688,284,1,13,11,50,2026-10-15
689,284,2,28,1,20,
690,284,3,27,15,50,2026-09-10
691,285,1,40,7,10,
692,285,2,58,7,30,
693,286,1,69,10,30,
694,286,2,35,3,20,
695,287,1,43,7,20,
696,287,2,5,5,30,2026-09-24
697,288,1,96,4,20,
698,288,2,130,11,30,
699,289,1,62,3,10,
700,289,2,27,18,10,
701,290,1,58,29,10,
702,290,2,71,13,20,
703,291,1,59,2,30,
704,291,2,16,0,10,
705,291,3,47,3,30,
706,292,1,0,8,50,2026-09-14
707,292,2,27,8,30,2026-09-29
708,293,1,96,2,10,
709,293,2,5,1,30,2026-09-20
710,294,1,73,6,50,
711,294,2,97,8,20,
712,295,1,72,2,20,
713,295,2,267,0,10,
714,296,1,87,13,10,
715,296,2,146,4,10,
716,297,1,100,3,30,
717,297,2,61,16,30,
718,298,1,0,0,0,
719,298,2,0,0,0,
720,298,3,0,0,0,
721,299,1,43,4,20,
722,299,2,40,7,30,
723,300,1,103,6,50,
724,300,2,12,10,20,2026-10-13
725,300,3,94,19,50,
726,301,1,65,3,30,
727,301,2,59,14,20,
728,302,1,88,1,50,
729,302,2,7,1,10,2026-09-25
730,303,1,188,11,10,
731,303,2,21,5,10,
732,303,3,45,2,30,
733,304,1,35,2,10,
734,304,2,135,4,30,
735,305,1,22,1,30,2026-10-19
736,305,2,8,8,50,2026-09-14
737,306,1,92,1,50,
738,306,2,80,6,50,
739,307,1,13,6,50,2026-09-26
740,307,2,60,1,50,
741,307,3,19,0,50,2026-10-02
742,308,1,0,0,0,
743,308,2,0,0,0,
744,309,1,63,1,30,
745,309,2,8,1,10,2026-09-25
746,310,1,6,2,30,2026-09-22
747,310,2,19,17,10,
748,310,3,32,10,50,2026-10-22
749,311,1,16,3,50,2026-10-19
750,311,2,20,16,30,2026-09-19
751,312,1,117,0,50,
752,312,2,105,0,10,
753,312,3,76,5,20,
754,313,1,8,1,20,2026-09-28
755,313,2,46,0,10,
756,313,3,69,8,10,
757,314,1,203,32,10,
758,314,2,90,6,30,
759,315,1,0,0,0,
760,315,2,0,0,0,
761,316,1,114,30,50,
762,316,2,93,0,10,
763,316,3,56,3,50,
764,317,1,73,14,20,
765,317,2,6,6,20,2026-10-22
766,317,3,21,2,50,2026-10-01
767,318,1,42,13,10,
768,318,2,9,3,10,2026-09-17
769,318,3,261,5,50,
770,319,1,240,2,50,
771,319,2,61,2,30,
772,320,1,86,5,10,
773,320,2,41,3,30,
774,321,1,0,0,0,
775,321,2,0,0,0,
776,321,3,0,0,0,
777,322,1,124,10,20,
778,322,2,16,16,20,2026-10-10
779,323,1,167,8,30,
780,323,2,108,6,10,
781,324,1,51,4,20,
782,324,2,34,34,10,
783,325,1,76,1,20,
784,325,2,24,0,30,2026-09-16
785,326,1,55,2,50,
786,326,2,39,0,30,
787,327,1,44,6,30,
788,327,2,103,8,10,
789,327,3,117,9,50,
790,328,1,45,1,10,
791,328,2,51,2,10,
792,329,1,28,8,30,2026-09-26
793,329,2,67,3,50,
794,330,1,45,12,50,2026-09-10
795,330,2,100,11,20,
796,331,1,98,6,30,
797,331,2,16,2,50,2026-10-12
798,331,3,11,2,20,2026-10-09
799,332,1,48,1,10,
800,332,2,46,10,20,
801,333,1,109,37,20,
802,333,2,10,3,20,2026-10-15
803,333,3,122,1,30,
804,334,1,9,8,20,2026-09-13
805,334,2,535,15,30,
806,334,3,51,2,20,
807,335,1,92,6,10,
808,335,2,193,11,50,
809,336,1,28,0,20,
810,336,2,48,3,30,
811,337,1,45,19,20,
812,337,2,17,15,20,2026-10-10
813,338,1,0,0,0,
814,338,2,0,0,0,
815,339,1,6,6,10,2026-10-05
816,339,2,16,4,50,2026-10-10
817,339,3,95,2,10,
818,340,1,5,5,20,2026-09-19
819,340,2,5,5,20,2026-10-10
820,341,1,22,0,30,2026-09-28
821,341,2,36,2,10,
822,342,1,1,0,10,2026-09-15
823,342,2,0,0,30,2026-09-25
824,343,1,104,0,20,
825,343,2,86,1,50,
826,343,3,145,2,50,
827,344,1,15,13,30,2026-09-29
828,344,2,35,0,20,
829,344,3,22,0,30,2026-09-15
830,345,1,20,20,50,2026-10-01
831,345,2,45,9,20,
832,346,1,85,11,50,
833,346,2,44,0,50,2026-10-20
834,346,3,33,15,30,
835,347,1,15,0,30,2026-09-10
836,347,2,30,17,20,
837,348,1,78,0,30,
838,348,2,101,20,10,
839,349,1,47,0,50,2026-10-09
840,349,2,169,3,20,
841,350,1,64,7,50,
842,350,2,13,5,10,
843,350,3,18,0,50,2026-09-26
844,351,1,42,3,10,
845,351,2,174,9,10,
846,351,3,44,4,50,2026-09-19
847,352,1,150,4,50,
848,352,2,41,12,20,
849,352,3,30,1,50,2026-09-15
850,353,1,14,4,20,2026-10-01
851,353,2,78,6,50,
852,354,1,34,7,10,
853,354,2,9,0,50,2026-09-27
854,355,1,56,0,50,
855,355,2,91,5,10,
856,356,1,40,18,20,
857,356,2,20,5,20,
858,357,1,44,6,30,
859,357,2,90,30,50,
860,358,1,54,1,20,
861,358,2,22,19,10,
862,358,3,32,4,50,2026-10-11
863,359,1,12,0,10,
864,359,2,32,0,10,
865,360,1,122,3,20,
866,360,2,31,10,30,
867,360,3,21,2,20,
868,361,1,100,6,10,
869,361,2,104,0,50,
870,362,1,29,6,30,2026-09-30
871,362,2,8,4,50,2026-09-11
872,362,3,73,36,20,
873,363,1,10,2,20,2026-10-20
874,363,2,72,5,10,
875,363,3,18,2,10,
876,364,1,70,6,20,
877,364,2,35,9,30,
878,364,3,55,12,20,
879,365,1,130,56,30,
880,365,2,27,7,30,2026-09-24
881,365,3,114,6,50,
882,366,1,77,2,30,
883,366,2,12,12,10,
884,366,3,44,1,20,
885,367,1,59,6,50,
886,367,2,47,0,30,
887,368,1,181,4,30,
888,368,2,15,2,10,
889,369,1,43,0,50,2026-10-16
890,369,2,110,3,50,
891,369,3,66,11,10,
892,370,1,14,1,10,
893,370,2,135,8,10,
894,371,1,44,2,20,
895,371,2,20,1,30,2026-09-21
896,371,3,46,3,50,2026-10-14
897,372,1,223,26,10,
898,372,2,18,3,20,2026-10-04
899,372,3,13,12,10,
900,373,1,385,1,30,
901,373,2,129,0,10,
902,374,1,14,4,10,
903,374,2,45,6,30,
904,374,3,77,6,10,
905,375,1,82,3,30,
906,375,2,8,7,50,2026-09-21
907,376,1,16,0,30,2026-09-27
908,376,2,54,4,10,
909,377,1,101,6,50,
910,377,2,12,1,10,
911,378,1,262,2,20,
912,378,2,1,4,50,2026-09-25
913,378,3,24,2,50,2026-10-01
914,379,1,5,4,20,2026-09-13
915,379,2,17,20,10,2026-09-11
916,380,1,9,1,20,2026-10-04
917,380,2,209,5,30,
918,381,1,79,9,10,
919,381,2,51,1,10,
920,381,3,13,1,20,2026-09-23
921,382,1,84,4,10,
922,382,2,24,19,30,2026-10-11
923,382,3,124,10,20,
924,383,1,0,0,0,
925,383,2,0,0,0,
926,384,1,216,6,50,
927,384,2,16,1,10,
928,385,1,37,3,20,
929,385,2,17,17,50,2026-10-05
930,386,1,37,13,30,
931,386,2,7,7,20,2026-09-14
932,386,3,77,21,20,
933,387,1,8,3,10,2026-10-18
934,387,2,17,8,30,2026-09-21
935,388,1,31,8,20,
936,388,2,64,2,50,
937,389,1,68,5,50,
938,389,2,90,2,50,
939,390,1,24,11,30,2026-10-06
940,390,2,61,2,30,
941,391,1,155,4,50,
942,391,2,8,4,30,2026-10-07
943,392,1,5,5,10,2026-09-20
944,392,2,24,17,30,2026-09-11
945,392,3,26,6,30,2026-10-05
946,393,1,38,0,50,2026-09-23
947,393,2,33,5,20,
948,394,1,111,3,20,
949,394,2,6,5,30,2026-09-17
950,394,3,189,17,50,
951,395,1,0,0,0,
952,395,2,0,0,0,
953,396,1,56,0,20,
954,396,2,83,4,50,
955,397,1,96,1,10,
956,397,2,14,14,30,2026-09-12
957,398,1,41,1,20,
958,398,2,62,5,20,
959,398,3,72,35,20,
960,399,1,37,19,50,2026-09-14
961,399,2,0,0,50,2026-09-17
962,400,1,0,0,0,
963,400,2,0,0,0,
964,400,3,0,0,0,
965,401,1,147,1,30,
966,401,2,28,1,50,2026-09-24
967,402,1,0,0,0,
968,402,2,0,0,0,
969,402,3,0,0,0,
970,403,1,206,4,10,
971,403,2,146,18,30,
972,404,1,24,0,10,
973,404,2,24,3,30,2026-09-15
974,405,1,14,10,30,2026-10-08
975,405,2,28,2,10,
976,406,1,40,0,30,
977,406,2,27,0,50,2026-10-18
978,407,1,5,0,30,2026-09-29
979,407,2,10,8,30,2026-09-12
980,408,1,64,1,50,
981,408,2,21,5,50,2026-09-26
982,408,3,34,24,50,2026-09-12
983,409,1,5,5,50,2026-09-23
984,409,2,76,29,50,
985,409,3,47,5,30,
986,410,1,57,2,50,
987,410,2,8,2,20,2026-09-23
988,410,3,52,9,30,
989,411,1,119,7,10,
990,411,2,24,3,20,
991,412,1,88,4,30,
992,412,2,153,2,20,
993,412,3,20,0,10,
994,413,1,27,0,30,2026-09-10
995,413,2,64,7,20,
996,413,3,15,2,10,
997,414,1,116,5,30,
998,414,2,124,8,30,
999,414,3,17,15,30,2026-10-10
1000,415,1,17,0,10,
1001,415,2,36,2,30,
1002,416,1,20,0,10,
1003,416,2,119,1,10,
1004,417,1,45,1,50,2026-10-17
1005,417,2,17,5,50,2026-10-05
1006,418,1,15,0,30,2026-10-01
1007,418,2,24,12,30,2026-09-21
1008,418,3,59,5,10,
1009,419,1,20,3,30,2026-10-04
1010,419,2,11,0,30,2026-09-29
1011,420,1,25,16,50,2026-09-16
1012,420,2,13,29,10,2026-09-08
1013,421,1,93,17,20,
1014,421,2,41,5,30,
1015,421,3,73,3,50,
1016,422,1,112,4,20,
1017,422,2,46,5,50,2026-09-17
1018,423,1,38,16,30,
1019,423,2,13,10,30,2026-10-09
1020,423,3,56,4,20,
1021,424,1,202,3,10,
1022,424,2,71,0,30,
1023,425,1,78,0,10,
1024,425,2,6,6,20,2026-09-24
1025,425,3,48,5,50,2026-09-22
1026,426,1,206,9,30,
1027,426,2,106,1,20,
1028,427,1,58,5,50,
1029,427,2,131,8,10,
1030,428,1,75,5,30,
1031,428,2,99,3,30,
1032,428,3,52,13,10,
1033,429,1,1,9,10,2026-09-09
1034,429,2,139,2,10,
1035,429,3,68,0,20,
1036,430,1,16,2,20,2026-10-14
1037,430,2,43,16,30,
1038,431,1,27,0,50,2026-10-03
1039,431,2,53,2,50,
1040,431,3,99,6,30,
1041,432,1,0,0,0,
1042,432,2,0,0,0,
1043,433,1,6,6,30,2026-10-14
1044,433,2,166,4,20,
1045,434,1,171,2,30,
1046,434,2,52,4,10,
1047,435,1,78,4,50,
1048,435,2,176,11,50,
1049,435,3,160,7,20,
1050,436,1,143,2,50,
1051,436,2,38,7,30,
1052,437,1,110,2,10,
1053,437,2,100,24,50,
1054,438,1,30,8,10,
1055,438,2,25,12,50,2026-09-20
1056,439,1,57,5,10,
1057,439,2,58,19,20,
1058,440,1,53,10,20,
1059,440,2,190,6,20,
1060,441,1,2,3,20,2026-09-14
1061,441,2,12,6,10,
1062,441,3,140,1,10,
1063,442,1,49,14,20,
1064,442,2,74,5,20,
1065,443,1,27,1,20,
1066,443,2,2,3,30,2026-09-18
1067,444,1,109,13,20,
1068,444,2,6,0,20,2026-09-30
1069,445,1,60,2,50,
1070,445,2,219,0,30,
1071,446,1,0,0,0,
1072,446,2,0,0,0,
1073,447,1,6,2,20,2026-10-20
1074,447,2,49,9,20,
1075,448,1,5,5,30,2026-09-13
1076,448,2,30,6,30,
1077,449,1,184,3,50,
1078,449,2,97,4,10,
1079,449,3,50,4,30,
1080,450,1,2,0,30,2026-09-14
1081,450,2,6,11,50,2026-09-08
1082,451,1,6,0,50,2026-10-10
1083,451,2,140,21,30,
1084,451,3,7,0,30,2026-09-10
1085,452,1,48,10,30,
1086,452,2,71,12,50,
1087,453,1,0,0,0,
1088,453,2,0,0,0,
1089,453,3,0,0,0,
1090,454,1,6,6,10,2026-10-20
1091,454,2,55,3,50,
1092,455,1,102,4,10,
1093,455,2,12,1,30,2026-10-11
1094,455,3,14,7,30,2026-10-21
1095,456,1,70,2,20,
1096,456,2,61,8,50,
1097,456,3,85,1,50,
1098,457,1,31,22,30,
1099,457,2,45,18,30,
1100,458,1,9,1,10,2026-10-21
1101,458,2,25,7,30,2026-10-20
1102,458,3,148,0,30,
1103,459,1,19,8,50,2026-09-25
1104,459,2,132,9,30,
1105,460,1,123,10,30,
1106,460,2,8,1,30,2026-09-25
1107,461,1,0,3,10,2026-09-10
1108,461,2,192,0,10,
1109,462,1,63,1,10,
1110,462,2,157,4,20,
1111,462,3,6,12,30,2026-09-17
1112,463,1,66,17,50,
1113,463,2,20,7,10,
1114,464,1,6,6,20,2026-10-16
1115,464,2,100,5,50,
1116,465,1,174,9,30,
1117,465,2,46,0,20,
1118,466,1,182,3,50,
1119,466,2,59,8,30,
1120,466,3,21,7,20,
1121,467,1,80,16,10,
1122,467,2,131,11,30,
1123,467,3,82,8,20,
1124,468,1,57,2,30,
1125,468,2,31,11,20,
1126,469,1,80,9,10,
1127,469,2,28,3,30,2026-09-17
1128,469,3,12,3,20,2026-10-21
1129,470,1,7,4,30,2026-10-14
1130,470,2,37,10,30,
1131,471,1,143,0,20,
1132,471,2,245,2,10,
1133,471,3,183,10,20,
1134,472,1,83,0,10,
1135,472,2,94,1,20,
1136,473,1,8,15,30,2026-10-01
1137,473,2,46,3,20,
1138,473,3,18,2,50,2026-10-22
1139,474,1,116,4,10,
1140,474,2,333,11,10,
1141,475,1,7,7,20,2026-09-30
1142,475,2,47,11,20,
1143,475,3,47,2,10,
1144,476,1,6,6,10,2026-10-11
1145,476,2,249,10,50,
1146,477,1,67,2,30,
1147,477,2,19,10,50,2026-10-15
1148,477,3,64,0,30,
1149,478,1,48,0,20,
1150,478,2,44,0,50,2026-10-14
1151,479,1,63,3,50,
1152,479,2,136,2,10,
1153,480,1,33,8,50,2026-09-28
1154,480,2,107,7,50,
1155,480,3,38,6,50,2026-09-27
1156,481,1,16,2,50,2026-10-01
1157,481,2,277,3,10,
1158,481,3,37,2,10,
1159,482,1,4,2,20,2026-09-24
1160,482,2,18,0,50,2026-10-03
1161,483,1,151,14,20,
1162,483,2,60,8,50,
1163,484,1,0,0,0,
1164,484,2,0,0,0,
1165,485,1,28,1,10,
1166,485,2,56,17,10,
1167,486,1,45,4,50,2026-09-13
1168,486,2,62,7,20,
1169,487,1,71,1,30,
1170,487,2,37,3,10,
1171,488,1,46,33,50,2026-09-19
1172,488,2,0,1,50,2026-09-09
1173,488,3,5,0,30,2026-09-26
1174,489,1,7,4,30,2026-09-11
1175,489,2,1,7,20,2026-09-15
1176,490,1,0,0,0,
1177,490,2,0,0,0,
1178,490,3,0,0,0,
1179,491,1,60,2,30,
1180,491,2,74,19,10,
1181,491,3,54,6,20,
1182,492,1,57,0,10,
1183,492,2,23,9,20,
1184,493,1,40,6,30,
1185,493,2,67,1,10,
1186,494,1,17,0,10,
1187,494,2,41,14,10,
1188,495,1,17,4,10,
1189,495,2,68,7,10,
1190,496,1,12,3,20,2026-09-30
1191,496,2,18,18,20,2026-10-10
1192,497,1,63,9,10,
1193,497,2,56,18,30,
1194,497,3,76,2,50,
1195,498,1,87,18,30,
1196,498,2,67,1,20,
1197,499,1,25,0,10,
1198,499,2,68,0,10,
1199,499,3,64,4,20,
1200,500,1,48,0,20,
1201,500,2,21,5,50,2026-09-22
1202,501,1,25,2,10,
1203,501,2,13,0,20,2026-09-30
1204,502,1,79,1,20,
1205,502,2,204,16,30,
1206,503,1,2,0,10,2026-10-06
1207,503,2,17,13,50,2026-09-22
1208,504,1,53,33,20,
1209,504,2,27,0,20,
1210,505,1,17,7,20,2026-10-20
1211,505,2,75,0,50,
1212,505,3,71,2,30,
1213,506,1,31,3,10,
1214,506,2,63,2,20,
1215,507,1,90,5,50,
1216,507,2,77,7,10,
1217,508,1,22,9,10,
1218,508,2,56,8,10,
1219,508,3,28,3,20,
1220,509,1,288,11,30,
1221,509,2,33,17,10,
1222,509,3,39,2,10,
1223,510,1,39,7,20,
1224,510,2,9,16,10,2026-09-14
1225,510,3,0,1,30,2026-09-14
1226,511,1,7,4,10,2026-10-21
1227,511,2,21,2,10,
1228,512,1,71,38,30,
1229,512,2,19,1,50,2026-10-19
1230,512,3,5,5,10,2026-10-09
1231,513,1,14,12,30,2026-10-13
1232,513,2,124,21,30,
1233,513,3,3,4,20,2026-09-14
1234,514,1,7,7,50,2026-09-14
1235,514,2,9,7,10,2026-09-29
1236,515,1,138,2,10,
1237,515,2,72,10,50,
1238,516,1,74,5,20,
1239,516,2,133,3,20,
1240,516,3,198,2,20,
1241,517,1,143,2,20,
1242,517,2,8,5,10,2026-09-24
1243,517,3,85,1,30,
1244,518,1,0,0,0,
1245,518,2,0,0,0,
1246,519,1,40,1,20,
1247,519,2,19,2,50,2026-10-19
1248,520,1,43,20,50,2026-09-12
1249,520,2,32,4,10,
1250,520,3,111,14,50,
1251,521,1,109,3,50,
1252,521,2,45,3,10,
1253,522,1,31,0,50,2026-09-29
1254,522,2,59,6,50,
1255,523,1,15,3,20,2026-10-05
1256,523,2,145,4,50,
1257,523,3,167,8,20,
1258,524,1,163,4,10,
1259,524,2,51,3,20,
1260,525,1,48,4,20,
1261,525,2,110,10,50,
1262,525,3,103,28,20,
1263,526,1,93,3,30,
1264,526,2,34,0,50,2026-09-19
1265,526,3,50,1,50,
1266,527,1,3,1,50,2026-09-12
1267,527,2,12,1,50,2026-10-04
1268,527,3,42,33,50,2026-09-25
1269,528,1,112,5,50,
1270,528,2,33,2,30,
1271,529,1,39,2,30,
1272,529,2,120,17,50,
1273,529,3,113,3,10,
1274,530,1,59,11,10,
1275,530,2,77,4,30,
1276,531,1,97,10,10,
1277,531,2,30,24,10,
1278,531,3,41,6,20,
1279,532,1,31,29,30,
1280,532,2,93,13,10,
1281,533,1,81,5,50,
1282,533,2,13,3,30,2026-10-05
1283,534,1,160,2,50,
1284,534,2,17,3,50,2026-09-13
1285,535,1,16,1,30,2026-09-18
1286,535,2,19,1,10,
1287,536,1,156,1,10,
1288,536,2,231,2,20,
1289,536,3,10,1,50,2026-09-14
1290,537,1,11,8,50,2026-09-18
1291,537,2,31,15,30,
1292,537,3,40,15,20,
1293,538,1,48,9,50,2026-10-18
1294,538,2,49,4,20,
1295,538,3,13,13,30,2026-10-12
1296,539,1,36,2,10,
1297,539,2,117,1,50,
1298,540,1,0,0,0,
1299,540,2,0,0,0,
1300,541,1,16,3,10,
1301,541,2,94,11,10,
1302,541,3,45,20,50,2026-09-10
1303,542,1,10,9,30,2026-09-30
1304,542,2,277,5,10,
1305,543,1,13,5,10,
1306,543,2,137,11,10,
1307,543,3,35,6,50,2026-10-12
1308,544,1,0,0,0,
1309,544,2,0,0,0,
1310,545,1,72,48,50,
1311,545,2,12,5,50,2026-09-17
1312,546,1,91,15,10,
1313,546,2,205,0,20,
1314,547,1,23,1,20,
1315,547,2,87,4,30,
1316,548,1,55,2,30,
1317,548,2,9,1,50,2026-09-22
1318,548,3,23,8,20,
1319,549,1,61,8,50,
1320,549,2,37,21,30,
1321,549,3,16,2,10,
1322,550,1,61,17,10,
1323,550,2,33,19,10,
1324,551,1,63,0,30,
1325,551,2,5,5,30,2026-10-12
1326,552,1,34,7,30,
1327,552,2,106,7,30,
1328,552,3,36,4,10,
1329,553,1,13,1,20,2026-09-26
1330,553,2,43,1,50,2026-10-04
1331,553,3,99,4,20,
1332,554,1,81,4,50,
1333,554,2,62,4,20,
1334,555,1,119,1,20,
1335,555,2,18,8,30,2026-09-27
1336,556,1,88,3,50,
1337,556,2,240,18,50,
1338,557,1,24,5,20,
1339,557,2,99,11,20,
1340,557,3,23,4,10,
1341,558,1,57,7,20,
1342,558,2,119,3,10,
1343,559,1,147,0,30,
1344,559,2,53,10,20,
1345,560,1,20,6,10,
1346,560,2,184,3,50,
1347,560,3,64,6,30,
1348,561,1,19,3,10,
1349,561,2,13,2,20,2026-10-05
1350,562,1,119,29,10,
1351,562,2,86,4,20,
1352,562,3,111,5,10,
1353,563,1,5,5,20,2026-09-17
1354,563,2,11,7,10,
1355,564,1,60,2,50,
1356,564,2,70,16,50,
1357,564,3,106,6,30,
1358,565,1,8,8,10,2026-09-15
1359,565,2,66,11,10,
1360,565,3,73,2,50,
1361,566,1,11,1,20,2026-10-09
1362,566,2,22,10,20,
1363,566,3,34,6,20,
1364,567,1,84,5,50,
1365,567,2,17,6,10,
1366,568,1,76,0,50,
1367,568,2,18,11,20,2026-09-14
1368,569,1,38,8,20,
1369,569,2,20,8,50,2026-09-20
1370,569,3,138,5,10,
1371,570,1,105,7,50,
1372,570,2,32,21,50,2026-09-24
1373,571,1,267,7,50,
1374,571,2,156,0,20,
1375,571,3,166,3,20,
1376,572,1,122,4,20,
1377,572,2,35,14,50,2026-10-15
1378,572,3,41,17,20,
1379,573,1,0,0,0,
1380,573,2,0,0,0,
1381,574,1,0,0,0,
1382,574,2,0,0,0,
1383,574,3,0,0,0,
1384,575,1,5,1,30,2026-09-15
1385,575,2,14,5,20,2026-09-11
1386,575,3,79,8,10,
1387,576,1,15,3,20,2026-10-04
1388,576,2,182,5,50,
1389,576,3,34,2,50,2026-09-15
1390,577,1,20,11,50,2026-09-28
1391,577,2,13,11,30,2026-10-14
1392,578,1,103,10,20,
1393,578,2,28,2,30,2026-10-15
1394,579,1,14,1,50,2026-09-16
1395,579,2,55,2,50,
1396,580,1,103,7,20,
1397,580,2,35,1,10,
1398,581,1,116,6,10,
1399,581,2,34,6,10,
1400,582,1,8,1,30,2026-09-19
1401,582,2,73,3,10,
1402,582,3,21,3,20,
1403,583,1,16,3,50,2026-09-16
1404,583,2,33,0,30,
1405,583,3,77,1,10,
1406,584,1,41,15,20,
1407,584,2,186,22,10,
1408,585,1,26,26,10,
1409,585,2,1,1,30,2026-09-14
1410,585,3,123,2,20,
1411,586,1,32,5,50,2026-10-04
1412,586,2,63,1,20,
1413,587,1,0,0,0,
1414,587,2,0,0,0,
1415,588,1,0,0,0,
1416,588,2,0,0,0,
1417,589,1,13,5,30,2026-10-12
1418,589,2,35,20,10,
1419,590,1,39,10,10,
1420,590,2,13,6,50,2026-09-13
1421,591,1,8,7,50,2026-09-25
1422,591,2,80,0,30,
1423,592,1,64,1,10,
1424,592,2,12,12,50,2026-10-12
1425,592,3,27,16,50,2026-09-14
1426,593,1,45,1,20,
1427,593,2,284,23,30,
1428,593,3,32,5,20,
1429,594,1,123,24,50,
1430,594,2,65,4,20,
1431,595,1,11,3,50,2026-10-14
1432,595,2,1,3,50,2026-09-18
1433,595,3,12,7,50,2026-09-28
1434,596,1,0,0,0,
1435,596,2,0,0,0,
1436,596,3,0,0,0,
1437,597,1,3,3,10,2026-09-27
1438,597,2,1,1,10,2026-09-18
1439,597,3,11,11,30,2026-09-18
1440,598,1,31,2,20,
1441,598,2,12,2,30,2026-10-04
1442,599,1,6,0,30,2026-10-05
1443,599,2,21,12,20,
1444,599,3,20,13,30,2026-10-15
1445,600,1,45,7,20,
1446,600,2,15,0,20,2026-09-28
1447,601,1,104,10,20,
1448,601,2,4,7,20,2026-09-15
1449,602,1,65,19,30,
1450,602,2,33,4,10,
1451,603,1,0,0,0,
1452,603,2,0,0,0,
1453,604,1,9,9,50,2026-09-19
1454,604,2,15,15,10,
1455,604,3,63,26,50,
1456,605,1,100,15,50,
1457,605,2,173,15,20,
1458,606,1,48,5,50,2026-10-21
1459,606,2,36,4,20,
1460,607,1,111,17,20,
1461,607,2,9,2,10,2026-09-13
1462,608,1,23,1,50,2026-10-20
1463,608,2,12,6,30,2026-10-04
1464,609,1,40,10,30,
1465,609,2,15,15,10,
1466,610,1,16,4,20,2026-10-01
1467,610,2,77,3,20,
1468,611,1,45,1,10,
1469,611,2,45,7,50,2026-09-27
1470,612,1,196,9,20,
1471,612,2,104,3,30,
1472,613,1,50,2,20,
1473,613,2,19,3,30,2026-10-08
1474,613,3,18,0,30,2026-10-08
1475,614,1,96,7,10,
1476,614,2,149,10,20,
1477,615,1,44,0,30,
1478,615,2,5,1,20,2026-10-19
1479,616,1,12,4,50,2026-10-03
1480,616,2,78,1,30,
1481,617,1,0,0,0,
1482,617,2,0,0,0,
1483,617,3,0,0,0,
1484,618,1,24,7,10,
1485,618,2,69,11,50,
1486,618,3,84,12,30,
1487,619,1,19,2,10,
1488,619,2,16,15,10,
1489,620,1,214,4,10,
1490,620,2,1,2,30,2026-09-11
1491,620,3,18,6,20,2026-09-15
1492,621,1,10,2,50,2026-10-08
1493,621,2,17,1,10,
1494,621,3,61,0,30,
1495,622,1,60,0,30,
1496,622,2,96,8,10,
1497,623,1,93,1,50,
1498,623,2,248,7,20,
1499,623,3,103,8,50,
1500,624,1,1,4,10,2026-09-18
1501,624,2,4,3,50,2026-10-04
1502,625,1,83,13,20,
1503,625,2,30,1,50,2026-10-02
1504,626,1,5,0,30,2026-09-10
1505,626,2,37,7,50,2026-10-08
1506,627,1,14,5,20,2026-10-02
1507,627,2,8,6,10,2026-10-20
1508,628,1,18,5,10,
1509,628,2,42,9,30,
1510,629,1,160,0,20,
1511,629,2,6,6,30,2026-10-11
1512,630,1,11,5,30,2026-09-14
1513,630,2,65,16,50,
1514,631,1,17,4,50,2026-09-28
1515,631,2,58,5,30,
1516,632,1,180,5,50,
1517,632,2,75,1,20,
1518,632,3,73,3,50,
1519,633,1,34,1,10,
1520,633,2,41,14,10,
1521,634,1,41,0,20,
1522,634,2,56,4,20,
1523,635,1,32,4,30,
1524,635,2,33,5,50,2026-10-20
1525,636,1,49,34,20,
1526,636,2,40,8,20,
1527,636,3,47,0,20,
1528,637,1,48,2,10,
1529,637,2,62,1,10,
1530,638,1,120,3,30,
1531,638,2,92,1,30,
1532,639,1,29,8,50,2026-09-21
1533,639,2,18,18,20,2026-10-13
1534,640,1,30,10,20,
1535,640,2,6,5,20,2026-09-22
1536,640,3,44,0,50,2026-10-10
1537,641,1,5,0,50,2026-10-17
1538,641,2,182,29,30,
1539,642,1,12,4,50,2026-10-03
1540,642,2,116,3,30,
1541,642,3,169,5,50,
1542,643,1,37,3,30,
1543,643,2,49,5,10,
1544,643,3,136,10,20,
1545,644,1,7,7,50,2026-10-21
1546,644,2,36,8,10,
1547,644,3,84,18,30,
1548,645,1,70,0,30,
1549,645,2,23,1,20,
1550,646,1,2,1,10,2026-09-15
1551,646,2,7,6,30,2026-09-14
1552,647,1,91,0,20,
1553,647,2,135,1,10,
1554,648,1,259,25,30,
1555,648,2,38,12,50,2026-09-17
1556,649,1,51,6,20,
1557,649,2,65,0,50,
1558,649,3,35,2,30,
1559,650,1,37,1,20,
1560,650,2,12,12,50,2026-10-13
1561,650,3,65,0,50,
1562,651,1,163,20,30,
1563,651,2,131,3,10,
1564,651,3,52,4,20,
1565,652,1,61,0,50,
1566,652,2,304,15,20,
1567,653,1,16,2,10,
1568,653,2,84,0,50,
1569,654,1,25,14,50,2026-10-08
1570,654,2,23,12,20,
1571,655,1,21,21,30,2026-09-23
1572,655,2,15,5,50,2026-10-22
1573,655,3,36,9,20,
1574,656,1,11,3,10,
1575,656,2,26,2,20,
1576,657,1,23,0,20,
1577,657,2,48,3,20,
1578,658,1,98,6,50,
1579,658,2,90,18,50,
1580,659,1,20,6,50,2026-10-11
1581,659,2,71,22,30,
1582,660,1,137,40,10,
1583,660,2,183,8,20,
1584,660,3,38,38,30,
1585,661,1,13,1,20,2026-09-17
1586,661,2,80,7,50,
1587,662,1,89,5,30,
1588,662,2,24,8,20,
1589,663,1,21,1,10,
1590,663,2,119,0,20,
1591,663,3,78,1,10,
1592,664,1,49,5,20,
1593,664,2,34,8,10,
1594,665,1,133,5,20,
1595,665,2,11,8,50,2026-09-23
1596,666,1,45,0,10,
1597,666,2,34,7,30,
1598,666,3,22,13,50,2026-09-27
1599,667,1,28,0,20,
1600,667,2,31,1,50,2026-10-16
1601,667,3,21,0,10,
1602,668,1,0,0,0,
1603,668,2,0,0,0,
1604,669,1,0,0,0,
1605,669,2,0,0,0,
1606,669,3,0,0,0,
1607,670,1,48,13,30,
1608,670,2,18,0,30,2026-09-13
1609,670,3,11,2,20,2026-09-29
1610,671,1,21,3,10,
1611,671,2,49,10,30,
1612,672,1,99,9,10,
1613,672,2,167,7,30,
1614,673,1,67,13,50,
1615,673,2,36,0,20,
1616,673,3,1,1,10,2026-09-09
1617,674,1,63,11,20,
1618,674,2,31,9,50,2026-10-06
1619,675,1,54,10,20,
1620,675,2,23,19,20,
1621,676,1,44,7,20,
1622,676,2,13,3,50,2026-10-16
1623,677,1,15,15,50,2026-10-03
1624,677,2,146,1,30,
1625,677,3,65,11,30,
1626,678,1,166,24,50,
1627,678,2,67,2,10,
1628,678,3,81,2,30,
1629,679,1,134,7,20,
1630,679,2,18,10,50,2026-09-15
1631,680,1,0,0,0,
1632,680,2,0,0,0,
1633,680,3,0,0,0,
1634,681,1,165,10,20,
1635,681,2,10,6,30,2026-10-16
1636,682,1,77,0,30,
1637,682,2,9,9,30,2026-09-12
1638,683,1,210,2,30,
1639,683,2,76,3,20,
1640,683,3,31,0,30,
1641,684,1,69,5,50,
1642,684,2,74,2,10,
1643,684,3,13,6,10,
1644,685,1,9,8,30,2026-10-06
1645,685,2,20,3,10,
1646,686,1,141,13,50,
1647,686,2,15,2,20,2026-10-01
1648,687,1,0,0,0,
1649,687,2,0,0,0,
1650,688,1,9,3,20,2026-09-18
1651,688,2,67,0,10,
1652,689,1,30,9,50,2026-09-18
1653,689,2,36,4,20,
1654,689,3,57,9,50,
1655,690,1,24,0,10,
1656,690,2,62,4,50,
1657,690,3,13,0,50,2026-10-19
1658,691,1,38,6,20,
1659,691,2,31,7,20,
1660,691,3,58,0,30,
1661,692,1,6,6,50,2026-10-17
1662,692,2,67,12,10,
1663,693,1,26,3,10,
1664,693,2,17,17,30,2026-09-19
1665,694,1,72,2,30,
1666,694,2,60,4,10,
1667,695,1,79,8,30,
1668,695,2,40,8,20,
1669,696,1,8,5,30,2026-10-06
1670,696,2,58,0,20,
1671,697,1,25,9,10,
1672,697,2,38,9,50,2026-09-26
1673,698,1,24,8,20,
1674,698,2,106,0,30,
1675,699,1,14,14,10,
1676,699,2,118,0,30,
1677,700,1,13,15,30,2026-09-11
1678,700,2,12,8,30,2026-09-26
1679,701,1,60,11,30,
1680,701,2,77,7,10,
1681,701,3,49,6,10,
1682,702,1,78,1,50,
1683,702,2,56,13,50,
1684,703,1,112,0,10,
1685,703,2,6,0,30,2026-09-12
1686,703,3,5,5,50,2026-09-16
1687,704,1,8,1,50,2026-09-21
1688,704,2,39,16,10,
1689,705,1,51,3,50,
1690,705,2,16,16,30,2026-09-15
1691,706,1,9,7,20,2026-10-05
1692,706,2,54,8,30,
1693,706,3,8,6,30,2026-10-18
1694,707,1,6,3,30,2026-09-15
1695,707,2,19,5,10,
1696,708,1,103,4,50,
1697,708,2,30,2,20,
1698,709,1,9,3,30,2026-10-20
1699,709,2,11,4,10,
1700,709,3,6,1,20,2026-09-11
1701,710,1,86,3,50,
1702,710,2,43,8,50,2026-09-24
1703,711,1,80,1,10,
1704,711,2,36,1,30,
1705,711,3,159,3,30,
1706,712,1,122,27,20,
1707,712,2,24,0,20,
1708,713,1,6,2,20,2026-09-15
1709,713,2,14,5,50,2026-10-15
1710,713,3,13,3,50,2026-09-23
1711,714,1,56,21,20,
1712,714,2,71,1,10,
1713,714,3,101,5,30,
1714,715,1,17,0,20,2026-10-10
1715,715,2,168,10,10,
1716,716,1,63,1,10,
1717,716,2,19,7,30,2026-10-20
1718,716,3,35,0,50,2026-09-27
1719,717,1,35,6,50,2026-10-08
1720,717,2,63,2,50,
1721,718,1,64,2,10,
1722,718,2,78,6,30,
1723,719,1,13,5,10,
1724,719,2,293,17,20,
1725,719,3,175,7,10,
1726,720,1,134,0,50,
1727,720,2,150,11,10,
1728,721,1,22,3,10,
1729,721,2,126,41,50,
1730,721,3,20,6,10,
1731,722,1,0,2,50,2026-10-01
1732,722,2,8,8,10,2026-09-22
1733,723,1,6,0,10,2026-09-10
1734,723,2,22,3,50,2026-09-26
1735,724,1,31,6,10,
1736,724,2,129,3,10,
1737,725,1,123,10,50,
1738,725,2,32,5,20,
1739,725,3,22,22,10,
1740,726,1,27,13,10,
1741,726,2,50,1,30,
1742,726,3,25,0,10,
1743,727,1,73,17,20,
1744,727,2,39,13,10,
1745,728,1,0,0,0,
1746,728,2,0,0,0,
1747,729,1,9,4,30,2026-10-21
1748,729,2,20,0,20,
1749,730,1,31,2,30,
1750,730,2,221,1,30,
1751,731,1,30,6,10,
1752,731,2,181,18,10,
1753,731,3,5,1,20,2026-10-02
1754,732,1,25,17,10,
1755,732,2,111,4,20,
1756,733,1,47,10,30,
1757,733,2,113,2,20,
1758,733,3,34,5,30,
1759,734,1,91,2,50,
1760,734,2,54,0,30,
1761,735,1,65,4,50,
1762,735,2,8,1,50,2026-10-09
1763,735,3,287,8,20,
1764,736,1,72,1,20,
1765,736,2,35,5,20,
1766,737,1,168,4,50,
1767,737,2,19,57,30,2026-09-29
1768,737,3,40,25,20,
1769,738,1,36,7,50,2026-10-16
1770,738,2,226,6,30,
1771,739,1,16,3,30,2026-10-03
1772,739,2,224,8,50,
1773,739,3,16,11,50,2026-09-20
1774,740,1,5,0,30,2026-09-14
1775,740,2,150,6,30,
1776,741,1,52,8,10,
1777,741,2,8,5,20,2026-09-24
1778,741,3,75,7,50,
1779,742,1,37,21,10,
1780,742,2,14,2,10,
1781,743,1,78,2,50,
1782,743,2,142,13,20,
1783,743,3,79,8,10,
1784,744,1,89,1,20,
1785,744,2,35,1,10,
1786,745,1,28,0,20,
1787,745,2,23,4,30,2026-09-26
1788,746,1,2,2,10,2026-09-13
1789,746,2,11,7,30,2026-09-19
1790,747,1,62,0,10,
1791,747,2,162,2,50,
1792,747,3,169,7,20,
1793,748,1,151,13,30,
1794,748,2,59,3,30,
1795,748,3,15,8,20,2026-09-21
1796,749,1,74,13,10,
1797,749,2,69,0,20,
1798,749,3,17,9,20,2026-10-21
1799,750,1,65,11,50,
1800,750,2,17,13,20,2026-09-12
1801,751,1,83,2,10,
1802,751,2,65,1,20,
1803,751,3,119,34,50,
1804,752,1,7,7,30,2026-09-21
1805,752,2,30,7,30,
1806,752,3,66,3,30,
1807,753,1,20,6,20,
1808,753,2,70,13,30,
1809,754,1,25,4,20,
1810,754,2,166,8,20,
1811,755,1,185,2,10,
1812,755,2,152,7,10,
1813,755,3,19,0,30,2026-09-17
1814,756,1,47,3,50,2026-10-22
1815,756,2,14,10,10,
1816,757,1,69,10,50,
1817,757,2,176,4,30,
1818,757,3,28,10,20,
1819,758,1,0,0,0,
1820,758,2,0,0,0,
1821,758,3,0,0,0,
1822,759,1,72,3,50,
1823,759,2,45,2,50,2026-10-02
1824,760,1,45,3,50,2026-10-06
1825,760,2,21,10,10,
1826,761,1,7,1,50,2026-10-05
1827,761,2,43,2,20,
1828,762,1,23,0,10,
1829,762,2,47,26,50,2026-09-26
1830,762,3,36,2,50,2026-09-14
1831,763,1,5,5,20,2026-09-15
1832,763,2,26,10,50,2026-10-04
1833,764,1,6,4,10,2026-09-26
1834,764,2,14,2,20,2026-10-07
1835,764,3,17,14,20,2026-09-21
1836,765,1,115,12,30,
1837,765,2,47,2,50,2026-10-09
1838,765,3,111,3,10,
1839,766,1,81,2,20,
1840,766,2,52,3,50,
1841,766,3,71,3,10,
1842,767,1,40,6,20,
1843,767,2,128,12,10,
1844,767,3,7,7,20,2026-10-01
1845,768,1,75,1,30,
1846,768,2,76,1,50,
1847,768,3,66,5,10,
1848,769,1,75,32,30,
1849,769,2,124,9,50,
1850,769,3,146,2,10,
1851,770,1,0,0,0,
1852,770,2,0,0,0,
1853,771,1,94,8,50,
1854,771,2,6,7,20,2026-09-12
1855,771,3,50,3,50,
1856,772,1,0,0,0,
1857,772,2,0,0,0,
1858,773,1,142,0,10,
1859,773,2,42,11,20,
1860,774,1,255,7,20,
1861,774,2,63,8,20,
1862,775,1,13,3,50,2026-10-07
1863,775,2,193,10,20,
1864,776,1,97,7,50,
1865,776,2,50,3,30,
1866,777,1,39,9,30,
1867,777,2,92,34,50,
1868,777,3,47,9,20,
1869,778,1,6,5,30,2026-09-19
1870,778,2,17,5,20,2026-10-18
1871,779,1,126,9,50,
1872,779,2,11,3,30,2026-09-11
1873,779,3,18,16,20,2026-09-17
1874,780,1,16,4,10,
1875,780,2,5,5,30,2026-09-23
1876,780,3,11,10,50,2026-09-21
1877,781,1,52,4,50,
1878,781,2,50,7,10,
1879,782,1,44,4,50,2026-10-13
1880,782,2,20,1,50,2026-10-02
1881,783,1,23,15,30,2026-09-15
1882,783,2,42,0,30,
1883,784,1,104,33,50,
1884,784,2,168,7,10,
1885,785,1,78,3,30,
1886,785,2,53,3,50,
1887,785,3,12,4,20,2026-09-22
1888,786,1,92,1,30,
1889,786,2,21,17,10,
1890,787,1,21,0,20,
1891,787,2,114,5,20,
1892,788,1,81,0,20,
1893,788,2,67,0,50,
1894,789,1,22,18,30,2026-09-10
1895,789,2,14,8,50,2026-10-06
1896,790,1,46,3,30,
1897,790,2,96,3,10,
1898,790,3,177,7,50,
1899,791,1,216,12,50,
1900,791,2,73,7,10,
1901,791,3,22,0,20,
1902,792,1,275,12,20,
1903,792,2,49,15,50,2026-09-21
1904,793,1,133,8,10,
1905,793,2,26,32,10,2026-09-24
1906,794,1,60,20,50,
1907,794,2,79,4,30,
1908,795,1,104,1,20,
1909,795,2,44,16,30,
1910,795,3,161,2,20,
1911,796,1,17,17,50,2026-10-07
1912,796,2,5,6,20,2026-09-16
1913,797,1,7,4,50,2026-10-18
1914,797,2,22,16,10,
1915,797,3,279,5,30,
1916,798,1,33,21,30,
1917,798,2,180,2,30,
1918,799,1,20,2,30,2026-09-24
1919,799,2,63,5,30,
1920,799,3,137,15,50,
1921,800,1,61,4,10,
1922,800,2,9,9,50,2026-10-02
1923,801,1,19,5,30,2026-10-17
1924,801,2,130,4,30,
1925,801,3,90,1,30,
1926,802,1,55,16,30,
1927,802,2,13,13,10,
1928,803,1,78,16,50,
1929,803,2,242,0,30,
1930,803,3,158,2,10,
1931,804,1,25,24,10,
1932,804,2,32,32,10,
1933,804,3,7,3,20,2026-09-28
1934,805,1,56,0,30,
1935,805,2,10,2,50,2026-10-10
1936,806,1,0,0,0,
1937,806,2,0,0,0,
1938,807,1,40,18,10,
1939,807,2,2,4,50,2026-09-10
1940,807,3,18,15,10,
1941,808,1,82,4,20,
1942,808,2,17,4,10,
1943,808,3,36,1,50,2026-10-20
1944,809,1,15,2,30,2026-10-05
1945,809,2,40,0,50,2026-10-11
1946,809,3,17,2,50,2026-09-28
1947,810,1,20,2,30,2026-09-16
1948,810,2,51,2,50,
1949,811,1,113,15,10,
1950,811,2,23,0,20,
1951,811,3,5,5,20,2026-10-18
1952,812,1,8,1,30,2026-09-18
1953,812,2,55,6,50,
1954,812,3,82,9,10,
1955,813,1,68,5,20,
1956,813,2,25,3,30,2026-10-01
1957,814,1,83,3,20,
1958,814,2,61,4,10,
1959,815,1,31,4,30,
1960,815,2,70,4,10,
1961,816,1,23,10,20,
1962,816,2,5,5,20,2026-09-26
1963,816,3,15,1,10,
1964,817,1,31,0,20,
1965,817,2,25,18,50,2026-09-25
1966,817,3,9,1,10,2026-09-18
1967,818,1,26,3,50,2026-10-11
1968,818,2,27,0,10,
1969,818,3,29,5,30,2026-10-08
1970,819,1,103,10,50,
1971,819,2,10,4,20,2026-10-21
1972,819,3,112,2,10,
1973,820,1,13,1,20,2026-09-19
1974,820,2,135,14,10,
1975,821,1,27,5,50,2026-10-09
1976,821,2,25,6,50,2026-10-21
1977,822,1,73,6,30,
1978,822,2,64,16,20,
1979,822,3,196,5,50,
1980,823,1,14,8,50,2026-10-11
1981,823,2,45,9,20,
1982,823,3,87,3,30,
1983,824,1,27,4,20,
1984,824,2,39,0,50,2026-10-19
1985,825,1,108,3,10,
1986,825,2,39,4,50,2026-09-22
1987,826,1,35,4,10,
1988,826,2,106,3,10,
1989,827,1,12,4,10,
1990,827,2,50,1,50,
1991,827,3,107,44,10,
1992,828,1,2,6,20,2026-09-14
1993,828,2,7,10,50,2026-09-21
1994,829,1,36,7,30,
1995,829,2,63,11,20,
1996,829,3,283,0,30,
1997,830,1,52,11,20,
1998,830,2,104,0,10,
1999,831,1,5,5,20,2026-09-24
2000,831,2,7,7,10,2026-09-14
2001,832,1,107,16,10,
2002,832,2,18,14,30,2026-10-06
2003,832,3,64,3,10,
2004,833,1,0,0,0,
2005,833,2,0,0,0,
2006,834,1,138,7,10,
2007,834,2,19,8,30,2026-10-07
2008,834,3,5,5,50,2026-09-20
2009,835,1,2,2,20,2026-09-28
2010,835,2,8,8,20,2026-09-20
2011,835,3,20,2,50,2026-09-19
2012,836,1,150,3,30,
2013,836,2,45,4,30,
2014,836,3,25,10,10,
2015,837,1,39,21,20,
2016,837,2,144,2,50,
2017,838,1,17,12,10,
2018,838,2,196,18,10,
2019,839,1,126,8,50,
2020,839,2,129,7,30,
2021,840,1,58,7,20,
2022,840,2,52,2,30,
2023,841,1,54,15,20,
2024,841,2,26,3,10,
2025,842,1,14,3,30,2026-09-15
2026,842,2,76,2,10,
2027,843,1,16,2,30,2026-10-17
2028,843,2,170,1,30,
2029,843,3,35,27,50,2026-09-29
2030,844,1,120,39,10,
2031,844,2,65,1,20,
2032,844,3,109,8,10,
2033,845,1,63,9,20,
2034,845,2,139,0,50,
2035,845,3,34,2,20,
2036,846,1,41,10,50,2026-10-08
2037,846,2,6,4,10,2026-09-21
2038,847,1,37,12,30,
2039,847,2,11,3,20,2026-10-04
2040,848,1,5,2,30,2026-10-10
2041,848,2,16,14,30,2026-09-19
2042,848,3,5,4,50,2026-09-15
2043,849,1,0,0,0,
2044,849,2,0,0,0,
2045,850,1,20,12,20,
2046,850,2,9,5,50,2026-10-20
2047,851,1,71,10,50,
2048,851,2,34,1,50,2026-09-25
2049,852,1,48,4,30,
2050,852,2,104,6,10,
2051,853,1,20,3,10,
2052,853,2,16,1,20,2026-09-16
2053,854,1,45,0,20,
2054,854,2,60,8,30,
2055,855,1,5,5,20,2026-09-23
2056,855,2,24,3,30,2026-10-13
2057,856,1,22,9,10,
2058,856,2,65,0,10,
2059,856,3,129,0,50,
2060,857,1,9,0,10,2026-10-16
2061,857,2,41,0,10,
2062,857,3,177,9,30,
2063,858,1,6,6,20,2026-10-22
2064,858,2,12,6,50,2026-09-25
2065,858,3,90,7,50,
2066,859,1,121,12,30,
2067,859,2,7,5,20,2026-09-15
2068,859,3,22,3,30,2026-09-14
2069,860,1,69,21,50,
2070,860,2,108,4,10,
2071,860,3,25,3,50,2026-10-04
2072,861,1,13,11,20,2026-10-22
2073,861,2,146,10,20,
2074,862,1,9,2,30,2026-09-26
2075,862,2,189,3,50,
2076,863,1,85,0,10,
2077,863,2,62,4,20,
2078,864,1,16,1,50,2026-09-28
2079,864,2,94,1,30,
2080,865,1,59,6,20,
2081,865,2,266,2,20,
2082,866,1,47,11,10,
2083,866,2,29,4,20,
2084,867,1,0,0,0,
2085,867,2,0,0,0,
2086,868,1,112,6,30,
2087,868,2,13,3,50,2026-10-17
2088,869,1,81,6,20,
2089,869,2,26,26,50,2026-10-12
2090,869,3,116,5,10,
2091,870,1,11,11,20,2026-10-18
2092,870,2,56,14,50,
2093,871,1,75,15,10,
2094,871,2,16,12,20,2026-09-28
2095,871,3,11,11,30,2026-10-02
2096,872,1,45,0,10,
2097,872,2,34,2,30,
2098,872,3,130,7,20,
2099,873,1,31,0,50,2026-09-14
2100,873,2,134,3,10,
2101,873,3,29,10,10,
2102,874,1,11,10,10,
2103,874,2,166,0,30,
2104,875,1,58,1,10,
2105,875,2,110,35,10,
2106,875,3,13,13,50,2026-09-23
2107,876,1,107,16,50,
2108,876,2,56,9,10,
2109,876,3,280,17,20,
2110,877,1,20,3,10,
2111,877,2,87,14,30,
2112,877,3,33,2,50,2026-09-18
2113,878,1,28,6,50,2026-10-07
2114,878,2,16,0,20,2026-09-22
2115,879,1,0,0,0,
2116,879,2,0,0,0,
2117,880,1,47,20,30,
2118,880,2,29,6,50,2026-09-30
2119,880,3,22,22,10,
2120,881,1,162,2,10,
2121,881,2,180,42,10,
2122,882,1,185,3,10,
2123,882,2,52,2,30,
2124,882,3,13,11,20,2026-09-18
2125,883,1,63,5,50,
2126,883,2,84,3,30,
2127,884,1,28,0,10,
2128,884,2,16,16,30,2026-10-13
2129,885,1,32,13,10,
2130,885,2,99,9,10,
2131,885,3,164,7,10,
2132,886,1,0,0,0,
2133,886,2,0,0,0,
2134,887,1,7,5,30,2026-10-11
2135,887,2,37,10,30,
2136,888,1,16,3,20,2026-10-15
2137,888,2,17,12,30,2026-09-11
2138,888,3,54,23,10,
2139,889,1,40,7,10,
2140,889,2,78,11,20,
2141,890,1,91,2,10,
2142,890,2,87,10,20,
2143,891,1,18,4,30,2026-09-13
2144,891,2,47,11,50,2026-10-15
2145,891,3,82,9,10,
2146,892,1,181,0,30,
2147,892,2,101,5,30,
2148,893,1,124,15,50,
2149,893,2,20,1,10,
2150,893,3,73,0,30,
2151,894,1,111,31,30,
2152,894,2,102,15,50,
2153,894,3,28,20,30,2026-10-06
2154,895,1,8,0,50,2026-09-12
2155,895,2,18,13,20,2026-09-17
2156,896,1,111,1,20,
2157,896,2,6,6,10,2026-09-13
2158,897,1,19,0,50,2026-10-01
2159,897,2,18,5,50,2026-09-12
2160,898,1,38,2,20,
2161,898,2,12,1,20,2026-10-15
2162,899,1,35,1,20,
2163,899,2,126,13,50,
2164,899,3,63,14,10,
2165,900,1,7,7,10,2026-10-13
2166,900,2,42,10,20,
2167,900,3,10,4,20,2026-10-02
2168,901,1,39,0,50,2026-09-20
2169,901,2,8,7,20,2026-09-16
2170,901,3,10,6,20,2026-09-10
2171,902,1,9,9,30,2026-10-07
2172,902,2,164,1,10,
2173,902,3,28,11,30,2026-09-20
2174,903,1,22,22,50,2026-09-13
2175,903,2,12,0,30,2026-10-10
2176,903,3,45,12,30,
2177,904,1,36,0,30,
2178,904,2,32,0,50,2026-10-17
2179,905,1,9,9,10,2026-09-17
2180,905,2,5,5,30,2026-10-02
2181,906,1,73,2,10,
2182,906,2,130,4,10,
2183,906,3,104,0,50,
2184,907,1,78,1,20,
2185,907,2,31,3,50,2026-09-15
2186,907,3,103,18,20,
2187,908,1,6,6,30,2026-09-29
2188,908,2,13,8,50,2026-09-24
2189,909,1,48,1,20,
2190,909,2,56,2,10,
2191,909,3,162,2,20,
2192,910,1,21,3,50,2026-10-17
2193,910,2,47,2,20,
2194,911,1,17,5,50,2026-10-16
2195,911,2,37,13,50,2026-10-21
2196,912,1,38,16,50,2026-09-19
2197,912,2,63,0,10,
2198,912,3,36,0,10,
2199,913,1,5,5,30,2026-09-30
2200,913,2,96,19,10,
2201,914,1,8,0,30,2026-10-03
2202,914,2,44,0,20,
2203,914,3,9,4,20,2026-10-18
2204,915,1,228,16,20,
2205,915,2,39,10,20,
2206,915,3,37,1,50,2026-09-27
2207,916,1,33,6,20,
2208,916,2,166,13,10,
2209,916,3,82,0,30,
2210,917,1,31,6,20,
2211,917,2,77,7,10,
2212,918,1,62,11,10,
2213,918,2,20,3,20,
2214,919,1,7,7,10,2026-09-26
2215,919,2,42,3,30,
2216,920,1,262,12,30,
2217,920,2,50,0,20,
2218,920,3,69,13,10,
2219,921,1,56,2,20,
2220,921,2,100,1,20,
2221,922,1,67,5,30,
2222,922,2,79,5,10,
2223,922,3,53,4,10,
2224,923,1,93,5,50,
2225,923,2,106,6,50,
2226,924,1,60,0,20,
2227,924,2,133,6,50,
2228,925,1,25,17,50,2026-10-09
2229,925,2,76,20,10,
2230,925,3,53,26,50,
2231,926,1,0,0,0,
2232,926,2,0,0,0,
2233,927,1,35,0,50,2026-09-20
2234,927,2,7,7,20,2026-09-11
2235,928,1,67,8,10,
2236,928,2,135,3,10,
2237,929,1,11,11,20,2026-10-05
2238,929,2,4,3,30,2026-09-17
2239,929,3,7,0,30,2026-09-10
2240,930,1,114,4,50,
2241,930,2,106,5,30,
2242,931,1,149,5,10,
2243,931,2,29,0,20,
2244,932,1,84,1,50,
2245,932,2,15,1,10,
2246,933,1,48,9,50,2026-10-21
2247,933,2,23,7,20,
2248,933,3,100,11,50,
2249,934,1,58,9,50,
2250,934,2,59,0,10,
2251,934,3,17,10,30,2026-10-02
2252,935,1,37,14,10,
2253,935,2,73,0,50,
2254,936,1,20,13,20,2026-09-23
2255,936,2,1,3,30,2026-09-24
2256,936,3,15,4,20,2026-09-26
2257,937,1,6,0,30,2026-09-14
2258,937,2,9,9,50,2026-10-12
2259,937,3,172,0,10,
2260,938,1,64,5,30,
2261,938,2,22,22,10,
2262,939,1,44,44,10,
2263,939,2,67,2,20,
2264,940,1,34,10,20,
2265,940,2,81,6,30,
2266,941,1,23,23,20,
2267,941,2,14,14,20,2026-09-26
2268,942,1,26,0,30,2026-10-11
2269,942,2,6,1,10,2026-09-18
2270,942,3,95,0,50,
2271,943,1,9,9,50,2026-09-22
2272,943,2,68,7,50,
2273,943,3,23,14,50,2026-10-04
2274,944,1,12,12,20,2026-10-06
2275,944,2,8,8,20,2026-09-17
2276,945,1,61,3,20,
2277,945,2,106,3,20,
2278,946,1,36,6,10,
2279,946,2,9,10,10,2026-09-10
2280,946,3,20,13,30,2026-10-14
2281,947,1,63,10,10,
2282,947,2,49,1,50,2026-09-28
2283,948,1,80,4,30,
2284,948,2,29,15,30,2026-09-15
2285,949,1,55,8,50,
2286,949,2,55,1,50,
2287,950,1,7,2,20,2026-10-11
2288,950,2,29,14,50,2026-09-15
2289,951,1,18,10,30,2026-10-17
2290,951,2,95,7,10,
2291,951,3,31,9,30,
2292,952,1,67,18,50,
2293,952,2,28,7,30,2026-09-20
2294,953,1,13,10,30,2026-09-12
2295,953,2,7,6,50,2026-09-18
2296,954,1,150,5,30,
2297,954,2,105,2,30,
2298,955,1,9,0,30,2026-10-18
2299,955,2,50,1,10,
2300,955,3,96,1,50,
2301,956,1,20,18,30,2026-09-12
2302,956,2,4,3,10,2026-09-18
2303,956,3,4,7,10,2026-09-24
2304,957,1,5,5,30,2026-10-08
2305,957,2,9,9,30,2026-10-02
2306,958,1,152,13,50,
2307,958,2,123,0,30,
2308,959,1,69,3,50,
2309,959,2,53,1,30,
2310,960,1,201,1,20,
2311,960,2,59,3,20,
2312,960,3,69,4,30,
2313,961,1,67,0,20,
2314,961,2,26,0,10,
2315,961,3,46,0,20,
2316,962,1,147,5,30,
2317,962,2,52,0,20,
2318,963,1,50,2,20,
2319,963,2,128,4,30,
2320,964,1,66,22,10,
2321,964,2,36,9,10,
2322,965,1,99,19,30,
2323,965,2,12,7,30,2026-09-15
2324,965,3,27,0,10,
2325,966,1,17,10,20,2026-09-26
2326,966,2,4,4,50,2026-09-12
2327,967,1,231,30,10,
2328,967,2,41,1,50,2026-10-01
2329,968,1,41,16,30,
2330,968,2,13,0,20,2026-10-08
2331,969,1,29,0,30,2026-10-19
2332,969,2,55,2,30,
2333,970,1,0,4,50,2026-09-14
2334,970,2,1,2,20,2026-09-10
2335,970,3,12,15,50,2026-09-12
2336,971,1,44,3,50,2026-10-20
2337,971,2,140,2,50,
2338,972,1,16,4,30,2026-09-21
2339,972,2,36,6,20,
2340,973,1,8,3,10,2026-10-04
2341,973,2,19,7,10,
2342,973,3,78,2,10,
2343,974,1,16,3,50,2026-10-18
2344,974,2,13,5,50,2026-10-06
2345,974,3,84,5,50,
2346,975,1,3,3,10,2026-09-08
2347,975,2,129,18,10,
2348,976,1,11,11,50,2026-10-17
2349,976,2,30,2,20,
2350,977,1,49,10,20,
2351,977,2,89,3,20,
2352,978,1,5,1,30,2026-10-17
2353,978,2,114,20,30,
2354,979,1,6,1,10,2026-10-09
2355,979,2,21,7,50,2026-10-20
2356,980,1,106,4,20,
2357,980,2,37,3,50,2026-09-20
2358,981,1,26,0,50,2026-09-15
2359,981,2,93,0,50,
2360,981,3,70,26,10,
2361,982,1,26,10,20,
2362,982,2,5,5,50,2026-10-22
2363,982,3,20,6,50,2026-09-21
2364,983,1,7,7,50,2026-10-02
2365,983,2,64,9,10,
2366,983,3,44,4,50,2026-09-28
2367,984,1,107,6,20,
2368,984,2,245,1,20,
2369,985,1,0,0,0,
2370,985,2,0,0,0,
2371,985,3,0,0,0,
2372,986,1,87,3,10,
2373,986,2,10,10,10,
2374,987,1,8,5,10,2026-10-22
2375,987,2,13,3,50,2026-10-02
2376,987,3,28,2,30,2026-10-17
2377,988,1,11,0,20,2026-10-14
2378,988,2,12,12,50,2026-09-19
2379,988,3,184,4,20,
2380,989,1,11,3,30,2026-10-15
2381,989,2,42,1,10,
2382,989,3,42,6,30,
2383,990,1,36,24,10,
2384,990,2,46,30,30,
2385,991,1,62,4,30,
2386,991,2,181,0,30,
2387,992,1,58,10,50,
2388,992,2,16,9,50,2026-10-02
2389,993,1,34,1,10,
2390,993,2,76,6,10,
2391,993,3,56,7,50,
2392,994,1,92,4,50,
2393,994,2,25,7,50,2026-10-17
2394,995,1,60,0,20,
2395,995,2,41,0,10,
2396,996,1,44,33,10,
2397,996,2,10,10,10,
2398,996,3,179,4,10,
2399,997,1,15,3,30,2026-09-20
2400,997,2,62,1,30,
2401,997,3,47,4,50,2026-10-14
2402,998,1,22,9,50,2026-09-12
2403,998,2,152,0,20,
2404,999,1,77,0,30,
2405,999,2,140,7,50,
2406,999,3,55,4,10,
2407,1000,1,182,77,50,
2408,1000,2,32,2,10,
2409,1001,1,16,2,50,2026-10-16
2410,1001,2,25,4,50,2026-09-13
2411,1002,1,90,12,10,
2412,1002,2,38,16,30,
2413,1002,3,61,7,10,
2414,1003,1,71,0,30,
2415,1003,2,73,24,50,
2416,1003,3,30,19,20,
2417,1004,1,10,10,20,2026-09-15
2418,1004,2,25,7,50,2026-10-01
2419,1005,1,72,0,50,
2420,1005,2,107,7,50,
2421,1006,1,29,3,10,
2422,1006,2,103,5,50,
2423,1006,3,114,12,30,
2424,1007,1,0,0,0,
2425,1007,2,0,0,0,
2426,1007,3,0,0,0,
2427,1008,1,82,9,10,
2428,1008,2,15,15,10,
2429,1008,3,39,0,50,2026-10-12
2430,1009,1,15,3,50,2026-09-16
2431,1009,2,180,9,20,
2432,1010,1,105,4,30,
2433,1010,2,105,21,30,
2434,1011,1,37,9,10,
2435,1011,2,147,0,50,
2436,1012,1,39,2,50,2026-09-11
2437,1012,2,75,9,30,
2438,1013,1,30,7,10,
2439,1013,2,89,8,30,
2440,1014,1,28,1,30,2026-09-17
2441,1014,2,14,4,20,2026-09-10
2442,1015,1,31,6,10,
2443,1015,2,152,9,30,
2444,1015,3,22,9,10,
2445,1016,1,14,0,50,2026-09-29
2446,1016,2,34,15,10,
2447,1017,1,7,15,50,2026-09-09
2448,1017,2,6,6,20,2026-09-30
2449,1017,3,9,6,20,2026-09-22
2450,1018,1,13,13,10,
2451,1018,2,63,5,20,
2452,1018,3,11,11,50,2026-10-18
2453,1019,1,31,1,30,
2454,1019,2,88,16,20,
2455,1019,3,54,2,50,
2456,1020,1,41,28,50,2026-09-16
2457,1020,2,30,6,50,2026-09-22
2458,1021,1,56,4,20,
2459,1021,2,59,22,30,
2460,1021,3,12,3,50,2026-10-12
2461,1022,1,24,1,20,
2462,1022,2,75,7,50,
2463,1022,3,211,12,10,
2464,1023,1,69,2,30,
2465,1023,2,6,6,50,2026-10-15
2466,1023,3,44,7,30,
2467,1024,1,55,4,50,
2468,1024,2,9,2,30,2026-10-20
2469,1024,3,24,8,10,
2470,1025,1,62,10,30,
2471,1025,2,9,5,30,2026-09-24
2472,1026,1,86,18,20,
2473,1026,2,266,29,10,
2474,1027,1,7,7,10,2026-10-07
2475,1027,2,31,10,20,
2476,1028,1,331,3,10,
2477,1028,2,29,0,30,2026-10-22
2478,1029,1,11,2,30,2026-09-17
2479,1029,2,45,0,30,
2480,1030,1,97,2,10,
2481,1030,2,26,6,30,2026-09-15
2482,1030,3,134,3,50,
2483,1031,1,67,0,10,
2484,1031,2,29,4,30,2026-10-04
2485,1031,3,12,12,10,
2486,1032,1,7,4,50,2026-10-05
2487,1032,2,4,5,20,2026-09-08
2488,1032,3,1,2,20,2026-09-21
2489,1033,1,18,18,10,
2490,1033,2,98,7,50,
2491,1034,1,2,3,10,2026-09-14
2492,1034,2,182,0,30,
2493,1034,3,79,24,10,
2494,1035,1,25,23,50,2026-10-03
2495,1035,2,36,0,50,2026-09-10
2496,1036,1,91,3,50,
2497,1036,2,19,8,50,2026-10-10
2498,1037,1,14,21,50,2026-09-11
2499,1037,2,41,2,10,
2500,1038,1,104,1,50,
2501,1038,2,92,2,10,
2502,1038,3,5,3,20,2026-09-28
2503,1039,1,26,24,30,2026-09-29
2504,1039,2,20,9,50,2026-09-28
2505,1039,3,82,18,10,
2506,1040,1,4,4,10,2026-09-24
2507,1040,2,29,16,50,2026-09-23
2508,1040,3,4,0,20,2026-10-07
2509,1041,1,173,12,50,
2510,1041,2,38,2,30,
2511,1041,3,154,19,20,
2512,1042,1,70,4,10,
2513,1042,2,34,7,10,
2514,1042,3,93,8,20,
2515,1043,1,142,2,50,
2516,1043,2,124,7,10,
2517,1044,1,137,15,50,
2518,1044,2,18,6,50,2026-10-02
2519,1045,1,5,5,20,2026-09-11
2520,1045,2,13,14,50,2026-09-10
2521,1045,3,0,0,10,2026-09-23
2522,1046,1,53,2,10,
2523,1046,2,61,3,20,
2524,1047,1,43,14,10,
2525,1047,2,57,3,30,
2526,1048,1,20,9,30,2026-09-10
2527,1048,2,48,6,20,
2528,1049,1,142,3,20,
2529,1049,2,45,4,10,
2530,1050,1,52,13,20,
2531,1050,2,56,4,10,
2532,1051,1,89,6,10,
2533,1051,2,10,8,30,2026-10-14
2534,1051,3,8,8,10,2026-09-10
2535,1052,1,21,3,50,2026-10-17
2536,1052,2,27,15,10,
2537,1053,1,48,2,30,
2538,1053,2,26,9,30,2026-09-29
2539,1054,1,6,6,10,2026-09-10
2540,1054,2,23,7,50,2026-09-24
2541,1054,3,7,7,30,2026-09-20
2542,1055,1,45,12,10,
2543,1055,2,20,19,30,2026-09-14
2544,1056,1,108,4,10,
2545,1056,2,32,0,20,
2546,1057,1,102,31,10,
2547,1057,2,45,4,10,
2548,1057,3,83,14,10,
2549,1058,1,69,5,50,
2550,1058,2,38,12,30,
2551,1058,3,9,9,50,2026-10-21
2552,1059,1,0,0,0,
2553,1059,2,0,0,0,
2554,1059,3,0,0,0,
2555,1060,1,95,6,10,
2556,1060,2,21,8,20,
2557,1060,3,15,2,10,
2558,1061,1,23,5,20,
2559,1061,2,24,4,10,
2560,1062,1,0,0,0,
2561,1062,2,0,0,0,
2562,1063,1,23,2,50,2026-10-03
2563,1063,2,36,4,10,
2564,1063,3,29,8,50,2026-09-26
2565,1064,1,35,18,10,
2566,1064,2,84,11,50,
2567,1064,3,29,29,10,
2568,1065,1,74,16,50,
2569,1065,2,44,6,30,
2570,1066,1,8,4,10,2026-10-13
2571,1066,2,5,3,50,2026-10-01
2572,1067,1,9,0,30,2026-09-26
2573,1067,2,135,0,10,
2574,1067,3,150,21,10,
2575,1068,1,12,12,20,2026-10-05
2576,1068,2,30,7,20,
2577,1069,1,15,1,50,2026-09-21
2578,1069,2,82,3,20,
2579,1069,3,65,1,10,
2580,1070,1,88,0,10,
2581,1070,2,62,2,10,
2582,1071,1,6,5,20,2026-09-19
2583,1071,2,10,10,50,2026-10-20
2584,1071,3,63,25,20,
2585,1072,1,171,3,20,
2586,1072,2,48,5,50,2026-10-04
2587,1073,1,0,0,0,
2588,1073,2,0,0,0,
2589,1074,1,18,3,30,2026-09-20
2590,1074,2,205,16,50,
2591,1075,1,31,3,10,
2592,1075,2,53,8,10,
2593,1076,1,82,2,20,
2594,1076,2,212,14,30,
2595,1077,1,96,10,50,
2596,1077,2,67,6,20,
2597,1078,1,19,6,20,2026-09-20
2598,1078,2,8,8,20,2026-09-15
2599,1079,1,127,2,50,
2600,1079,2,62,6,10,
2601,1080,1,125,8,30,
2602,1080,2,9,5,30,2026-10-09
2603,1080,3,23,9,10,
2604,1081,1,10,10,20,2026-10-11
2605,1081,2,38,6,50,2026-09-18
2606,1082,1,71,8,20,
2607,1082,2,44,2,20,
2608,1082,3,20,4,30,2026-09-14
2609,1083,1,0,0,0,
2610,1083,2,0,0,0,
2611,1083,3,0,0,0,
2612,1084,1,108,3,10,
2613,1084,2,55,11,30,
2614,1085,1,146,1,50,
2615,1085,2,48,4,30,
2616,1085,3,31,1,20,
2617,1086,1,84,6,20,
2618,1086,2,21,4,30,2026-10-14
2619,1087,1,14,14,50,2026-10-06
2620,1087,2,34,0,20,
2621,1088,1,97,0,50,
2622,1088,2,45,3,20,
2623,1088,3,100,1,10,
2624,1089,1,77,4,20,
2625,1089,2,20,0,10,
2626,1089,3,153,5,10,
2627,1090,1,72,1,50,
2628,1090,2,170,10,20,
2629,1091,1,5,5,10,2026-10-21
2630,1091,2,62,0,10,
2631,1092,1,16,10,20,2026-09-11
2632,1092,2,116,3,50,
2633,1093,1,24,10,50,2026-10-07
2634,1093,2,28,6,30,2026-09-14
2635,1094,1,7,7,50,2026-10-12
2636,1094,2,90,26,50,
2637,1094,3,27,0,20,
2638,1095,1,11,9,30,2026-10-22
2639,1095,2,50,1,30,
2640,1096,1,43,8,10,
2641,1096,2,7,1,30,2026-10-15
2642,1097,1,64,2,10,
2643,1097,2,107,3,50,
2644,1097,3,24,24,10,
2645,1098,1,28,11,50,2026-10-06
2646,1098,2,19,20,20,2026-09-10
2647,1098,3,16,4,50,2026-09-14
2648,1099,1,116,0,30,
2649,1099,2,175,4,50,
2650,1099,3,89,11,30,
2651,1100,1,118,8,30,
2652,1100,2,22,0,20,
2653,1101,1,60,1,50,
2654,1101,2,207,6,20,
2655,1101,3,17,10,30,2026-09-18
2656,1102,1,0,0,0,
2657,1102,2,0,0,0,
2658,1103,1,49,3,10,
2659,1103,2,34,1,50,2026-10-16
2660,1104,1,38,1,20,
2661,1104,2,75,14,10,
2662,1105,1,9,9,30,2026-10-09
2663,1105,2,72,1,30,
2664,1106,1,16,8,30,2026-10-07
2665,1106,2,85,10,10,
2666,1107,1,3,1,30,2026-09-26
2667,1107,2,1,2,50,2026-09-08
2668,1108,1,75,4,20,
2669,1108,2,216,4,30,
2670,1109,1,10,10,50,2026-09-24
2671,1109,2,24,13,30,2026-09-10
2672,1109,3,5,4,10,2026-09-14
2673,1110,1,97,22,10,
2674,1110,2,5,0,30,2026-09-16
2675,1111,1,164,8,20,
2676,1111,2,71,10,10,
2677,1112,1,36,1,10,
2678,1112,2,161,7,20,
2679,1113,1,79,1,10,
2680,1113,2,9,4,20,2026-09-27
2681,1113,3,55,1,10,
2682,1114,1,35,7,50,2026-10-21
2683,1114,2,11,4,10,
2684,1114,3,39,5,30,
2685,1115,1,40,14,30,
2686,1115,2,55,2,30,
2687,1116,1,37,5,50,2026-09-26
2688,1116,2,23,3,20,
2689,1117,1,39,10,30,
2690,1117,2,19,1,30,2026-10-19
2691,1118,1,63,5,50,
2692,1118,2,60,2,50,
2693,1118,3,5,5,20,2026-10-12
2694,1119,1,49,6,10,
2695,1119,2,36,6,10,
2696,1119,3,18,3,50,2026-10-03
2697,1120,1,43,2,50,2026-10-18
2698,1120,2,104,2,50,
2699,1120,3,143,5,10,
2700,1121,1,14,8,10,
2701,1121,2,32,22,50,2026-09-20
2702,1122,1,1,3,30,2026-09-30
2703,1122,2,24,9,50,2026-09-28
2704,1123,1,133,18,30,
2705,1123,2,31,8,30,
2706,1124,1,115,27,20,
2707,1124,2,11,4,30,2026-10-15
2708,1125,1,49,14,50,2026-09-21
2709,1125,2,8,2,20,2026-09-17
2710,1126,1,17,3,50,2026-09-13
2711,1126,2,75,5,30,
2712,1126,3,37,13,30,
2713,1127,1,0,0,0,
2714,1127,2,0,0,0,
2715,1128,1,0,0,0,
2716,1128,2,0,0,0,
2717,1129,1,166,12,20,
2718,1129,2,100,0,50,
2719,1129,3,23,8,50,2026-10-14
2720,1130,1,168,3,50,
2721,1130,2,133,0,20,
2722,1131,1,89,15,50,
2723,1131,2,91,1,30,
2724,1132,1,7,7,10,2026-09-20
2725,1132,2,64,11,20,
2726,1133,1,44,4,10,
2727,1133,2,9,4,30,2026-09-26
2728,1134,1,5,5,20,2026-09-21
2729,1134,2,38,26,30,
2730,1135,1,0,0,0,
2731,1135,2,0,0,0,
2732,1135,3,0,0,0,
2733,1136,1,44,29,50,2026-09-20
2734,1136,2,33,2,50,2026-09-11
2735,1137,1,246,1,10,
2736,1137,2,119,15,50,
2737,1138,1,12,0,20,2026-09-17
2738,1138,2,123,5,10,
2739,1139,1,15,3,20,2026-09-26
2740,1139,2,34,8,50,2026-09-23
2741,1140,1,68,6,30,
2742,1140,2,53,5,30,
2743,1140,3,35,9,10,
2744,1141,1,119,2,20,
2745,1141,2,25,1,20,
2746,1141,3,55,7,30,
2747,1142,1,118,0,10,
2748,1142,2,13,0,30,2026-09-19
2749,1143,1,127,2,20,
2750,1143,2,67,9,30,
2751,1144,1,72,40,20,
2752,1144,2,37,2,30,
2753,1144,3,89,10,10,
2754,1145,1,22,12,50,2026-09-20
2755,1145,2,41,6,20,
2756,1146,1,48,25,30,
2757,1146,2,54,1,30,
2758,1146,3,55,4,10,
2759,1147,1,72,7,30,
2760,1147,2,29,13,30,2026-10-17
2761,1147,3,7,5,50,2026-09-22
2762,1148,1,34,13,30,
2763,1148,2,40,2,30,
2764,1149,1,5,0,50,2026-10-11
2765,1149,2,60,2,50,
2766,1149,3,57,9,30,
2767,1150,1,14,1,10,
2768,1150,2,15,9,20,2026-10-05
2769,1150,3,25,3,10,
2770,1151,1,32,1,30,
2771,1151,2,56,56,50,
2772,1152,1,63,8,30,
2773,1152,2,25,18,50,2026-10-13
2774,1152,3,53,7,50,
2775,1153,1,40,0,30,
2776,1153,2,22,10,30,2026-09-28
2777,1153,3,5,5,50,2026-10-13
2778,1154,1,276,16,50,
2779,1154,2,25,1,20,
2780,1154,3,15,1,10,
2781,1155,1,48,0,50,2026-09-26
2782,1155,2,39,0,20,
2783,1156,1,105,1,30,
2784,1156,2,110,4,20,
2785,1157,1,24,11,30,2026-10-01
2786,1157,2,14,11,30,2026-10-03
2787,1158,1,22,7,50,2026-10-06
2788,1158,2,135,0,20,
2789,1159,1,66,5,30,
2790,1159,2,23,2,10,
2791,1160,1,175,1,30,
2792,1160,2,4,6,50,2026-09-21
2793,1161,1,122,6,30,
2794,1161,2,4,13,20,2026-09-28
2795,1162,1,55,4,10,
2796,1162,2,32,9,10,
2797,1162,3,20,0,50,2026-09-13
2798,1163,1,52,2,10,
2799,1163,2,51,15,50,
2800,1164,1,17,22,20,2026-09-11
2801,1164,2,3,12,30,2026-09-12
2802,1165,1,94,4,50,
2803,1165,2,27,14,50,2026-10-13
2804,1166,1,273,4,10,
2805,1166,2,15,3,10,
2806,1167,1,101,0,10,
2807,1167,2,253,4,10,
2808,1167,3,60,0,10,
2809,1168,1,53,16,20,
2810,1168,2,20,6,50,2026-09-28
2811,1168,3,15,0,10,
2812,1169,1,19,3,10,
2813,1169,2,18,1,10,
2814,1169,3,5,2,20,2026-10-21
2815,1170,1,12,12,30,2026-10-15
2816,1170,2,72,3,20,
2817,1170,3,151,0,50,
2818,1171,1,46,24,30,
2819,1171,2,116,1,20,
2820,1172,1,0,0,0,
2821,1172,2,0,0,0,
2822,1173,1,12,12,10,
2823,1173,2,107,3,10,
2824,1173,3,273,8,50,
2825,1174,1,54,2,10,
2826,1174,2,49,3,30,
2827,1175,1,40,0,20,
2828,1175,2,105,18,10,
2829,1175,3,189,14,20,
2830,1176,1,143,8,30,
2831,1176,2,66,16,50,
2832,1176,3,86,14,30,
2833,1177,1,33,2,10,
2834,1177,2,7,7,50,2026-10-15
2835,1177,3,5,5,30,2026-09-21
2836,1178,1,27,1,10,
2837,1178,2,100,0,30,
2838,1179,1,163,1,30,
2839,1179,2,98,4,10,
2840,1180,1,3,2,10,2026-09-29
2841,1180,2,20,12,30,2026-09-24
2842,1180,3,4,14,20,2026-09-12
2843,1181,1,77,0,10,
2844,1181,2,142,28,30,
2845,1182,1,74,13,30,
2846,1182,2,23,18,30,2026-09-16
2847,1183,1,49,7,10,
2848,1183,2,102,4,30,
2849,1183,3,235,2,30,
2850,1184,1,141,14,10,
2851,1184,2,54,0,20,
2852,1185,1,21,7,20,
2853,1185,2,30,1,20,
2854,1186,1,0,0,0,
2855,1186,2,0,0,0,
2856,1187,1,231,9,50,
2857,1187,2,164,4,50,
2858,1187,3,98,2,10,
2859,1188,1,68,8,20,
2860,1188,2,48,2,30,
2861,1189,1,36,2,30,
2862,1189,2,21,16,50,2026-10-14
2863,1189,3,20,1,20,
2864,1190,1,54,19,30,
2865,1190,2,190,10,20,
2866,1191,1,0,0,0,
2867,1191,2,0,0,0,
2868,1192,1,51,3,50,
2869,1192,2,7,7,50,2026-09-27
2870,1193,1,55,14,20,
2871,1193,2,101,11,30,
2872,1194,1,68,12,30,
2873,1194,2,68,1,20,
2874,1194,3,150,0,10,
2875,1195,1,3,3,10,2026-09-09
2876,1195,2,26,9,30,2026-10-21
2877,1196,1,6,6,50,2026-09-20
2878,1196,2,31,1,30,
2879,1197,1,34,9,30,
2880,1197,2,37,5,30,
2881,1198,1,28,10,50,2026-09-11
2882,1198,2,29,9,10,
2883,1199,1,146,1,10,
2884,1199,2,3,4,50,2026-09-12
2885,1199,3,12,0,30,2026-10-08
2886,1200,1,64,0,30,
2887,1200,2,95,21,30,
2888,1200,3,158,4,50,
2889,1201,1,114,1,30,
2890,1201,2,43,6,10,
2891,1202,1,85,3,50,
2892,1202,2,24,1,10,
2893,1203,1,213,2,30,
2894,1203,2,53,7,20,
2895,1204,1,21,5,10,
2896,1204,2,112,7,30,
2897,1204,3,26,1,50,2026-10-09
2898,1205,1,59,12,30,
2899,1205,2,136,11,30,
2900,1206,1,5,0,50,2026-09-23
2901,1206,2,76,3,50,
2902,1206,3,64,1,30,
2903,1207,1,31,14,10,
2904,1207,2,60,4,50,
2905,1208,1,23,7,10,
2906,1208,2,33,3,30,
2907,1208,3,43,13,20,
2908,1209,1,45,36,50,2026-09-14
2909,1209,2,16,13,30,2026-09-23
2910,1210,1,96,10,20,
2911,1210,2,35,1,20,
2912,1211,1,47,1,20,
2913,1211,2,163,3,30,
2914,1212,1,15,12,30,2026-09-11
2915,1212,2,232,0,50,
2916,1213,1,7,2,30,2026-09-27
2917,1213,2,143,5,50,
2918,1214,1,6,6,30,2026-09-21
2919,1214,2,20,1,10,
2920,1214,3,31,3,50,2026-09-24
2921,1215,1,9,0,30,2026-10-09
2922,1215,2,55,11,10,
2923,1216,1,18,18,10,
2924,1216,2,39,7,50,2026-09-14
2925,1216,3,90,15,30,
2926,1217,1,146,21,10,
2927,1217,2,97,4,10,
2928,1218,1,5,5,30,2026-09-20
2929,1218,2,35,9,20,
2930,1218,3,25,9,20,
2931,1219,1,228,3,20,
2932,1219,2,49,6,10,
2933,1220,1,9,9,10,2026-10-16
2934,1220,2,64,1,50,
2935,1221,1,92,6,20,
2936,1221,2,100,15,10,
2937,1222,1,99,10,50,
2938,1222,2,80,7,10,
2939,1222,3,55,9,30,
2940,1223,1,263,23,30,
2941,1223,2,80,4,30,
2942,1223,3,120,23,50,
2943,1224,1,18,4,10,
2944,1224,2,27,8,20,
2945,1224,3,165,4,20,
2946,1225,1,114,1,30,
2947,1225,2,95,6,30,
2948,1225,3,11,0,20,2026-09-30
2949,1226,1,7,2,30,2026-09-16
2950,1226,2,73,16,10,
2951,1227,1,1,0,20,2026-10-06
2952,1227,2,4,8,50,2026-09-08
2953,1228,1,115,3,30,
2954,1228,2,104,2,10,
2955,1228,3,24,3,10,
2956,1229,1,203,3,30,
2957,1229,2,55,3,10,
2958,1230,1,17,0,30,2026-09-29
2959,1230,2,91,1,20,
2960,1231,1,12,12,20,2026-09-23
2961,1231,2,535,0,30,
2962,1232,1,34,3,30,
2963,1232,2,131,1,50,
2964,1233,1,14,0,20,2026-10-06
2965,1233,2,30,3,20,
2966,1234,1,90,11,10,
2967,1234,2,113,5,20,
2968,1235,1,165,2,10,
2969,1235,2,79,2,30,
2970,1236,1,30,18,50,2026-10-05
2971,1236,2,44,9,30,
2972,1236,3,26,7,10,
2973,1237,1,14,9,10,
2974,1237,2,24,10,50,2026-09-28
2975,1237,3,354,11,30,
2976,1238,1,6,3,30,2026-09-25
2977,1238,2,120,1,30,
2978,1238,3,19,3,50,2026-10-17
2979,1239,1,41,18,50,2026-09-16
2980,1239,2,28,2,50,2026-10-09
2981,1240,1,15,15,10,
2982,1240,2,6,6,20,2026-10-03
2983,1240,3,113,1,50,
2984,1241,1,214,0,10,
2985,1241,2,5,3,20,2026-10-15
2986,1242,1,143,8,20,
2987,1242,2,18,0,20,2026-09-28
2988,1242,3,5,5,20,2026-10-15
2989,1243,1,28,2,50,2026-09-30
2990,1243,2,66,4,30,
2991,1244,1,61,6,20,
2992,1244,2,25,16,20,
2993,1245,1,9,8,20,2026-09-17
2994,1245,2,0,0,30,2026-10-01
2995,1246,1,150,10,50,
2996,1246,2,97,1,10,
2997,1246,3,215,3,20,
2998,1247,1,16,9,10,
2999,1247,2,45,9,50,2026-09-14
3000,1247,3,9,9,50,2026-09-19
3001,1248,1,7,5,20,2026-09-17
3002,1248,2,3,3,10,2026-10-07
3003,1248,3,15,2,50,2026-09-19
3004,1249,1,34,21,10,
3005,1249,2,15,11,20,2026-09-22
3006,1250,1,8,8,10,2026-09-27
3007,1250,2,11,11,20,2026-10-16
3008,1250,3,33,5,10,
3009,1251,1,6,6,50,2026-09-14
3010,1251,2,107,4,30,
3011,1252,1,45,4,30,
3012,1252,2,75,4,20,
3013,1252,3,145,1,50,
3014,1253,1,3,5,30,2026-09-09
3015,1253,2,40,8,20,
3016,1254,1,10,10,10,
3017,1254,2,29,4,20,
3018,1254,3,111,1,30,
3019,1255,1,143,10,30,
3020,1255,2,116,9,20,
3021,1256,1,22,6,30,2026-09-28
3022,1256,2,9,0,10,2026-10-02
3023,1257,1,98,0,20,
3024,1257,2,37,7,30,
3025,1257,3,83,5,20,
3026,1258,1,62,5,20,
3027,1258,2,67,2,50,
3028,1259,1,63,0,10,
3029,1259,2,28,6,20,
3030,1259,3,78,4,50,
3031,1260,1,50,13,30,
3032,1260,2,7,26,50,2026-09-08
3033,1260,3,31,1,20,
3034,1261,1,18,4,10,
3035,1261,2,45,11,30,
3036,1262,1,22,5,10,
3037,1262,2,20,9,50,2026-10-08
3038,1262,3,142,1,30,
3039,1263,1,5,5,30,2026-09-22
3040,1263,2,33,7,10,
3041,1264,1,18,3,30,2026-09-28
3042,1264,2,60,13,20,
3043,1265,1,100,1,50,
3044,1265,2,50,3,20,
3045,1266,1,13,0,20,2026-10-06
3046,1266,2,15,15,30,2026-10-02
3047,1266,3,125,13,20,
3048,1267,1,0,0,0,
3049,1267,2,0,0,0,
3050,1267,3,0,0,0,
3051,1268,1,58,3,20,
3052,1268,2,58,9,50,
3053,1268,3,25,7,10,
3054,1269,1,33,0,20,
3055,1269,2,47,0,50,2026-09-10
3056,1269,3,118,5,50,
3057,1270,1,92,5,30,
3058,1270,2,71,10,20,
3059,1270,3,158,21,50,
3060,1271,1,95,4,50,
3061,1271,2,81,19,20,
3062,1272,1,71,1,20,
3063,1272,2,13,0,50,2026-10-18
3064,1273,1,16,2,30,2026-09-24
3065,1273,2,45,0,50,2026-10-05
3066,1274,1,21,11,30,2026-10-08
3067,1274,2,88,0,20,
3068,1275,1,24,8,50,2026-10-13
3069,1275,2,29,0,30,2026-10-16
3070,1276,1,11,10,10,
3071,1276,2,26,2,30,2026-10-21
3072,1277,1,10,10,10,
3073,1277,2,11,11,30,2026-10-08
3074,1277,3,33,1,30,
3075,1278,1,6,5,30,2026-09-15
3076,1278,2,51,2,10,
3077,1279,1,0,0,0,
3078,1279,2,0,0,0,
3079,1279,3,0,0,0,
3080,1280,1,8,8,10,2026-09-10
3081,1280,2,5,2,30,2026-10-18
3082,1281,1,64,6,10,
3083,1281,2,81,1,30,
3084,1281,3,8,6,10,2026-10-15
3085,1282,1,45,3,30,
3086,1282,2,82,4,10,
3087,1282,3,39,26,50,2026-10-20
3088,1283,1,26,0,30,2026-09-29
3089,1283,2,28,14,50,2026-09-10
3090,1283,3,34,7,30,
3091,1284,1,87,11,20,
3092,1284,2,35,5,50,2026-10-07
3093,1285,1,49,5,50,2026-10-14
3094,1285,2,7,0,10,2026-10-12
3095,1286,1,0,0,0,
3096,1286,2,0,0,0,
3097,1286,3,0,0,0,
3098,1287,1,82,7,50,
3099,1287,2,6,2,20,2026-09-24
3100,1288,1,35,7,20,
3101,1288,2,110,12,10,
3102,1289,1,16,1,20,2026-10-20
3103,1289,2,79,1,20,
3104,1290,1,34,0,20,
3105,1290,2,50,5,50,
3106,1290,3,167,1,10,
3107,1291,1,126,14,20,
3108,1291,2,19,0,10,
3109,1292,1,129,1,20,
3110,1292,2,55,2,10,
3111,1292,3,3,3,50,2026-10-06
3112,1293,1,61,2,50,
3113,1293,2,52,20,20,
3114,1293,3,91,1,20,
3115,1294,1,50,11,30,
3116,1294,2,142,5,10,
3117,1294,3,84,9,30,
3118,1295,1,57,12,30,
3119,1295,2,5,1,20,2026-10-08
3120,1295,3,36,8,30,
3121,1296,1,0,0,0,
3122,1296,2,0,0,0,
3123,1297,1,145,0,30,
3124,1297,2,19,0,10,
3125,1298,1,42,7,10,
3126,1298,2,17,5,50,2026-09-11
3127,1298,3,25,3,30,2026-10-18
3128,1299,1,128,3,10,
3129,1299,2,127,9,10,
3130,1300,1,12,10,10,
3131,1300,2,283,2,20,
3132,1301,1,52,3,50,
3133,1301,2,97,6,50,
3134,1301,3,33,24,50,2026-09-24
3135,1302,1,25,3,20,
3136,1302,2,276,11,10,
3137,1303,1,43,3,20,
3138,1303,2,36,3,10,
3139,1304,1,45,4,20,
3140,1304,2,8,2,20,2026-10-03
3141,1305,1,0,0,0,
3142,1305,2,0,0,0,
3143,1305,3,0,0,0,
3144,1306,1,43,11,10,
3145,1306,2,159,1,20,
3146,1307,1,42,3,50,2026-10-18
3147,1307,2,36,18,10,
3148,1307,3,8,4,50,2026-09-11
3149,1308,1,48,1,30,
3150,1308,2,18,3,50,2026-09-19
3151,1308,3,75,10,50,
3152,1309,1,24,3,30,2026-09-19
3153,1309,2,62,2,50,
3154,1309,3,34,6,10,
3155,1310,1,18,17,20,2026-09-20
3156,1310,2,11,4,50,2026-10-05
3157,1310,3,137,6,20,
3158,1311,1,0,0,0,
3159,1311,2,0,0,0,
3160,1311,3,0,0,0,
3161,1312,1,21,1,30,2026-09-23
3162,1312,2,17,17,50,2026-09-14
3163,1312,3,39,12,20,
3164,1313,1,72,8,30,
3165,1313,2,41,1,20,
3166,1313,3,74,7,20,
3167,1314,1,58,17,50,
3168,1314,2,19,2,20,2026-10-16
3169,1315,1,29,2,10,
3170,1315,2,15,6,50,2026-09-17
3171,1316,1,21,0,20,
3172,1316,2,61,0,30,
3173,1316,3,40,2,30,
3174,1317,1,111,1,30,
3175,1317,2,106,0,10,
3176,1318,1,16,6,30,2026-10-11
3177,1318,2,43,3,50,2026-10-19
3178,1318,3,28,22,50,2026-09-27
3179,1319,1,135,6,10,
3180,1319,2,27,8,20,
3181,1320,1,54,1,50,
3182,1320,2,87,13,50,
3183,1321,1,93,10,50,
3184,1321,2,8,8,10,2026-09-22
3185,1321,3,24,10,50,2026-10-21
3186,1322,1,56,10,20,
3187,1322,2,70,40,10,
3188,1323,1,14,1,10,
3189,1323,2,44,2,50,2026-10-08
3190,1324,1,6,6,10,2026-10-18
3191,1324,2,34,9,30,
3192,1325,1,10,1,30,2026-10-03
3193,1325,2,50,0,30,
3194,1325,3,72,9,10,
3195,1326,1,198,6,10,
3196,1326,2,39,17,20,
3197,1327,1,21,2,30,2026-09-28
3198,1327,2,12,9,10,
3199,1328,1,70,0,30,
3200,1328,2,56,10,10,
3201,1329,1,49,7,50,2026-10-03
3202,1329,2,42,0,20,
3203,1329,3,41,8,30,
3204,1330,1,60,0,50,
3205,1330,2,111,9,30,
3206,1330,3,26,11,50,2026-10-13
3207,1331,1,0,0,0,
3208,1331,2,0,0,0,
3209,1332,1,28,26,20,
3210,1332,2,50,0,10,
3211,1332,3,36,4,10,
3212,1333,1,81,8,10,
3213,1333,2,13,2,50,2026-10-18
3214,1333,3,18,18,10,
3215,1334,1,41,1,50,2026-09-22
3216,1334,2,6,6,50,2026-10-20
3217,1335,1,45,3,30,
3218,1335,2,34,12,50,2026-09-24
3219,1336,1,107,19,30,
3220,1336,2,82,3,30,
3221,1336,3,39,1,20,
3222,1337,1,9,6,30,2026-10-02
3223,1337,2,23,5,50,2026-10-18
3224,1337,3,14,2,20,2026-09-23
3225,1338,1,26,20,20,
3226,1338,2,28,1,20,
3227,1339,1,0,0,0,
3228,1339,2,0,0,0,
3229,1340,1,11,1,20,2026-10-18
3230,1340,2,73,4,20,
3231,1340,3,26,23,10,
3232,1341,1,34,0,10,
3233,1341,2,19,2,20,2026-09-27
3234,1342,1,78,9,10,
3235,1342,2,54,1,50,
3236,1342,3,93,0,50,
3237,1343,1,106,10,30,
3238,1343,2,45,9,10,
3239,1344,1,32,11,20,
3240,1344,2,13,9,10,
3241,1344,3,9,9,30,2026-10-06
3242,1345,1,78,12,10,
3243,1345,2,149,5,30,
3244,1346,1,30,1,50,2026-09-20
3245,1346,2,154,6,10,
3246,1347,1,15,1,30,2026-09-21
3247,1347,2,66,0,30,
3248,1348,1,8,4,30,2026-10-20
3249,1348,2,29,5,20,
3250,1349,1,0,0,0,
3251,1349,2,0,0,0,
3252,1350,1,200,11,30,
3253,1350,2,58,27,10,
3254,1351,1,84,32,20,
3255,1351,2,49,3,20,
3256,1351,3,11,7,50,2026-10-11
3257,1352,1,92,3,20,
3258,1352,2,51,2,10,
3259,1353,1,9,6,30,2026-09-20
3260,1353,2,13,13,20,2026-10-11
3261,1354,1,177,10,50,
3262,1354,2,44,5,30,
3263,1355,1,91,0,20,
3264,1355,2,64,2,50,
3265,1355,3,50,0,20,
3266,1356,1,0,0,0,
3267,1356,2,0,0,0,
3268,1357,1,64,9,50,
3269,1357,2,44,16,50,2026-10-09
3270,1358,1,91,4,50,
3271,1358,2,114,8,50,
3272,1359,1,30,8,50,2026-09-26
3273,1359,2,80,5,10,
3274,1360,1,108,16,50,
3275,1360,2,22,22,30,2026-09-16
3276,1361,1,28,13,50,2026-09-14
3277,1361,2,40,2,50,2026-10-13
3278,1361,3,17,1,20,2026-09-22
3279,1362,1,13,9,50,2026-09-11
3280,1362,2,168,7,30,
3281,1362,3,114,4,30,
3282,1363,1,26,3,50,2026-10-07
3283,1363,2,113,1,10,
3284,1363,3,15,9,50,2026-09-18
3285,1364,1,52,0,30,
3286,1364,2,97,0,30,
3287,1365,1,8,1,50,2026-09-23
3288,1365,2,12,11,50,2026-10-05
3289,1365,3,7,3,20,2026-09-27
3290,1366,1,23,7,10,
3291,1366,2,172,16,20,
3292,1366,3,26,17,20,
3293,1367,1,15,5,50,2026-10-04
3294,1367,2,46,4,50,2026-10-22
3295,1368,1,44,4,10,
3296,1368,2,39,7,20,
3297,1369,1,13,13,30,2026-10-03
3298,1369,2,40,18,50,2026-09-28
3299,1370,1,95,34,50,
3300,1370,2,45,5,30,
3301,1371,1,26,9,20,
3302,1371,2,41,16,50,2026-10-16
3303,1372,1,8,15,50,2026-09-10
3304,1372,2,69,15,50,
3305,1373,1,55,2,30,
3306,1373,2,52,3,20,
3307,1374,1,68,15,30,
3308,1374,2,18,2,30,2026-10-08
3309,1374,3,140,4,30,
3310,1375,1,1,1,10,2026-09-22
3311,1375,2,8,8,10,2026-09-19
3312,1376,1,24,4,30,2026-10-11
3313,1376,2,83,2,30,
3314,1377,1,0,0,0,
3315,1377,2,0,0,0,
3316,1377,3,0,0,0,
3317,1378,1,13,13,10,
3318,1378,2,80,9,50,
3319,1379,1,46,10,10,
3320,1379,2,85,10,30,
3321,1379,3,11,11,10,
3322,1380,1,58,2,30,
3323,1380,2,133,20,30,
3324,1381,1,31,2,50,2026-10-15
3325,1381,2,32,10,10,
3326,1382,1,113,6,50,
3327,1382,2,55,1,10,
3328,1383,1,15,3,50,2026-10-13
3329,1383,2,19,10,50,2026-10-06
3330,1383,3,45,16,20,
3331,1384,1,143,6,20,
3332,1384,2,25,19,30,2026-10-10
3333,1385,1,18,17,10,
3334,1385,2,87,8,50,
3335,1385,3,137,1,10,
3336,1386,1,100,2,10,
3337,1386,2,186,15,50,
3338,1386,3,20,0,30,2026-09-14
3339,1387,1,81,2,20,
3340,1387,2,12,5,50,2026-10-03
3341,1388,1,6,1,20,2026-09-19
3342,1388,2,28,2,20,
3343,1389,1,8,5,10,2026-10-17
3344,1389,2,95,12,20,
3345,1390,1,69,2,30,
3346,1390,2,251,10,10,
3347,1390,3,51,9,20,
3348,1391,1,36,1,30,
3349,1391,2,13,8,50,2026-09-29
3350,1391,3,5,3,20,2026-09-25
3351,1392,1,31,7,10,
3352,1392,2,7,0,20,2026-10-05
3353,1393,1,22,3,20,
3354,1393,2,24,14,10,
3355,1394,1,56,13,30,
3356,1394,2,128,3,20,
3357,1395,1,75,4,30,
3358,1395,2,63,2,30,
3359,1395,3,222,4,10,
3360,1396,1,14,13,20,2026-09-17
3361,1396,2,9,22,50,2026-09-17
3362,1396,3,8,4,30,2026-10-07
3363,1397,1,126,4,50,
3364,1397,2,21,7,20,
3365,1398,1,13,10,20,2026-09-14
3366,1398,2,15,7,30,2026-10-01
3367,1398,3,85,0,50,
3368,1399,1,13,12,10,
3369,1399,2,21,1,20,
3370,1400,1,19,5,30,2026-09-28
3371,1400,2,42,2,20,
3372,1401,1,12,8,50,2026-09-26
3373,1401,2,74,3,10,
3374,1402,1,178,1,10,
3375,1402,2,19,1,10,
3376,1402,3,34,2,20,
3377,1403,1,18,3,10,
3378,1403,2,15,0,10,
3379,1403,3,15,8,10,
3380,1404,1,119,13,10,
3381,1404,2,8,8,30,2026-10-22
3382,1404,3,167,3,30,
3383,1405,1,36,36,10,
3384,1405,2,81,2,20,
3385,1405,3,201,3,10,
3386,1406,1,95,6,10,
3387,1406,2,5,2,10,2026-09-30
3388,1407,1,40,2,50,2026-10-15
3389,1407,2,36,9,20,
3390,1407,3,112,5,50,
3391,1408,1,194,5,20,
3392,1408,2,28,0,50,2026-09-15
3393,1408,3,76,2,50,
3394,1409,1,83,6,20,
3395,1409,2,104,2,20,
3396,1409,3,37,6,30,
3397,1410,1,40,8,10,
3398,1410,2,207,2,20,
3399,1410,3,17,9,30,2026-10-11
3400,1411,1,59,10,50,
3401,1411,2,31,10,30,
3402,1411,3,10,9,50,2026-10-17
3403,1412,1,28,14,10,
3404,1412,2,62,5,10,
3405,1412,3,162,7,20,
3406,1413,1,34,12,20,
3407,1413,2,69,2,20,
3408,1414,1,78,13,10,
3409,1414,2,35,11,10,
3410,1414,3,5,5,30,2026-09-25
3411,1415,1,8,1,20,2026-10-16
3412,1415,2,260,3,30,
3413,1416,1,82,0,10,
3414,1416,2,114,27,30,
3415,1417,1,253,0,10,
3416,1417,2,125,1,30,
3417,1418,1,19,14,50,2026-10-20
3418,1418,2,36,12,20,
3419,1419,1,24,10,20,
3420,1419,2,31,4,20,
3421,1420,1,29,3,10,
3422,1420,2,10,7,50,2026-09-12
3423,1420,3,115,16,30,
3424,1421,1,155,1,10,
3425,1421,2,121,12,10,
3426,1421,3,16,4,30,2026-10-05
3427,1422,1,97,9,10,
3428,1422,2,52,1,20,
3429,1423,1,72,2,10,
3430,1423,2,82,8,50,
3431,1424,1,23,23,10,
3432,1424,2,76,10,50,
3433,1424,3,27,1,10,
3434,1425,1,134,10,20,
3435,1425,2,28,0,20,
3436,1426,1,10,8,30,2026-09-11
3437,1426,2,22,3,30,2026-09-12
3438,1426,3,79,8,20,
3439,1427,1,1,1,10,2026-09-29
3440,1427,2,6,1,10,2026-10-01
3441,1428,1,40,0,20,
3442,1428,2,30,12,50,2026-10-11
3443,1428,3,154,0,50,
3444,1429,1,19,19,50,2026-09-20
3445,1429,2,72,1,20,
3446,1429,3,6,0,50,2026-10-15
3447,1430,1,10,2,10,
3448,1430,2,20,0,30,2026-10-17
3449,1430,3,188,21,20,
3450,1431,1,0,0,0,
3451,1431,2,0,0,0,
3452,1432,1,166,4,20,
3453,1432,2,144,6,10,
3454,1432,3,58,0,30,
3455,1433,1,91,25,30,
3456,1433,2,42,3,10,
3457,1433,3,48,25,10,
3458,1434,1,10,3,50,2026-09-17
3459,1434,2,25,0,50,2026-09-21
3460,1434,3,10,3,10,
3461,1435,1,138,1,50,
3462,1435,2,30,20,30,
3463,1435,3,41,20,50,2026-10-17
3464,1436,1,83,8,50,
3465,1436,2,26,5,20,
3466,1437,1,0,0,0,
3467,1437,2,0,0,0,
3468,1437,3,0,0,0,
3469,1438,1,48,20,20,
3470,1438,2,40,7,20,
3471,1438,3,18,7,50,2026-10-08
3472,1439,1,150,19,30,
3473,1439,2,70,0,30,
3474,1440,1,72,15,10,
3475,1440,2,42,1,10,
3476,1440,3,80,1,20,
3477,1441,1,81,5,10,
3478,1441,2,8,8,50,2026-10-20
3479,1441,3,48,20,30,
3480,1442,1,72,16,50,
3481,1442,2,76,9,30,
3482,1442,3,34,14,30,
3483,1443,1,145,0,50,
3484,1443,2,18,6,30,2026-09-22
3485,1443,3,13,4,20,2026-10-07
3486,1444,1,16,2,30,2026-09-16
3487,1444,2,50,4,50,
3488,1445,1,7,7,20,2026-09-18
3489,1445,2,45,8,50,2026-10-14
3490,1446,1,13,12,20,2026-10-20
3491,1446,2,100,0,20,
3492,1446,3,43,17,10,
3493,1447,1,8,4,30,2026-09-29
3494,1447,2,4,4,20,2026-09-23
3495,1448,1,229,8,10,
3496,1448,2,131,7,20,
3497,1448,3,40,29,10,
3498,1449,1,15,0,30,2026-09-12
3499,1449,2,92,0,20,
3500,1450,1,209,12,20,
3501,1450,2,49,10,10,
3502,1451,1,23,5,10,
3503,1451,2,54,12,30,
3504,1452,1,33,7,20,
3505,1452,2,24,2,10,
3506,1452,3,11,3,50,2026-09-28
3507,1453,1,49,3,50,2026-10-02
3508,1453,2,24,3,20,
3509,1453,3,65,2,30,
3510,1454,1,45,5,20,
3511,1454,2,126,6,50,
3512,1454,3,13,10,50,2026-09-27
3513,1455,1,15,4,10,
3514,1455,2,9,3,10,2026-10-07
3515,1456,1,56,27,30,
3516,1456,2,63,3,10,
3517,1456,3,75,4,50,
3518,1457,1,31,8,30,
3519,1457,2,13,10,10,
3520,1458,1,315,2,20,
3521,1458,2,39,4,50,2026-10-18
3522,1459,1,76,4,10,
3523,1459,2,74,10,10,
3524,1460,1,42,1,20,
3525,1460,2,19,2,20,2026-09-28
3526,1460,3,12,0,10,
3527,1461,1,17,10,20,2026-09-17
3528,1461,2,10,10,20,2026-10-12
3529,1462,1,20,1,30,2026-10-22
3530,1462,2,99,3,50,
3531,1463,1,17,9,30,2026-09-19
3532,1463,2,10,5,20,2026-10-08
3533,1464,1,73,0,30,
3534,1464,2,62,1,10,
3535,1465,1,6,2,10,2026-09-14
3536,1465,2,2,3,20,2026-09-10
3537,1465,3,7,3,20,2026-09-24
3538,1466,1,91,13,20,
3539,1466,2,57,1,10,
3540,1467,1,11,6,20,2026-09-30
3541,1467,2,129,0,20,
3542,1467,3,75,3,50,
3543,1468,1,41,1,20,
3544,1468,2,16,11,50,2026-09-23
3545,1468,3,28,0,30,2026-10-17
3546,1469,1,75,3,20,
3547,1469,2,5,5,20,2026-10-12
3548,1470,1,21,7,20,
3549,1470,2,20,13,10,
3550,1471,1,31,3,30,
3551,1471,2,14,1,30,2026-09-27
3552,1472,1,18,18,50,2026-09-20
3553,1472,2,19,8,30,2026-10-07
3554,1473,1,80,7,20,
3555,1473,2,44,1,50,2026-09-19
3556,1474,1,18,1,50,2026-09-29
3557,1474,2,29,11,30,2026-09-18
3558,1475,1,24,0,10,
3559,1475,2,31,1,20,
3560,1476,1,37,7,50,2026-09-18
3561,1476,2,35,1,50,2026-10-04
3562,1476,3,23,20,50,2026-10-01
3563,1477,1,67,4,30,
3564,1477,2,54,6,30,
3565,1477,3,47,0,20,
3566,1478,1,115,2,30,
3567,1478,2,59,5,10,
3568,1478,3,26,3,50,2026-09-22
3569,1479,1,5,2,30,2026-10-11
3570,1479,2,46,2,20,
3571,1480,1,186,7,50,
3572,1480,2,24,1,30,2026-09-22
3573,1480,3,14,4,10,
3574,1481,1,12,7,30,2026-10-18
3575,1481,2,97,16,10,
3576,1482,1,46,8,30,
3577,1482,2,225,14,50,
3578,1483,1,0,0,0,
3579,1483,2,0,0,0,
3580,1483,3,0,0,0,
3581,1484,1,30,14,30,
3582,1484,2,22,9,50,2026-10-19
3583,1485,1,9,9,30,2026-09-12
3584,1485,2,13,4,10,
3585,1485,3,10,10,20,2026-10-22
3586,1486,1,37,7,20,
3587,1486,2,21,21,30,2026-10-08
3588,1486,3,45,2,10,
3589,1487,1,45,37,50,2026-09-26
3590,1487,2,17,11,30,2026-09-24
3591,1487,3,50,45,50,2026-09-19
3592,1488,1,0,0,0,
3593,1488,2,0,0,0,
3594,1489,1,18,1,20,2026-10-10
3595,1489,2,33,3,20,
3596,1490,1,25,0,10,
3597,1490,2,39,5,30,
3598,1491,1,139,7,20,
3599,1491,2,52,0,30,
3600,1491,3,103,17,10,
3601,1492,1,132,8,50,
3602,1492,2,179,9,30,
3603,1493,1,50,4,10,
3604,1493,2,413,16,50,
3605,1494,1,25,12,10,
3606,1494,2,94,2,30,
3607,1495,1,147,1,50,
3608,1495,2,24,1,20,
3609,1495,3,53,11,20,
3610,1496,1,68,0,30,
3611,1496,2,44,0,20,
3612,1496,3,6,1,20,2026-09-19
3613,1497,1,28,14,30,2026-10-05
3614,1497,2,20,20,20,
3615,1498,1,15,1,50,2026-09-13
3616,1498,2,13,13,30,2026-10-01
3617,1499,1,99,10,20,
3618,1499,2,132,12,10,
3619,1500,1,28,18,30,2026-10-19
3620,1500,2,139,43,20,
3621,1500,3,59,2,50,
3622,1501,1,40,2,20,
3623,1501,2,174,3,20,
3624,1501,3,47,14,50,2026-09-10
3625,1502,1,33,1,50,2026-10-10
3626,1502,2,18,4,10,
3627,1503,1,44,3,50,2026-10-09
3628,1503,2,12,16,10,2026-09-10
3629,1503,3,74,1,20,
3630,1504,1,27,0,10,
3631,1504,2,78,21,20,
3632,1504,3,43,0,20,
3633,1505,1,94,5,50,
3634,1505,2,53,1,30,
3635,1506,1,9,6,50,2026-10-08
3636,1506,2,30,5,50,2026-09-16
3637,1507,1,50,7,20,
3638,1507,2,4,7,50,2026-09-14
3639,1507,3,42,10,30,
3640,1508,1,11,2,50,2026-09-29
3641,1508,2,9,8,10,2026-10-07
3642,1508,3,1,1,10,2026-09-19
3643,1509,1,98,15,10,
3644,1509,2,34,3,30,
3645,1509,3,77,6,30,
3646,1510,1,67,0,10,
3647,1510,2,304,4,30,
3648,1511,1,9,8,10,2026-10-04
3649,1511,2,15,8,50,2026-09-17
3650,1512,1,16,13,30,2026-10-02
3651,1512,2,16,22,10,2026-09-14
3652,1513,1,15,0,30,2026-09-24
3653,1513,2,45,8,30,
3654,1514,1,155,4,30,
3655,1514,2,42,9,50,2026-10-06
3656,1515,1,167,4,50,
3657,1515,2,7,7,10,2026-09-27
3658,1516,1,94,11,50,
3659,1516,2,51,1,10,
3660,1517,1,136,8,20,
3661,1517,2,29,12,30,2026-09-16
3662,1518,1,49,2,30,
3663,1518,2,30,2,10,
3664,1519,1,18,2,50,2026-09-29
3665,1519,2,134,9,10,
3666,1520,1,46,3,30,
3667,1520,2,6,6,50,2026-10-13
3668,1521,1,12,11,10,
3669,1521,2,68,2,10,
3670,1521,3,46,6,20,
3671,1522,1,13,0,50,2026-10-06
3672,1522,2,156,9,30,
3673,1523,1,29,14,50,2026-09-25
3674,1523,2,6,5,50,2026-10-21
3675,1524,1,56,1,20,
3676,1524,2,21,0,30,2026-10-13
3677,1524,3,80,21,20,
3678,1525,1,12,1,50,2026-10-14
3679,1525,2,18,14,10,
3680,1526,1,66,11,10,
3681,1526,2,92,3,10,
3682,1527,1,137,2,10,
3683,1527,2,21,8,50,2026-09-16
3684,1528,1,68,2,20,
3685,1528,2,90,1,30,
3686,1528,3,62,1,50,
3687,1529,1,58,0,50,
3688,1529,2,60,2,10,
3689,1530,1,28,2,50,2026-10-01
3690,1530,2,45,5,50,2026-09-17
3691,1531,1,67,0,50,
3692,1531,2,66,1,10,
3693,1532,1,151,14,30,
3694,1532,2,18,4,50,2026-09-13
3695,1533,1,85,1,30,
3696,1533,2,5,5,20,2026-10-02
3697,1534,1,23,4,10,
3698,1534,2,10,10,20,2026-09-16
3699,1535,1,124,1,10,
3700,1535,2,193,5,20,
3701,1536,1,68,14,10,
3702,1536,2,9,9,10,2026-10-06
3703,1537,1,104,2,20,
3704,1537,2,98,15,10,
3705,1537,3,56,0,50,
3706,1538,1,90,2,30,
3707,1538,2,79,5,50,
3708,1538,3,6,6,30,2026-09-16
3709,1539,1,38,1,20,
3710,1539,2,138,13,20,
3711,1540,1,22,6,30,2026-10-15
3712,1540,2,6,5,50,2026-09-29
3713,1540,3,19,12,10,
3714,1541,1,6,9,30,2026-09-28
3715,1541,2,23,14,50,2026-10-04
3716,1542,1,14,1,50,2026-10-12
3717,1542,2,30,4,10,
3718,1543,1,17,3,10,
3719,1543,2,129,4,10,
3720,1544,1,126,7,50,
3721,1544,2,66,24,20,
3722,1545,1,6,4,20,2026-09-19
3723,1545,2,44,28,50,2026-09-12
3724,1546,1,30,19,50,2026-10-01
3725,1546,2,45,10,50,2026-10-07
3726,1547,1,98,9,30,
3727,1547,2,73,7,10,
3728,1548,1,2,1,10,2026-09-26
3729,1548,2,22,21,30,2026-10-01
3730,1549,1,52,2,20,
3731,1549,2,18,1,30,2026-09-25
3732,1549,3,16,16,30,2026-10-03
3733,1550,1,117,0,50,
3734,1550,2,85,10,30,
3735,1550,3,15,5,30,2026-10-03
3736,1551,1,57,17,10,
3737,1551,2,5,5,10,2026-10-06
3738,1552,1,139,1,30,
3739,1552,2,9,0,10,2026-09-20
3740,1553,1,14,4,20,2026-09-25
3741,1553,2,46,12,50,2026-10-04
3742,1554,1,24,8,30,2026-10-18
3743,1554,2,69,9,20,
3744,1554,3,49,10,50,2026-10-22
3745,1555,1,118,28,30,
3746,1555,2,31,3,30,
3747,1556,1,3,1,20,2026-09-27
3748,1556,2,9,9,20,2026-09-10
3749,1556,3,9,7,10,2026-10-07
3750,1557,1,5,4,10,2026-09-26
3751,1557,2,15,9,20,2026-09-30
3752,1558,1,35,16,10,
3753,1558,2,12,5,30,2026-09-21
3754,1558,3,32,14,30,
3755,1559,1,108,3,30,
3756,1559,2,14,0,10,
3757,1560,1,0,0,0,
3758,1560,2,0,0,0,
3759,1560,3,0,0,0,
3760,1561,1,22,7,20,
3761,1561,2,16,15,30,2026-09-18
3762,1561,3,75,9,50,
3763,1562,1,19,2,30,2026-10-08
3764,1562,2,200,7,50,
3765,1563,1,31,11,50,2026-10-06
3766,1563,2,23,6,50,2026-09-14
3767,1563,3,30,3,20,
3768,1564,1,38,1,10,
3769,1564,2,29,9,30,2026-10-06
3770,1564,3,85,3,30,
3771,1565,1,0,0,0,
3772,1565,2,0,0,0,
3773,1565,3,0,0,0,
3774,1566,1,11,4,30,2026-09-11
3775,1566,2,225,22,50,
3776,1567,1,263,6,50,
3777,1567,2,100,5,10,
3778,1568,1,0,0,0,
3779,1568,2,0,0,0,
3780,1568,3,0,0,0,
3781,1569,1,29,1,30,2026-09-30
3782,1569,2,106,1,20,
3783,1569,3,17,11,20,2026-10-17
3784,1570,1,57,1,20,
3785,1570,2,188,5,10,
3786,1570,3,5,5,30,2026-10-02
3787,1571,1,211,20,30,
3788,1571,2,59,5,20,
3789,1572,1,57,11,10,
3790,1572,2,209,24,20,
3791,1573,1,21,11,30,2026-09-18
3792,1573,2,106,14,30,
3793,1574,1,11,11,50,2026-10-20
3794,1574,2,84,1,20,
3795,1575,1,111,1,10,
3796,1575,2,14,11,50,2026-09-17
3797,1576,1,8,0,10,2026-10-17
3798,1576,2,35,2,50,2026-10-16
3799,1577,1,50,10,20,
3800,1577,2,78,1,30,
3801,1578,1,99,16,30,
3802,1578,2,53,5,10,
3803,1579,1,48,1,50,2026-09-23
3804,1579,2,1,1,20,2026-09-15
3805,1579,3,4,4,10,2026-10-05
3806,1580,1,2,1,20,2026-09-22
3807,1580,2,38,6,50,2026-09-28
3808,1581,1,72,7,10,
3809,1581,2,1,4,20,2026-09-23
3810,1581,3,7,7,10,2026-09-18
3811,1582,1,7,4,20,2026-09-18
3812,1582,2,242,18,20,
3813,1583,1,19,3,50,2026-10-04
3814,1583,2,79,10,10,
3815,1583,3,9,3,20,2026-09-20
3816,1584,1,24,12,50,2026-09-28
3817,1584,2,118,5,20,
3818,1585,1,48,44,50,2026-09-19
3819,1585,2,21,13,50,2026-09-13
3820,1586,1,7,5,10,2026-09-11
3821,1586,2,1,1,10,2026-10-04
3822,1587,1,48,32,50,2026-09-13
3823,1587,2,17,14,20,2026-09-26
3824,1588,1,58,8,20,
3825,1588,2,151,1,20,
3826,1589,1,24,10,50,2026-09-20
3827,1589,2,6,1,20,2026-10-18
3828,1590,1,6,3,20,2026-09-25
3829,1590,2,174,1,50,
3830,1591,1,42,8,10,
3831,1591,2,56,3,20,
3832,1591,3,34,10,50,2026-10-06
3833,1592,1,114,0,30,
3834,1592,2,39,12,20,
3835,1593,1,28,0,10,
3836,1593,2,58,8,10,
3837,1594,1,0,0,0,
3838,1594,2,0,0,0,
3839,1595,1,11,11,20,2026-10-11
3840,1595,2,18,0,10,
3841,1596,1,51,0,50,
3842,1596,2,84,6,30,
3843,1596,3,5,0,10,2026-09-16
3844,1597,1,0,0,0,
3845,1597,2,0,0,0,
3846,1597,3,0,0,0,
3847,1598,1,174,2,30,
3848,1598,2,49,0,10,
3849,1598,3,16,2,30,2026-10-15
3850,1599,1,176,3,30,
3851,1599,2,46,31,20,
3852,1599,3,28,1,50,2026-10-19
3853,1600,1,72,11,50,
3854,1600,2,146,2,10,
3855,1600,3,34,4,30,
3856,1601,1,235,15,50,
3857,1601,2,105,9,10,
3858,1602,1,70,11,10,
3859,1602,2,78,9,50,
3860,1603,1,22,18,50,2026-10-17
3861,1603,2,25,5,50,2026-09-21
3862,1603,3,75,6,30,
3863,1604,1,142,2,10,
3864,1604,2,66,16,20,
3865,1604,3,160,19,50,
3866,1605,1,21,18,20,
3867,1605,2,119,0,50,
3868,1606,1,71,6,20,
3869,1606,2,66,3,10,
3870,1606,3,56,3,50,
3871,1607,1,45,6,20,
3872,1607,2,26,9,50,2026-10-01
3873,1607,3,85,8,50,
3874,1608,1,6,6,30,2026-09-29
3875,1608,2,32,16,30,
3876,1609,1,75,4,50,
3877,1609,2,16,5,20,2026-10-12
3878,1610,1,11,8,10,
3879,1610,2,19,7,30,2026-09-10
3880,1611,1,295,12,50,
3881,1611,2,29,4,20,
3882,1611,3,117,1,20,
3883,1612,1,42,5,30,
3884,1612,2,51,13,10,
3885,1612,3,64,5,30,
3886,1613,1,149,0,20,
3887,1613,2,24,13,10,
3888,1614,1,0,0,0,
3889,1614,2,0,0,0,
3890,1615,1,144,16,30,
3891,1615,2,109,6,20,
3892,1616,1,173,4,10,
3893,1616,2,13,10,20,2026-09-30
3894,1617,1,18,2,10,
3895,1617,2,18,0,30,2026-09-25
3896,1618,1,0,0,0,
3897,1618,2,0,0,0,
3898,1619,1,60,2,30,
3899,1619,2,135,12,20,
3900,1619,3,12,5,10,
3901,1620,1,41,9,10,
3902,1620,2,12,8,50,2026-09-12
3903,1621,1,86,4,10,
3904,1621,2,25,9,50,2026-10-06
3905,1621,3,135,27,10,
3906,1622,1,14,14,10,
3907,1622,2,15,0,20,2026-10-15
3908,1623,1,0,0,0,
3909,1623,2,0,0,0,
3910,1623,3,0,0,0,
3911,1624,1,44,1,10,
3912,1624,2,118,4,30,
3913,1625,1,14,14,10,
3914,1625,2,40,1,20,
3915,1625,3,62,0,50,
3916,1626,1,19,2,50,2026-10-09
3917,1626,2,99,1,50,
3918,1626,3,28,6,30,2026-10-06
3919,1627,1,43,17,20,
3920,1627,2,45,6,30,
3921,1627,3,24,9,10,
3922,1628,1,14,3,30,2026-10-07
3923,1628,2,62,12,20,
3924,1629,1,178,3,20,
3925,1629,2,57,9,20,
3926,1629,3,10,1,10,
3927,1630,1,99,0,30,
3928,1630,2,168,3,50,
3929,1631,1,103,29,20,
3930,1631,2,83,7,30,
3931,1632,1,7,7,20,2026-10-16
3932,1632,2,106,2,50,
3933,1632,3,32,13,10,
3934,1633,1,24,24,30,2026-10-21
3935,1633,2,11,9,20,2026-09-18
3936,1633,3,9,5,30,2026-10-16
3937,1634,1,121,12,50,
3938,1634,2,13,11,30,2026-09-13
3939,1634,3,16,1,10,
3940,1635,1,86,31,20,
3941,1635,2,188,0,20,
3942,1636,1,97,4,10,
3943,1636,2,10,10,20,2026-10-21
3944,1637,1,169,4,10,
3945,1637,2,92,1,30,
3946,1637,3,174,25,50,
3947,1638,1,109,11,20,
3948,1638,2,22,22,10,
3949,1638,3,123,2,10,
3950,1639,1,18,5,50,2026-10-02
3951,1639,2,47,6,30,
3952,1640,1,0,0,0,
3953,1640,2,0,0,0,
3954,1640,3,0,0,0,
3955,1641,1,34,24,50,2026-09-29
3956,1641,2,160,3,20,
3957,1642,1,24,2,30,2026-09-27
3958,1642,2,52,12,10,
3959,1642,3,45,3,30,
3960,1643,1,8,8,20,2026-09-18
3961,1643,2,24,4,10,
3962,1643,3,20,3,20,
3963,1644,1,21,0,10,
3964,1644,2,12,12,20,2026-10-18
3965,1644,3,50,2,50,
3966,1645,1,25,19,50,2026-09-17
3967,1645,2,37,0,50,2026-09-14
3968,1646,1,18,0,10,
3969,1646,2,47,15,20,
3970,1646,3,71,30,10,
3971,1647,1,56,15,10,
3972,1647,2,26,9,30,2026-10-16
3973,1648,1,34,8,10,
3974,1648,2,50,8,20,
3975,1649,1,51,22,50,
3976,1649,2,10,0,50,2026-09-15
3977,1650,1,34,1,20,
3978,1650,2,19,2,30,2026-09-15
3979,1651,1,0,0,0,
3980,1651,2,0,0,0,
3981,1651,3,0,0,0,
3982,1652,1,32,3,30,
3983,1652,2,165,19,50,
3984,1653,1,11,5,50,2026-09-11
3985,1653,2,37,4,10,
3986,1654,1,5,5,20,2026-09-28
3987,1654,2,7,4,50,2026-10-14
3988,1655,1,14,7,30,2026-09-23
3989,1655,2,86,34,50,
3990,1656,1,27,4,20,
3991,1656,2,10,10,50,2026-10-12
3992,1657,1,25,4,50,2026-09-11
3993,1657,2,19,11,10,
3994,1658,1,20,0,50,2026-10-12
3995,1658,2,6,6,50,2026-10-10
3996,1659,1,33,5,10,
3997,1659,2,69,15,10,
3998,1659,3,64,0,20,
3999,1660,1,81,6,30,
4000,1660,2,237,4,10,
4001,1661,1,134,1,10,
4002,1661,2,35,4,50,2026-10-03
4003,1662,1,60,13,10,
4004,1662,2,55,18,10,
4005,1663,1,70,7,30,
4006,1663,2,452,0,20,
4007,1664,1,37,13,30,
4008,1664,2,178,18,50,
4009,1664,3,43,4,20,
4010,1665,1,0,0,0,
4011,1665,2,0,0,0,
4012,1666,1,23,20,30,2026-10-19
4013,1666,2,12,7,10,
4014,1666,3,23,1,10,
4015,1667,1,0,0,0,
4016,1667,2,0,0,0,
4017,1667,3,0,0,0,
4018,1668,1,16,0,50,2026-10-16
4019,1668,2,48,8,20,
4020,1668,3,173,33,20,
4021,1669,1,81,8,50,
4022,1669,2,25,14,20,
4023,1670,1,149,3,30,
4024,1670,2,64,3,20,
4025,1671,1,12,12,10,
4026,1671,2,119,2,50,
4027,1671,3,87,18,10,
4028,1672,1,5,5,30,2026-10-09
4029,1672,2,87,27,20,
4030,1673,1,9,4,20,2026-09-23
4031,1673,2,18,15,20,2026-10-06
4032,1673,3,10,10,50,2026-09-19
4033,1674,1,0,0,0,
4034,1674,2,0,0,0,
4035,1675,1,70,3,50,
4036,1675,2,44,5,10,
4037,1676,1,28,3,20,
4038,1676,2,12,1,30,2026-09-10
4039,1677,1,28,10,50,2026-09-17
4040,1677,2,8,0,50,2026-10-19
4041,1677,3,106,31,10,
4042,1678,1,127,7,10,
4043,1678,2,11,9,10,
4044,1679,1,8,7,20,2026-10-18
4045,1679,2,146,5,10,
4046,1680,1,165,17,50,
4047,1680,2,22,1,10,
4048,1681,1,0,0,0,
4049,1681,2,0,0,0,
4050,1681,3,0,0,0,
4051,1682,1,8,8,20,2026-09-17
4052,1682,2,177,5,20,
4053,1683,1,8,8,10,2026-10-04
4054,1683,2,56,1,10,
4055,1684,1,36,1,10,
4056,1684,2,200,2,50,
4057,1685,1,34,2,10,
4058,1685,2,91,8,50,
4059,1686,1,70,9,30,
4060,1686,2,10,9,10,
4061,1686,3,137,5,50,
4062,1687,1,0,0,0,
4063,1687,2,0,0,0,
4064,1688,1,26,21,30,2026-10-03
4065,1688,2,37,9,30,
4066,1689,1,142,17,20,
4067,1689,2,6,6,50,2026-09-25
4068,1690,1,56,20,30,
4069,1690,2,90,10,20,
4070,1691,1,44,5,30,
4071,1691,2,93,12,30,
4072,1692,1,36,2,10,
4073,1692,2,113,1,10,
4074,1693,1,4,2,30,2026-09-22
4075,1693,2,0,20,30,2026-09-21
4076,1693,3,4,6,20,2026-09-15
4077,1694,1,13,4,50,2026-09-10
4078,1694,2,52,10,20,
4079,1695,1,167,4,10,
4080,1695,2,64,9,20,
4081,1696,1,108,6,30,
4082,1696,2,25,0,30,2026-10-16
4083,1697,1,57,2,50,
4084,1697,2,7,8,10,2026-09-14
4085,1698,1,40,5,30,
4086,1698,2,53,9,30,
4087,1699,1,120,10,10,
4088,1699,2,33,11,50,2026-10-04
4089,1700,1,84,1,30,
4090,1700,2,43,26,20,
4091,1701,1,36,0,30,
4092,1701,2,24,1,20,
4093,1702,1,24,0,20,
4094,1702,2,29,14,30,2026-10-06
4095,1703,1,145,0,30,
4096,1703,2,265,2,50,
4097,1704,1,11,9,30,2026-10-06
4098,1704,2,162,12,50,
4099,1704,3,48,6,30,
4100,1705,1,16,14,50,2026-09-18
4101,1705,2,32,9,10,
4102,1705,3,68,8,20,
4103,1706,1,31,1,50,2026-09-23
4104,1706,2,0,0,20,2026-09-20
4105,1707,1,14,4,10,
4106,1707,2,59,0,30,
4107,1707,3,82,4,10,
4108,1708,1,65,4,20,
4109,1708,2,47,0,50,2026-10-17
4110,1709,1,4,2,10,2026-09-20
4111,1709,2,15,3,30,2026-10-01
4112,1710,1,85,1,20,
4113,1710,2,152,9,10,
4114,1711,1,47,3,20,
4115,1711,2,171,11,50,
4116,1711,3,47,2,50,2026-10-03
4117,1712,1,51,0,50,
4118,1712,2,44,8,30,
4119,1713,1,29,22,30,2026-10-03
4120,1713,2,65,0,50,
4121,1714,1,89,2,10,
4122,1714,2,51,3,30,
4123,1714,3,30,3,10,
4124,1715,1,72,19,50,
4125,1715,2,54,5,20,
4126,1715,3,261,1,50,
4127,1716,1,14,4,20,2026-09-20
4128,1716,2,32,2,50,2026-09-26
4129,1716,3,7,7,20,2026-09-18
4130,1717,1,40,9,30,
4131,1717,2,26,2,50,2026-09-24
4132,1718,1,89,6,20,
4133,1718,2,9,9,50,2026-10-04
4134,1718,3,114,14,30,
4135,1719,1,63,30,10,
4136,1719,2,23,12,10,
4137,1720,1,47,34,10,
4138,1720,2,64,0,30,
4139,1721,1,165,4,10,
4140,1721,2,141,9,50,
4141,1721,3,231,4,50,
4142,1722,1,13,5,10,
4143,1722,2,84,19,10,
4144,1723,1,10,16,50,2026-09-15
4145,1723,2,6,6,30,2026-10-10
4146,1723,3,26,5,30,2026-09-16
4147,1724,1,62,9,10,
4148,1724,2,128,0,30,
4149,1725,1,49,3,30,
4150,1725,2,33,7,50,2026-10-06
4151,1726,1,100,9,20,
4152,1726,2,5,5,50,2026-09-28
4153,1727,1,38,10,30,
4154,1727,2,50,5,20,
4155,1728,1,91,9,50,
4156,1728,2,7,3,50,2026-10-07
4157,1729,1,21,2,50,2026-10-19
4158,1729,2,21,18,10,
4159,1729,3,29,17,30,2026-10-07
4160,1730,1,39,5,30,
4161,1730,2,13,3,10,
4162,1731,1,265,0,20,
4163,1731,2,33,6,30,
4164,1732,1,53,1,20,
4165,1732,2,112,0,30,
4166,1733,1,83,0,10,
4167,1733,2,14,4,30,2026-09-18
4168,1734,1,14,0,30,2026-10-21
4169,1734,2,56,15,10,
4170,1735,1,66,3,20,
4171,1735,2,166,14,50,
4172,1736,1,23,3,30,2026-09-30
4173,1736,2,15,10,50,2026-09-15
4174,1737,1,31,17,50,2026-10-15
4175,1737,2,5,4,30,2026-10-21
4176,1738,1,28,2,30,2026-09-26
4177,1738,2,36,30,30,
4178,1739,1,166,1,50,
4179,1739,2,189,1,20,
4180,1740,1,29,5,30,2026-10-03
4181,1740,2,8,0,10,2026-09-15
4182,1740,3,87,4,10,
4183,1741,1,5,5,30,2026-09-22
4184,1741,2,36,10,50,2026-09-24
4185,1741,3,5,0,10,2026-10-07
4186,1742,1,24,2,50,2026-09-30
4187,1742,2,122,1,10,
4188,1743,1,195,11,30,
4189,1743,2,39,5,50,2026-09-27
4190,1743,3,76,11,20,
4191,1744,1,63,6,30,
4192,1744,2,123,18,30,
4193,1745,1,21,2,20,
4194,1745,2,94,2,50,
4195,1745,3,22,13,50,2026-10-06
4196,1746,1,2,3,20,2026-09-12
4197,1746,2,30,15,30,2026-10-06
4198,1746,3,10,12,30,2026-10-06
4199,1747,1,11,3,20,2026-09-10
4200,1747,2,42,1,50,2026-10-01
4201,1747,3,62,10,50,
4202,1748,1,37,3,50,2026-09-30
4203,1748,2,104,8,50,
4204,1749,1,44,9,10,
4205,1749,2,308,4,50,
4206,1750,1,58,10,10,
4207,1750,2,13,10,10,
4208,1750,3,28,7,30,2026-10-20
4209,1751,1,93,6,20,
4210,1751,2,29,0,20,
4211,1752,1,100,1,30,
4212,1752,2,41,11,20,
4213,1753,1,11,0,20,2026-09-19
4214,1753,2,6,3,50,2026-10-10
4215,1753,3,45,5,50,2026-09-18
4216,1754,1,69,6,50,
4217,1754,2,283,18,50,
4218,1754,3,35,14,50,2026-10-09
4219,1755,1,51,19,20,
4220,1755,2,284,12,50,
4221,1756,1,15,8,10,
4222,1756,2,5,2,20,2026-09-19
4223,1757,1,35,0,10,
4224,1757,2,14,11,30,2026-10-03
4225,1758,1,11,0,10,
4226,1758,2,5,0,30,2026-10-18
4227,1759,1,149,18,10,
4228,1759,2,8,3,20,2026-10-18
4229,1760,1,19,19,10,
4230,1760,2,6,6,10,2026-10-13
4231,1761,1,53,2,50,
4232,1761,2,6,6,30,2026-10-06
4233,1762,1,31,1,10,
4234,1762,2,156,1,30,
4235,1763,1,34,26,20,
4236,1763,2,92,3,30,
4237,1763,3,8,1,50,2026-10-03
4238,1764,1,2,2,10,2026-09-14
4239,1764,2,73,4,50,
4240,1765,1,10,1,20,2026-09-18
4241,1765,2,45,4,50,2026-10-01
4242,1766,1,167,7,10,
4243,1766,2,50,3,20,
4244,1766,3,137,2,50,
4245,1767,1,16,9,50,2026-10-08
4246,1767,2,53,0,50,
4247,1767,3,9,9,10,2026-10-10
4248,1768,1,51,1,10,
4249,1768,2,91,4,10,
4250,1768,3,92,4,30,
4251,1769,1,117,16,50,
4252,1769,2,41,1,50,2026-09-18
4253,1770,1,25,4,10,
4254,1770,2,50,15,50,
4255,1770,3,24,4,30,2026-10-05
4256,1771,1,211,13,30,
4257,1771,2,5,5,20,2026-10-12
4258,1772,1,9,9,30,2026-10-12
4259,1772,2,238,0,50,
4260,1773,1,33,18,30,
4261,1773,2,48,0,20,
4262,1773,3,152,12,20,
4263,1774,1,83,1,30,
4264,1774,2,24,1,20,
4265,1775,1,71,4,10,
4266,1775,2,127,8,10,
4267,1776,1,20,4,50,2026-10-04
4268,1776,2,89,8,50,
4269,1777,1,17,4,50,2026-10-09
4270,1777,2,22,3,10,
4271,1778,1,70,40,50,
4272,1778,2,10,10,20,2026-09-10
4273,1779,1,65,5,20,
4274,1779,2,2,2,10,2026-09-10
4275,1780,1,47,9,30,
4276,1780,2,15,10,10,
4277,1781,1,211,0,50,
4278,1781,2,11,8,10,
4279,1781,3,15,4,30,2026-09-11
4280,1782,1,29,0,10,
4281,1782,2,124,6,20,
4282,1782,3,40,35,50,2026-10-12
4283,1783,1,108,20,20,
4284,1783,2,18,5,10,
4285,1783,3,161,2,50,
4286,1784,1,184,0,20,
4287,1784,2,83,11,20,
4288,1785,1,348,6,50,
4289,1785,2,61,4,50,
4290,1786,1,79,1,10,
4291,1786,2,21,0,10,
4292,1787,1,6,0,10,2026-09-19
4293,1787,2,104,8,30,
4294,1788,1,5,5,30,2026-09-28
4295,1788,2,295,15,10,
4296,1788,3,22,15,20,
4297,1789,1,34,22,50,2026-09-30
4298,1789,2,4,1,20,2026-09-26
4299,1789,3,6,3,10,2026-09-13
4300,1790,1,15,15,20,2026-09-11
4301,1790,2,230,13,10,
4302,1790,3,208,4,20,
4303,1791,1,67,4,30,
4304,1791,2,26,2,20,
4305,1792,1,310,17,20,
4306,1792,2,11,4,20,2026-09-16
4307,1792,3,36,7,50,2026-09-23
4308,1793,1,0,0,0,
4309,1793,2,0,0,0,
4310,1793,3,0,0,0,
4311,1794,1,90,20,30,
4312,1794,2,10,9,50,2026-10-18
4313,1794,3,127,1,30,
4314,1795,1,0,0,0,
4315,1795,2,0,0,0,
4316,1795,3,0,0,0,
4317,1796,1,91,1,50,
4318,1796,2,59,10,10,
4319,1796,3,154,10,50,
4320,1797,1,91,12,20,
4321,1797,2,25,3,30,2026-10-06
4322,1798,1,0,0,30,2026-09-17
4323,1798,2,10,10,10,2026-10-04
4324,1799,1,75,5,50,
4325,1799,2,283,3,30,
4326,1799,3,70,25,10,
4327,1800,1,75,4,10,
4328,1800,2,8,2,20,2026-10-06
4329,1800,3,21,7,50,2026-10-03
4330,1801,1,87,1,30,
4331,1801,2,136,0,20,
4332,1801,3,165,0,20,
4333,1802,1,64,36,50,
4334,1802,2,120,0,50,
4335,1802,3,5,3,30,2026-09-23
4336,1803,1,7,4,10,2026-10-22
4337,1803,2,44,6,10,
4338,1803,3,83,4,10,
4339,1804,1,0,0,0,
4340,1804,2,0,0,0,
4341,1805,1,17,1,30,2026-09-20
4342,1805,2,24,4,20,
4343,1806,1,15,10,30,2026-10-05
4344,1806,2,261,9,10,
4345,1806,3,9,4,10,2026-10-21
4346,1807,1,13,4,10,
4347,1807,2,138,3,10,
4348,1808,1,67,0,30,
4349,1808,2,76,0,30,
4350,1809,1,32,0,30,
4351,1809,2,6,0,50,2026-10-06
4352,1810,1,65,7,50,
4353,1810,2,71,11,20,
4354,1811,1,0,0,0,
4355,1811,2,0,0,0,
4356,1812,1,2,0,10,2026-09-29
4357,1812,2,0,1,10,2026-09-12
4358,1812,3,9,1,20,2026-09-17
4359,1813,1,150,8,20,
4360,1813,2,15,8,50,2026-09-23
4361,1814,1,25,2,30,2026-09-25
4362,1814,2,32,0,30,
4363,1815,1,24,0,10,
4364,1815,2,47,16,20,
4365,1815,3,298,16,50,
4366,1816,1,195,2,30,
4367,1816,2,35,18,50,2026-10-09
4368,1817,1,93,8,20,
4369,1817,2,13,3,50,2026-09-20
4370,1818,1,41,4,20,
4371,1818,2,16,4,20,2026-10-11
4372,1819,1,25,2,30,2026-10-04
4373,1819,2,121,5,50,
4374,1819,3,46,2,30,
4375,1820,1,17,7,20,2026-10-06
4376,1820,2,14,5,20,2026-09-22
4377,1820,3,162,3,50,
4378,1821,1,0,0,0,
4379,1821,2,0,0,0,
4380,1822,1,23,23,50,2026-09-15
4381,1822,2,29,1,20,
4382,1822,3,150,12,10,
4383,1823,1,20,5,20,
4384,1823,2,85,7,30,
4385,1824,1,30,19,20,
4386,1824,2,68,4,30,
4387,1825,1,77,19,20,
4388,1825,2,9,3,30,2026-09-30
4389,1826,1,14,1,50,2026-09-28
4390,1826,2,80,2,20,
4391,1827,1,62,11,30,
4392,1827,2,28,1,10,
4393,1828,1,31,0,10,
4394,1828,2,12,0,30,2026-10-06
4395,1828,3,79,12,10,
4396,1829,1,145,3,30,
4397,1829,2,4,9,20,2026-09-17
4398,1830,1,155,7,30,
4399,1830,2,50,12,10,
4400,1831,1,47,9,50,2026-09-13
4401,1831,2,5,3,10,2026-10-16
4402,1832,1,56,3,10,
4403,1832,2,178,6,50,
4404,1833,1,0,0,0,
4405,1833,2,0,0,0,
4406,1834,1,5,5,10,2026-09-23
4407,1834,2,24,1,10,
4408,1834,3,129,6,50,
4409,1835,1,14,4,10,
4410,1835,2,24,4,10,
4411,1836,1,16,8,50,2026-10-16
4412,1836,2,46,0,20,
4413,1836,3,6,1,20,2026-10-10
4414,1837,1,104,30,30,
4415,1837,2,28,7,50,2026-09-12
4416,1838,1,37,18,30,
4417,1838,2,82,10,20,
4418,1838,3,61,7,50,
4419,1839,1,51,14,20,
4420,1839,2,94,3,20,
4421,1840,1,0,0,0,
4422,1840,2,0,0,0,
4423,1840,3,0,0,0,
4424,1841,1,37,1,20,
4425,1841,2,107,0,20,
4426,1842,1,119,15,30,
4427,1842,2,14,1,20,2026-09-11
4428,1843,1,6,0,10,2026-09-17
4429,1843,2,16,1,20,2026-09-25
4430,1843,3,4,2,20,2026-10-02
4431,1844,1,67,6,20,
4432,1844,2,156,16,20,
4433,1845,1,123,1,20,
4434,1845,2,40,5,30,
4435,1846,1,1,0,20,2026-09-27
4436,1846,2,28,0,50,2026-09-28
4437,1846,3,6,3,50,2026-09-14
4438,1847,1,227,2,20,
4439,1847,2,238,8,30,
4440,1848,1,100,3,10,
4441,1848,2,9,5,50,2026-09-15
4442,1849,1,41,1,30,
4443,1849,2,53,13,10,
4444,1849,3,55,12,50,
4445,1850,1,91,24,50,
4446,1850,2,13,13,20,2026-10-18
4447,1850,3,128,1,50,
4448,1851,1,25,2,50,2026-10-06
4449,1851,2,254,7,30,
4450,1851,3,59,6,20,
4451,1852,1,82,16,50,
4452,1852,2,35,0,10,
4453,1852,3,57,7,10,
4454,1853,1,200,0,50,
4455,1853,2,34,3,50,2026-09-15
4456,1854,1,10,10,30,2026-10-06
4457,1854,2,117,3,30,
4458,1855,1,8,2,50,2026-10-20
4459,1855,2,100,1,50,
4460,1856,1,21,16,20,
4461,1856,2,70,4,20,
4462,1857,1,81,10,30,
4463,1857,2,123,6,30,
4464,1858,1,93,10,30,
4465,1858,2,12,1,10,
4466,1859,1,74,0,20,
4467,1859,2,160,7,50,
4468,1860,1,80,12,30,
4469,1860,2,46,0,20,
4470,1861,1,366,24,30,
4471,1861,2,12,3,30,2026-09-24
4472,1862,1,54,6,20,
4473,1862,2,22,1,50,2026-10-22
4474,1862,3,42,7,50,2026-09-15
4475,1863,1,20,3,10,
4476,1863,2,9,3,20,2026-10-15
4477,1864,1,48,3,20,
4478,1864,2,46,33,20,
4479,1864,3,50,12,10,
4480,1865,1,58,3,20,
4481,1865,2,42,0,10,
4482,1866,1,0,0,0,
4483,1866,2,0,0,0,
4484,1867,1,286,18,20,
4485,1867,2,13,2,10,
4486,1868,1,10,10,50,2026-09-27
4487,1868,2,26,3,50,2026-10-14
4488,1869,1,114,34,20,
4489,1869,2,83,34,20,
4490,1869,3,62,14,30,
4491,1870,1,31,4,30,
4492,1870,2,10,6,10,
4493,1870,3,22,6,30,2026-10-12
4494,1871,1,49,1,10,
4495,1871,2,5,3,50,2026-09-28
4496,1872,1,92,0,20,
4497,1872,2,28,23,30,2026-10-10
4498,1873,1,98,0,30,
4499,1873,2,49,2,20,
4500,1874,1,21,2,10,
4501,1874,2,11,6,20,2026-10-22
4502,1875,1,22,6,10,
4503,1875,2,20,6,30,2026-09-12
4504,1875,3,181,7,20,
4505,1876,1,4,11,10,2026-09-28
4506,1876,2,2,22,50,2026-09-10
4507,1876,3,6,11,10,2026-09-12
4508,1877,1,352,1,20,
4509,1877,2,78,10,10,
4510,1878,1,51,2,20,
4511,1878,2,22,1,50,2026-09-19
4512,1878,3,47,23,20,
4513,1879,1,60,2,30,
4514,1879,2,13,0,30,2026-09-14
4515,1880,1,80,2,20,
4516,1880,2,18,2,50,2026-10-06
4517,1880,3,44,2,50,2026-10-13
4518,1881,1,166,1,10,
4519,1881,2,7,6,20,2026-09-21
4520,1882,1,8,8,10,2026-09-14
4521,1882,2,10,4,10,
4522,1882,3,103,15,50,
4523,1883,1,95,14,10,
4524,1883,2,56,28,10,
4525,1883,3,70,6,20,
4526,1884,1,18,17,50,2026-09-17
4527,1884,2,22,18,10,
4528,1885,1,17,9,30,2026-10-07
4529,1885,2,157,0,30,
4530,1885,3,16,0,30,2026-10-22
4531,1886,1,43,15,30,
4532,1886,2,70,5,10,
4533,1887,1,33,11,30,
4534,1887,2,17,7,10,
4535,1888,1,66,41,30,
4536,1888,2,162,3,10,
4537,1888,3,42,0,50,2026-09-15
4538,1889,1,222,14,50,
4539,1889,2,128,1,30,
4540,1890,1,119,22,30,
4541,1890,2,13,3,20,2026-09-21
4542,1890,3,10,2,20,2026-09-28
4543,1891,1,54,40,20,
4544,1891,2,177,29,20,
4545,1892,1,51,1,30,
4546,1892,2,35,12,50,2026-09-20
4547,1892,3,112,4,10,
4548,1893,1,30,29,30,2026-09-16
4549,1893,2,3,1,30,2026-10-02
4550,1894,1,60,8,10,
4551,1894,2,187,0,50,
4552,1895,1,44,2,30,
4553,1895,2,4,4,10,2026-09-18
4554,1895,3,203,5,10,
4555,1896,1,14,14,50,2026-09-13
4556,1896,2,8,3,10,2026-09-14
4557,1897,1,0,0,0,
4558,1897,2,0,0,0,
4559,1898,1,101,23,10,
4560,1898,2,32,4,20,
4561,1898,3,107,0,20,
4562,1899,1,230,5,30,
4563,1899,2,112,4,10,
4564,1900,1,195,6,30,
4565,1900,2,10,6,10,
4566,1901,1,18,8,30,2026-09-29
4567,1901,2,11,10,30,2026-09-18
4568,1901,3,30,2,20,
4569,1902,1,0,2,10,2026-09-10
4570,1902,2,48,4,20,
4571,1903,1,58,2,30,
4572,1903,2,138,0,50,
4573,1904,1,160,0,20,
4574,1904,2,58,7,10,
4575,1905,1,13,10,30,2026-10-05
4576,1905,2,70,14,10,
4577,1906,1,14,2,10,
4578,1906,2,14,4,50,2026-09-11
4579,1907,1,96,24,20,
4580,1907,2,10,4,30,2026-10-01
4581,1908,1,255,0,50,
4582,1908,2,142,0,50,
4583,1908,3,33,6,20,
4584,1909,1,96,5,10,
4585,1909,2,155,0,50,
4586,1909,3,55,51,50,
4587,1910,1,125,7,10,
4588,1910,2,126,8,20,
4589,1911,1,212,18,50,
4590,1911,2,43,17,30,
4591,1912,1,147,4,30,
4592,1912,2,69,42,50,
4593,1913,1,59,21,10,
4594,1913,2,50,2,10,
4595,1914,1,29,5,30,2026-09-21
4596,1914,2,12,2,50,2026-10-18
4597,1914,3,59,1,30,
4598,1915,1,33,10,10,
4599,1915,2,60,18,50,
4600,1915,3,14,8,20,2026-10-10
4601,1916,1,104,0,20,
4602,1916,2,36,2,30,
4603,1916,3,30,12,50,2026-10-14
4604,1917,1,13,13,50,2026-10-08
4605,1917,2,40,3,50,2026-09-18
4606,1917,3,56,0,50,
4607,1918,1,47,5,30,
4608,1918,2,95,1,30,
4609,1919,1,64,28,30,
4610,1919,2,9,0,30,2026-10-21
4611,1920,1,15,15,30,2026-09-19
4612,1920,2,46,29,50,2026-09-23
4613,1920,3,7,1,10,2026-10-16
4614,1921,1,50,12,10,
4615,1921,2,89,0,50,
4616,1921,3,14,14,30,2026-09-26
4617,1922,1,30,2,10,
4618,1922,2,5,3,50,2026-10-14
4619,1923,1,16,0,10,
4620,1923,2,16,3,50,2026-10-18
4621,1923,3,30,30,10,
4622,1924,1,60,4,10,
4623,1924,2,44,4,30,
4624,1925,1,234,0,20,
4625,1925,2,78,12,10,
4626,1925,3,49,3,10,
4627,1926,1,25,8,30,2026-10-12
4628,1926,2,41,15,30,
4629,1927,1,66,32,10,
4630,1927,2,59,3,30,
4631,1928,1,85,4,30,
4632,1928,2,40,14,30,
4633,1929,1,22,16,30,2026-10-06
4634,1929,2,67,6,50,
4635,1929,3,85,0,30,
4636,1930,1,3,2,10,2026-09-30
4637,1930,2,22,4,30,2026-09-17
4638,1930,3,8,9,20,2026-09-18
4639,1931,1,27,10,30,2026-10-22
4640,1931,2,206,4,30,
4641,1932,1,12,12,10,
4642,1932,2,129,9,10,
4643,1932,3,21,1,20,
4644,1933,1,23,4,50,2026-09-23
4645,1933,2,57,20,50,
4646,1934,1,88,6,30,
4647,1934,2,83,14,10,
4648,1935,1,18,16,10,
4649,1935,2,20,1,20,
4650,1935,3,58,3,10,
4651,1936,1,43,1,20,
4652,1936,2,5,5,30,2026-10-17
4653,1936,3,130,3,50,
4654,1937,1,32,4,30,
4655,1937,2,210,1,10,
4656,1937,3,48,0,30,
4657,1938,1,38,0,10,
4658,1938,2,20,0,30,2026-10-17
4659,1939,1,44,6,30,
4660,1939,2,31,27,30,
4661,1940,1,99,6,50,
4662,1940,2,32,23,20,
4663,1941,1,22,15,10,
4664,1941,2,51,14,50,
4665,1942,1,12,3,50,2026-10-17
4666,1942,2,20,20,50,2026-09-23
4667,1943,1,88,4,50,
4668,1943,2,37,1,30,
4669,1944,1,101,7,50,
4670,1944,2,40,6,20,
4671,1944,3,15,1,30,2026-09-14
4672,1945,1,21,14,30,2026-09-29
4673,1945,2,9,6,20,2026-09-30
4674,1945,3,3,0,10,2026-09-14
4675,1946,1,18,18,20,2026-09-14
4676,1946,2,6,6,50,2026-09-20
4677,1946,3,1,2,50,2026-09-21
4678,1947,1,81,11,50,
4679,1947,2,13,7,30,2026-09-27
4680,1947,3,68,0,50,
4681,1948,1,23,17,30,2026-09-11
4682,1948,2,1,19,30,2026-09-21
4683,1949,1,38,8,10,
4684,1949,2,50,10,20,
4685,1950,1,51,13,20,
4686,1950,2,36,11,50,2026-10-04
4687,1951,1,12,8,30,2026-10-08
4688,1951,2,246,3,50,
4689,1952,1,71,7,10,
4690,1952,2,10,9,10,
4691,1952,3,137,7,20,
4692,1953,1,129,3,30,
4693,1953,2,8,8,30,2026-10-05
4694,1953,3,50,2,10,
4695,1954,1,27,5,50,2026-09-23
4696,1954,2,84,6,30,
4697,1954,3,13,3,10,
4698,1955,1,18,0,20,2026-09-24
4699,1955,2,98,21,50,
4700,1956,1,80,8,30,
4701,1956,2,28,3,50,2026-09-19
4702,1957,1,115,17,10,
4703,1957,2,39,18,10,
4704,1957,3,101,20,20,
4705,1958,1,98,0,30,
4706,1958,2,106,15,10,
4707,1959,1,122,8,20,
4708,1959,2,44,2,10,
4709,1959,3,34,1,10,
4710,1960,1,6,6,50,2026-10-02
4711,1960,2,42,2,30,
4712,1960,3,32,14,50,2026-09-16
4713,1961,1,0,0,0,
4714,1961,2,0,0,0,
4715,1961,3,0,0,0,
4716,1962,1,26,0,10,
4717,1962,2,56,0,20,
4718,1963,1,19,9,50,2026-10-01
4719,1963,2,5,9,50,2026-09-10
4720,1963,3,3,1,20,2026-09-23
4721,1964,1,23,6,50,2026-09-20
4722,1964,2,28,2,20,
4723,1964,3,6,6,20,2026-10-05
4724,1965,1,71,1,30,
4725,1965,2,9,9,20,2026-10-06
4726,1965,3,97,0,50,
4727,1966,1,34,1,10,
4728,1966,2,77,3,20,
4729,1967,1,10,3,50,2026-10-22
4730,1967,2,196,2,10,
4731,1968,1,64,20,20,
4732,1968,2,49,28,30,
4733,1968,3,173,28,50,
4734,1969,1,150,14,50,
4735,1969,2,67,2,50,
4736,1970,1,62,5,30,
4737,1970,2,10,2,50,2026-09-27
4738,1970,3,25,0,20,
4739,1971,1,9,6,10,2026-09-11
4740,1971,2,15,15,30,2026-10-02
4741,1972,1,23,18,20,
4742,1972,2,32,5,50,2026-10-04
4743,1973,1,77,3,50,
4744,1973,2,139,13,20,
4745,1974,1,112,0,50,
4746,1974,2,14,5,50,2026-10-21
4747,1975,1,17,2,30,2026-10-14
4748,1975,2,34,16,30,
4749,1976,1,95,1,30,
4750,1976,2,149,4,20,
4751,1977,1,14,4,50,2026-09-11
4752,1977,2,23,1,50,2026-09-15
4753,1977,3,8,2,50,2026-10-13
4754,1978,1,138,1,50,
4755,1978,2,28,9,10,
4756,1979,1,23,0,20,
4757,1979,2,130,8,10,
4758,1979,3,65,2,50,
4759,1980,1,123,3,10,
4760,1980,2,84,4,20,
4761,1980,3,31,0,30,
4762,1981,1,55,0,10,
4763,1981,2,117,11,30,
4764,1982,1,0,0,0,
4765,1982,2,0,0,0,
4766,1983,1,69,3,50,
4767,1983,2,211,22,20,
4768,1984,1,38,3,50,2026-09-17
4769,1984,2,24,11,10,
4770,1985,1,13,1,50,2026-10-11
4771,1985,2,65,4,10,
4772,1986,1,18,4,50,2026-10-19
4773,1986,2,72,5,30,
4774,1986,3,15,4,20,2026-10-18
4775,1987,1,86,32,30,
4776,1987,2,90,0,50,
4777,1988,1,183,19,20,
4778,1988,2,11,11,10,
4779,1988,3,9,3,30,2026-09-22
4780,1989,1,13,9,30,2026-09-10
4781,1989,2,66,4,30,
4782,1990,1,72,24,10,
4783,1990,2,204,16,30,
4784,1991,1,86,7,20,
4785,1991,2,231,1,10,
4786,1991,3,16,1,10,
4787,1992,1,115,6,50,
4788,1992,2,190,5,30,
4789,1992,3,29,2,10,
4790,1993,1,34,1,10,
4791,1993,2,72,4,20,
4792,1994,1,58,4,50,
4793,1994,2,52,0,20,
4794,1995,1,48,2,20,
4795,1995,2,40,4,50,2026-09-19
4796,1996,1,10,1,50,2026-09-25
4797,1996,2,8,10,50,2026-09-24
4798,1996,3,46,6,30,
4799,1997,1,39,16,10,
4800,1997,2,38,7,50,2026-09-24
4801,1998,1,15,1,10,
4802,1998,2,137,6,10,
4803,1998,3,9,1,10,2026-10-20
4804,1999,1,38,3,10,
4805,1999,2,36,2,20,
4806,2000,1,83,0,20,
4807,2000,2,28,1,50,2026-10-14
4808,2001,1,7,7,20,2026-10-17
4809,2001,2,19,5,30,2026-10-03
4810,2001,3,271,7,10,
4811,2002,1,81,2,50,
4812,2002,2,128,5,50,
4813,2002,3,25,10,10,
4814,2003,1,22,1,10,
4815,2003,2,14,2,20,2026-09-23
4816,2004,1,30,2,30,
4817,2004,2,12,11,50,2026-09-15
4818,2004,3,28,0,20,
4819,2005,1,60,6,10,
4820,2005,2,5,5,10,2026-10-22
4821,2006,1,89,18,20,
4822,2006,2,40,6,50,2026-10-16
4823,2007,1,45,3,20,
4824,2007,2,115,2,50,
4825,2007,3,38,5,10,
4826,2008,1,95,1,50,
4827,2008,2,61,17,10,
4828,2009,1,5,0,30,2026-10-18
4829,2009,2,9,2,50,2026-10-15
4830,2010,1,154,2,10,
4831,2010,2,35,0,50,2026-09-23
4832,2011,1,132,0,50,
4833,2011,2,20,20,20,
4834,2012,1,10,6,30,2026-10-20
4835,2012,2,57,3,30,
4836,2013,1,11,11,30,2026-10-08
4837,2013,2,164,44,20,
4838,2014,1,30,7,30,
4839,2014,2,0,3,10,2026-09-11
4840,2014,3,85,10,10,
4841,2015,1,61,13,10,
4842,2015,2,103,1,10,
4843,2015,3,29,15,50,2026-10-15
4844,2016,1,19,1,20,2026-10-20
4845,2016,2,6,6,30,2026-10-08
4846,2016,3,51,6,30,
4847,2017,1,0,0,0,
4848,2017,2,0,0,0,
4849,2018,1,63,0,20,
4850,2018,2,37,3,50,2026-09-28
4851,2019,1,39,12,30,
4852,2019,2,124,9,20,
4853,2020,1,10,1,20,2026-09-26
4854,2020,2,32,1,50,2026-09-23
4855,2021,1,142,4,10,
4856,2021,2,143,15,10,
4857,2021,3,0,3,10,2026-09-17
4858,2022,1,53,11,10,
4859,2022,2,17,1,10,
4860,2023,1,31,3,20,
4861,2023,2,130,5,10,
4862,2023,3,73,24,30,
4863,2024,1,50,9,30,
4864,2024,2,149,1,50,
4865,2024,3,137,23,50,
4866,2025,1,20,8,50,2026-10-08
4867,2025,2,164,4,50,
4868,2026,1,104,9,30,
4869,2026,2,20,7,50,2026-09-23
4870,2026,3,23,11,30,2026-09-23
4871,2027,1,13,13,50,2026-10-07
4872,2027,2,31,29,20,
4873,2028,1,12,5,50,2026-10-09
4874,2028,2,8,4,50,2026-10-04
4875,2028,3,36,11,20,
4876,2029,1,59,5,50,
4877,2029,2,23,6,10,
4878,2030,1,30,11,10,
4879,2030,2,20,0,20,
4880,2031,1,45,0,10,
4881,2031,2,3,5,50,2026-09-21
4882,2031,3,26,7,10,
4883,2032,1,8,8,30,2026-10-17
4884,2032,2,23,6,10,
4885,2033,1,0,0,0,
4886,2033,2,0,0,0,
4887,2033,3,0,0,0,
4888,2034,1,22,2,50,2026-09-19
4889,2034,2,170,4,50,
4890,2034,3,45,9,10,
4891,2035,1,23,2,10,
4892,2035,2,146,4,30,
4893,2035,3,34,11,10,
4894,2036,1,0,0,0,
4895,2036,2,0,0,0,
4896,2037,1,54,2,30,
4897,2037,2,33,4,50,2026-09-10
4898,2037,3,50,14,10,
4899,2038,1,17,5,30,2026-10-12
4900,2038,2,5,5,20,2026-09-11
4901,2038,3,64,5,10,
4902,2039,1,16,6,50,2026-10-06
4903,2039,2,40,25,10,
4904,2039,3,11,11,30,2026-09-21
4905,2040,1,12,6,30,2026-09-18
4906,2040,2,31,13,20,
4907,2041,1,3,0,20,2026-09-11
4908,2041,2,30,15,30,2026-10-01
4909,2042,1,168,8,50,
4910,2042,2,25,5,30,2026-09-25
4911,2043,1,34,2,50,2026-10-05
4912,2043,2,65,6,10,
4913,2043,3,17,0,30,2026-09-23
4914,2044,1,0,0,0,
4915,2044,2,0,0,0,
4916,2045,1,24,1,50,2026-09-13
4917,2045,2,156,6,50,
4918,2046,1,83,1,20,
4919,2046,2,197,5,50,
4920,2047,1,171,6,10,
4921,2047,2,43,14,20,
4922,2048,1,15,3,30,2026-10-14
4923,2048,2,69,0,30,
4924,2049,1,19,7,30,2026-10-21
4925,2049,2,75,26,20,
4926,2049,3,93,9,50,
4927,2050,1,9,9,50,2026-10-02
4928,2050,2,63,5,30,
4929,2050,3,35,2,10,
4930,2051,1,27,0,50,2026-09-29
4931,2051,2,84,1,10,
4932,2052,1,41,4,50,2026-09-22
4933,2052,2,30,0,50,2026-10-02
4934,2053,1,20,0,50,2026-09-14
4935,2053,2,8,2,50,2026-10-17
4936,2054,1,24,6,30,2026-10-03
4937,2054,2,8,8,10,2026-09-10
4938,2055,1,29,1,20,
4939,2055,2,74,2,20,
4940,2055,3,74,10,50,
4941,2056,1,0,0,0,
4942,2056,2,0,0,0,
4943,2056,3,0,0,0,
4944,2057,1,5,5,10,2026-10-16
4945,2057,2,9,9,20,2026-10-03
4946,2058,1,55,47,30,
4947,2058,2,25,14,20,
4948,2059,1,76,8,20,
4949,2059,2,18,4,10,
4950,2059,3,221,29,50,
4951,2060,1,7,1,10,2026-09-12
4952,2060,2,9,9,20,2026-10-13
4953,2061,1,130,3,20,
4954,2061,2,60,2,10,
4955,2061,3,53,2,10,
4956,2062,1,85,2,10,
4957,2062,2,43,6,10,
4958,2062,3,22,1,30,2026-09-28
4959,2063,1,66,16,10,
4960,2063,2,82,3,10,
4961,2064,1,9,9,50,2026-09-19
4962,2064,2,147,8,30,
4963,2064,3,19,12,20,2026-10-07
4964,2065,1,9,4,30,2026-10-22
4965,2065,2,76,5,10,
4966,2066,1,219,3,10,
4967,2066,2,120,15,50,
4968,2067,1,57,0,10,
4969,2067,2,27,3,10,
4970,2067,3,41,0,50,2026-10-19
4971,2068,1,12,3,50,2026-10-15
4972,2068,2,130,7,10,
4973,2068,3,25,3,30,2026-09-22
4974,2069,1,56,3,20,
4975,2069,2,60,3,20,
4976,2070,1,15,15,10,
4977,2070,2,11,11,20,2026-10-07
4978,2071,1,0,0,0,
4979,2071,2,0,0,0,
4980,2072,1,40,24,30,
4981,2072,2,38,1,30,
4982,2072,3,46,7,10,
4983,2073,1,111,5,50,
4984,2073,2,128,5,20,
4985,2074,1,29,17,20,
4986,2074,2,340,9,10,
4987,2075,1,49,4,10,
4988,2075,2,49,18,50,2026-09-24
4989,2075,3,13,1,30,2026-09-11
4990,2076,1,20,1,30,2026-10-20
4991,2076,2,118,10,50,
4992,2076,3,32,6,30,
4993,2077,1,11,9,30,2026-09-17
4994,2077,2,22,1,30,2026-09-21
4995,2078,1,12,7,20,2026-09-10
4996,2078,2,46,2,10,
4997,2078,3,31,0,50,2026-09-17
4998,2079,1,41,26,20,
4999,2079,2,85,0,10,
5000,2079,3,163,7,20,
5001,2080,1,51,2,10,
5002,2080,2,14,14,30,2026-10-07
5003,2080,3,47,1,50,2026-09-19
5004,2081,1,60,0,10,
5005,2081,2,13,4,20,2026-10-16
5006,2081,3,44,8,20,
5007,2082,1,102,12,20,
5008,2082,2,50,0,20,
5009,2082,3,15,11,20,2026-09-13
5010,2083,1,39,6,10,
5011,2083,2,226,28,20,
5012,2083,3,45,5,30,
5013,2084,1,21,1,30,2026-09-18
5014,2084,2,8,2,20,2026-10-01
5015,2085,1,0,0,0,
5016,2085,2,0,0,0,
5017,2085,3,0,0,0,
5018,2086,1,0,0,0,
5019,2086,2,0,0,0,
5020,2086,3,0,0,0,
5021,2087,1,173,6,20,
5022,2087,2,30,3,50,2026-10-14
5023,2088,1,34,1,20,
5024,2088,2,74,40,30,
5025,2088,3,44,27,50,2026-09-29
5026,2089,1,84,7,30,
5027,2089,2,23,4,10,
5028,2089,3,2,10,50,2026-09-21
5029,2090,1,6,0,20,2026-09-21
5030,2090,2,8,4,20,2026-09-18
5031,2090,3,14,7,20,2026-10-01
5032,2091,1,24,3,30,2026-10-10
5033,2091,2,48,2,20,
5034,2092,1,22,7,50,2026-09-13
5035,2092,2,223,28,20,
5036,2093,1,59,1,30,
5037,2093,2,29,12,50,2026-10-06
5038,2094,1,167,15,20,
5039,2094,2,119,4,20,
5040,2095,1,39,0,10,
5041,2095,2,7,2,30,2026-10-02
5042,2096,1,13,5,50,2026-10-12
5043,2096,2,79,3,50,
5044,2096,3,88,13,30,
5045,2097,1,71,5,20,
5046,2097,2,166,1,20,
5047,2098,1,24,0,30,2026-10-02
5048,2098,2,12,12,10,
5049,2099,1,39,19,30,
5050,2099,2,25,2,10,
5051,2100,1,73,10,10,
5052,2100,2,40,4,20,
5053,2101,1,9,9,10,2026-10-14
5054,2101,2,34,3,30,
5055,2102,1,79,0,50,
5056,2102,2,134,21,10,
5057,2102,3,72,6,10,
5058,2103,1,52,18,30,
5059,2103,2,22,8,50,2026-10-03
5060,2104,1,14,12,30,2026-09-21
5061,2104,2,38,33,50,2026-09-21
5062,2105,1,73,6,20,
5063,2105,2,73,2,50,
5064,2106,1,109,5,20,
5065,2106,2,66,2,30,
5066,2107,1,55,7,10,
5067,2107,2,145,7,20,
5068,2108,1,66,7,10,
5069,2108,2,27,2,50,2026-09-16
5070,2109,1,47,5,10,
5071,2109,2,105,3,10,
5072,2109,3,9,0,30,2026-09-17
5073,2110,1,64,3,20,
5074,2110,2,109,31,30,
5075,2111,1,107,9,20,
5076,2111,2,35,17,30,
5077,2111,3,9,5,10,2026-10-07
5078,2112,1,83,3,50,
5079,2112,2,18,11,20,2026-10-10
5080,2113,1,139,8,30,
5081,2113,2,132,14,20,
5082,2114,1,39,12,10,
5083,2114,2,6,5,30,2026-10-09
5084,2114,3,60,0,10,
5085,2115,1,48,1,30,
5086,2115,2,94,18,30,
5087,2116,1,25,2,20,
5088,2116,2,52,3,30,
5089,2116,3,46,3,30,
5090,2117,1,22,22,10,
5091,2117,2,22,7,10,
5092,2117,3,40,13,10,
5093,2118,1,8,6,10,2026-09-10
5094,2118,2,8,6,20,2026-10-01
5095,2118,3,10,6,10,2026-09-15
5096,2119,1,26,3,50,2026-09-23
5097,2119,2,153,8,50,
5098,2120,1,0,0,0,
5099,2120,2,0,0,0,
5100,2121,1,52,4,10,
5101,2121,2,77,8,50,
5102,2121,3,63,5,20,
5103,2122,1,43,1,30,
5104,2122,2,9,9,20,2026-09-23
5105,2122,3,195,3,30,
5106,2123,1,1,12,10,2026-09-15
5107,2123,2,41,16,10,
5108,2124,1,113,5,30,
5109,2124,2,65,1,10,
5110,2125,1,10,7,50,2026-09-27
5111,2125,2,11,1,20,2026-09-11
5112,2126,1,7,7,20,2026-09-19
5113,2126,2,5,1,10,2026-09-29
5114,2127,1,2,1,20,2026-10-01
5115,2127,2,2,2,20,2026-10-02
5116,2128,1,33,18,10,
5117,2128,2,199,1,20,
5118,2129,1,29,0,50,2026-10-08
5119,2129,2,44,1,50,2026-09-14
5120,2130,1,0,0,0,
5121,2130,2,0,0,0,
5122,2131,1,15,15,30,2026-09-13
5123,2131,2,46,1,50,2026-09-24
5124,2132,1,213,5,10,
5125,2132,2,58,0,10,
5126,2133,1,73,6,20,
5127,2133,2,44,9,10,
5128,2134,1,35,6,50,2026-09-23
5129,2134,2,12,9,30,2026-09-16
5130,2135,1,2,3,50,2026-09-15
5131,2135,2,25,8,30,2026-09-29
5132,2136,1,35,12,20,
5133,2136,2,32,1,30,
5134,2137,1,35,19,50,2026-09-10
5135,2137,2,0,0,10,2026-09-18
5136,2138,1,137,7,50,
5137,2138,2,220,4,10,
5138,2138,3,148,10,20,
5139,2139,1,27,2,30,2026-09-23
5140,2139,2,37,13,50,2026-10-08
5141,2140,1,52,7,30,
5142,2140,2,38,18,20,
5143,2141,1,15,12,20,2026-10-20
5144,2141,2,30,8,10,
5145,2142,1,96,0,10,
5146,2142,2,111,1,20,
5147,2143,1,49,4,10,
5148,2143,2,53,5,30,
5149,2144,1,10,4,30,2026-10-01
5150,2144,2,22,12,10,
5151,2145,1,122,2,50,
5152,2145,2,10,10,20,2026-09-26
5153,2146,1,100,5,50,
5154,2146,2,82,3,10,
5155,2146,3,97,4,50,
5156,2147,1,22,3,50,2026-09-14
5157,2147,2,21,8,20,
5158,2148,1,20,20,10,
5159,2148,2,30,11,20,
5160,2149,1,35,25,10,
5161,2149,2,95,8,10,
5162,2149,3,41,15,30,
5163,2150,1,99,5,30,
5164,2150,2,26,0,10,
5165,2151,1,29,29,50,2026-10-11
5166,2151,2,32,17,10,
5167,2151,3,68,26,50,
5168,2152,1,17,17,30,2026-10-21
5169,2152,2,39,2,50,2026-10-18
5170,2153,1,92,8,20,
5171,2153,2,46,38,10,
5172,2153,3,15,3,20,2026-09-16
5173,2154,1,132,14,10,
5174,2154,2,26,3,50,2026-09-14
5175,2154,3,155,4,20,
5176,2155,1,8,1,10,2026-09-23
5177,2155,2,10,0,20,2026-09-26
5178,2155,3,14,1,20,2026-09-27
5179,2156,1,15,5,10,
5180,2156,2,40,1,50,2026-10-18
5181,2157,1,36,5,20,
5182,2157,2,38,26,20,
5183,2158,1,34,0,30,
5184,2158,2,43,11,20,
5185,2159,1,25,13,10,
5186,2159,2,17,5,10,
5187,2160,1,55,14,50,
5188,2160,2,106,2,20,
5189,2161,1,9,1,50,2026-10-20
5190,2161,2,54,3,20,
5191,2162,1,26,9,30,2026-09-25
5192,2162,2,42,6,20,
5193,2163,1,77,21,10,
5194,2163,2,28,14,10,
5195,2164,1,37,11,10,
5196,2164,2,58,16,50,
5197,2165,1,0,0,0,
5198,2165,2,0,0,0,
5199,2166,1,19,4,50,2026-10-07
5200,2166,2,31,3,50,2026-10-09
5201,2167,1,98,1,50,
5202,2167,2,13,3,50,2026-09-23
5203,2168,1,20,2,20,
5204,2168,2,191,22,30,
5205,2169,1,5,0,10,2026-10-17
5206,2169,2,10,10,30,2026-10-11
5207,2170,1,18,13,20,2026-10-08
5208,2170,2,137,0,30,
5209,2171,1,43,0,30,
5210,2171,2,7,7,50,2026-10-05
5211,2171,3,76,9,20,
5212,2172,1,0,0,0,
5213,2172,2,0,0,0,
5214,2172,3,0,0,0,
5215,2173,1,24,5,50,2026-10-06
5216,2173,2,35,6,20,
5217,2173,3,76,5,30,
5218,2174,1,31,10,50,2026-10-12
5219,2174,2,31,1,20,
5220,2175,1,37,13,50,2026-10-15
5221,2175,2,138,2,50,
5222,2176,1,294,1,10,
5223,2176,2,37,2,20,
5224,2177,1,235,3,20,
5225,2177,2,31,8,20,
5226,2178,1,35,5,30,
5227,2178,2,125,2,30,
5228,2179,1,14,2,20,2026-09-28
5229,2179,2,53,0,10,
5230,2179,3,206,1,30,
5231,2180,1,46,5,50,2026-10-18
5232,2180,2,61,0,50,
5233,2180,3,115,3,30,
5234,2181,1,17,2,20,2026-09-22
5235,2181,2,44,3,30,
5236,2181,3,7,4,20,2026-10-20
5237,2182,1,153,22,50,
5238,2182,2,25,15,10,
5239,2182,3,73,0,10,
5240,2183,1,70,1,50,
5241,2183,2,48,9,20,
5242,2183,3,31,16,10,
5243,2184,1,26,2,10,
5244,2184,2,98,13,30,
5245,2185,1,70,2,20,
5246,2185,2,5,0,50,2026-10-15
5247,2186,1,43,1,50,2026-10-09
5248,2186,2,28,28,50,2026-09-13
5249,2187,1,23,23,30,2026-09-16
5250,2187,2,7,7,50,2026-10-08
5251,2187,3,25,4,30,2026-10-21
5252,2188,1,18,13,30,2026-09-28
5253,2188,2,8,0,30,2026-09-26
5254,2189,1,37,1,30,
5255,2189,2,91,14,30,
5256,2190,1,82,2,20,
5257,2190,2,24,11,20,
5258,2191,1,0,0,0,
5259,2191,2,0,0,0,
5260,2191,3,0,0,0,
5261,2192,1,59,0,20,
5262,2192,2,79,15,20,
5263,2192,3,6,1,20,2026-10-22
5264,2193,1,9,8,20,2026-10-01
5265,2193,2,60,0,30,
5266,2193,3,34,12,20,
5267,2194,1,43,1,10,
5268,2194,2,20,2,10,
5269,2195,1,20,12,50,2026-09-26
5270,2195,2,127,4,20,
5271,2195,3,80,5,10,
5272,2196,1,32,6,50,2026-09-17
5273,2196,2,75,27,20,
5274,2196,3,10,8,10,
5275,2197,1,109,0,30,
5276,2197,2,29,5,20,
5277,2198,1,3,2,10,2026-09-27
5278,2198,2,2,0,10,2026-09-16
5279,2198,3,33,26,50,2026-09-26
5280,2199,1,49,3,20,
5281,2199,2,84,2,50,
5282,2200,1,5,2,30,2026-10-22
5283,2200,2,21,9,50,2026-10-08
5284,2201,1,119,17,10,
5285,2201,2,128,25,20,
5286,2201,3,24,1,50,2026-09-15
5287,2202,1,10,7,50,2026-09-10
5288,2202,2,105,4,50,
5289,2202,3,152,2,50,
5290,2203,1,207,4,20,
5291,2203,2,68,3,10,
5292,2203,3,33,8,30,
5293,2204,1,15,0,30,2026-10-13
5294,2204,2,25,1,20,
5295,2205,1,96,1,30,
5296,2205,2,8,0,50,2026-09-17
5297,2206,1,70,12,30,
5298,2206,2,33,8,10,
5299,2206,3,186,9,10,
5300,2207,1,166,6,10,
5301,2207,2,87,16,10,
5302,2208,1,37,3,50,2026-10-07
5303,2208,2,28,2,10,
5304,2209,1,67,14,30,
5305,2209,2,62,2,50,
5306,2209,3,176,0,30,
5307,2210,1,50,13,50,
5308,2210,2,95,18,20,
5309,2211,1,113,25,50,
5310,2211,2,72,0,20,
5311,2212,1,260,3,50,
5312,2212,2,147,18,10,
5313,2213,1,108,2,20,
5314,2213,2,22,8,50,2026-09-24
5315,2213,3,63,12,10,
5316,2214,1,23,1,20,
5317,2214,2,284,11,10,
5318,2214,3,184,2,50,
5319,2215,1,19,14,10,
5320,2215,2,67,2,20,
5321,2215,3,91,0,20,
5322,2216,1,84,12,50,
5323,2216,2,223,11,20,
5324,2217,1,155,4,20,
5325,2217,2,132,6,10,
5326,2218,1,9,8,10,2026-10-22
5327,2218,2,73,7,50,
5328,2219,1,10,2,20,2026-09-16
5329,2219,2,36,4,50,2026-09-29
5330,2220,1,50,0,30,
5331,2220,2,56,1,30,
5332,2221,1,16,1,50,2026-10-09
5333,2221,2,7,0,50,2026-10-15
5334,2222,1,51,2,20,
5335,2222,2,55,11,10,
5336,2223,1,7,0,20,2026-09-20
5337,2223,2,70,5,20,
5338,2224,1,48,3,10,
5339,2224,2,124,10,50,
5340,2225,1,106,5,10,
5341,2225,2,5,4,30,2026-09-10
5342,2225,3,50,4,20,
5343,2226,1,15,2,50,2026-09-18
5344,2226,2,59,1,30,
5345,2227,1,92,2,50,
5346,2227,2,17,4,50,2026-10-09
5347,2228,1,120,15,50,
5348,2228,2,76,2,10,
5349,2229,1,98,1,30,
5350,2229,2,105,2,20,
5351,2229,3,49,11,50,2026-09-27
5352,2230,1,54,0,20,
5353,2230,2,6,2,20,2026-09-22
5354,2231,1,95,23,30,
5355,2231,2,44,2,50,2026-10-04
5356,2232,1,25,13,20,
5357,2232,2,39,13,50,2026-09-19
5358,2233,1,94,4,30,
5359,2233,2,245,4,50,
5360,2234,1,134,29,10,
5361,2234,2,3,7,50,2026-09-21
5362,2235,1,13,13,30,2026-10-21
5363,2235,2,112,7,50,
5364,2235,3,111,5,30,
5365,2236,1,43,16,50,2026-09-26
5366,2236,2,63,1,20,
5367,2237,1,9,2,30,2026-09-19
5368,2237,2,213,17,50,
5369,2238,1,0,0,0,
5370,2238,2,0,0,0,
5371,2239,1,26,0,10,
5372,2239,2,83,16,10,
5373,2240,1,128,3,50,
5374,2240,2,18,1,30,2026-09-14
5375,2240,3,5,3,10,2026-09-18
5376,2241,1,37,1,30,
5377,2241,2,2,2,50,2026-09-23
5378,2242,1,176,0,50,
5379,2242,2,108,0,50,
5380,2243,1,58,7,20,
5381,2243,2,23,10,50,2026-10-18
5382,2243,3,35,3,20,
5383,2244,1,39,17,20,
5384,2244,2,20,3,30,2026-09-17
5385,2244,3,259,6,20,
5386,2245,1,69,0,50,
5387,2245,2,15,15,30,2026-09-12
5388,2245,3,42,1,30,
5389,2246,1,107,2,10,
5390,2246,2,8,8,30,2026-10-17
5391,2246,3,8,0,20,2026-10-18
5392,2247,1,20,5,50,2026-10-13
5393,2247,2,5,5,50,2026-09-21
5394,2248,1,83,8,10,
5395,2248,2,95,0,30,
5396,2248,3,88,5,30,
5397,2249,1,132,19,20,
5398,2249,2,33,8,30,
5399,2249,3,37,6,20,
5400,2250,1,94,16,20,
5401,2250,2,56,5,50,
5402,2251,1,28,10,50,2026-09-24
5403,2251,2,0,10,50,2026-09-10
5404,2251,3,4,6,50,2026-09-08
5405,2252,1,23,0,30,2026-09-12
5406,2252,2,1,7,50,2026-09-12
5407,2253,1,57,3,30,
5408,2253,2,28,0,20,
5409,2254,1,49,5,20,
5410,2254,2,23,1,20,
5411,2255,1,47,0,10,
5412,2255,2,79,0,30,
5413,2255,3,142,0,30,
5414,2256,1,10,10,30,2026-09-19
5415,2256,2,8,0,30,2026-10-18
5416,2256,3,41,4,20,
5417,2257,1,17,17,50,2026-10-13
5418,2257,2,37,5,30,
5419,2258,1,43,25,50,2026-10-07
5420,2258,2,45,10,50,2026-09-19
5421,2259,1,6,6,30,2026-10-21
5422,2259,2,42,0,30,
5423,2259,3,22,15,20,
5424,2260,1,6,3,20,2026-10-15
5425,2260,2,14,3,10,
5426,2260,3,6,6,50,2026-10-06
5427,2261,1,100,4,10,
5428,2261,2,17,6,30,2026-10-13
5429,2261,3,89,0,30,
5430,2262,1,24,5,50,2026-09-28
5431,2262,2,29,28,30,2026-09-23
5432,2263,1,50,3,30,
5433,2263,2,36,1,10,
5434,2264,1,17,9,10,
5435,2264,2,121,2,10,
5436,2264,3,78,7,10,
5437,2265,1,51,4,30,
5438,2265,2,83,2,30,
5439,2265,3,60,27,10,
5440,2266,1,82,1,50,
5441,2266,2,16,2,10,
5442,2266,3,86,0,20,
5443,2267,1,49,5,20,
5444,2267,2,45,5,10,
5445,2268,1,112,14,50,
5446,2268,2,149,1,30,
5447,2269,1,13,1,50,2026-09-11
5448,2269,2,99,4,50,
5449,2269,3,115,22,50,
5450,2270,1,55,12,30,
5451,2270,2,6,2,20,2026-09-23
5452,2271,1,93,0,20,
5453,2271,2,22,6,20,
5454,2271,3,60,0,30,
5455,2272,1,488,6,50,
5456,2272,2,44,3,50,2026-10-18
5457,2273,1,179,2,30,
5458,2273,2,22,9,20,
5459,2274,1,93,28,30,
5460,2274,2,57,1,20,
5461,2274,3,29,1,20,
5462,2275,1,77,15,30,
5463,2275,2,102,4,50,
5464,2276,1,48,5,10,
5465,2276,2,16,4,50,2026-09-19
5466,2276,3,16,0,10,
5467,2277,1,26,26,20,
5468,2277,2,11,11,30,2026-09-13
5469,2278,1,141,2,50,
5470,2278,2,12,2,50,2026-10-17
5471,2279,1,19,2,30,2026-10-21
5472,2279,2,202,4,30,
5473,2280,1,24,0,30,2026-09-13
5474,2280,2,210,5,30,
5475,2280,3,27,6,30,2026-09-28
5476,2281,1,34,3,10,
5477,2281,2,40,0,20,
5478,2282,1,6,2,10,2026-10-12
5479,2282,2,13,0,20,2026-09-17
5480,2283,1,27,9,30,2026-09-12
5481,2283,2,26,4,10,
5482,2284,1,28,1,10,
5483,2284,2,95,17,10,
5484,2285,1,37,1,10,
5485,2285,2,53,16,10,
5486,2286,1,32,12,30,
5487,2286,2,23,1,50,2026-10-19
5488,2286,3,76,5,30,
5489,2287,1,129,8,20,
5490,2287,2,28,0,30,2026-10-16
5491,2288,1,31,2,30,
5492,2288,2,34,3,10,
5493,2288,3,22,18,20,
5494,2289,1,130,0,20,
5495,2289,2,22,10,30,2026-09-28
5496,2290,1,34,20,10,
5497,2290,2,37,1,20,
5498,2291,1,29,14,20,
5499,2291,2,8,7,50,2026-10-01
5500,2292,1,66,0,30,
5501,2292,2,43,3,30,
5502,2293,1,56,8,20,
5503,2293,2,15,9,30,2026-10-06
5504,2294,1,15,6,20,2026-10-02
5505,2294,2,217,2,30,
5506,2294,3,37,1,50,2026-09-15
5507,2295,1,15,9,20,2026-09-21
5508,2295,2,8,4,10,2026-10-15
5509,2296,1,41,18,10,
5510,2296,2,110,51,10,
5511,2296,3,9,0,50,2026-10-12
5512,2297,1,39,11,50,2026-10-22
5513,2297,2,28,4,10,
5514,2298,1,48,3,30,
5515,2298,2,88,9,20,
5516,2299,1,24,5,50,2026-10-11
5517,2299,2,150,2,30,
5518,2300,1,69,7,50,
5519,2300,2,14,3,50,2026-09-24
5520,2300,3,5,5,50,2026-10-08
5521,2301,1,52,13,50,
5522,2301,2,10,1,30,2026-10-13
5523,2301,3,184,8,50,
5524,2302,1,9,1,20,2026-09-28
5525,2302,2,9,6,20,2026-09-20
5526,2302,3,79,3,10,
5527,2303,1,152,3,30,
5528,2303,2,28,0,20,
5529,2303,3,30,5,50,2026-09-21
5530,2304,1,5,4,30,2026-09-19
5531,2304,2,127,10,20,
5532,2304,3,51,12,30,
5533,2305,1,56,2,50,
5534,2305,2,14,14,30,2026-10-15
5535,2305,3,41,0,30,
5536,2306,1,13,7,50,2026-09-16
5537,2306,2,331,7,20,
5538,2307,1,111,4,50,
5539,2307,2,20,2,20,
5540,2307,3,194,1,20,
5541,2308,1,190,5,10,
5542,2308,2,21,8,10,
5543,2308,3,127,38,30,
5544,2309,1,30,11,10,
5545,2309,2,159,1,30,
5546,2309,3,88,1,50,
5547,2310,1,39,1,10,
5548,2310,2,49,2,20,
5549,2311,1,57,2,50,
5550,2311,2,27,21,10,
5551,2312,1,15,1,10,
5552,2312,2,5,5,20,2026-10-16
5553,2313,1,53,6,20,
5554,2313,2,74,8,10,
5555,2314,1,20,20,30,2026-10-22
5556,2314,2,15,15,50,2026-10-15
5557,2314,3,59,15,30,
5558,2315,1,53,3,30,
5559,2315,2,14,7,50,2026-09-20
5560,2316,1,90,5,20,
5561,2316,2,36,1,30,
5562,2317,1,60,8,30,
5563,2317,2,127,6,50,
5564,2318,1,196,6,10,
5565,2318,2,47,1,50,2026-10-08
5566,2318,3,272,3,10,
5567,2319,1,14,13,50,2026-10-17
5568,2319,2,11,4,30,2026-09-14
5569,2320,1,10,1,50,2026-09-11
5570,2320,2,13,5,50,2026-09-18
5571,2320,3,29,25,10,
5572,2321,1,61,14,10,
5573,2321,2,96,11,30,
5574,2322,1,16,2,10,
5575,2322,2,55,0,30,
5576,2323,1,66,13,30,
5577,2323,2,99,14,20,
5578,2324,1,70,14,10,
5579,2324,2,214,5,20,
5580,2324,3,82,7,50,
5581,2325,1,43,1,50,2026-09-26
5582,2325,2,55,13,20,
5583,2325,3,10,4,10,
5584,2326,1,93,1,30,
5585,2326,2,33,8,30,
5586,2327,1,53,11,50,
5587,2327,2,6,6,10,2026-10-05
5588,2328,1,28,2,30,2026-09-21
5589,2328,2,49,10,30,
5590,2328,3,5,3,50,2026-10-03
5591,2329,1,67,1,30,
5592,2329,2,13,11,30,2026-10-14
5593,2330,1,93,10,30,
5594,2330,2,34,4,10,
5595,2331,1,114,6,10,
5596,2331,2,38,11,10,
5597,2332,1,98,16,20,
5598,2332,2,36,1,50,2026-09-26
5599,2332,3,128,5,50,
5600,2333,1,1,3,10,2026-09-14
5601,2333,2,38,21,30,
5602,2334,1,9,9,10,2026-09-26
5603,2334,2,19,6,20,2026-10-03
5604,2335,1,74,7,30,
5605,2335,2,216,15,50,
5606,2336,1,25,4,50,2026-09-30
5607,2336,2,69,15,30,
5608,2337,1,82,8,20,
5609,2337,2,64,3,20,
5610,2337,3,27,10,50,2026-09-23
5611,2338,1,13,13,20,2026-10-13
5612,2338,2,16,0,10,
5613,2339,1,5,5,50,2026-10-10
5614,2339,2,55,5,20,
5615,2339,3,33,1,10,
5616,2340,1,26,0,50,2026-10-01
5617,2340,2,127,16,20,
5618,2341,1,65,0,30,
5619,2341,2,33,0,30,
5620,2342,1,9,6,50,2026-10-11
5621,2342,2,61,6,30,
5622,2342,3,18,15,10,
5623,2343,1,6,6,20,2026-10-22
5624,2343,2,176,7,50,
5625,2344,1,12,1,20,2026-09-27
5626,2344,2,131,0,20,
5627,2345,1,45,0,50,2026-10-19
5628,2345,2,37,27,10,
5629,2345,3,32,0,10,
5630,2346,1,38,11,50,2026-09-18
5631,2346,2,6,6,30,2026-09-29
5632,2347,1,20,1,30,2026-09-28
5633,2347,2,180,15,20,
5634,2348,1,56,1,30,
5635,2348,2,168,14,10,
5636,2349,1,14,3,10,
5637,2349,2,2,3,20,2026-09-28
5638,2350,1,257,27,30,
5639,2350,2,65,1,50,
5640,2351,1,56,7,10,
5641,2351,2,114,8,20,
5642,2352,1,192,1,30,
5643,2352,2,110,13,50,
5644,2353,1,112,12,50,
5645,2353,2,12,2,10,
5646,2353,3,82,2,30,
5647,2354,1,20,0,50,2026-10-03
5648,2354,2,21,4,20,
5649,2354,3,24,9,50,2026-10-04
5650,2355,1,70,1,50,
5651,2355,2,24,1,30,2026-10-21
5652,2356,1,1,2,10,2026-09-10
5653,2356,2,5,3,10,2026-09-18
5654,2356,3,8,5,10,2026-10-01
5655,2357,1,41,2,10,
5656,2357,2,29,19,10,
5657,2357,3,25,3,50,2026-10-21
5658,2358,1,22,22,20,
5659,2358,2,57,8,50,
5660,2358,3,41,3,50,2026-10-19
5661,2359,1,0,0,0,
5662,2359,2,0,0,0,
5663,2360,1,249,7,10,
5664,2360,2,18,4,10,
5665,2360,3,78,3,30,
5666,2361,1,24,18,30,2026-09-22
5667,2361,2,27,8,30,2026-09-24
5668,2362,1,6,1,10,2026-09-23
5669,2362,2,32,7,50,2026-09-13
5670,2363,1,20,8,50,2026-09-11
5671,2363,2,7,4,20,2026-09-23
5672,2364,1,14,2,50,2026-09-16
5673,2364,2,10,7,20,2026-09-23
5674,2365,1,34,8,10,
5675,2365,2,188,7,10,
5676,2365,3,15,6,50,2026-10-04
5677,2366,1,21,17,30,2026-10-07
5678,2366,2,39,19,50,2026-10-07
5679,2366,3,8,5,30,2026-10-01
5680,2367,1,15,15,30,2026-09-22
5681,2367,2,17,1,50,2026-10-22
5682,2367,3,48,2,20,
5683,2368,1,112,23,20,
5684,2368,2,51,12,50,
5685,2369,1,52,1,20,
5686,2369,2,90,11,20,
5687,2369,3,38,3,50,2026-09-21
5688,2370,1,51,8,10,
5689,2370,2,22,3,20,
5690,2371,1,81,17,30,
5691,2371,2,19,12,20,2026-09-24
5692,2372,1,19,9,50,2026-10-07
5693,2372,2,54,7,30,
5694,2372,3,59,7,10,
5695,2373,1,10,2,10,2026-09-15
5696,2373,2,15,9,20,2026-09-14
5697,2374,1,12,7,30,2026-10-06
5698,2374,2,15,7,30,2026-10-07
5699,2375,1,19,18,20,2026-09-28
5700,2375,2,10,9,10,2026-09-29
5701,2376,1,69,5,10,
5702,2376,2,19,3,30,2026-09-13
5703,2377,1,46,13,50,2026-10-05
5704,2377,2,11,11,30,2026-10-07
5705,2378,1,87,7,10,
5706,2378,2,142,4,20,
5707,2379,1,35,8,10,
5708,2379,2,50,1,10,
5709,2380,1,21,2,20,
5710,2380,2,87,7,50,
5711,2381,1,12,3,50,2026-09-15
5712,2381,2,124,0,30,
5713,2381,3,23,10,20,
5714,2382,1,75,18,10,
5715,2382,2,23,12,50,2026-10-17
5716,2383,1,81,0,10,
5717,2383,2,7,0,50,2026-10-07
5718,2383,3,106,3,10,
5719,2384,1,32,18,20,
5720,2384,2,22,7,20,
5721,2384,3,60,20,20,
5722,2385,1,111,8,20,
5723,2385,2,26,16,50,2026-10-04
5724,2386,1,2,2,50,2026-09-29
5725,2386,2,30,26,30,2026-10-01
5726,2386,3,22,1,30,2026-09-20
5727,2387,1,10,0,50,2026-10-06
5728,2387,2,29,1,10,
5729,2387,3,30,30,10,
5730,2388,1,255,21,30,
5731,2388,2,54,0,20,
5732,2389,1,39,2,20,
5733,2389,2,11,2,50,2026-09-14
5734,2389,3,43,1,30,
5735,2390,1,3,0,10,2026-09-17
5736,2390,2,4,4,10,2026-09-20
5737,2391,1,0,0,0,
5738,2391,2,0,0,0,
5739,2392,1,13,2,20,2026-09-21
5740,2392,2,11,7,50,2026-10-03
5741,2392,3,4,1,20,2026-09-28
5742,2393,1,29,6,30,2026-09-19
5743,2393,2,8,4,10,2026-09-16
5744,2394,1,6,1,20,2026-09-27
5745,2394,2,3,4,20,2026-09-15
5746,2395,1,0,0,0,
5747,2395,2,0,0,0,
5748,2396,1,6,6,20,2026-10-06
5749,2396,2,11,2,20,2026-10-22
5750,2396,3,19,12,10,
5751,2397,1,45,19,50,2026-09-24
5752,2397,2,18,15,20,2026-09-18
5753,2397,3,3,3,30,2026-10-05
5754,2398,1,5,0,30,2026-10-14
5755,2398,2,12,12,50,2026-09-12
5756,2399,1,2,2,20,2026-09-29
5757,2399,2,1,0,10,2026-09-25
5758,2400,1,41,11,30,
5759,2400,2,44,4,10,
5760,2401,1,7,10,20,2026-09-09
5761,2401,2,131,18,50,
5762,2402,1,16,14,20,2026-10-03
5763,2402,2,97,27,30,
5764,2402,3,30,4,50,2026-09-27
5765,2403,1,17,17,20,2026-09-15
5766,2403,2,11,10,20,2026-09-26
5767,2404,1,96,0,20,
5768,2404,2,10,10,30,2026-09-28
5769,2405,1,37,6,20,
5770,2405,2,100,12,20,
5771,2405,3,16,1,20,2026-10-03
5772,2406,1,12,3,20,2026-09-14
5773,2406,2,32,20,10,
5774,2406,3,30,1,10,
5775,2407,1,28,14,50,2026-10-17
5776,2407,2,97,1,10,
5777,2408,1,118,9,20,
5778,2408,2,9,0,30,2026-09-16
5779,2408,3,0,4,50,2026-09-12
5780,2409,1,7,6,10,2026-09-14
5781,2409,2,5,9,20,2026-09-09
5782,2410,1,140,1,10,
5783,2410,2,27,2,20,
5784,2410,3,81,35,10,
5785,2411,1,50,8,20,
5786,2411,2,14,5,20,2026-10-14
5787,2411,3,9,9,20,2026-09-24
5788,2412,1,61,1,20,
5789,2412,2,65,17,20,
5790,2412,3,147,8,20,
5791,2413,1,268,0,50,
5792,2413,2,19,9,30,2026-10-13
5793,2413,3,39,5,30,
5794,2414,1,75,3,50,
5795,2414,2,41,4,10,
5796,2415,1,33,19,30,
5797,2415,2,203,2,30,
5798,2415,3,46,1,20,
5799,2416,1,13,13,20,2026-09-29
5800,2416,2,28,13,20,
5801,2416,3,73,0,10,
5802,2417,1,10,6,10,
5803,2417,2,17,17,10,
5804,2418,1,8,0,50,2026-10-04
5805,2418,2,55,11,30,
5806,2418,3,72,16,20,
5807,2419,1,11,1,20,2026-10-09
5808,2419,2,101,17,10,
5809,2420,1,16,8,10,
5810,2420,2,64,9,50,
5811,2421,1,12,11,50,2026-10-02
5812,2421,2,3,3,10,2026-10-05
5813,2421,3,8,7,10,2026-09-23
5814,2422,1,54,2,30,
5815,2422,2,41,10,20,
5816,2422,3,5,3,10,2026-10-18
5817,2423,1,82,11,10,
5818,2423,2,179,5,20,
5819,2424,1,196,3,20,
5820,2424,2,24,6,10,
5821,2424,3,78,10,20,
5822,2425,1,180,5,10,
5823,2425,2,420,5,30,
5824,2426,1,42,31,20,
5825,2426,2,137,13,10,
5826,2427,1,23,2,30,2026-09-25
5827,2427,2,190,4,20,
5828,2427,3,173,0,10,
5829,2428,1,0,0,0,
5830,2428,2,0,0,0,
5831,2428,3,0,0,0,
5832,2429,1,40,0,10,
5833,2429,2,67,35,30,
5834,2430,1,83,1,30,
5835,2430,2,210,9,20,
5836,2431,1,113,1,30,
5837,2431,2,53,5,20,
5838,2432,1,11,3,20,2026-10-03
5839,2432,2,7,6,30,2026-10-18
5840,2432,3,76,11,10,
5841,2433,1,6,0,20,2026-10-10
5842,2433,2,21,0,50,2026-10-13
5843,2434,1,8,2,20,2026-09-29
5844,2434,2,130,10,50,
5845,2435,1,141,1,20,
5846,2435,2,46,2,10,
5847,2436,1,78,4,50,
5848,2436,2,57,13,20,
5849,2437,1,67,12,20,
5850,2437,2,43,2,50,2026-10-18
5851,2438,1,11,11,30,2026-09-27
5852,2438,2,41,15,30,
5853,2438,3,10,5,20,2026-09-27
5854,2439,1,23,6,20,
5855,2439,2,52,0,50,
5856,2439,3,28,2,10,
5857,2440,1,61,0,10,
5858,2440,2,93,16,20,
5859,2441,1,6,6,50,2026-10-12
5860,2441,2,94,12,10,
5861,2442,1,11,5,50,2026-10-10
5862,2442,2,46,13,50,2026-10-12
5863,2443,1,129,17,30,
5864,2443,2,9,1,10,2026-09-27
5865,2443,3,87,8,20,
5866,2444,1,141,9,10,
5867,2444,2,22,8,10,
5868,2445,1,170,2,50,
5869,2445,2,39,25,30,
5870,2446,1,121,4,10,
5871,2446,2,38,10,10,
5872,2447,1,87,2,10,
5873,2447,2,30,4,20,
5874,2447,3,36,8,20,
5875,2448,1,32,8,30,
5876,2448,2,92,7,50,
5877,2448,3,37,7,30,
5878,2449,1,121,9,50,
5879,2449,2,12,3,50,2026-09-23
5880,2450,1,44,5,10,
5881,2450,2,78,1,30,
5882,2450,3,36,18,10,
5883,2451,1,198,2,50,
5884,2451,2,40,11,20,
5885,2452,1,0,0,0,
5886,2452,2,0,0,0,
5887,2452,3,0,0,0,
5888,2453,1,134,4,50,
5889,2453,2,53,1,10,
5890,2453,3,9,9,10,2026-09-16
5891,2454,1,108,3,20,
5892,2454,2,44,3,10,
5893,2455,1,7,7,10,2026-10-17
5894,2455,2,20,0,30,2026-10-14
5895,2456,1,15,5,30,2026-09-15
5896,2456,2,157,0,10,
5897,2457,1,34,0,50,2026-10-02
5898,2457,2,122,9,30,
5899,2458,1,233,14,20,
5900,2458,2,106,5,20,
5901,2459,1,73,12,30,
5902,2459,2,28,17,30,2026-09-20
5903,2460,1,27,4,50,2026-10-13
5904,2460,2,8,8,20,2026-10-11
5905,2460,3,42,30,50,2026-10-09
5906,2461,1,16,0,30,2026-10-16
5907,2461,2,120,17,20,
5908,2461,3,21,3,50,2026-10-18
5909,2462,1,52,2,10,
5910,2462,2,48,3,50,2026-10-14
5911,2463,1,64,9,20,
5912,2463,2,99,29,10,
5913,2463,3,7,3,30,2026-09-13
5914,2464,1,254,3,10,
5915,2464,2,67,1,20,
5916,2465,1,43,2,50,2026-09-15
5917,2465,2,26,1,30,2026-10-18
5918,2466,1,62,0,50,
5919,2466,2,16,16,20,2026-10-17
5920,2467,1,29,7,30,2026-10-01
5921,2467,2,107,2,30,
5922,2467,3,11,4,20,2026-09-30
5923,2468,1,88,7,30,
5924,2468,2,18,0,10,
5925,2469,1,136,0,10,
5926,2469,2,118,14,50,
5927,2469,3,55,2,10,
5928,2470,1,87,0,10,
5929,2470,2,110,8,30,
5930,2470,3,13,10,20,2026-10-04
5931,2471,1,20,8,50,2026-09-15
5932,2471,2,17,4,10,
5933,2471,3,59,9,20,
5934,2472,1,132,0,30,
5935,2472,2,36,11,30,
5936,2473,1,36,6,50,2026-10-08
5937,2473,2,47,10,50,2026-09-21
5938,2474,1,84,10,20,
5939,2474,2,40,4,30,
5940,2475,1,33,3,50,2026-09-25
5941,2475,2,115,14,20,
5942,2476,1,5,4,20,2026-09-25
5943,2476,2,4,1,30,2026-09-15
5944,2477,1,59,18,30,
5945,2477,2,8,8,20,2026-09-11
5946,2477,3,5,5,20,2026-09-12
5947,2478,1,100,7,50,
5948,2478,2,27,8,20,
5949,2479,1,19,19,50,2026-10-06
5950,2479,2,40,8,20,
5951,2480,1,17,2,20,2026-10-07
5952,2480,2,83,2,20,
5953,2481,1,0,0,0,
5954,2481,2,0,0,0,
5955,2481,3,0,0,0,
5956,2482,1,10,10,30,2026-10-19
5957,2482,2,143,3,30,
5958,2483,1,71,0,20,
5959,2483,2,16,13,10,
5960,2484,1,18,5,20,2026-10-22
5961,2484,2,106,2,10,
5962,2484,3,53,2,50,
5963,2485,1,34,5,10,
5964,2485,2,56,1,50,
5965,2485,3,60,4,20,
5966,2486,1,132,7,10,
5967,2486,2,27,12,50,2026-09-14
5968,2486,3,41,5,30,
5969,2487,1,47,16,30,
5970,2487,2,92,0,30,
5971,2487,3,28,6,30,2026-10-21
5972,2488,1,67,1,50,
5973,2488,2,61,11,30,
5974,2489,1,63,6,30,
5975,2489,2,5,3,10,2026-10-01
5976,2489,3,55,0,10,
5977,2490,1,128,7,30,
5978,2490,2,33,2,30,
5979,2490,3,14,4,20,2026-09-21
5980,2491,1,93,10,20,
5981,2491,2,46,6,50,2026-10-04
5982,2492,1,44,24,50,2026-10-02
5983,2492,2,0,0,10,2026-10-01
5984,2492,3,37,5,50,2026-09-27
5985,2493,1,69,23,30,
5986,2493,2,81,7,10,
5987,2494,1,30,5,10,
5988,2494,2,8,8,50,2026-10-02
5989,2495,1,23,6,50,2026-10-20
5990,2495,2,40,3,50,2026-10-09
5991,2495,3,21,12,30,2026-10-05
5992,2496,1,84,18,50,
5993,2496,2,85,2,50,
5994,2496,3,77,0,10,
5995,2497,1,24,11,50,2026-09-14
5996,2497,2,11,11,10,
5997,2498,1,62,3,50,
5998,2498,2,50,13,10,
5999,2498,3,28,2,30,2026-09-27
6000,2499,1,188,6,30,
6001,2499,2,86,1,10,
6002,2500,1,33,10,30,
6003,2500,2,114,11,10,
6004,2500,3,51,0,30,
6005,2501,1,36,1,20,
6006,2501,2,21,1,20,
6007,2502,1,225,6,50,
6008,2502,2,17,1,30,2026-09-19
6009,2503,1,176,2,30,
6010,2503,2,36,20,30,
6011,2504,1,52,16,20,
6012,2504,2,81,0,20,
6013,2504,3,21,0,30,2026-09-11
6014,2505,1,156,16,50,
6015,2505,2,14,14,50,2026-10-19
6016,2506,1,23,0,30,2026-10-22
6017,2506,2,21,0,10,
6018,2507,1,5,4,20,2026-10-07
6019,2507,2,58,9,30,
6020,2508,1,106,0,50,
6021,2508,2,108,1,10,
6022,2509,1,86,31,50,
6023,2509,2,74,7,50,
6024,2509,3,107,0,50,
6025,2510,1,18,4,20,2026-09-30
6026,2510,2,30,8,50,2026-09-15
6027,2510,3,141,1,30,
6028,2511,1,1,0,10,2026-09-27
6029,2511,2,0,1,20,2026-09-21
6030,2512,1,49,20,20,
6031,2512,2,8,8,50,2026-09-24
6032,2513,1,11,0,30,2026-10-06
6033,2513,2,32,6,30,
6034,2514,1,62,0,20,
6035,2514,2,37,12,50,2026-10-03
6036,2515,1,13,4,50,2026-09-22
6037,2515,2,36,7,30,
6038,2516,1,43,0,10,
6039,2516,2,100,4,30,
6040,2517,1,6,2,50,2026-09-11
6041,2517,2,175,32,20,
6042,2517,3,96,1,50,
6043,2518,1,111,7,10,
6044,2518,2,13,5,50,2026-09-22
6045,2518,3,11,8,30,2026-09-15
6046,2519,1,19,3,30,2026-09-17
6047,2519,2,20,8,30,2026-09-27
6048,2520,1,48,17,20,
6049,2520,2,34,20,50,2026-10-18
6050,2520,3,68,4,10,
6051,2521,1,78,2,10,
6052,2521,2,44,19,50,2026-10-07
6053,2522,1,34,8,10,
6054,2522,2,8,6,50,2026-10-13
6055,2522,3,44,5,30,
6056,2523,1,41,1,20,
6057,2523,2,10,5,30,2026-10-12
6058,2524,1,16,8,20,2026-10-04
6059,2524,2,5,5,20,2026-10-02
6060,2525,1,71,3,20,
6061,2525,2,83,31,50,
6062,2526,1,132,7,10,
6063,2526,2,27,5,10,
6064,2526,3,82,5,30,
6065,2527,1,83,9,30,
6066,2527,2,34,34,30,
6067,2528,1,0,0,0,
6068,2528,2,0,0,0,
6069,2529,1,11,4,10,
6070,2529,2,22,4,50,2026-10-13
6071,2530,1,139,8,20,
6072,2530,2,133,0,20,
6073,2531,1,27,1,10,
6074,2531,2,115,1,50,
6075,2532,1,9,7,30,2026-10-18
6076,2532,2,32,10,30,
6077,2532,3,67,0,30,
6078,2533,1,65,19,20,
6079,2533,2,175,8,10,
6080,2533,3,54,10,30,
6081,2534,1,10,0,10,2026-09-11
6082,2534,2,0,3,10,2026-09-14
6083,2534,3,7,5,20,2026-09-18
6084,2535,1,134,3,10,
6085,2535,2,39,1,10,
6086,2536,1,24,9,50,2026-09-21
6087,2536,2,8,6,50,2026-10-04
6088,2536,3,17,10,30,2026-09-17
6089,2537,1,93,8,30,
6090,2537,2,40,0,30,
6091,2537,3,118,7,50,
6092,2538,1,14,4,20,2026-09-22
6093,2538,2,6,6,10,2026-09-13
6094,2539,1,12,5,50,2026-10-03
6095,2539,2,23,3,10,
6096,2539,3,20,13,10,
6097,2540,1,81,0,50,
6098,2540,2,14,0,20,2026-10-05
6099,2540,3,27,9,30,2026-10-16
6100,2541,1,98,7,20,
6101,2541,2,16,5,20,2026-09-14
6102,2542,1,113,0,30,
6103,2542,2,116,2,30,
6104,2543,1,25,8,10,
6105,2543,2,138,4,10,
6106,2543,3,24,5,20,
6107,2544,1,34,10,50,2026-10-06
6108,2544,2,0,2,20,2026-09-10
6109,2545,1,109,14,50,
6110,2545,2,95,16,10,
6111,2546,1,36,2,50,2026-10-13
6112,2546,2,80,1,50,
6113,2547,1,114,10,10,
6114,2547,2,47,8,50,2026-10-05
6115,2547,3,103,2,30,
6116,2548,1,8,8,20,2026-09-14
6117,2548,2,53,1,10,
6118,2549,1,35,2,30,
6119,2549,2,28,3,10,
6120,2549,3,15,1,10,
6121,2550,1,16,9,20,2026-10-04
6122,2550,2,5,5,20,2026-09-17
6123,2550,3,9,3,30,2026-10-04
6124,2551,1,14,5,50,2026-10-20
6125,2551,2,68,0,20,
6126,2551,3,40,1,30,
6127,2552,1,22,3,10,
6128,2552,2,30,0,30,
6129,2553,1,22,1,30,2026-09-13
6130,2553,2,81,35,30,
6131,2554,1,282,6,30,
6132,2554,2,50,2,30,
6133,2554,3,43,5,20,
6134,2555,1,9,9,30,2026-09-19
6135,2555,2,7,2,20,2026-10-15
6136,2556,1,112,9,20,
6137,2556,2,198,13,50,
6138,2556,3,10,10,10,
6139,2557,1,28,22,50,2026-10-18
6140,2557,2,84,3,30,
6141,2558,1,39,11,30,
6142,2558,2,6,6,10,2026-10-12
6143,2559,1,108,7,20,
6144,2559,2,33,1,50,2026-10-06
6145,2560,1,55,7,20,
6146,2560,2,85,16,20,
6147,2561,1,184,16,20,
6148,2561,2,8,15,50,2026-09-11
6149,2561,3,57,2,30,
6150,2562,1,98,11,10,
6151,2562,2,81,21,50,
6152,2562,3,44,2,10,
6153,2563,1,17,0,50,2026-09-16
6154,2563,2,71,12,50,
6155,2563,3,52,4,30,
6156,2564,1,4,4,20,2026-09-11
6157,2564,2,3,3,30,2026-09-12
6158,2564,3,7,21,20,2026-09-21
6159,2565,1,147,0,50,
6160,2565,2,68,2,50,
6161,2566,1,59,6,50,
6162,2566,2,314,1,50,
6163,2567,1,89,0,30,
6164,2567,2,9,2,50,2026-09-20
6165,2568,1,7,7,10,2026-09-19
6166,2568,2,81,0,50,
6167,2569,1,40,2,10,
6168,2569,2,18,18,10,
6169,2570,1,45,10,30,
6170,2570,2,13,0,10,
6171,2570,3,38,8,10,
6172,2571,1,108,35,30,
6173,2571,2,5,0,20,2026-10-09
6174,2572,1,51,11,20,
6175,2572,2,73,1,20,
6176,2573,1,18,4,30,2026-10-14
6177,2573,2,80,9,50,
6178,2574,1,34,4,30,
6179,2574,2,40,9,30,
6180,2574,3,190,5,30,
6181,2575,1,226,8,50,
6182,2575,2,34,2,10,
6183,2575,3,34,4,10,
6184,2576,1,8,7,30,2026-09-29
6185,2576,2,2,2,10,2026-09-12
6186,2576,3,3,0,20,2026-09-16
6187,2577,1,21,1,10,
6188,2577,2,33,0,20,
6189,2577,3,183,6,30,
6190,2578,1,40,1,30,
6191,2578,2,24,8,30,2026-09-14
6192,2579,1,53,21,50,
6193,2579,2,14,12,30,2026-09-11
6194,2580,1,73,0,10,
6195,2580,2,54,0,30,
6196,2580,3,11,10,30,2026-10-16
6197,2581,1,5,3,10,2026-09-18
6198,2581,2,3,3,50,2026-09-11
6199,2581,3,37,30,50,2026-09-20
6200,2582,1,31,16,20,
6201,2582,2,30,30,30,
6202,2583,1,45,2,10,
6203,2583,2,80,2,10,
6204,2584,1,33,12,50,2026-09-30
6205,2584,2,49,10,30,
6206,2584,3,30,1,50,2026-09-11
6207,2585,1,0,13,10,2026-10-05
6208,2585,2,10,10,20,2026-09-14
6209,2585,3,2,3,10,2026-09-14
6210,2586,1,54,3,10,
6211,2586,2,84,1,30,
6212,2587,1,33,13,20,
6213,2587,2,57,0,30,
6214,2588,1,120,10,10,
6215,2588,2,33,5,20,
6216,2588,3,17,17,20,2026-09-20
6217,2589,1,12,7,50,2026-10-07
6218,2589,2,15,10,20,2026-10-13
6219,2590,1,206,9,20,
6220,2590,2,155,0,20,
6221,2591,1,23,23,50,2026-09-29
6222,2591,2,24,14,10,
6223,2592,1,0,0,30,2026-09-22
6224,2592,2,16,5,20,2026-09-30
6225,2592,3,10,7,20,2026-09-15
6226,2593,1,10,10,10,
6227,2593,2,50,9,20,
6228,2593,3,92,3,10,
6229,2594,1,33,3,20,
6230,2594,2,15,1,30,2026-09-21
6231,2595,1,72,10,30,
6232,2595,2,6,6,20,2026-10-14
6233,2596,1,36,10,10,
6234,2596,2,61,10,10,
6235,2597,1,29,2,30,2026-09-23
6236,2597,2,25,9,30,2026-10-15
6237,2597,3,47,7,30,
6238,2598,1,10,9,50,2026-09-20
6239,2598,2,90,1,10,
6240,2599,1,14,5,30,2026-10-12
6241,2599,2,159,27,10,
6242,2599,3,5,5,50,2026-10-16
6243,2600,1,11,7,20,2026-09-14
6244,2600,2,6,6,10,2026-09-14
6245,2601,1,7,0,30,2026-10-04
6246,2601,2,87,5,20,
6247,2602,1,20,5,10,
6248,2602,2,33,0,30,
6249,2603,1,124,3,20,
6250,2603,2,12,6,10,
6251,2604,1,60,18,50,
6252,2604,2,259,10,30,
6253,2605,1,14,1,50,2026-09-28
6254,2605,2,70,0,20,
6255,2605,3,18,18,50,2026-10-10
6256,2606,1,99,1,10,
6257,2606,2,38,9,10,
6258,2606,3,99,1,20,
6259,2607,1,14,14,10,
6260,2607,2,15,10,10,
6261,2608,1,173,11,20,
6262,2608,2,157,27,30,
6263,2608,3,134,0,20,
6264,2609,1,119,14,30,
6265,2609,2,187,18,20,
6266,2609,3,29,4,20,
6267,2610,1,0,0,50,2026-10-02
6268,2610,2,12,16,10,2026-09-21
6269,2610,3,10,5,10,2026-09-18
6270,2611,1,230,3,20,
6271,2611,2,6,1,30,2026-10-15
6272,2611,3,73,23,30,
6273,2612,1,27,2,20,
6274,2612,2,9,0,50,2026-09-17
6275,2612,3,25,0,20,
6276,2613,1,81,11,20,
6277,2613,2,43,0,30,
6278,2614,1,15,8,10,
6279,2614,2,5,5,20,2026-10-07
6280,2614,3,32,9,30,
6281,2615,1,31,5,10,
6282,2615,2,189,3,20,
6283,2616,1,47,9,50,2026-09-25
6284,2616,2,81,1,30,
6285,2617,1,84,3,30,
6286,2617,2,73,2,10,
6287,2618,1,52,5,50,
6288,2618,2,26,3,50,2026-09-27
6289,2618,3,42,5,20,
6290,2619,1,33,17,50,2026-09-22
6291,2619,2,22,8,10,
6292,2620,1,14,14,50,2026-09-20
6293,2620,2,30,6,50,2026-09-18
6294,2620,3,29,0,10,
6295,2621,1,99,1,10,
6296,2621,2,13,8,20,2026-09-15
6297,2622,1,7,1,50,2026-10-17
6298,2622,2,36,7,30,
6299,2623,1,51,4,10,
6300,2623,2,152,29,10,
6301,2623,3,30,6,30,
6302,2624,1,194,5,20,
6303,2624,2,16,16,10,
6304,2625,1,63,5,30,
6305,2625,2,39,14,10,
6306,2625,3,97,3,20,
6307,2626,1,45,1,10,
6308,2626,2,13,5,20,2026-09-30
6309,2627,1,10,9,20,2026-09-25
6310,2627,2,30,21,30,2026-10-06
6311,2627,3,10,7,10,2026-09-27
6312,2628,1,7,0,10,2026-09-12
6313,2628,2,117,0,50,
6314,2628,3,51,0,30,
6315,2629,1,8,2,20,2026-10-17
6316,2629,2,7,7,50,2026-09-29
6317,2630,1,52,0,20,
6318,2630,2,63,2,10,
6319,2630,3,96,1,20,
6320,2631,1,46,8,50,2026-10-11
6321,2631,2,33,4,30,
6322,2632,1,62,14,30,
6323,2632,2,30,9,30,
6324,2632,3,24,2,50,2026-10-03
6325,2633,1,39,6,50,2026-10-15
6326,2633,2,63,11,10,
6327,2633,3,12,6,50,2026-10-10
6328,2634,1,8,6,20,2026-09-30
6329,2634,2,5,5,20,2026-09-09
6330,2634,3,11,3,20,2026-10-14
6331,2635,1,17,7,20,2026-09-25
6332,2635,2,24,24,10,
6333,2636,1,128,1,30,
6334,2636,2,9,2,20,2026-09-20
6335,2636,3,6,0,50,2026-10-18
6336,2637,1,7,6,10,2026-09-12
6337,2637,2,1,1,50,2026-09-09
6338,2637,3,10,8,10,2026-09-20
6339,2638,1,65,16,20,
6340,2638,2,36,13,20,
6341,2638,3,26,6,30,2026-09-15
6342,2639,1,43,4,10,
6343,2639,2,13,10,20,2026-10-18
6344,2640,1,113,1,30,
6345,2640,2,76,6,10,
6346,2641,1,71,1,50,
6347,2641,2,12,2,10,
6348,2641,3,6,3,50,2026-09-26
6349,2642,1,63,0,20,
6350,2642,2,31,9,30,
6351,2642,3,177,14,50,
6352,2643,1,41,1,50,2026-10-11
6353,2643,2,6,3,10,2026-10-22
6354,2643,3,168,5,20,
6355,2644,1,52,6,50,
6356,2644,2,85,6,50,
6357,2645,1,15,0,10,
6358,2645,2,0,10,30,2026-09-12
6359,2646,1,60,14,10,
6360,2646,2,108,12,20,
6361,2646,3,15,7,20,2026-09-18
6362,2647,1,23,14,30,2026-10-16
6363,2647,2,132,3,10,
6364,2648,1,72,0,30,
6365,2648,2,9,9,20,2026-10-11
6366,2648,3,65,3,30,
6367,2649,1,18,0,50,2026-09-10
6368,2649,2,17,0,30,2026-10-04
6369,2650,1,38,19,50,2026-10-18
6370,2650,2,132,6,30,
6371,2651,1,8,8,20,2026-10-11
6372,2651,2,0,4,10,2026-09-09
6373,2651,3,52,0,20,
6374,2652,1,43,8,10,
6375,2652,2,42,12,30,
6376,2652,3,23,0,10,
6377,2653,1,133,2,50,
6378,2653,2,24,10,10,
6379,2654,1,103,5,20,
6380,2654,2,16,16,30,2026-09-15
6381,2655,1,56,3,20,
6382,2655,2,42,1,10,
6383,2655,3,178,2,20,
6384,2656,1,91,7,50,
6385,2656,2,20,6,20,
6386,2657,1,83,18,30,
6387,2657,2,59,0,50,
6388,2658,1,0,0,0,
6389,2658,2,0,0,0,
6390,2659,1,34,15,50,2026-09-25
6391,2659,2,38,1,50,2026-10-12
6392,2659,3,5,6,30,2026-09-09
6393,2660,1,75,8,50,
6394,2660,2,57,20,20,
6395,2661,1,141,17,20,
6396,2661,2,32,5,20,
6397,2661,3,7,7,20,2026-09-17
6398,2662,1,55,4,20,
6399,2662,2,28,26,30,2026-09-16
6400,2663,1,93,2,20,
6401,2663,2,72,8,30,
6402,2663,3,114,17,10,
6403,2664,1,27,2,20,
6404,2664,2,8,0,50,2026-09-27
6405,2665,1,97,0,30,
6406,2665,2,28,2,20,
6407,2666,1,100,5,50,
6408,2666,2,10,6,20,2026-10-03
6409,2667,1,127,9,20,
6410,2667,2,55,43,30,
6411,2667,3,54,0,50,
6412,2668,1,93,1,30,
6413,2668,2,66,3,20,
6414,2669,1,117,12,50,
6415,2669,2,12,0,30,2026-10-09
6416,2670,1,45,7,50,2026-10-21
6417,2670,2,25,3,20,
6418,2671,1,48,3,30,
6419,2671,2,11,11,20,2026-09-26
6420,2672,1,154,1,20,
6421,2672,2,25,18,10,
6422,2673,1,69,10,50,
6423,2673,2,68,14,50,
6424,2674,1,111,5,10,
6425,2674,2,44,4,30,
6426,2674,3,37,0,20,
6427,2675,1,119,6,20,
6428,2675,2,35,3,20,
6429,2676,1,9,7,10,2026-10-11
6430,2676,2,29,9,10,
6431,2677,1,11,11,20,2026-10-09
6432,2677,2,84,4,30,
6433,2678,1,32,0,20,
6434,2678,2,5,4,30,2026-09-23
6435,2679,1,242,3,50,
6436,2679,2,88,7,30,
6437,2680,1,79,1,10,
6438,2680,2,35,35,50,2026-10-12
6439,2681,1,32,10,30,
6440,2681,2,98,2,30,
6441,2682,1,359,10,50,
6442,2682,2,18,18,30,2026-09-23
6443,2683,1,36,2,20,
6444,2683,2,50,3,30,
6445,2684,1,22,16,30,2026-09-21
6446,2684,2,20,3,30,2026-09-29
6447,2684,3,18,4,50,2026-10-09
6448,2685,1,137,11,20,
6449,2685,2,47,4,20,
6450,2685,3,44,30,20,
6451,2686,1,18,13,30,2026-09-16
6452,2686,2,134,14,50,
6453,2687,1,51,0,50,
6454,2687,2,26,1,50,2026-09-23
6455,2688,1,0,0,0,
6456,2688,2,0,0,0,
6457,2688,3,0,0,0,
6458,2689,1,5,3,50,2026-10-11
6459,2689,2,44,20,50,2026-09-18
6460,2690,1,42,6,10,
6461,2690,2,343,3,50,
6462,2690,3,18,3,10,
6463,2691,1,124,0,50,
6464,2691,2,6,10,50,2026-09-14
6465,2691,3,89,3,50,
6466,2692,1,74,5,20,
6467,2692,2,6,2,10,2026-10-12
6468,2693,1,0,0,0,
6469,2693,2,0,0,0,
6470,2694,1,117,4,20,
6471,2694,2,6,6,10,2026-09-15
6472,2694,3,23,18,10,
6473,2695,1,11,7,10,
6474,2695,2,106,0,30,
6475,2695,3,44,0,30,
6476,2696,1,0,0,0,
6477,2696,2,0,0,0,
6478,2697,1,29,6,30,2026-10-15
6479,2697,2,269,3,10,
6480,2698,1,23,6,10,
6481,2698,2,17,0,10,
6482,2699,1,43,1,20,
6483,2699,2,191,5,50,
6484,2700,1,110,4,10,
6485,2700,2,36,1,10,
6486,2701,1,37,8,30,
6487,2701,2,111,10,50,
6488,2702,1,151,5,30,
6489,2702,2,59,1,30,
6490,2703,1,11,1,50,2026-09-27
6491,2703,2,63,13,20,
6492,2704,1,17,12,20,2026-10-04
6493,2704,2,69,16,10,
6494,2704,3,28,9,50,2026-10-05
6495,2705,1,14,6,20,2026-09-19
6496,2705,2,50,12,50,
6497,2705,3,59,13,20,
6498,2706,1,31,7,10,
6499,2706,2,16,0,50,2026-09-23
6500,2707,1,93,11,50,
6501,2707,2,18,2,20,2026-09-21
6502,2708,1,30,2,50,2026-10-19
6503,2708,2,159,6,10,
6504,2709,1,19,3,50,2026-10-15
6505,2709,2,89,6,30,
6506,2710,1,44,13,30,
6507,2710,2,33,9,20,
6508,2711,1,27,4,30,2026-09-18
6509,2711,2,29,7,10,
6510,2711,3,276,1,10,
6511,2712,1,229,4,10,
6512,2712,2,143,9,10,
6513,2713,1,2,2,50,2026-09-25
6514,2713,2,26,7,10,
6515,2713,3,52,0,30,
6516,2714,1,5,5,20,2026-10-17
6517,2714,2,12,0,20,2026-10-18
6518,2714,3,26,1,10,
6519,2715,1,96,6,50,
6520,2715,2,88,1,30,
6521,2715,3,81,4,50,
6522,2716,1,96,4,50,
6523,2716,2,15,0,30,2026-10-16
6524,2717,1,15,6,20,2026-10-16
6525,2717,2,17,0,20,2026-10-02
6526,2717,3,11,6,30,2026-10-17
6527,2718,1,38,5,50,2026-09-23
6528,2718,2,73,11,20,
6529,2719,1,53,2,20,
6530,2719,2,50,7,20,
6531,2720,1,15,6,20,2026-09-10
6532,2720,2,83,8,30,
6533,2721,1,176,20,30,
6534,2721,2,7,3,20,2026-09-30
6535,2721,3,109,16,20,
6536,2722,1,56,2,20,
6537,2722,2,14,5,10,
6538,2723,1,65,10,10,
6539,2723,2,66,9,50,
6540,2723,3,98,10,20,
6541,2724,1,5,5,20,2026-09-14
6542,2724,2,307,5,30,
6543,2724,3,49,7,50,2026-10-19
6544,2725,1,73,29,20,
6545,2725,2,88,0,30,
6546,2725,3,10,2,50,2026-09-21
6547,2726,1,32,6,50,2026-09-19
6548,2726,2,38,1,20,
6549,2726,3,12,5,20,2026-10-21
6550,2727,1,15,0,30,2026-10-21
6551,2727,2,132,4,30,
6552,2728,1,20,2,10,
6553,2728,2,106,3,20,
6554,2728,3,44,1,30,
6555,2729,1,167,15,10,
6556,2729,2,34,7,30,
6557,2730,1,10,4,10,2026-10-01
6558,2730,2,8,3,10,2026-09-24
6559,2731,1,129,10,30,
6560,2731,2,19,3,30,2026-10-04
6561,2732,1,28,5,50,2026-10-03
6562,2732,2,46,0,20,
6563,2732,3,117,0,20,
6564,2733,1,18,18,10,
6565,2733,2,29,0,20,
6566,2734,1,81,5,50,
6567,2734,2,92,17,50,
6568,2735,1,74,2,10,
6569,2735,2,5,1,50,2026-09-22
6570,2735,3,234,0,20,
6571,2736,1,24,3,30,2026-10-03
6572,2736,2,58,2,30,
6573,2736,3,28,0,30,2026-10-15
6574,2737,1,93,7,10,
6575,2737,2,161,3,50,
6576,2738,1,8,7,10,2026-09-20
6577,2738,2,118,18,50,
6578,2739,1,62,26,10,
6579,2739,2,50,5,20,
6580,2740,1,9,5,10,2026-09-24
6581,2740,2,75,4,20,
6582,2740,3,152,6,50,
6583,2741,1,0,0,0,
6584,2741,2,0,0,0,
6585,2742,1,47,2,20,
6586,2742,2,57,2,10,
6587,2742,3,82,0,10,
6588,2743,1,34,3,50,2026-10-13
6589,2743,2,101,8,10,
6590,2744,1,47,0,20,
6591,2744,2,90,3,20,
6592,2745,1,95,1,50,
6593,2745,2,30,2,10,
6594,2746,1,94,2,30,
6595,2746,2,36,10,30,
6596,2746,3,20,1,30,2026-09-10
6597,2747,1,77,4,50,
6598,2747,2,46,3,30,
6599,2748,1,31,19,10,
6600,2748,2,41,1,30,
6601,2748,3,32,2,30,
6602,2749,1,0,0,0,
6603,2749,2,0,0,0,
6604,2750,1,17,14,10,
6605,2750,2,19,17,20,2026-09-28
6606,2751,1,97,7,20,
6607,2751,2,169,17,30,
6608,2751,3,80,1,20,
6609,2752,1,10,4,30,2026-09-24
6610,2752,2,136,27,30,
6611,2752,3,187,3,30,
6612,2753,1,0,0,0,
6613,2753,2,0,0,0,
6614,2753,3,0,0,0,
6615,2754,1,35,5,50,2026-10-19
6616,2754,2,23,1,30,2026-09-22
6617,2755,1,20,4,30,2026-09-17
6618,2755,2,23,17,20,
6619,2756,1,4,22,30,2026-09-18
6620,2756,2,3,3,10,2026-10-05
6621,2757,1,13,5,50,2026-09-27
6622,2757,2,10,10,50,2026-10-08
6623,2758,1,118,15,20,
6624,2758,2,90,0,20,
6625,2758,3,333,9,10,
6626,2759,1,101,2,10,
6627,2759,2,107,21,10,
6628,2759,3,46,5,20,
6629,2760,1,19,11,30,2026-10-16
6630,2760,2,43,6,30,
6631,2761,1,63,19,50,
6632,2761,2,26,1,20,
6633,2762,1,203,8,20,
6634,2762,2,54,0,50,
6635,2763,1,42,6,50,2026-10-13
6636,2763,2,59,1,30,
6637,2764,1,9,12,30,2026-09-09
6638,2764,2,55,0,50,
6639,2765,1,0,0,0,
6640,2765,2,0,0,0,
6641,2766,1,0,1,10,2026-09-22
6642,2766,2,22,23,10,2026-09-14
6643,2766,3,91,5,30,
6644,2767,1,42,6,20,
6645,2767,2,122,1,50,
6646,2767,3,271,10,50,
6647,2768,1,62,0,10,
6648,2768,2,7,5,30,2026-10-19
6649,2769,1,52,8,50,
6650,2769,2,229,17,30,
6651,2770,1,32,8,20,
6652,2770,2,62,3,50,
6653,2770,3,53,4,30,
6654,2771,1,21,3,20,
6655,2771,2,114,4,10,
6656,2772,1,20,3,50,2026-09-27
6657,2772,2,9,1,20,2026-10-12
6658,2772,3,11,11,50,2026-10-17
6659,2773,1,18,7,50,2026-10-15
6660,2773,2,68,2,10,
6661,2774,1,25,8,30,2026-10-01
6662,2774,2,42,10,20,
6663,2774,3,27,19,20,
6664,2775,1,0,0,0,
6665,2775,2,0,0,0,
6666,2775,3,0,0,0,
6667,2776,1,66,14,50,
6668,2776,2,247,0,10,
6669,2777,1,43,0,20,
6670,2777,2,58,14,30,
6671,2778,1,32,4,50,2026-09-10
6672,2778,2,73,2,20,
6673,2778,3,51,3,10,
6674,2779,1,5,5,50,2026-10-17
6675,2779,2,12,2,30,2026-09-14
6676,2779,3,43,30,10,
6677,2780,1,47,10,10,
6678,2780,2,93,0,30,
6679,2780,3,99,13,20,
6680,2781,1,22,5,50,2026-09-10
6681,2781,2,29,8,20,
6682,2782,1,19,1,10,
6683,2782,2,77,11,20,
6684,2782,3,123,3,30,
6685,2783,1,17,17,10,
6686,2783,2,28,2,50,2026-10-17
6687,2783,3,16,0,30,2026-10-01
6688,2784,1,9,7,50,2026-10-18
6689,2784,2,47,1,20,
6690,2785,1,101,13,50,
6691,2785,2,23,0,20,
6692,2785,3,15,0,10,
6693,2786,1,17,6,30,2026-10-20
6694,2786,2,10,9,30,2026-09-21
6695,2787,1,59,4,30,
6696,2787,2,42,0,20,
6697,2788,1,53,0,10,
6698,2788,2,10,7,10,
6699,2788,3,40,1,30,
6700,2789,1,0,0,0,
6701,2789,2,0,0,0,
6702,2790,1,33,21,50,2026-09-26
6703,2790,2,91,0,20,
6704,2790,3,229,13,50,
6705,2791,1,32,6,20,
6706,2791,2,17,1,20,2026-10-14
6707,2792,1,19,11,30,2026-09-13
6708,2792,2,0,0,30,2026-10-03
6709,2793,1,17,4,30,2026-09-19
6710,2793,2,114,2,30,
6711,2793,3,60,0,30,
6712,2794,1,32,12,30,
6713,2794,2,17,7,50,2026-10-03
6714,2794,3,81,6,30,
6715,2795,1,40,16,10,
6716,2795,2,64,14,50,
6717,2796,1,61,9,50,
6718,2796,2,8,7,50,2026-09-30
6719,2796,3,13,13,30,2026-10-20
6720,2797,1,6,1,30,2026-10-19
6721,2797,2,5,4,50,2026-10-07
6722,2798,1,63,11,50,
6723,2798,2,12,2,20,2026-10-22
6724,2798,3,186,12,50,
6725,2799,1,80,6,20,
6726,2799,2,342,0,20,
6727,2800,1,132,4,10,
6728,2800,2,6,6,30,2026-09-12
6729,2800,3,30,11,10,
6730,2801,1,0,0,0,
6731,2801,2,0,0,0,
6732,2802,1,84,1,10,
6733,2802,2,24,18,10,
6734,2802,3,9,9,20,2026-09-20
6735,2803,1,72,3,30,
6736,2803,2,40,7,20,
6737,2804,1,143,2,20,
6738,2804,2,17,2,10,
6739,2804,3,38,0,10,
6740,2805,1,50,5,30,
6741,2805,2,64,20,10,
6742,2805,3,114,6,20,
6743,2806,1,35,21,50,2026-09-12
6744,2806,2,91,7,50,
6745,2807,1,70,0,50,
6746,2807,2,31,2,50,2026-09-15
6747,2808,1,127,8,10,
6748,2808,2,41,19,50,2026-09-19
6749,2808,3,5,3,10,2026-09-21
6750,2809,1,21,13,30,2026-09-25
6751,2809,2,41,7,10,
6752,2809,3,30,0,10,
6753,2810,1,43,8,30,
6754,2810,2,47,3,50,2026-10-03
6755,2810,3,91,6,10,
6756,2811,1,103,32,30,
6757,2811,2,68,2,30,
6758,2812,1,56,1,20,
6759,2812,2,124,14,30,
6760,2813,1,126,0,30,
6761,2813,2,84,2,20,
6762,2814,1,23,3,30,2026-09-14
6763,2814,2,24,13,10,
6764,2815,1,55,0,20,
6765,2815,2,180,4,30,
6766,2816,1,2,2,30,2026-09-29
6767,2816,2,0,0,10,2026-09-13
6768,2817,1,183,0,20,
6769,2817,2,9,2,50,2026-10-17
6770,2818,1,83,6,10,
6771,2818,2,48,18,10,
6772,2818,3,121,0,10,
6773,2819,1,88,5,50,
6774,2819,2,25,21,50,2026-10-10
6775,2820,1,6,4,20,2026-09-25
6776,2820,2,8,4,30,2026-09-28
6777,2821,1,44,0,30,
6778,2821,2,13,4,10,
6779,2822,1,17,17,30,2026-09-25
6780,2822,2,41,2,30,
6781,2823,1,30,17,50,2026-10-22
6782,2823,2,113,14,50,
6783,2824,1,8,0,20,2026-10-05
6784,2824,2,77,22,20,
6785,2825,1,82,5,20,
6786,2825,2,83,3,30,
6787,2826,1,29,3,20,
6788,2826,2,117,3,50,
6789,2827,1,237,8,30,
6790,2827,2,31,4,20,
6791,2827,3,19,1,30,2026-10-20
6792,2828,1,29,1,50,2026-10-17
6793,2828,2,60,1,10,
6794,2828,3,17,9,20,2026-10-11
6795,2829,1,199,21,30,
6796,2829,2,89,7,10,
6797,2829,3,8,5,10,2026-09-25
6798,2830,1,93,49,50,
6799,2830,2,7,7,10,2026-10-07
6800,2831,1,58,0,20,
6801,2831,2,23,7,20,
6802,2832,1,87,5,20,
6803,2832,2,89,5,10,
6804,2832,3,83,8,20,
6805,2833,1,26,12,30,2026-09-18
6806,2833,2,219,25,50,
6807,2833,3,111,19,10,
6808,2834,1,23,8,30,2026-09-27
6809,2834,2,58,10,10,
6810,2834,3,59,13,10,
6811,2835,1,37,12,30,
6812,2835,2,73,14,10,
6813,2836,1,322,2,20,
6814,2836,2,41,2,50,2026-09-22
6815,2837,1,5,5,30,2026-09-10
6816,2837,2,7,7,50,2026-10-12
6817,2838,1,130,6,10,
6818,2838,2,32,20,20,
6819,2839,1,5,5,20,2026-10-13
6820,2839,2,17,17,50,2026-09-26
6821,2840,1,96,4,30,
6822,2840,2,29,4,30,2026-09-20
6823,2840,3,61,9,30,
6824,2841,1,23,9,50,2026-10-01
6825,2841,2,15,5,20,2026-09-14
6826,2841,3,20,12,20,2026-09-24
6827,2842,1,0,0,0,
6828,2842,2,0,0,0,
6829,2842,3,0,0,0,
6830,2843,1,100,29,10,
6831,2843,2,15,4,20,2026-09-10
6832,2844,1,9,1,10,2026-09-25
6833,2844,2,12,1,20,2026-09-21
6834,2845,1,30,3,10,
6835,2845,2,49,27,30,
6836,2846,1,28,11,50,2026-09-11
6837,2846,2,40,8,30,
6838,2846,3,6,0,20,2026-09-28
6839,2847,1,17,17,10,
6840,2847,2,108,10,20,
6841,2847,3,184,0,50,
6842,2848,1,20,6,30,2026-09-27
6843,2848,2,35,9,10,
6844,2848,3,62,0,10,
6845,2849,1,47,3,10,
6846,2849,2,141,8,10,
6847,2850,1,32,29,50,2026-09-19
6848,2850,2,171,6,50,
6849,2850,3,17,1,20,2026-10-07
6850,2851,1,66,4,50,
6851,2851,2,75,11,50,
6852,2852,1,55,13,20,
6853,2852,2,38,17,30,
6854,2853,1,37,0,10,
6855,2853,2,33,2,50,2026-09-23
6856,2853,3,107,1,20,
6857,2854,1,11,1,10,
6858,2854,2,115,3,30,
6859,2855,1,28,0,30,2026-10-15
6860,2855,2,37,1,50,2026-10-19
6861,2855,3,85,21,30,
6862,2856,1,104,11,30,
6863,2856,2,58,5,50,
6864,2856,3,8,7,50,2026-10-11
6865,2857,1,0,0,0,
6866,2857,2,0,0,0,
6867,2858,1,21,2,10,
6868,2858,2,92,6,10,
6869,2858,3,115,12,20,
6870,2859,1,28,28,30,2026-10-16
6871,2859,2,14,9,10,
6872,2860,1,60,13,30,
6873,2860,2,38,19,30,
6874,2861,1,47,22,30,
6875,2861,2,100,3,30,
6876,2861,3,125,0,50,
6877,2862,1,164,1,30,
6878,2862,2,61,3,30,
6879,2862,3,38,9,30,
6880,2863,1,6,1,30,2026-09-27
6881,2863,2,9,8,50,2026-09-17
6882,2864,1,56,12,30,
6883,2864,2,158,4,10,
6884,2865,1,147,8,30,
6885,2865,2,45,0,10,
6886,2865,3,9,9,30,2026-09-27
6887,2866,1,21,2,20,
6888,2866,2,35,3,10,
6889,2866,3,50,10,20,
6890,2867,1,10,0,30,2026-10-12
6891,2867,2,14,5,10,
6892,2868,1,64,1,50,
6893,2868,2,65,2,30,
6894,2869,1,66,7,50,
6895,2869,2,61,7,30,
6896,2869,3,46,16,10,
6897,2870,1,6,6,20,2026-10-04
6898,2870,2,156,7,10,
6899,2871,1,63,14,30,
6900,2871,2,28,3,30,2026-10-02
6901,2871,3,23,4,30,2026-09-15
6902,2872,1,61,0,10,
6903,2872,2,11,11,50,2026-09-19
6904,2873,1,43,1,50,2026-09-12
6905,2873,2,20,2,50,2026-09-28
6906,2874,1,17,17,30,2026-10-21
6907,2874,2,38,6,20,
6908,2875,1,64,12,50,
6909,2875,2,31,2,30,
6910,2876,1,13,7,30,2026-10-06
6911,2876,2,60,2,20,
6912,2876,3,25,19,10,
6913,2877,1,66,1,50,
6914,2877,2,40,13,30,
6915,2877,3,147,4,20,
6916,2878,1,162,24,30,
6917,2878,2,22,7,10,
6918,2879,1,103,0,50,
6919,2879,2,6,0,50,2026-10-19
6920,2879,3,61,0,10,
6921,2880,1,89,7,10,
6922,2880,2,266,5,30,
6923,2881,1,79,0,30,
6924,2881,2,14,10,30,2026-10-05
6925,2882,1,32,6,30,
6926,2882,2,8,0,30,2026-10-10
6927,2883,1,66,1,20,
6928,2883,2,9,5,20,2026-10-20
6929,2884,1,6,6,10,2026-09-23
6930,2884,2,9,0,30,2026-09-28
6931,2884,3,56,9,30,
6932,2885,1,28,6,10,
6933,2885,2,66,1,30,
6934,2886,1,142,0,20,
6935,2886,2,124,1,50,
6936,2887,1,67,8,50,
6937,2887,2,12,12,10,
6938,2887,3,11,2,50,2026-09-19
6939,2888,1,62,19,30,
6940,2888,2,76,0,50,
6941,2888,3,66,1,30,
6942,2889,1,109,3,20,
6943,2889,2,27,5,50,2026-09-19
6944,2889,3,71,12,30,
6945,2890,1,1,2,10,2026-09-12
6946,2890,2,79,1,50,
6947,2891,1,25,6,20,
6948,2891,2,91,24,10,
6949,2892,1,28,2,20,
6950,2892,2,114,4,50,
6951,2893,1,61,2,50,
6952,2893,2,145,2,30,
6953,2893,3,17,0,10,
6954,2894,1,42,3,10,
6955,2894,2,35,12,30,
6956,2895,1,15,15,20,2026-09-22
6957,2895,2,59,3,30,
6958,2896,1,100,15,30,
6959,2896,2,135,2,20,
6960,2897,1,206,4,10,
6961,2897,2,64,16,30,
6962,2898,1,43,10,20,
6963,2898,2,89,12,10,
6964,2899,1,99,1,20,
6965,2899,2,94,7,10,
6966,2899,3,29,11,30,2026-09-23
6967,2900,1,13,3,10,
6968,2900,2,34,7,30,
6969,2900,3,87,1,20,
6970,2901,1,17,12,20,2026-09-12
6971,2901,2,97,3,20,
6972,2901,3,31,13,50,2026-09-16
6973,2902,1,26,14,30,2026-10-22
6974,2902,2,44,10,20,
6975,2903,1,55,1,10,
6976,2903,2,250,0,10,
6977,2903,3,60,1,50,
6978,2904,1,24,3,10,
6979,2904,2,203,1,50,
6980,2904,3,102,12,20,
6981,2905,1,0,0,0,
6982,2905,2,0,0,0,
6983,2905,3,0,0,0,
6984,2906,1,67,1,20,
6985,2906,2,77,13,10,
6986,2907,1,14,8,20,2026-10-05
6987,2907,2,218,5,20,
6988,2908,1,11,1,20,2026-09-29
6989,2908,2,18,16,20,2026-09-24
6990,2908,3,3,2,10,2026-09-21
6991,2909,1,12,3,20,2026-10-11
6992,2909,2,47,14,50,2026-09-14
6993,2910,1,82,1,50,
6994,2910,2,83,3,50,
6995,2911,1,8,1,20,2026-09-30
6996,2911,2,36,10,10,
6997,2911,3,122,14,30,
6998,2912,1,75,4,20,
6999,2912,2,57,2,10,
7000,2913,1,7,7,10,2026-09-26
7001,2913,2,259,4,10,
7002,2913,3,52,8,10,
7003,2914,1,30,2,30,
7004,2914,2,19,0,10,
7005,2915,1,52,7,20,
7006,2915,2,70,3,50,
7007,2915,3,353,0,30,
7008,2916,1,22,13,10,
7009,2916,2,71,3,10,
7010,2917,1,25,0,10,
7011,2917,2,139,9,10,
7012,2917,3,67,17,10,
7013,2918,1,65,2,10,
7014,2918,2,6,5,20,2026-10-22
7015,2919,1,23,3,20,
7016,2919,2,131,26,20,
7017,2920,1,6,6,10,2026-09-23
7018,2920,2,1,1,50,2026-09-28
7019,2920,3,7,7,20,2026-10-05
7020,2921,1,10,1,50,2026-10-19
7021,2921,2,204,20,20,
7022,2922,1,10,8,30,2026-10-21
7023,2922,2,84,10,50,
7024,2923,1,119,2,30,
7025,2923,2,31,19,30,
7026,2923,3,28,8,30,2026-09-19
7027,2924,1,19,6,10,
7028,2924,2,208,1,20,
7029,2924,3,8,8,10,2026-09-13
7030,2925,1,21,9,30,2026-10-09
7031,2925,2,6,6,50,2026-10-22
7032,2926,1,97,7,50,
7033,2926,2,13,3,30,2026-09-24
7034,2927,1,18,4,30,2026-10-02
7035,2927,2,120,3,50,
7036,2928,1,28,13,30,2026-10-11
7037,2928,2,14,0,20,2026-10-01
7038,2928,3,66,2,30,
7039,2929,1,5,2,20,2026-09-30
7040,2929,2,6,6,50,2026-10-17
7041,2930,1,31,5,50,2026-10-09
7042,2930,2,230,6,20,
7043,2930,3,117,1,50,
7044,2931,1,34,23,30,
7045,2931,2,392,7,30,
7046,2932,1,14,6,20,2026-09-11
7047,2932,2,52,7,50,
7048,2933,1,0,0,0,
7049,2933,2,0,0,0,
7050,2934,1,35,5,30,
7051,2934,2,21,2,10,
7052,2935,1,66,3,10,
7053,2935,2,171,9,30,
7054,2936,1,61,16,30,
7055,2936,2,26,26,30,2026-10-09
7056,2936,3,141,1,30,
7057,2937,1,71,3,20,
7058,2937,2,51,11,10,
7059,2938,1,262,2,30,
7060,2938,2,164,8,50,
7061,2939,1,43,12,20,
7062,2939,2,45,13,50,2026-09-27
7063,2940,1,21,21,20,
7064,2940,2,19,7,10,
7065,2940,3,8,6,10,2026-10-19
7066,2941,1,199,5,30,
7067,2941,2,73,6,20,
7068,2942,1,39,26,50,2026-09-14
7069,2942,2,57,1,30,
7070,2943,1,29,20,30,2026-10-14
7071,2943,2,27,27,50,2026-10-12
7072,2944,1,43,4,50,2026-10-11
7073,2944,2,86,4,10,
7074,2945,1,14,0,50,2026-10-08
7075,2945,2,44,26,20,
7076,2946,1,264,27,50,
7077,2946,2,0,1,30,2026-09-16
7078,2946,3,142,9,20,
7079,2947,1,11,0,30,2026-10-22
7080,2947,2,53,2,20,
7081,2947,3,6,1,30,2026-09-25
7082,2948,1,27,1,20,
7083,2948,2,24,9,50,2026-10-15
7084,2949,1,124,9,30,
7085,2949,2,7,6,50,2026-10-03
7086,2950,1,58,5,10,
7087,2950,2,8,8,50,2026-09-29
7088,2951,1,0,0,0,
7089,2951,2,0,0,0,
7090,2951,3,0,0,0,
7091,2952,1,52,6,20,
7092,2952,2,8,0,30,2026-09-18
7093,2952,3,14,11,20,2026-09-24
7094,2953,1,24,7,50,2026-09-24
7095,2953,2,16,8,20,2026-09-23
7096,2953,3,35,4,30,
7097,2954,1,10,4,50,2026-10-12
7098,2954,2,26,7,10,
7099,2954,3,47,8,30,
7100,2955,1,203,7,30,
7101,2955,2,17,2,50,2026-09-17
7102,2956,1,21,18,30,2026-09-21
7103,2956,2,186,1,50,
7104,2957,1,11,11,50,2026-10-05
7105,2957,2,189,10,20,
7106,2958,1,23,11,20,
7107,2958,2,70,8,20,
7108,2958,3,15,12,50,2026-09-13
7109,2959,1,139,3,10,
7110,2959,2,53,5,20,
7111,2960,1,27,15,50,2026-09-25
7112,2960,2,30,13,30,
7113,2961,1,32,17,50,2026-09-12
7114,2961,2,238,3,10,
7115,2961,3,266,2,50,
7116,2962,1,134,10,10,
7117,2962,2,62,2,30,
7118,2963,1,19,9,20,2026-10-10
7119,2963,2,41,12,30,
7120,2963,3,123,6,20,
7121,2964,1,14,2,20,2026-09-25
7122,2964,2,33,16,30,
7123,2965,1,4,1,10,2026-09-25
7124,2965,2,16,1,20,2026-09-14
7125,2966,1,11,1,30,2026-10-05
7126,2966,2,7,0,10,2026-09-23
7127,2966,3,10,4,30,2026-09-13
7128,2967,1,6,3,50,2026-09-27
7129,2967,2,108,0,20,
7130,2967,3,10,10,20,2026-09-24
7131,2968,1,92,5,50,
7132,2968,2,11,3,30,2026-09-22
7133,2969,1,27,0,30,2026-10-03
7134,2969,2,37,8,20,
7135,2970,1,65,5,30,
7136,2970,2,228,9,30,
7137,2971,1,64,16,50,
7138,2971,2,151,4,30,
7139,2971,3,19,3,10,
7140,2972,1,51,2,30,
7141,2972,2,25,16,50,2026-09-24
7142,2973,1,13,2,50,2026-10-14
7143,2973,2,12,11,20,2026-10-20
7144,2974,1,161,2,50,
7145,2974,2,26,17,10,
7146,2974,3,84,14,50,
7147,2975,1,16,4,30,2026-10-22
7148,2975,2,42,11,50,2026-10-16
7149,2975,3,23,7,20,
7150,2976,1,15,13,10,
7151,2976,2,64,8,30,
7152,2977,1,12,1,10,
7153,2977,2,208,10,50,
7154,2978,1,34,15,30,
7155,2978,2,94,6,50,
7156,2978,3,52,12,20,
7157,2979,1,22,9,10,
7158,2979,2,7,7,20,2026-09-22
7159,2979,3,110,2,30,
7160,2980,1,51,19,20,
7161,2980,2,169,13,30,
7162,2981,1,0,0,0,
7163,2981,2,0,0,0,
7164,2981,3,0,0,0,
7165,2982,1,7,3,10,2026-09-13
7166,2982,2,62,1,30,
7167,2983,1,156,0,30,
7168,2983,2,25,10,10,
7169,2983,3,68,5,20,
7170,2984,1,184,1,10,
7171,2984,2,8,8,10,2026-10-19
7172,2985,1,45,1,10,
7173,2985,2,168,0,30,
7174,2985,3,53,7,30,
7175,2986,1,144,1,20,
7176,2986,2,147,1,50,
7177,2986,3,194,1,10,
7178,2987,1,33,11,10,
7179,2987,2,15,14,50,2026-09-10
7180,2987,3,39,4,50,2026-10-19
7181,2988,1,22,8,50,2026-10-16
7182,2988,2,71,9,50,
7183,2988,3,34,7,30,
7184,2989,1,20,1,30,2026-09-16
7185,2989,2,27,4,30,2026-09-23
7186,2989,3,99,14,10,
7187,2990,1,18,5,20,2026-09-27
7188,2990,2,104,1,20,
7189,2990,3,109,1,50,
7190,2991,1,57,7,30,
7191,2991,2,33,1,10,
7192,2992,1,55,11,20,
7193,2992,2,46,4,10,
7194,2992,3,45,3,30,
7195,2993,1,32,2,30,
7196,2993,2,165,13,30,
7197,2993,3,15,2,20,2026-09-15
7198,2994,1,39,6,30,
7199,2994,2,112,4,30,
7200,2994,3,105,3,10,
7201,2995,1,77,14,50,
7202,2995,2,8,1,50,2026-10-01
7203,2996,1,20,14,20,
7204,2996,2,311,4,30,
7205,2997,1,76,1,20,
7206,2997,2,136,2,20,
7207,2997,3,44,22,10,
7208,2998,1,8,8,20,2026-10-03
7209,2998,2,28,0,20,
7210,2999,1,83,46,20,
7211,2999,2,158,7,20,
7212,2999,3,10,10,50,2026-10-11
7213,3000,1,84,1,50,
7214,3000,2,78,1,50,
7215,3001,1,0,0,0,
7216,3001,2,0,0,0,
7217,3001,3,0,0,0,
7218,3002,1,29,0,30,2026-10-01
7219,3002,2,143,9,20,
7220,3002,3,47,15,30,
7221,3003,1,122,3,50,
7222,3003,2,86,12,20,
7223,3003,3,88,23,20,
7224,3004,1,73,15,30,
7225,3004,2,8,4,10,2026-09-18
7226,3004,3,100,2,30,
7227,3005,1,105,4,50,
7228,3005,2,9,0,20,2026-10-10
7229,3006,1,46,7,10,
7230,3006,2,27,17,10,
7231,3007,1,18,0,10,
7232,3007,2,1,12,50,2026-09-11
7233,3007,3,132,19,10,
7234,3008,1,42,6,50,2026-09-11
7235,3008,2,20,17,30,2026-10-03
7236,3009,1,8,2,10,2026-09-27
7237,3009,2,19,0,20,2026-10-12
7238,3009,3,108,5,50,
7239,3010,1,127,23,50,
7240,3010,2,136,22,30,
7241,3010,3,90,1,30,
7242,3011,1,86,5,30,
7243,3011,2,123,17,50,
7244,3012,1,64,8,30,
7245,3012,2,15,15,50,2026-10-22
7246,3012,3,112,3,50,
7247,3013,1,38,32,20,
7248,3013,2,18,18,50,2026-09-14
7249,3014,1,41,29,30,
7250,3014,2,62,9,10,
7251,3015,1,20,9,30,2026-10-08
7252,3015,2,19,19,20,2026-10-15
7253,3016,1,0,0,0,
7254,3016,2,0,0,0,
7255,3016,3,0,0,0,
7256,3017,1,48,8,50,2026-09-16
7257,3017,2,5,5,30,2026-09-21
7258,3018,1,10,0,50,2026-09-15
7259,3018,2,130,0,10,
7260,3018,3,114,1,50,
7261,3019,1,173,3,30,
7262,3019,2,57,4,30,
7263,3020,1,14,0,10,
7264,3020,2,23,4,30,2026-10-16
7265,3021,1,97,7,30,
7266,3021,2,34,6,10,
7267,3022,1,492,13,50,
7268,3022,2,39,2,20,
7269,3022,3,51,7,10,
7270,3023,1,0,0,10,2026-09-23
7271,3023,2,6,0,10,2026-10-07
7272,3024,1,128,23,50,
7273,3024,2,90,13,10,
7274,3025,1,0,0,0,
7275,3025,2,0,0,0,
7276,3025,3,0,0,0,
7277,3026,1,33,14,30,
7278,3026,2,32,18,50,2026-09-27
7279,3027,1,23,3,50,2026-10-09
7280,3027,2,102,4,10,
7281,3027,3,29,0,10,
7282,3028,1,0,0,0,
7283,3028,2,0,0,0,
7284,3029,1,0,0,0,
7285,3029,2,0,0,0,
7286,3030,1,44,1,50,2026-09-21
7287,3030,2,25,3,20,
7288,3031,1,25,6,50,2026-09-10
7289,3031,2,81,35,30,
7290,3032,1,29,3,10,
7291,3032,2,25,17,30,2026-09-14
7292,3033,1,50,2,50,
7293,3033,2,26,3,20,
7294,3034,1,0,0,0,
7295,3034,2,0,0,0,
7296,3034,3,0,0,0,
7297,3035,1,17,3,30,2026-09-24
7298,3035,2,10,2,20,2026-09-12
7299,3036,1,17,2,20,2026-10-03
7300,3036,2,23,1,50,2026-09-15
7301,3037,1,30,1,30,
7302,3037,2,18,7,10,
7303,3037,3,62,0,20,
7304,3038,1,80,11,50,
7305,3038,2,38,20,20,
7306,3038,3,36,22,20,
7307,3039,1,7,3,50,2026-10-07
7308,3039,2,27,11,30,2026-09-24
7309,3039,3,4,0,10,2026-10-02
7310,3040,1,3,2,10,2026-09-29
7311,3040,2,31,7,50,2026-09-26
7312,3041,1,28,5,20,
7313,3041,2,11,3,20,2026-10-08
7314,3042,1,48,2,10,
7315,3042,2,15,4,10,
7316,3043,1,38,7,30,
7317,3043,2,71,12,30,
7318,3043,3,44,4,50,2026-10-08
7319,3044,1,19,8,20,2026-09-13
7320,3044,2,33,12,50,2026-10-05
7321,3045,1,174,8,10,
7322,3045,2,188,1,10,
7323,3046,1,59,1,30,
7324,3046,2,23,9,10,
7325,3047,1,37,1,20,
7326,3047,2,16,1,10,
7327,3048,1,23,14,50,2026-09-21
7328,3048,2,112,7,20,
7329,3048,3,47,3,30,
7330,3049,1,78,1,20,
7331,3049,2,22,3,10,
7332,3050,1,112,8,20,
7333,3050,2,21,17,50,2026-09-10
7334,3051,1,3,0,10,2026-10-01
7335,3051,2,6,5,50,2026-09-12
7336,3051,3,14,14,30,2026-10-01
7337,3052,1,50,3,50,
7338,3052,2,40,4,50,2026-10-06
7339,3053,1,19,9,30,2026-10-18
7340,3053,2,95,1,20,
7341,3054,1,45,28,50,2026-10-06
7342,3054,2,13,12,20,2026-09-11
7343,3054,3,39,26,50,2026-09-19
7344,3055,1,21,10,30,2026-09-17
7345,3055,2,172,8,30,
7346,3056,1,10,10,50,2026-09-18
7347,3056,2,82,15,30,
7348,3056,3,9,2,50,2026-10-04
7349,3057,1,88,0,20,
7350,3057,2,28,3,30,2026-10-11
7351,3058,1,267,25,10,
7352,3058,2,89,6,10,
7353,3059,1,35,2,10,
7354,3059,2,17,7,20,2026-09-26
7355,3059,3,31,0,10,
7356,3060,1,44,15,20,
7357,3060,2,27,13,30,2026-10-08
7358,3061,1,40,1,10,
7359,3061,2,82,3,20,
7360,3062,1,8,7,20,2026-10-04
7361,3062,2,29,0,50,2026-09-21
7362,3062,3,79,1,50,
7363,3063,1,39,3,50,2026-09-23
7364,3063,2,92,3,10,
7365,3064,1,59,21,10,
7366,3064,2,55,0,30,
7367,3065,1,88,4,20,
7368,3065,2,6,0,30,2026-09-12
7369,3066,1,72,1,10,
7370,3066,2,99,0,20,
7371,3066,3,1,15,20,2026-09-16
7372,3067,1,26,6,20,
7373,3067,2,14,3,30,2026-10-15
7374,3068,1,0,0,0,
7375,3068,2,0,0,0,
7376,3069,1,20,0,20,
7377,3069,2,43,3,10,
7378,3070,1,25,4,20,
7379,3070,2,16,1,10,
7380,3071,1,25,2,10,
7381,3071,2,52,5,20,
7382,3072,1,8,6,20,2026-10-13
7383,3072,2,109,13,30,
7384,3073,1,87,8,50,
7385,3073,2,11,6,10,
7386,3074,1,109,9,30,
7387,3074,2,183,1,30,
7388,3074,3,21,7,20,
7389,3075,1,0,0,0,
7390,3075,2,0,0,0,
7391,3076,1,10,3,10,
7392,3076,2,13,0,50,2026-10-17
7393,3076,3,13,0,50,2026-09-24
7394,3077,1,35,2,30,
7395,3077,2,24,1,10,
7396,3077,3,102,8,50,
7397,3078,1,114,9,50,
7398,3078,2,11,6,30,2026-10-08
7399,3078,3,111,2,30,
7400,3079,1,15,1,50,2026-09-14
7401,3079,2,14,14,50,2026-09-23
7402,3080,1,46,5,30,
7403,3080,2,34,6,10,
7404,3081,1,164,2,50,
7405,3081,2,37,2,20,
7406,3081,3,121,24,20,
7407,3082,1,30,13,30,
7408,3082,2,117,4,30,
7409,3083,1,140,10,20,
7410,3083,2,210,6,50,
7411,3083,3,15,1,20,2026-09-29
7412,3084,1,35,8,30,
7413,3084,2,9,9,50,2026-09-11
7414,3085,1,327,0,30,
7415,3085,2,64,8,20,
7416,3086,1,92,4,50,
7417,3086,2,11,1,10,
7418,3086,3,64,1,20,
7419,3087,1,24,4,30,2026-10-01
7420,3087,2,8,5,30,2026-10-02
7421,3087,3,6,1,30,2026-09-14
7422,3088,1,20,5,50,2026-10-01
7423,3088,2,19,0,50,2026-09-24
7424,3088,3,55,7,30,
7425,3089,1,5,5,20,2026-09-26
7426,3089,2,36,34,50,2026-10-06
7427,3090,1,139,5,30,
7428,3090,2,88,0,20,
7429,3090,3,26,3,10,
7430,3091,1,43,4,30,
7431,3091,2,92,6,10,
7432,3092,1,117,6,50,
7433,3092,2,72,7,50,
7434,3093,1,5,5,30,2026-09-20
7435,3093,2,42,4,50,2026-09-19
7436,3094,1,32,11,30,
7437,3094,2,23,0,20,
7438,3094,3,7,3,50,2026-10-07
7439,3095,1,112,1,20,
7440,3095,2,98,1,50,
7441,3096,1,57,4,50,
7442,3096,2,14,10,50,2026-09-11
7443,3097,1,38,2,50,2026-10-13
7444,3097,2,21,4,30,2026-10-21
7445,3098,1,14,14,30,2026-09-14
7446,3098,2,16,17,50,2026-09-12
7447,3099,1,82,6,50,
7448,3099,2,11,0,10,
7449,3099,3,7,7,30,2026-09-14
7450,3100,1,50,0,30,
7451,3100,2,166,7,10,
7452,3101,1,29,5,30,2026-09-29
7453,3101,2,67,0,50,
7454,3101,3,22,22,30,2026-09-21
7455,3102,1,17,0,20,2026-10-06
7456,3102,2,70,6,50,
7457,3102,3,10,0,30,2026-09-25
7458,3103,1,41,2,10,
7459,3103,2,21,8,50,2026-10-06
7460,3103,3,27,8,20,
7461,3104,1,0,0,0,
7462,3104,2,0,0,0,
7463,3104,3,0,0,0,
7464,3105,1,180,8,30,
7465,3105,2,10,7,10,
7466,3105,3,7,4,10,2026-10-02
7467,3106,1,57,1,20,
7468,3106,2,5,5,50,2026-09-29
7469,3107,1,58,13,50,
7470,3107,2,12,2,10,
7471,3107,3,87,0,50,
7472,3108,1,1,4,50,2026-09-14
7473,3108,2,68,9,50,
7474,3108,3,33,5,20,
7475,3109,1,27,4,30,2026-10-01
7476,3109,2,49,26,20,
7477,3110,1,98,6,50,
7478,3110,2,42,7,50,2026-10-11
7479,3111,1,221,0,30,
7480,3111,2,21,12,10,
7481,3112,1,45,22,30,
7482,3112,2,128,3,10,
7483,3112,3,6,0,20,2026-10-14
7484,3113,1,128,3,50,
7485,3113,2,113,4,50,
7486,3114,1,87,8,10,
7487,3114,2,76,1,50,
7488,3114,3,63,4,10,
7489,3115,1,17,17,10,
7490,3115,2,69,1,10,
7491,3115,3,11,11,30,2026-09-15
7492,3116,1,36,0,20,
7493,3116,2,25,7,10,
7494,3116,3,41,20,20,
7495,3117,1,58,0,50,
7496,3117,2,41,0,50,2026-10-20
7497,3118,1,22,1,30,2026-09-23
7498,3118,2,5,5,10,2026-10-13
7499,3119,1,66,2,20,
7500,3119,2,67,3,20,
7501,3120,1,116,12,10,
7502,3120,2,123,3,10,
7503,3121,1,18,18,10,
7504,3121,2,29,9,10,
7505,3122,1,69,1,10,
7506,3122,2,82,3,30,
7507,3122,3,130,0,30,
7508,3123,1,36,1,50,2026-10-08
7509,3123,2,241,1,20,
7510,3123,3,122,5,20,
7511,3124,1,18,11,20,2026-10-18
7512,3124,2,5,5,30,2026-10-01
7513,3124,3,128,6,30,
7514,3125,1,45,6,50,2026-10-19
7515,3125,2,77,2,10,
7516,3125,3,23,8,10,
7517,3126,1,196,20,30,
7518,3126,2,49,22,50,2026-10-02
7519,3127,1,25,0,30,2026-10-01
7520,3127,2,10,3,20,2026-10-22
7521,3128,1,17,5,50,2026-10-09
7522,3128,2,48,7,20,
7523,3129,1,111,8,10,
7524,3129,2,5,5,20,2026-09-15
7525,3129,3,59,4,30,
7526,3130,1,76,12,50,
7527,3130,2,125,1,50,
7528,3131,1,50,3,30,
7529,3131,2,23,13,20,
7530,3131,3,35,0,50,2026-09-19
7531,3132,1,83,23,10,
7532,3132,2,79,6,50,
7533,3133,1,39,0,50,2026-10-17
7534,3133,2,44,26,10,
7535,3133,3,179,16,30,
7536,3134,1,47,0,20,
7537,3134,2,1,6,20,2026-09-23
7538,3135,1,20,9,50,2026-09-12
7539,3135,2,123,3,20,
7540,3136,1,4,3,10,2026-09-30
7541,3136,2,2,7,30,2026-09-14
7542,3137,1,52,8,10,
7543,3137,2,50,1,50,
7544,3138,1,68,2,10,
7545,3138,2,28,5,50,2026-09-22
7546,3138,3,219,4,30,
7547,3139,1,56,11,30,
7548,3139,2,42,8,30,
7549,3140,1,20,20,50,2026-10-13
7550,3140,2,11,8,10,
7551,3141,1,18,11,30,2026-10-03
7552,3141,2,92,1,50,
7553,3141,3,77,7,30,
7554,3142,1,138,3,30,
7555,3142,2,48,13,10,
7556,3142,3,32,5,30,
7557,3143,1,70,16,10,
7558,3143,2,16,10,20,2026-10-22
7559,3144,1,40,1,30,
7560,3144,2,91,8,30,
7561,3145,1,85,0,10,
7562,3145,2,34,12,10,
7563,3145,3,15,1,50,2026-10-14
7564,3146,1,29,4,50,2026-10-01
7565,3146,2,100,9,20,
7566,3147,1,30,1,50,2026-10-06
7567,3147,2,91,11,10,
7568,3147,3,17,3,10,
7569,3148,1,14,8,20,2026-10-07
7570,3148,2,136,4,20,
7571,3148,3,39,7,10,
7572,3149,1,10,3,50,2026-09-16
7573,3149,2,18,6,50,2026-10-08
7574,3150,1,27,5,10,
7575,3150,2,40,4,30,
7576,3150,3,57,7,10,
7577,3151,1,148,2,50,
7578,3151,2,32,10,30,
7579,3152,1,135,1,20,
7580,3152,2,85,4,30,
7581,3153,1,35,1,20,
7582,3153,2,6,3,50,2026-10-22
7583,3153,3,47,8,20,
7584,3154,1,22,3,20,
7585,3154,2,372,6,10,
7586,3155,1,21,0,50,2026-10-17
7587,3155,2,164,6,20,
7588,3155,3,55,3,50,
7589,3156,1,164,16,50,
7590,3156,2,56,2,50,
7591,3156,3,77,0,30,
7592,3157,1,76,6,50,
7593,3157,2,49,8,20,
7594,3158,1,41,1,10,
7595,3158,2,118,11,20,
7596,3159,1,15,1,30,2026-09-29
7597,3159,2,37,19,50,2026-10-03
7598,3160,1,19,2,20,2026-09-26
7599,3160,2,8,8,10,2026-09-28
7600,3161,1,80,18,20,
7601,3161,2,29,14,10,
7602,3162,1,152,6,20,
7603,3162,2,116,1,10,
7604,3163,1,29,5,10,
7605,3163,2,5,3,10,2026-10-04
7606,3163,3,115,18,20,
7607,3164,1,50,1,10,
7608,3164,2,18,0,50,2026-10-03
7609,3164,3,190,6,10,
7610,3165,1,42,10,20,
7611,3165,2,79,5,20,
7612,3166,1,86,0,30,
7613,3166,2,116,3,30,
7614,3167,1,52,1,30,
7615,3167,2,134,3,30,
7616,3167,3,78,20,50,
7617,3168,1,2,4,20,2026-09-14
7618,3168,2,19,2,50,2026-09-19
7619,3169,1,113,1,50,
7620,3169,2,87,1,20,
7621,3169,3,75,1,50,
7622,3170,1,133,10,10,
7623,3170,2,105,3,30,
7624,3171,1,46,18,30,
7625,3171,2,134,0,10,
7626,3172,1,9,0,10,2026-10-08
7627,3172,2,11,11,50,2026-10-01
7628,3173,1,39,3,30,
7629,3173,2,7,0,10,2026-10-03
7630,3173,3,125,12,50,
7631,3174,1,21,6,30,2026-10-04
7632,3174,2,6,1,30,2026-10-21
7633,3175,1,97,7,30,
7634,3175,2,17,11,30,2026-10-11
7635,3175,3,35,24,50,2026-10-14
7636,3176,1,12,12,50,2026-10-21
7637,3176,2,198,0,30,
7638,3176,3,88,1,20,
7639,3177,1,24,14,30,2026-10-07
7640,3177,2,17,10,20,2026-09-22
7641,3177,3,9,5,10,2026-09-26
7642,3178,1,8,5,10,2026-10-07
7643,3178,2,15,5,20,2026-09-26
7644,3179,1,261,10,50,
7645,3179,2,33,15,20,
7646,3179,3,11,0,30,2026-10-10
7647,3180,1,8,0,50,2026-09-22
7648,3180,2,94,4,10,
7649,3180,3,83,5,10,
7650,3181,1,17,14,20,2026-09-29
7651,3181,2,47,36,50,2026-09-19
7652,3181,3,6,1,20,2026-09-17
7653,3182,1,15,10,10,
7654,3182,2,35,15,20,
7655,3183,1,130,15,50,
7656,3183,2,10,17,50,2026-09-15
7657,3184,1,37,6,20,
7658,3184,2,45,7,20,
7659,3185,1,20,2,10,
7660,3185,2,46,3,20,
7661,3186,1,26,3,20,
7662,3186,2,31,6,20,
7663,3186,3,126,0,10,
7664,3187,1,40,17,50,2026-10-10
7665,3187,2,100,2,10,
7666,3188,1,66,1,10,
7667,3188,2,13,3,10,
7668,3189,1,89,22,50,
7669,3189,2,38,4,10,
7670,3190,1,101,7,20,
7671,3190,2,79,1,50,
7672,3191,1,51,1,30,
7673,3191,2,25,5,30,2026-09-11
7674,3192,1,117,4,50,
7675,3192,2,41,6,30,
7676,3193,1,0,0,0,
7677,3193,2,0,0,0,
7678,3193,3,0,0,0,
7679,3194,1,49,5,10,
7680,3194,2,18,1,10,
7681,3195,1,28,0,20,
7682,3195,2,192,15,10,
7683,3196,1,43,43,50,2026-09-16
7684,3196,2,26,18,30,2026-09-16
7685,3197,1,207,12,50,
7686,3197,2,142,3,30,
7687,3198,1,19,11,10,
7688,3198,2,72,11,10,
7689,3199,1,151,13,10,
7690,3199,2,78,11,30,
7691,3199,3,75,5,50,
7692,3200,1,21,19,30,2026-09-28
7693,3200,2,61,10,20,
7694,3200,3,80,4,10,
7695,3201,1,71,8,20,
7696,3201,2,7,2,30,2026-09-10
7697,3201,3,176,5,50,
7698,3202,1,52,3,10,
7699,3202,2,18,10,10,
7700,3202,3,117,18,20,
