id,sku,ean,name,description,category_id,supplier_id,product_type,variant,colour,unit,case_pack,min_order_qty,weight_kg,active,discontinued_on,created_at
1,FJV-TNT-0001,6402026000011,Fjellvind Nordkapp Pro Footprint 2P Forest,Reliable footprint from Fjellvind's Nordkapp Pro range. 2P / Forest. A wholesale staple for outdoor retailers.,1,1,Footprint,2P,Forest,pcs,1,1,1.095,true,,2020-02-04
2,FJV-TNT-0002,6402026000028,Fjellvind Nordkapp Pro Footprint 1P Forest,"Fjellvind Nordkapp Pro: a footprint that balances weight, durability and price. 1P / Forest. Retail-ready packaging.",1,1,Footprint,1P,Forest,pcs,1,1,1.561,true,,2023-07-15
3,FJV-TNT-0003,6402026000035,Fjellvind Nordkapp Pro Footprint 4P Forest,The Nordkapp Pro footprint by Fjellvind. 4P / Forest. Popular with rental outfitters and clubs.,1,1,Footprint,4P,Forest,pcs,12,12,0.636,true,,2019-01-18
4,FJV-TNT-0004,6402026000042,Fjellvind Nordkapp Pro Footprint 3P Forest,"Fjellvind Nordkapp Pro Footprint for tents & shelters. 3P / Forest. Built for Nordic conditions, season after season.",1,1,Footprint,3P,Forest,pcs,12,12,1.157,true,,2026-03-18
5,FJV-TNT-0005,6402026000059,Fjellvind Kilpis Tarp Arctic White,Reliable tarp from Fjellvind's Kilpis range. Arctic White. A wholesale staple for outdoor retailers.,1,1,Tarp,Arctic White,Arctic White,pcs,1,1,2.211,true,,2024-08-03
6,FJV-TNT-0006,6402026000066,Fjellvind Kebne Tunnel Tent 3P Ochre,"Fjellvind Kebne: a tunnel tent that balances weight, durability and price. 3P / Ochre. Retail-ready packaging.",1,1,Tunnel Tent,3P,Ochre,pcs,1,1,2.001,true,,2020-07-14
7,FJV-TNT-0007,6402026000073,Fjellvind Kebne Tunnel Tent 4P Ochre,The Kebne tunnel tent by Fjellvind. 4P / Ochre. Popular with rental outfitters and clubs.,1,1,Tunnel Tent,4P,Ochre,pcs,1,1,7.433,true,,2022-08-07
8,FJV-TNT-0008,6402026000080,Fjellvind Kebne Tunnel Tent 1P Ochre,"Fjellvind Kebne Tunnel Tent for tents & shelters. 1P / Ochre. Built for Nordic conditions, season after season.",1,1,Tunnel Tent,1P,Ochre,pcs,12,12,4.664,true,,2022-11-28
9,FJV-TNT-0009,6402026000097,Fjellvind Kebne Tunnel Tent 2P Ochre,Reliable tunnel tent from Fjellvind's Kebne range. 2P / Ochre. A wholesale staple for outdoor retailers.,1,1,Tunnel Tent,2P,Ochre,pcs,1,1,1.572,true,,2026-03-12
10,FJV-TNT-0010,6402026000103,Fjellvind Boreal XT Tent 2P Black,"Fjellvind Boreal XT: a tent that balances weight, durability and price. 2P / Black. Retail-ready packaging.",1,1,Tent,2P,Black,pcs,1,1,2.911,true,,2025-10-01
11,FJV-TNT-0011,6402026000110,Fjellvind Kallio Eco Bivy Midnight Blue,The Kallio Eco bivy by Fjellvind. Midnight Blue. Popular with rental outfitters and clubs.,1,1,Bivy,Midnight Blue,Midnight Blue,pcs,6,6,0.744,true,,2019-01-07
12,FJV-TNT-0012,6402026000127,Fjellvind Kallio Eco Bivy Sunset Yellow,"Fjellvind Kallio Eco Bivy for tents & shelters. Sunset Yellow. Built for Nordic conditions, season after season.",1,1,Bivy,Sunset Yellow,Sunset Yellow,pcs,1,1,1.009,true,,2020-02-26
13,FJV-TNT-0013,6402026000134,Fjellvind Kallio Eco Bivy Sand,Reliable bivy from Fjellvind's Kallio Eco range. Sand. A wholesale staple for outdoor retailers.,1,1,Bivy,Sand,Sand,pcs,12,12,2.643,true,,2025-03-25
14,FJV-TNT-0014,6402026000141,Fjellvind Kallio Eco Bivy Forest,"Fjellvind Kallio Eco: a bivy that balances weight, durability and price. Forest. Retail-ready packaging.",1,1,Bivy,Forest,Forest,pcs,1,1,2.644,true,,2019-09-07
15,FJV-TNT-0015,6402026000158,Fjellvind Kaldo Pro Tent 3P Forest,The Kaldo Pro tent by Fjellvind. 3P / Forest. Popular with rental outfitters and clubs.,1,1,Tent,3P,Forest,pcs,6,6,6.073,true,,2026-02-27
16,FJV-TNT-0016,6402026000165,Fjellvind Kaldo Pro Tent 4P Forest,"Fjellvind Kaldo Pro Tent for tents & shelters. 4P / Forest. Built for Nordic conditions, season after season.",1,1,Tent,4P,Forest,pcs,6,6,4.332,true,,2025-11-26
17,FJV-TNT-0017,6402026000172,Fjellvind Kaldo Pro Tent 1P Forest,Reliable tent from Fjellvind's Kaldo Pro range. 1P / Forest. A wholesale staple for outdoor retailers.,1,1,Tent,1P,Forest,pcs,1,1,1.648,true,,2023-03-08
18,FJV-TNT-0018,6402026000189,Fjellvind Helags Plus Footprint 3P Ruby Red,"Fjellvind Helags Plus: a footprint that balances weight, durability and price. 3P / Ruby Red. Retail-ready packaging.",1,1,Footprint,3P,Ruby Red,pcs,12,12,1.583,true,,2025-07-03
19,FJV-TNT-0019,6402026000196,Fjellvind Helags Plus Footprint 4P Ruby Red,The Helags Plus footprint by Fjellvind. 4P / Ruby Red. Popular with rental outfitters and clubs.,1,1,Footprint,4P,Ruby Red,pcs,1,1,1.066,true,,2019-11-17
20,FJV-TNT-0020,6402026000202,Fjellvind Helags Plus Footprint 1P Ruby Red,"Fjellvind Helags Plus Footprint for tents & shelters. 1P / Ruby Red. Built for Nordic conditions, season after season.",1,1,Footprint,1P,Ruby Red,pcs,6,6,1.536,true,,2022-11-06
21,FJV-TNT-0021,6402026000219,Fjellvind Helags Plus Footprint 2P Ruby Red,Reliable footprint from Fjellvind's Helags Plus range. 2P / Ruby Red. A wholesale staple for outdoor retailers.,1,1,Footprint,2P,Ruby Red,pcs,1,1,0.362,true,,2024-05-08
22,FJV-TNT-0022,6402026000226,Fjellvind Senja Eco Bivy Burnt Orange,"Fjellvind Senja Eco: a bivy that balances weight, durability and price. Burnt Orange. Retail-ready packaging.",1,1,Bivy,Burnt Orange,Burnt Orange,pcs,1,1,2.303,true,,2022-11-09
23,FJV-TNT-0023,6402026000233,Fjellvind Senja Eco Bivy Deep Teal,The Senja Eco bivy by Fjellvind. Deep Teal. Popular with rental outfitters and clubs.,1,1,Bivy,Deep Teal,Deep Teal,pcs,1,1,2.546,true,,2024-08-27
24,FJV-TNT-0024,6402026000240,Fjellvind Senja Eco Bivy Black,"Fjellvind Senja Eco Bivy for tents & shelters. Black. Built for Nordic conditions, season after season.",1,1,Bivy,Black,Black,pcs,1,1,1.178,true,,2026-03-06
25,FJV-TNT-0025,6402026000257,Fjellvind Senja Eco Bivy Graphite,Reliable bivy from Fjellvind's Senja Eco range. Graphite. A wholesale staple for outdoor retailers.,1,1,Bivy,Graphite,Graphite,pcs,6,6,1.088,true,,2023-12-17
26,FJV-TNT-0026,6402026000264,Fjellvind Senja Eco Bivy Arctic White,"Fjellvind Senja Eco: a bivy that balances weight, durability and price. Arctic White. Retail-ready packaging.",1,1,Bivy,Arctic White,Arctic White,pcs,1,1,1.177,true,,2022-04-03
27,FJV-TNT-0027,6402026000271,Fjellvind Nordkapp Eco Tunnel Tent 1P Petrol,The Nordkapp Eco tunnel tent by Fjellvind. 1P / Petrol. Popular with rental outfitters and clubs.,1,1,Tunnel Tent,1P,Petrol,pcs,6,6,8.585,true,,2022-03-02
28,FJV-TNT-0028,6402026000288,Fjellvind Nordkapp Eco Tunnel Tent 3P Petrol,"Fjellvind Nordkapp Eco Tunnel Tent for tents & shelters. 3P / Petrol. Built for Nordic conditions, season after season.",1,1,Tunnel Tent,3P,Petrol,pcs,1,1,7.435,true,,2022-06-30
29,FJV-TNT-0029,6402026000295,Fjellvind Nordkapp Eco Tunnel Tent 2P Petrol,Reliable tunnel tent from Fjellvind's Nordkapp Eco range. 2P / Petrol. A wholesale staple for outdoor retailers.,1,1,Tunnel Tent,2P,Petrol,pcs,1,1,7.326,true,,2024-08-23
30,FJV-TNT-0030,6402026000301,Fjellvind Nordkapp Eco Tunnel Tent 4P Petrol,"Fjellvind Nordkapp Eco: a tunnel tent that balances weight, durability and price. 4P / Petrol. Retail-ready packaging.",1,1,Tunnel Tent,4P,Petrol,pcs,1,1,5.529,true,,2025-01-27
31,FJV-TNT-0031,6402026000318,Fjellvind Kilpis XT Tunnel Tent 2P Sand,The Kilpis XT tunnel tent by Fjellvind. 2P / Sand. Popular with rental outfitters and clubs.,1,1,Tunnel Tent,2P,Sand,pcs,1,1,5.881,true,,2023-12-14
32,FJV-TNT-0032,6402026000325,Fjellvind Kilpis XT Tunnel Tent 4P Sand,"Fjellvind Kilpis XT Tunnel Tent for tents & shelters. 4P / Sand. Built for Nordic conditions, season after season.",1,1,Tunnel Tent,4P,Sand,pcs,1,1,3.655,true,,2019-09-04
33,FJV-TNT-0033,6402026000332,Fjellvind Kilpis XT Tunnel Tent 3P Sand,Reliable tunnel tent from Fjellvind's Kilpis XT range. 3P / Sand. A wholesale staple for outdoor retailers.,1,1,Tunnel Tent,3P,Sand,pcs,1,1,6.852,true,,2021-07-03
34,FJV-TNT-0034,6402026000349,Fjellvind Kilpis XT Tunnel Tent 1P Sand,"Fjellvind Kilpis XT: a tunnel tent that balances weight, durability and price. 1P / Sand. Retail-ready packaging.",1,1,Tunnel Tent,1P,Sand,pcs,1,1,5.203,true,,2021-08-20
35,FJV-TNT-0035,6402026000356,Fjellvind Summit Footprint 3P Petrol,The Summit footprint by Fjellvind. 3P / Petrol. Popular with rental outfitters and clubs.,1,1,Footprint,3P,Petrol,pcs,1,1,1.403,true,,2021-12-03
36,FJV-TNT-0036,6402026000363,Fjellvind Summit Footprint 1P Petrol,"Fjellvind Summit Footprint for tents & shelters. 1P / Petrol. Built for Nordic conditions, season after season.",1,1,Footprint,1P,Petrol,pcs,12,12,1.921,true,,2024-03-12
37,FJV-TNT-0037,6402026000370,Fjellvind Summit Footprint 4P Petrol,Reliable footprint from Fjellvind's Summit range. 4P / Petrol. A wholesale staple for outdoor retailers.,1,1,Footprint,4P,Petrol,pcs,12,12,0.274,true,,2024-12-05
38,FJV-TNT-0038,6402026000387,Fjellvind Summit Footprint 2P Petrol,"Fjellvind Summit: a footprint that balances weight, durability and price. 2P / Petrol. Retail-ready packaging.",1,1,Footprint,2P,Petrol,pcs,6,6,1.716,true,,2021-01-11
39,FJV-TNT-0039,6402026000394,Fjellvind Kebnekaise Eco Footprint 2P Arctic White,The Kebnekaise Eco footprint by Fjellvind. 2P / Arctic White. Popular with rental outfitters and clubs.,1,1,Footprint,2P,Arctic White,pcs,6,6,0.501,true,,2025-07-01
40,FJV-TNT-0040,6402026000400,Fjellvind Kebnekaise Eco Footprint 4P Arctic White,"Fjellvind Kebnekaise Eco Footprint for tents & shelters. 4P / Arctic White. Built for Nordic conditions, season after season.",1,1,Footprint,4P,Arctic White,pcs,6,6,1.665,true,,2022-04-20
41,FJV-TNT-0041,6402026000417,Fjellvind Kebnekaise Eco Footprint 1P Arctic White,Reliable footprint from Fjellvind's Kebnekaise Eco range. 1P / Arctic White. A wholesale staple for outdoor retailers.,1,1,Footprint,1P,Arctic White,pcs,1,1,0.713,true,,2020-06-27
42,FJV-TNT-0042,6402026000424,Fjellvind Kebnekaise Eco Footprint 3P Arctic White,"Fjellvind Kebnekaise Eco: a footprint that balances weight, durability and price. 3P / Arctic White. Retail-ready packaging.",1,1,Footprint,3P,Arctic White,pcs,1,1,0.780,true,,2024-06-26
43,FJV-TNT-0043,6402026000431,Fjellvind Kaamos Lite Tent 1P Midnight Blue,The Kaamos Lite tent by Fjellvind. 1P / Midnight Blue. Popular with rental outfitters and clubs.,1,1,Tent,1P,Midnight Blue,pcs,1,1,1.314,true,,2023-12-22
44,FJV-TNT-0044,6402026000448,Fjellvind Kaamos Lite Tent 3P Midnight Blue,"Fjellvind Kaamos Lite Tent for tents & shelters. 3P / Midnight Blue. Built for Nordic conditions, season after season.",1,1,Tent,3P,Midnight Blue,pcs,1,1,3.802,true,,2025-04-28
45,FJV-TNT-0045,6402026000455,Fjellvind Kaamos Lite Tent 4P Midnight Blue,Reliable tent from Fjellvind's Kaamos Lite range. 4P / Midnight Blue. A wholesale staple for outdoor retailers.,1,1,Tent,4P,Midnight Blue,pcs,1,1,3.141,true,,2020-12-17
46,FJV-TNT-0046,6402026000462,Fjellvind Tundra Pro Bivy Sand,"Fjellvind Tundra Pro: a bivy that balances weight, durability and price. Sand. Retail-ready packaging.",1,1,Bivy,Sand,Sand,pcs,1,1,1.151,true,,2019-07-26
47,FJV-TNT-0047,6402026000479,Fjellvind Tundra Pro Bivy Slate Grey,The Tundra Pro bivy by Fjellvind. Slate Grey. Popular with rental outfitters and clubs.,1,1,Bivy,Slate Grey,Slate Grey,pcs,1,1,3.541,true,,2023-02-12
48,FJV-TNT-0048,6402026000486,Fjellvind Padjelanta Eco Tunnel Tent 3P Sand,"Fjellvind Padjelanta Eco Tunnel Tent for tents & shelters. 3P / Sand. Built for Nordic conditions, season after season.",1,1,Tunnel Tent,3P,Sand,pcs,1,1,8.032,true,,2022-11-01
49,FJV-TNT-0049,6402026000493,Fjellvind Padjelanta Eco Tunnel Tent 4P Sand,Reliable tunnel tent from Fjellvind's Padjelanta Eco range. 4P / Sand. A wholesale staple for outdoor retailers.,1,1,Tunnel Tent,4P,Sand,pcs,1,1,6.905,true,,2022-10-20
50,FJV-TNT-0050,6402026000509,Fjellvind Padjelanta Eco Tunnel Tent 1P Sand,"Fjellvind Padjelanta Eco: a tunnel tent that balances weight, durability and price. 1P / Sand. Retail-ready packaging.",1,1,Tunnel Tent,1P,Sand,pcs,6,6,4.331,true,,2021-11-16
51,FJV-TNT-0051,6402026000516,Fjellvind Padjelanta Eco Tunnel Tent 2P Sand,The Padjelanta Eco tunnel tent by Fjellvind. 2P / Sand. Popular with rental outfitters and clubs.,1,1,Tunnel Tent,2P,Sand,pcs,1,1,6.537,true,,2024-04-09
52,FJV-TNT-0052,6402026000523,Fjellvind Saana 2.0 Tarp Sunset Yellow,"Fjellvind Saana 2.0 Tarp for tents & shelters. Sunset Yellow. Built for Nordic conditions, season after season.",1,1,Tarp,Sunset Yellow,Sunset Yellow,pcs,1,1,2.203,true,,2022-05-05
53,FJV-TNT-0053,6402026000530,Fjellvind Saana 2.0 Tarp Ochre,Reliable tarp from Fjellvind's Saana 2.0 range. Ochre. A wholesale staple for outdoor retailers.,1,1,Tarp,Ochre,Ochre,pcs,1,1,1.732,true,,2025-12-15
54,FJV-TNT-0054,6402026000547,Fjellvind Saana 2.0 Tarp Graphite,"Fjellvind Saana 2.0: a tarp that balances weight, durability and price. Graphite. Retail-ready packaging.",1,1,Tarp,Graphite,Graphite,pcs,1,1,0.700,true,,2020-05-16
55,FJV-TNT-0055,6402026000554,Fjellvind Saana 2.0 Tarp Forest,The Saana 2.0 tarp by Fjellvind. Forest. Popular with rental outfitters and clubs.,1,1,Tarp,Forest,Forest,pcs,1,1,1.784,true,,2025-02-15
56,FJV-TNT-0056,6402026000561,Fjellvind Saana 2.0 Tarp Burnt Orange,"Fjellvind Saana 2.0 Tarp for tents & shelters. Burnt Orange. Built for Nordic conditions, season after season.",1,1,Tarp,Burnt Orange,Burnt Orange,pcs,12,12,2.192,true,,2019-07-14
57,FJV-TNT-0057,6402026000578,Fjellvind Storm Plus Tarp Moss Green,Reliable tarp from Fjellvind's Storm Plus range. Moss Green. A wholesale staple for outdoor retailers.,1,1,Tarp,Moss Green,Moss Green,pcs,6,6,1.796,true,,2022-04-14
58,FJV-TNT-0058,6402026000585,Fjellvind Tuuli Tunnel Tent 3P Slate Grey,"Fjellvind Tuuli: a tunnel tent that balances weight, durability and price. 3P / Slate Grey. Retail-ready packaging.",1,1,Tunnel Tent,3P,Slate Grey,pcs,1,1,7.213,true,,2019-03-16
59,FJV-TNT-0059,6402026000592,Fjellvind Tuuli Tunnel Tent 1P Slate Grey,The Tuuli tunnel tent by Fjellvind. 1P / Slate Grey. Popular with rental outfitters and clubs.,1,1,Tunnel Tent,1P,Slate Grey,pcs,1,1,7.283,true,,2023-12-15
60,FJV-TNT-0060,6402026000608,Fjellvind Tuuli Tunnel Tent 4P Slate Grey,"Fjellvind Tuuli Tunnel Tent for tents & shelters. 4P / Slate Grey. Built for Nordic conditions, season after season.",1,1,Tunnel Tent,4P,Slate Grey,pcs,1,1,1.502,true,,2025-06-05
61,FJV-TNT-0061,6402026000615,Fjellvind Tuuli Tunnel Tent 2P Slate Grey,Reliable tunnel tent from Fjellvind's Tuuli range. 2P / Slate Grey. A wholesale staple for outdoor retailers.,1,1,Tunnel Tent,2P,Slate Grey,pcs,1,1,1.705,true,,2026-01-01
62,FJV-TNT-0062,6402026000622,Fjellvind Kungsleden Footprint 4P Moss Green,"Fjellvind Kungsleden: a footprint that balances weight, durability and price. 4P / Moss Green. Retail-ready packaging.",1,1,Footprint,4P,Moss Green,pcs,1,1,0.495,true,,2021-12-28
63,FJV-TNT-0063,6402026000639,Fjellvind Kungsleden Footprint 1P Moss Green,The Kungsleden footprint by Fjellvind. 1P / Moss Green. Popular with rental outfitters and clubs.,1,1,Footprint,1P,Moss Green,pcs,1,1,1.604,true,,2022-06-19
64,FJV-TNT-0064,6402026000646,Fjellvind Kungsleden Footprint 3P Moss Green,"Fjellvind Kungsleden Footprint for tents & shelters. 3P / Moss Green. Built for Nordic conditions, season after season.",1,1,Footprint,3P,Moss Green,pcs,1,1,1.121,true,,2019-03-13
65,FJV-TNT-0065,6402026000653,Fjellvind Lyngen Bivy Forest,Reliable bivy from Fjellvind's Lyngen range. Forest. A wholesale staple for outdoor retailers.,1,1,Bivy,Forest,Forest,pcs,12,12,3.427,true,,2019-10-27
66,FJV-TNT-0066,6402026000660,Fjellvind Lyngen Bivy Moss Green,"Fjellvind Lyngen: a bivy that balances weight, durability and price. Moss Green. Retail-ready packaging.",1,1,Bivy,Moss Green,Moss Green,pcs,6,6,1.848,true,,2022-10-07
67,FJV-TNT-0067,6402026000677,Fjellvind Lyngen Bivy Burnt Orange,The Lyngen bivy by Fjellvind. Burnt Orange. Popular with rental outfitters and clubs.,1,1,Bivy,Burnt Orange,Burnt Orange,pcs,1,1,1.559,true,,2024-05-29
68,FJV-TNT-0068,6402026000684,Fjellvind Lyngen Bivy Ruby Red,"Fjellvind Lyngen Bivy for tents & shelters. Ruby Red. Built for Nordic conditions, season after season.",1,1,Bivy,Ruby Red,Ruby Red,pcs,1,1,0.931,true,,2023-10-24
69,FJV-TNT-0069,6402026000691,Fjellvind Trail Eco Bivy Slate Grey,Reliable bivy from Fjellvind's Trail Eco range. Slate Grey. A wholesale staple for outdoor retailers.,1,1,Bivy,Slate Grey,Slate Grey,pcs,12,12,1.026,true,,2025-03-24
70,FJV-TNT-0070,6402026000707,Fjellvind Trail Eco Bivy Deep Teal,"Fjellvind Trail Eco: a bivy that balances weight, durability and price. Deep Teal. Retail-ready packaging.",1,1,Bivy,Deep Teal,Deep Teal,pcs,12,12,3.214,true,,2019-01-07
71,FJV-TNT-0071,6402026000714,Fjellvind Trail Eco Bivy Moss Green,The Trail Eco bivy by Fjellvind. Moss Green. Popular with rental outfitters and clubs.,1,1,Bivy,Moss Green,Moss Green,pcs,6,6,1.774,true,,2024-04-28
72,FJV-TNT-0072,6402026000721,Fjellvind Bre XT Bivy Arctic White,"Fjellvind Bre XT Bivy for tents & shelters. Arctic White. Built for Nordic conditions, season after season.",1,1,Bivy,Arctic White,Arctic White,pcs,1,1,1.972,true,,2020-06-13
73,FJV-TNT-0073,6402026000738,Fjellvind Bre XT Bivy Forest,Reliable bivy from Fjellvind's Bre XT range. Forest. A wholesale staple for outdoor retailers.,1,1,Bivy,Forest,Forest,pcs,6,6,3.456,true,,2025-01-24
74,FJV-TNT-0074,6402026000745,Fjellvind Bre XT Bivy Moss Green,"Fjellvind Bre XT: a bivy that balances weight, durability and price. Moss Green. Retail-ready packaging.",1,1,Bivy,Moss Green,Moss Green,pcs,1,1,2.975,true,,2021-08-22
75,FJV-TNT-0075,6402026000752,Fjellvind Nuten Lite Bivy Black,The Nuten Lite bivy by Fjellvind. Black. Popular with rental outfitters and clubs.,1,1,Bivy,Black,Black,pcs,6,6,2.972,true,,2019-09-06
76,FJV-TNT-0076,6402026000769,Fjellvind Nuten Lite Bivy Ochre,"Fjellvind Nuten Lite Bivy for tents & shelters. Ochre. Built for Nordic conditions, season after season.",1,1,Bivy,Ochre,Ochre,pcs,1,1,2.989,true,,2021-06-20
77,FJV-TNT-0077,6402026000776,Fjellvind Nuten Lite Bivy Graphite,Reliable bivy from Fjellvind's Nuten Lite range. Graphite. A wholesale staple for outdoor retailers.,1,1,Bivy,Graphite,Graphite,pcs,1,1,0.651,true,,2024-11-20
78,FJV-TNT-0078,6402026000783,Fjellvind Lumi II Tarp Sand,"Fjellvind Lumi II: a tarp that balances weight, durability and price. Sand. Retail-ready packaging.",1,1,Tarp,Sand,Sand,pcs,1,1,2.207,true,,2025-07-22
79,FJV-TNT-0079,6402026000790,Fjellvind Lumi II Tarp Midnight Blue,The Lumi II tarp by Fjellvind. Midnight Blue. Popular with rental outfitters and clubs.,1,1,Tarp,Midnight Blue,Midnight Blue,pcs,12,12,1.665,true,,2023-04-26
80,FJV-TNT-0080,6402026000806,Fjellvind Lumi II Tarp Slate Grey,"Fjellvind Lumi II Tarp for tents & shelters. Slate Grey. Built for Nordic conditions, season after season.",1,1,Tarp,Slate Grey,Slate Grey,pcs,6,6,0.499,true,,2023-01-16
81,FJV-TNT-0081,6402026000813,Fjellvind Lumi II Tarp Graphite,Reliable tarp from Fjellvind's Lumi II range. Graphite. A wholesale staple for outdoor retailers.,1,1,Tarp,Graphite,Graphite,pcs,1,1,1.136,true,,2021-07-02
82,FJV-TNT-0082,6402026000820,Fjellvind Lumi II Tarp Petrol,"Fjellvind Lumi II: a tarp that balances weight, durability and price. Petrol. Retail-ready packaging.",1,1,Tarp,Petrol,Petrol,pcs,6,6,1.660,true,,2022-06-20
83,FJV-TNT-0083,6402026000837,Fjellvind Polar Pro Tent 4P Lichen,The Polar Pro tent by Fjellvind. 4P / Lichen. Popular with rental outfitters and clubs.,1,1,Tent,4P,Lichen,pcs,1,1,5.546,true,,2019-02-27
84,FJV-TNT-0084,6402026000844,Fjellvind Polar Pro Tent 1P Lichen,"Fjellvind Polar Pro Tent for tents & shelters. 1P / Lichen. Built for Nordic conditions, season after season.",1,1,Tent,1P,Lichen,pcs,1,1,2.833,true,,2021-01-27
85,FJV-TNT-0085,6402026000851,Fjellvind Polar Pro Tent 3P Lichen,Reliable tent from Fjellvind's Polar Pro range. 3P / Lichen. A wholesale staple for outdoor retailers.,1,1,Tent,3P,Lichen,pcs,1,1,4.710,true,,2026-02-28
86,FJV-TNT-0086,6402026000868,Fjellvind Polar Pro Tent 2P Lichen,"Fjellvind Polar Pro: a tent that balances weight, durability and price. 2P / Lichen. Retail-ready packaging.",1,1,Tent,2P,Lichen,pcs,12,12,2.541,true,,2024-07-11
87,FJV-TNT-0087,6402026000875,Fjellvind Hav Bivy Midnight Blue,The Hav bivy by Fjellvind. Midnight Blue. Popular with rental outfitters and clubs.,1,1,Bivy,Midnight Blue,Midnight Blue,pcs,1,1,1.431,true,,2022-07-14
88,FJV-TNT-0088,6402026000882,Fjellvind Hav Bivy Burnt Orange,"Fjellvind Hav Bivy for tents & shelters. Burnt Orange. Built for Nordic conditions, season after season.",1,1,Bivy,Burnt Orange,Burnt Orange,pcs,1,1,3.180,true,,2020-03-13
89,FJV-TNT-0089,6402026000899,Fjellvind Kebne WP Tunnel Tent 3P Ruby Red,Reliable tunnel tent from Fjellvind's Kebne WP range. 3P / Ruby Red. A wholesale staple for outdoor retailers.,1,1,Tunnel Tent,3P,Ruby Red,pcs,1,1,2.981,true,,2026-02-12
90,FJV-TNT-0090,6402026000905,Fjellvind Kebne WP Tunnel Tent 1P Ruby Red,"Fjellvind Kebne WP: a tunnel tent that balances weight, durability and price. 1P / Ruby Red. Retail-ready packaging.",1,1,Tunnel Tent,1P,Ruby Red,pcs,1,1,5.101,true,,2025-04-08
91,FJV-SLP-0001,6402026000912,Fjellvind Ultra Lite Synthetic Sleeping Bag 0°C Midnight Blue,The Ultra Lite synthetic sleeping bag by Fjellvind. 0°C / Midnight Blue. Popular with rental outfitters and clubs.,2,1,Synthetic Sleeping Bag,0°C,Midnight Blue,pcs,6,6,1.431,true,,2021-06-22
92,FJV-SLP-0002,6402026000929,Fjellvind Ultra Lite Synthetic Sleeping Bag +5°C Midnight Blue,"Fjellvind Ultra Lite Synthetic Sleeping Bag for sleeping bags & mats. +5°C / Midnight Blue. Built for Nordic conditions, season after season.",2,1,Synthetic Sleeping Bag,+5°C,Midnight Blue,pcs,1,1,1.136,true,,2025-07-13
93,FJV-SLP-0003,6402026000936,Fjellvind Storm XT Bag Liner Sand,Reliable bag liner from Fjellvind's Storm XT range. Sand. A wholesale staple for outdoor retailers.,2,1,Bag Liner,Sand,Sand,pcs,1,1,0.205,true,,2022-08-25
94,FJV-SLP-0004,6402026000943,Fjellvind Storm XT Bag Liner Black,"Fjellvind Storm XT: a bag liner that balances weight, durability and price. Black. Retail-ready packaging.",2,1,Bag Liner,Black,Black,pcs,6,6,0.137,true,,2026-02-09
95,FJV-SLP-0005,6402026000950,Fjellvind Storm XT Bag Liner Ruby Red,The Storm XT bag liner by Fjellvind. Ruby Red. Popular with rental outfitters and clubs.,2,1,Bag Liner,Ruby Red,Ruby Red,pcs,12,12,0.561,true,,2022-04-30
96,FJV-SLP-0006,6402026000967,Fjellvind Snøhetta 2.0 Sleeping Mat Sand,"Fjellvind Snøhetta 2.0 Sleeping Mat for sleeping bags & mats. Sand. Built for Nordic conditions, season after season.",2,1,Sleeping Mat,Sand,Sand,pcs,1,1,0.375,true,,2025-08-13
97,FJV-SLP-0007,6402026000974,Fjellvind Snøhetta 2.0 Sleeping Mat Slate Grey,Reliable sleeping mat from Fjellvind's Snøhetta 2.0 range. Slate Grey. A wholesale staple for outdoor retailers.,2,1,Sleeping Mat,Slate Grey,Slate Grey,pcs,1,1,1.062,true,,2020-01-09
98,FJV-SLP-0008,6402026000981,Fjellvind Nordic XT Bag Liner Black,"Fjellvind Nordic XT: a bag liner that balances weight, durability and price. Black. Retail-ready packaging.",2,1,Bag Liner,Black,Black,pcs,6,6,0.439,true,,2022-05-04
99,FJV-SLP-0009,6402026000998,Fjellvind Nordic XT Bag Liner Midnight Blue,The Nordic XT bag liner by Fjellvind. Midnight Blue. Popular with rental outfitters and clubs.,2,1,Bag Liner,Midnight Blue,Midnight Blue,pcs,1,1,0.305,true,,2019-10-24
100,FJV-SLP-0010,6402026001001,Fjellvind Nordic XT Bag Liner Sand,"Fjellvind Nordic XT Bag Liner for sleeping bags & mats. Sand. Built for Nordic conditions, season after season.",2,1,Bag Liner,Sand,Sand,pcs,12,12,0.602,true,,2022-08-24
101,FJV-SLP-0011,6402026001018,Fjellvind Nordic XT Bag Liner Arctic White,Reliable bag liner from Fjellvind's Nordic XT range. Arctic White. A wholesale staple for outdoor retailers.,2,1,Bag Liner,Arctic White,Arctic White,pcs,1,1,0.433,true,,2022-12-25
102,FJV-SLP-0012,6402026001025,Fjellvind Nordic XT Bag Liner Graphite,"Fjellvind Nordic XT: a bag liner that balances weight, durability and price. Graphite. Retail-ready packaging.",2,1,Bag Liner,Graphite,Graphite,pcs,1,1,0.377,true,,2023-03-08
103,FJV-SLP-0013,6402026001032,Fjellvind Padjelanta Pro Sleeping Mat Midnight Blue,The Padjelanta Pro sleeping mat by Fjellvind. Midnight Blue. Popular with rental outfitters and clubs.,2,1,Sleeping Mat,Midnight Blue,Midnight Blue,pcs,6,6,0.414,true,,2022-06-20
104,FJV-SLP-0014,6402026001049,Fjellvind Padjelanta Pro Sleeping Mat Black,"Fjellvind Padjelanta Pro Sleeping Mat for sleeping bags & mats. Black. Built for Nordic conditions, season after season.",2,1,Sleeping Mat,Black,Black,pcs,1,1,0.988,true,,2022-06-26
105,FJV-SLP-0015,6402026001056,Fjellvind Padjelanta Pro Sleeping Mat Lichen,Reliable sleeping mat from Fjellvind's Padjelanta Pro range. Lichen. A wholesale staple for outdoor retailers.,2,1,Sleeping Mat,Lichen,Lichen,pcs,6,6,0.722,true,,2023-09-24
106,FJV-SLP-0016,6402026001063,Fjellvind Padjelanta Pro Sleeping Mat Deep Teal,"Fjellvind Padjelanta Pro: a sleeping mat that balances weight, durability and price. Deep Teal. Retail-ready packaging.",2,1,Sleeping Mat,Deep Teal,Deep Teal,pcs,1,1,1.161,true,,2021-01-02
107,FJV-SLP-0017,6402026001070,Fjellvind Kebne WP Sleeping Mat Midnight Blue,The Kebne WP sleeping mat by Fjellvind. Midnight Blue. Popular with rental outfitters and clubs.,2,1,Sleeping Mat,Midnight Blue,Midnight Blue,pcs,6,6,0.971,true,,2022-08-13
108,FJV-SLP-0018,6402026001087,Fjellvind Kebne WP Sleeping Mat Slate Grey,"Fjellvind Kebne WP Sleeping Mat for sleeping bags & mats. Slate Grey. Built for Nordic conditions, season after season.",2,1,Sleeping Mat,Slate Grey,Slate Grey,pcs,1,1,0.851,true,,2023-09-06
109,FJV-SLP-0019,6402026001094,Fjellvind Kebne WP Sleeping Mat Sand,Reliable sleeping mat from Fjellvind's Kebne WP range. Sand. A wholesale staple for outdoor retailers.,2,1,Sleeping Mat,Sand,Sand,pcs,12,12,0.434,true,,2021-09-21
110,FJV-SLP-0020,6402026001100,Fjellvind Halti Insulated Mat Black,"Fjellvind Halti: a insulated mat that balances weight, durability and price. Black. Retail-ready packaging.",2,1,Insulated Mat,Black,Black,pcs,1,1,0.358,true,,2020-10-30
111,FJV-SLP-0021,6402026001117,Fjellvind Halti Insulated Mat Sunset Yellow,The Halti insulated mat by Fjellvind. Sunset Yellow. Popular with rental outfitters and clubs.,2,1,Insulated Mat,Sunset Yellow,Sunset Yellow,pcs,1,1,0.635,true,,2020-01-12
112,FJV-SLP-0022,6402026001124,Fjellvind Sarek Lite Synthetic Sleeping Bag 0°C Graphite,"Fjellvind Sarek Lite Synthetic Sleeping Bag for sleeping bags & mats. 0°C / Graphite. Built for Nordic conditions, season after season.",2,1,Synthetic Sleeping Bag,0°C,Graphite,pcs,12,12,0.727,true,,2023-06-12
113,FJV-SLP-0023,6402026001131,Fjellvind Sarek Lite Synthetic Sleeping Bag -10°C Graphite,Reliable synthetic sleeping bag from Fjellvind's Sarek Lite range. -10°C / Graphite. A wholesale staple for outdoor retailers.,2,1,Synthetic Sleeping Bag,-10°C,Graphite,pcs,1,1,0.952,true,,2025-05-14
114,FJV-SLP-0024,6402026001148,Fjellvind Sarek Lite Synthetic Sleeping Bag -20°C Graphite,"Fjellvind Sarek Lite: a synthetic sleeping bag that balances weight, durability and price. -20°C / Graphite. Retail-ready packaging.",2,1,Synthetic Sleeping Bag,-20°C,Graphite,pcs,1,1,0.844,true,,2023-10-04
115,FJV-SLP-0025,6402026001155,Fjellvind Tundra Lite Down Sleeping Bag -10°C Black,The Tundra Lite down sleeping bag by Fjellvind. -10°C / Black. Popular with rental outfitters and clubs.,2,1,Down Sleeping Bag,-10°C,Black,pcs,1,1,1.251,true,,2019-01-25
116,FJV-SLP-0026,6402026001162,Fjellvind Tundra Lite Down Sleeping Bag -5°C Black,"Fjellvind Tundra Lite Down Sleeping Bag for sleeping bags & mats. -5°C / Black. Built for Nordic conditions, season after season.",2,1,Down Sleeping Bag,-5°C,Black,pcs,1,1,2.281,true,,2021-05-20
117,FJV-SLP-0027,6402026001179,Fjellvind Varanger II Bag Liner Burnt Orange,Reliable bag liner from Fjellvind's Varanger II range. Burnt Orange. A wholesale staple for outdoor retailers.,2,1,Bag Liner,Burnt Orange,Burnt Orange,pcs,1,1,0.477,true,,2020-11-16
118,FJV-SLP-0028,6402026001186,Fjellvind Varanger II Bag Liner Deep Teal,"Fjellvind Varanger II: a bag liner that balances weight, durability and price. Deep Teal. Retail-ready packaging.",2,1,Bag Liner,Deep Teal,Deep Teal,pcs,6,6,0.651,true,,2019-10-28
119,FJV-SLP-0029,6402026001193,Fjellvind Tind WP Sleeping Mat Burnt Orange,The Tind WP sleeping mat by Fjellvind. Burnt Orange. Popular with rental outfitters and clubs.,2,1,Sleeping Mat,Burnt Orange,Burnt Orange,pcs,12,12,0.329,true,,2022-02-11
120,FJV-SLP-0030,6402026001209,Fjellvind Tind WP Sleeping Mat Graphite,"Fjellvind Tind WP Sleeping Mat for sleeping bags & mats. Graphite. Built for Nordic conditions, season after season.",2,1,Sleeping Mat,Graphite,Graphite,pcs,12,12,0.389,true,,2022-11-18
121,FJV-SLP-0031,6402026001216,Fjellvind Tind WP Sleeping Mat Ruby Red,Reliable sleeping mat from Fjellvind's Tind WP range. Ruby Red. A wholesale staple for outdoor retailers.,2,1,Sleeping Mat,Ruby Red,Ruby Red,pcs,1,1,0.520,true,,2025-09-07
122,FJV-SLP-0032,6402026001223,Fjellvind Ridge Eco Bag Liner Slate Grey,"Fjellvind Ridge Eco: a bag liner that balances weight, durability and price. Slate Grey. Retail-ready packaging.",2,1,Bag Liner,Slate Grey,Slate Grey,pcs,1,1,0.645,true,,2023-08-12
123,FJV-SLP-0033,6402026001230,Fjellvind Ridge Eco Bag Liner Petrol,The Ridge Eco bag liner by Fjellvind. Petrol. Popular with rental outfitters and clubs.,2,1,Bag Liner,Petrol,Petrol,pcs,12,12,0.534,true,,2024-05-20
124,FJV-SLP-0034,6402026001247,Fjellvind Ridge Eco Bag Liner Forest,"Fjellvind Ridge Eco Bag Liner for sleeping bags & mats. Forest. Built for Nordic conditions, season after season.",2,1,Bag Liner,Forest,Forest,pcs,1,1,0.137,true,,2020-07-26
125,FJV-SLP-0035,6402026001254,Fjellvind Halti Sleeping Mat Petrol,Reliable sleeping mat from Fjellvind's Halti range. Petrol. A wholesale staple for outdoor retailers.,2,1,Sleeping Mat,Petrol,Petrol,pcs,1,1,1.197,true,,2019-06-17
126,FJV-SLP-0036,6402026001261,Fjellvind Halti Sleeping Mat Ruby Red,"Fjellvind Halti: a sleeping mat that balances weight, durability and price. Ruby Red. Retail-ready packaging.",2,1,Sleeping Mat,Ruby Red,Ruby Red,pcs,1,1,0.371,true,,2022-03-03
127,FJV-SLP-0037,6402026001278,Fjellvind Helags WP Sleeping Mat Lichen,The Helags WP sleeping mat by Fjellvind. Lichen. Popular with rental outfitters and clubs.,2,1,Sleeping Mat,Lichen,Lichen,pcs,1,1,0.465,true,,2025-04-10
128,FJV-SLP-0038,6402026001285,Fjellvind Helags WP Sleeping Mat Deep Teal,"Fjellvind Helags WP Sleeping Mat for sleeping bags & mats. Deep Teal. Built for Nordic conditions, season after season.",2,1,Sleeping Mat,Deep Teal,Deep Teal,pcs,1,1,0.890,true,,2021-01-15
129,FJV-SLP-0039,6402026001292,Fjellvind Tind Insulated Mat Arctic White,Reliable insulated mat from Fjellvind's Tind range. Arctic White. A wholesale staple for outdoor retailers.,2,1,Insulated Mat,Arctic White,Arctic White,pcs,1,1,1.605,true,,2021-01-25
130,FJV-SLP-0040,6402026001308,Fjellvind Skog Synthetic Sleeping Bag -10°C Graphite,"Fjellvind Skog: a synthetic sleeping bag that balances weight, durability and price. -10°C / Graphite. Retail-ready packaging.",2,1,Synthetic Sleeping Bag,-10°C,Graphite,pcs,1,1,1.580,true,,2022-03-04
131,FJV-SLP-0041,6402026001315,Fjellvind Skog Synthetic Sleeping Bag -5°C Midnight Blue,The Skog synthetic sleeping bag by Fjellvind. -5°C / Midnight Blue. Popular with rental outfitters and clubs.,2,1,Synthetic Sleeping Bag,-5°C,Midnight Blue,pcs,6,6,0.353,true,,2019-04-22
132,FJV-SLP-0042,6402026001322,Fjellvind Skog Synthetic Sleeping Bag +5°C Midnight Blue,"Fjellvind Skog Synthetic Sleeping Bag for sleeping bags & mats. +5°C / Midnight Blue. Built for Nordic conditions, season after season.",2,1,Synthetic Sleeping Bag,+5°C,Midnight Blue,pcs,1,1,0.845,true,,2019-11-13
133,FJV-SLP-0043,6402026001339,Fjellvind Skog Synthetic Sleeping Bag 0°C Midnight Blue,Reliable synthetic sleeping bag from Fjellvind's Skog range. 0°C / Midnight Blue. A wholesale staple for outdoor retailers.,2,1,Synthetic Sleeping Bag,0°C,Midnight Blue,pcs,6,6,0.434,true,,2024-02-21
134,FJV-SLP-0044,6402026001346,Fjellvind Tind II Down Sleeping Bag -10°C Petrol,"Fjellvind Tind II: a down sleeping bag that balances weight, durability and price. -10°C / Petrol. Retail-ready packaging.",2,1,Down Sleeping Bag,-10°C,Petrol,pcs,12,12,0.696,true,,2023-03-12
135,FJV-SLP-0045,6402026001353,Fjellvind Tind II Down Sleeping Bag +5°C Petrol,The Tind II down sleeping bag by Fjellvind. +5°C / Petrol. Popular with rental outfitters and clubs.,2,1,Down Sleeping Bag,+5°C,Petrol,pcs,6,6,2.617,true,,2019-03-18
136,FJV-SLP-0046,6402026001360,Fjellvind Tind II Down Sleeping Bag -5°C Petrol,"Fjellvind Tind II Down Sleeping Bag for sleeping bags & mats. -5°C / Petrol. Built for Nordic conditions, season after season.",2,1,Down Sleeping Bag,-5°C,Petrol,pcs,1,1,1.095,true,,2024-08-28
137,FJV-SLP-0047,6402026001377,Fjellvind Tind II Down Sleeping Bag 0°C Petrol,Reliable down sleeping bag from Fjellvind's Tind II range. 0°C / Petrol. A wholesale staple for outdoor retailers.,2,1,Down Sleeping Bag,0°C,Petrol,pcs,1,1,2.426,true,,2026-05-01
138,FJV-SLP-0048,6402026001384,Fjellvind Tind II Down Sleeping Bag -20°C Petrol,"Fjellvind Tind II: a down sleeping bag that balances weight, durability and price. -20°C / Petrol. Retail-ready packaging.",2,1,Down Sleeping Bag,-20°C,Petrol,pcs,1,1,1.897,true,,2026-01-16
139,FJV-SLP-0049,6402026001391,Fjellvind Skog Plus Camp Pillow Midnight Blue,The Skog Plus camp pillow by Fjellvind. Midnight Blue. Popular with rental outfitters and clubs.,2,1,Camp Pillow,Midnight Blue,Midnight Blue,pcs,6,6,0.280,true,,2025-05-25
140,FJV-SLP-0050,6402026001407,Fjellvind Skog Plus Camp Pillow Slate Grey,"Fjellvind Skog Plus Camp Pillow for sleeping bags & mats. Slate Grey. Built for Nordic conditions, season after season.",2,1,Camp Pillow,Slate Grey,Slate Grey,pcs,12,12,0.503,true,,2023-05-10
141,FJV-SLP-0051,6402026001414,Fjellvind Skog Plus Camp Pillow Ruby Red,Reliable camp pillow from Fjellvind's Skog Plus range. Ruby Red. A wholesale staple for outdoor retailers.,2,1,Camp Pillow,Ruby Red,Ruby Red,pcs,6,6,0.637,true,,2019-09-13
142,FJV-SLP-0052,6402026001421,Fjellvind Skog Plus Camp Pillow Moss Green,"Fjellvind Skog Plus: a camp pillow that balances weight, durability and price. Moss Green. Retail-ready packaging.",2,1,Camp Pillow,Moss Green,Moss Green,pcs,1,1,0.132,true,,2022-02-19
143,FJV-SLP-0053,6402026001438,Fjellvind Skog Plus Camp Pillow Forest,The Skog Plus camp pillow by Fjellvind. Forest. Popular with rental outfitters and clubs.,2,1,Camp Pillow,Forest,Forest,pcs,1,1,0.308,true,,2021-03-29
144,FJV-SLP-0054,6402026001445,Fjellvind Ruska XT Sleeping Mat Moss Green,"Fjellvind Ruska XT Sleeping Mat for sleeping bags & mats. Moss Green. Built for Nordic conditions, season after season.",2,1,Sleeping Mat,Moss Green,Moss Green,pcs,1,1,0.476,true,,2022-03-24
145,FJV-SLP-0055,6402026001452,Fjellvind Ruska XT Sleeping Mat Midnight Blue,Reliable sleeping mat from Fjellvind's Ruska XT range. Midnight Blue. A wholesale staple for outdoor retailers.,2,1,Sleeping Mat,Midnight Blue,Midnight Blue,pcs,12,12,0.549,true,,2023-02-27
146,FJV-SLP-0056,6402026001469,Fjellvind Ruska XT Sleeping Mat Graphite,"Fjellvind Ruska XT: a sleeping mat that balances weight, durability and price. Graphite. Retail-ready packaging.",2,1,Sleeping Mat,Graphite,Graphite,pcs,12,12,0.264,true,,2024-01-20
147,FJV-SLP-0057,6402026001476,Fjellvind Sylarna II Sleeping Mat Moss Green,The Sylarna II sleeping mat by Fjellvind. Moss Green. Popular with rental outfitters and clubs.,2,1,Sleeping Mat,Moss Green,Moss Green,pcs,6,6,0.534,true,,2024-06-26
148,FJV-SLP-0058,6402026001483,Fjellvind Sylarna II Sleeping Mat Black,"Fjellvind Sylarna II Sleeping Mat for sleeping bags & mats. Black. Built for Nordic conditions, season after season.",2,1,Sleeping Mat,Black,Black,pcs,6,6,0.641,true,,2024-04-26
149,FJV-SLP-0059,6402026001490,Fjellvind Sylarna II Sleeping Mat Midnight Blue,Reliable sleeping mat from Fjellvind's Sylarna II range. Midnight Blue. A wholesale staple for outdoor retailers.,2,1,Sleeping Mat,Midnight Blue,Midnight Blue,pcs,6,6,0.400,true,,2024-03-10
150,FJV-SLP-0060,6402026001506,Fjellvind Nordkapp Sleeping Mat Petrol,"Fjellvind Nordkapp: a sleeping mat that balances weight, durability and price. Petrol. Retail-ready packaging.",2,1,Sleeping Mat,Petrol,Petrol,pcs,1,1,0.835,true,,2019-01-11
151,FJV-SLP-0061,6402026001513,Fjellvind Nordkapp Sleeping Mat Lichen,The Nordkapp sleeping mat by Fjellvind. Lichen. Popular with rental outfitters and clubs.,2,1,Sleeping Mat,Lichen,Lichen,pcs,6,6,0.465,true,,2024-08-21
152,FJV-SLP-0062,6402026001520,Fjellvind Nordkapp Sleeping Mat Graphite,"Fjellvind Nordkapp Sleeping Mat for sleeping bags & mats. Graphite. Built for Nordic conditions, season after season.",2,1,Sleeping Mat,Graphite,Graphite,pcs,1,1,0.884,true,,2021-02-25
153,FJV-SLP-0063,6402026001537,Fjellvind Hav Lite Sleeping Mat Ruby Red,Reliable sleeping mat from Fjellvind's Hav Lite range. Ruby Red. A wholesale staple for outdoor retailers.,2,1,Sleeping Mat,Ruby Red,Ruby Red,pcs,1,1,0.264,true,,2021-05-03
154,FJV-SLP-0064,6402026001544,Fjellvind Hav Lite Sleeping Mat Forest,"Fjellvind Hav Lite: a sleeping mat that balances weight, durability and price. Forest. Retail-ready packaging.",2,1,Sleeping Mat,Forest,Forest,pcs,12,12,0.946,true,,2020-08-24
155,FJV-SLP-0065,6402026001551,Fjellvind Hav Lite Sleeping Mat Ochre,The Hav Lite sleeping mat by Fjellvind. Ochre. Popular with rental outfitters and clubs.,2,1,Sleeping Mat,Ochre,Ochre,pcs,1,1,0.669,true,,2021-05-31
156,FJV-SLP-0066,6402026001568,Fjellvind Hav Lite Sleeping Mat Lichen,"Fjellvind Hav Lite Sleeping Mat for sleeping bags & mats. Lichen. Built for Nordic conditions, season after season.",2,1,Sleeping Mat,Lichen,Lichen,pcs,1,1,0.225,true,,2025-12-23
157,FJV-SLP-0067,6402026001575,Fjellvind Hav Lite Sleeping Mat Petrol,Reliable sleeping mat from Fjellvind's Hav Lite range. Petrol. A wholesale staple for outdoor retailers.,2,1,Sleeping Mat,Petrol,Petrol,pcs,1,1,0.950,true,,2024-10-11
158,FJV-SLP-0068,6402026001582,Fjellvind Hav 2.0 Sleeping Mat Graphite,"Fjellvind Hav 2.0: a sleeping mat that balances weight, durability and price. Graphite. Retail-ready packaging.",2,1,Sleeping Mat,Graphite,Graphite,pcs,12,12,0.244,true,,2025-09-15
159,FJV-SLP-0069,6402026001599,Fjellvind Hav 2.0 Sleeping Mat Sunset Yellow,The Hav 2.0 sleeping mat by Fjellvind. Sunset Yellow. Popular with rental outfitters and clubs.,2,1,Sleeping Mat,Sunset Yellow,Sunset Yellow,pcs,1,1,1.056,true,,2025-03-04
160,FJV-SLP-0070,6402026001605,Fjellvind Hav 2.0 Sleeping Mat Ochre,"Fjellvind Hav 2.0 Sleeping Mat for sleeping bags & mats. Ochre. Built for Nordic conditions, season after season.",2,1,Sleeping Mat,Ochre,Ochre,pcs,1,1,1.091,true,,2026-04-14
161,FJV-SLP-0071,6402026001612,Fjellvind Trail Plus Sleeping Mat Forest,Reliable sleeping mat from Fjellvind's Trail Plus range. Forest. A wholesale staple for outdoor retailers.,2,1,Sleeping Mat,Forest,Forest,pcs,1,1,1.157,true,,2020-07-07
162,FJV-SLP-0072,6402026001629,Fjellvind Trail Plus Sleeping Mat Ochre,"Fjellvind Trail Plus: a sleeping mat that balances weight, durability and price. Ochre. Retail-ready packaging.",2,1,Sleeping Mat,Ochre,Ochre,pcs,1,1,0.333,true,,2021-08-27
163,FJV-SLP-0073,6402026001636,Fjellvind Pallas Pro Synthetic Sleeping Bag +5°C Sand,The Pallas Pro synthetic sleeping bag by Fjellvind. +5°C / Sand. Popular with rental outfitters and clubs.,2,1,Synthetic Sleeping Bag,+5°C,Sand,pcs,12,12,1.735,true,,2024-07-13
164,FJV-SLP-0074,6402026001643,Fjellvind Pallas Pro Synthetic Sleeping Bag -5°C Sand,"Fjellvind Pallas Pro Synthetic Sleeping Bag for sleeping bags & mats. -5°C / Sand. Built for Nordic conditions, season after season.",2,1,Synthetic Sleeping Bag,-5°C,Sand,pcs,6,6,1.269,true,,2024-04-01
165,FJV-SLP-0075,6402026001650,Fjellvind Pallas Pro Synthetic Sleeping Bag -20°C Sand,Reliable synthetic sleeping bag from Fjellvind's Pallas Pro range. -20°C / Sand. A wholesale staple for outdoor retailers.,2,1,Synthetic Sleeping Bag,-20°C,Sand,pcs,1,1,1.335,true,,2023-11-15
166,FJV-SLP-0076,6402026001667,Fjellvind Pallas Pro Synthetic Sleeping Bag 0°C Sand,"Fjellvind Pallas Pro: a synthetic sleeping bag that balances weight, durability and price. 0°C / Sand. Retail-ready packaging.",2,1,Synthetic Sleeping Bag,0°C,Sand,pcs,1,1,1.131,true,,2022-05-22
167,FJV-SLP-0077,6402026001674,Fjellvind Pallas Pro Synthetic Sleeping Bag -10°C Sand,The Pallas Pro synthetic sleeping bag by Fjellvind. -10°C / Sand. Popular with rental outfitters and clubs.,2,1,Synthetic Sleeping Bag,-10°C,Sand,pcs,1,1,1.437,true,,2020-05-22
168,FJV-SLP-0078,6402026001681,Fjellvind Ridge II Insulated Mat Black,"Fjellvind Ridge II Insulated Mat for sleeping bags & mats. Black. Built for Nordic conditions, season after season.",2,1,Insulated Mat,Black,Black,pcs,1,1,1.544,true,,2019-01-05
169,FJV-SLP-0079,6402026001698,Fjellvind Vuori Eco Camp Pillow Burnt Orange,Reliable camp pillow from Fjellvind's Vuori Eco range. Burnt Orange. A wholesale staple for outdoor retailers.,2,1,Camp Pillow,Burnt Orange,Burnt Orange,pcs,1,1,0.484,true,,2024-12-07
170,FJV-SLP-0080,6402026001704,Fjellvind Vuori Eco Camp Pillow Arctic White,"Fjellvind Vuori Eco: a camp pillow that balances weight, durability and price. Arctic White. Retail-ready packaging.",2,1,Camp Pillow,Arctic White,Arctic White,pcs,12,12,0.580,true,,2019-08-20
171,FJV-PCK-0001,6402026001711,Fjellvind Vidda Daypack 18L Lichen,The Vidda daypack by Fjellvind. 18L / Lichen. Popular with rental outfitters and clubs.,3,1,Daypack,18L,Lichen,pcs,6,6,0.799,true,,2025-07-24
172,FJV-PCK-0002,6402026001728,Fjellvind Vidda Daypack 28L Lichen,"Fjellvind Vidda Daypack for backpacks & bags. 28L / Lichen. Built for Nordic conditions, season after season.",3,1,Daypack,28L,Lichen,pcs,12,12,0.254,true,,2025-10-25
173,FJV-PCK-0003,6402026001735,Fjellvind Helags Dry Bag 12L Ruby Red,Reliable dry bag from Fjellvind's Helags range. 12L / Ruby Red. A wholesale staple for outdoor retailers.,3,1,Dry Bag,12L,Ruby Red,pcs,1,1,0.092,true,,2020-08-20
174,FJV-PCK-0004,6402026001742,Fjellvind Helags Dry Bag 28L Ruby Red,"Fjellvind Helags: a dry bag that balances weight, durability and price. 28L / Ruby Red. Retail-ready packaging.",3,1,Dry Bag,28L,Ruby Red,pcs,1,1,0.188,true,,2022-09-04
175,FJV-PCK-0005,6402026001759,Fjellvind Helags Dry Bag 18L Ruby Red,The Helags dry bag by Fjellvind. 18L / Ruby Red. Popular with rental outfitters and clubs.,3,1,Dry Bag,18L,Ruby Red,pcs,1,1,0.433,true,,2025-02-07
176,FJV-PCK-0006,6402026001766,Fjellvind Nordkapp Lite Duffel 120L Slate Grey,"Fjellvind Nordkapp Lite Duffel for backpacks & bags. 120L / Slate Grey. Built for Nordic conditions, season after season.",3,1,Duffel,120L,Slate Grey,pcs,12,12,0.756,true,,2024-02-01
177,FJV-PCK-0007,6402026001773,Fjellvind Nordkapp Lite Duffel 60L Slate Grey,Reliable duffel from Fjellvind's Nordkapp Lite range. 60L / Slate Grey. A wholesale staple for outdoor retailers.,3,1,Duffel,60L,Slate Grey,pcs,1,1,1.138,true,,2021-05-26
178,FJV-PCK-0008,6402026001780,Fjellvind Nordkapp Lite Duffel 90L Slate Grey,"Fjellvind Nordkapp Lite: a duffel that balances weight, durability and price. 90L / Slate Grey. Retail-ready packaging.",3,1,Duffel,90L,Slate Grey,pcs,1,1,0.306,true,,2023-08-13
179,FJV-PCK-0009,6402026001797,Fjellvind Kungsleden Pro Duffel 120L Moss Green,The Kungsleden Pro duffel by Fjellvind. 120L / Moss Green. Popular with rental outfitters and clubs.,3,1,Duffel,120L,Moss Green,pcs,1,1,0.183,true,,2024-01-04
180,FJV-PCK-0010,6402026001803,Fjellvind Sylarna WP Dry Bag 18L Lichen,"Fjellvind Sylarna WP Dry Bag for backpacks & bags. 18L / Lichen. Built for Nordic conditions, season after season.",3,1,Dry Bag,18L,Lichen,pcs,6,6,0.580,true,,2019-08-12
181,FJV-PCK-0011,6402026001810,Fjellvind Sylarna WP Dry Bag 22L Lichen,Reliable dry bag from Fjellvind's Sylarna WP range. 22L / Lichen. A wholesale staple for outdoor retailers.,3,1,Dry Bag,22L,Lichen,pcs,12,12,0.740,true,,2023-01-20
182,FJV-PCK-0012,6402026001827,Fjellvind Sylarna WP Dry Bag 12L Lichen,"Fjellvind Sylarna WP: a dry bag that balances weight, durability and price. 12L / Lichen. Retail-ready packaging.",3,1,Dry Bag,12L,Lichen,pcs,6,6,0.143,true,,2020-06-13
183,FJV-PCK-0013,6402026001834,Fjellvind Sylarna WP Dry Bag 8L Lichen,The Sylarna WP dry bag by Fjellvind. 8L / Lichen. Popular with rental outfitters and clubs.,3,1,Dry Bag,8L,Lichen,pcs,6,6,0.480,true,,2019-08-21
184,FJV-PCK-0014,6402026001841,Fjellvind Sylarna WP Dry Bag 28L Lichen,"Fjellvind Sylarna WP Dry Bag for backpacks & bags. 28L / Lichen. Built for Nordic conditions, season after season.",3,1,Dry Bag,28L,Lichen,pcs,6,6,0.200,true,,2025-02-16
185,FJV-PCK-0015,6402026001858,Fjellvind Boreal Daypack 18L Black,Reliable daypack from Fjellvind's Boreal range. 18L / Black. A wholesale staple for outdoor retailers.,3,1,Daypack,18L,Black,pcs,12,12,0.379,true,,2019-11-13
186,FJV-PCK-0016,6402026001865,Fjellvind Boreal Daypack 28L Black,"Fjellvind Boreal: a daypack that balances weight, durability and price. 28L / Black. Retail-ready packaging.",3,1,Daypack,28L,Black,pcs,1,1,0.553,true,,2021-05-18
187,FJV-PCK-0017,6402026001872,Fjellvind Boreal Daypack 8L Black,The Boreal daypack by Fjellvind. 8L / Black. Popular with rental outfitters and clubs.,3,1,Daypack,8L,Black,pcs,12,12,1.074,true,,2021-04-07
188,FJV-PCK-0018,6402026001889,Fjellvind Hav Daypack 8L Lichen,"Fjellvind Hav Daypack for backpacks & bags. 8L / Lichen. Built for Nordic conditions, season after season.",3,1,Daypack,8L,Lichen,pcs,1,1,1.133,true,,2020-03-07
189,FJV-PCK-0019,6402026001896,Fjellvind Hav Daypack 22L Lichen,Reliable daypack from Fjellvind's Hav range. 22L / Lichen. A wholesale staple for outdoor retailers.,3,1,Daypack,22L,Lichen,pcs,6,6,0.557,true,,2024-11-10
190,FJV-PCK-0020,6402026001902,Fjellvind Hav Daypack 12L Lichen,"Fjellvind Hav: a daypack that balances weight, durability and price. 12L / Lichen. Retail-ready packaging.",3,1,Daypack,12L,Lichen,pcs,12,12,0.919,true,,2021-05-04
191,FJV-PCK-0021,6402026001919,Fjellvind Snøhetta 2.0 Duffel 40L Sunset Yellow,The Snøhetta 2.0 duffel by Fjellvind. 40L / Sunset Yellow. Popular with rental outfitters and clubs.,3,1,Duffel,40L,Sunset Yellow,pcs,6,6,1.284,true,,2023-10-11
192,FJV-PCK-0022,6402026001926,Fjellvind Snøhetta 2.0 Duffel 90L Sunset Yellow,"Fjellvind Snøhetta 2.0 Duffel for backpacks & bags. 90L / Sunset Yellow. Built for Nordic conditions, season after season.",3,1,Duffel,90L,Sunset Yellow,pcs,1,1,0.467,true,,2020-07-24
193,FJV-PCK-0023,6402026001933,Fjellvind Snøhetta 2.0 Duffel 60L Sunset Yellow,Reliable duffel from Fjellvind's Snøhetta 2.0 range. 60L / Sunset Yellow. A wholesale staple for outdoor retailers.,3,1,Duffel,60L,Sunset Yellow,pcs,1,1,0.550,true,,2024-04-21
194,FJV-PCK-0024,6402026001940,Fjellvind Snøhetta 2.0 Duffel 120L Sunset Yellow,"Fjellvind Snøhetta 2.0: a duffel that balances weight, durability and price. 120L / Sunset Yellow. Retail-ready packaging.",3,1,Duffel,120L,Sunset Yellow,pcs,6,6,0.727,true,,2023-07-12
195,FJV-PCK-0025,6402026001957,Fjellvind Fjord Hip Pack Forest,The Fjord hip pack by Fjellvind. Forest. Popular with rental outfitters and clubs.,3,1,Hip Pack,Forest,Forest,pcs,12,12,0.701,true,,2024-11-06
196,FJV-PCK-0026,6402026001964,Fjellvind Hav Pro Duffel 120L Deep Teal,"Fjellvind Hav Pro Duffel for backpacks & bags. 120L / Deep Teal. Built for Nordic conditions, season after season.",3,1,Duffel,120L,Deep Teal,pcs,12,12,0.810,true,,2025-10-22
197,FJV-PCK-0027,6402026001971,Fjellvind Hav Pro Duffel 90L Deep Teal,Reliable duffel from Fjellvind's Hav Pro range. 90L / Deep Teal. A wholesale staple for outdoor retailers.,3,1,Duffel,90L,Deep Teal,pcs,1,1,0.753,true,,2020-01-14
198,FJV-PCK-0028,6402026001988,Fjellvind Hav Pro Duffel 60L Deep Teal,"Fjellvind Hav Pro: a duffel that balances weight, durability and price. 60L / Deep Teal. Retail-ready packaging.",3,1,Duffel,60L,Deep Teal,pcs,1,1,0.334,true,,2020-03-08
199,FJV-PCK-0029,6402026001995,Fjellvind Boreal 2.0 Backpack 65L Forest,The Boreal 2.0 backpack by Fjellvind. 65L / Forest. Popular with rental outfitters and clubs.,3,1,Backpack,65L,Forest,pcs,1,1,0.443,true,,2024-07-03
200,FJV-PCK-0030,6402026002008,Fjellvind Boreal 2.0 Backpack 55L Forest,"Fjellvind Boreal 2.0 Backpack for backpacks & bags. 55L / Forest. Built for Nordic conditions, season after season.",3,1,Backpack,55L,Forest,pcs,1,1,1.091,true,,2019-05-22
201,FJV-PCK-0031,6402026002015,Fjellvind Boreal 2.0 Backpack 75L Forest,Reliable backpack from Fjellvind's Boreal 2.0 range. 75L / Forest. A wholesale staple for outdoor retailers.,3,1,Backpack,75L,Forest,pcs,6,6,0.677,true,,2019-04-13
202,FJV-PCK-0032,6402026002022,Fjellvind Boreal 2.0 Backpack 35L Forest,"Fjellvind Boreal 2.0: a backpack that balances weight, durability and price. 35L / Forest. Retail-ready packaging.",3,1,Backpack,35L,Forest,pcs,1,1,2.564,true,,2024-04-05
203,FJV-PCK-0033,6402026002039,Fjellvind Boreal 2.0 Backpack 45L Forest,The Boreal 2.0 backpack by Fjellvind. 45L / Forest. Popular with rental outfitters and clubs.,3,1,Backpack,45L,Forest,pcs,1,1,2.401,true,,2019-03-22
204,FJV-PCK-0034,6402026002046,Fjellvind Kungsleden II Duffel 90L Slate Grey,"Fjellvind Kungsleden II Duffel for backpacks & bags. 90L / Slate Grey. Built for Nordic conditions, season after season.",3,1,Duffel,90L,Slate Grey,pcs,1,1,0.342,true,,2021-02-26
205,FJV-PCK-0035,6402026002053,Fjellvind Kungsleden II Duffel 40L Slate Grey,Reliable duffel from Fjellvind's Kungsleden II range. 40L / Slate Grey. A wholesale staple for outdoor retailers.,3,1,Duffel,40L,Slate Grey,pcs,12,12,0.575,true,,2020-07-15
206,FJV-PCK-0036,6402026002060,Fjellvind Kungsleden II Duffel 60L Slate Grey,"Fjellvind Kungsleden II: a duffel that balances weight, durability and price. 60L / Slate Grey. Retail-ready packaging.",3,1,Duffel,60L,Slate Grey,pcs,1,1,1.466,true,,2022-08-08
207,FJV-PCK-0037,6402026002077,Fjellvind Kungsleden II Duffel 120L Slate Grey,The Kungsleden II duffel by Fjellvind. 120L / Slate Grey. Popular with rental outfitters and clubs.,3,1,Duffel,120L,Slate Grey,pcs,6,6,0.326,true,,2021-02-23
208,FJV-PCK-0038,6402026002084,Fjellvind Lyngen Hip Pack Sand,"Fjellvind Lyngen Hip Pack for backpacks & bags. Sand. Built for Nordic conditions, season after season.",3,1,Hip Pack,Sand,Sand,pcs,6,6,0.151,true,,2025-09-26
209,FJV-PCK-0039,6402026002091,Fjellvind Inari WP Backpack 55L Ochre,Reliable backpack from Fjellvind's Inari WP range. 55L / Ochre. A wholesale staple for outdoor retailers.,3,1,Backpack,55L,Ochre,pcs,1,1,1.699,true,,2019-05-16
210,FJV-PCK-0040,6402026002107,Fjellvind Inari WP Backpack 35L Ochre,"Fjellvind Inari WP: a backpack that balances weight, durability and price. 35L / Ochre. Retail-ready packaging.",3,1,Backpack,35L,Ochre,pcs,12,12,1.672,true,,2020-01-15
211,FJV-PCK-0041,6402026002114,Fjellvind Inari WP Backpack 65L Ochre,The Inari WP backpack by Fjellvind. 65L / Ochre. Popular with rental outfitters and clubs.,3,1,Backpack,65L,Ochre,pcs,6,6,2.545,true,,2022-12-09
212,FJV-PCK-0042,6402026002121,Fjellvind Inari WP Backpack 75L Ochre,"Fjellvind Inari WP Backpack for backpacks & bags. 75L / Ochre. Built for Nordic conditions, season after season.",3,1,Backpack,75L,Ochre,pcs,1,1,1.326,true,,2019-07-18
213,FJV-PCK-0043,6402026002138,Fjellvind Inari WP Backpack 45L Ochre,Reliable backpack from Fjellvind's Inari WP range. 45L / Ochre. A wholesale staple for outdoor retailers.,3,1,Backpack,45L,Ochre,pcs,12,12,0.640,true,,2025-10-08
214,FJV-PCK-0044,6402026002145,Fjellvind Kebne WP Hip Pack Midnight Blue,"Fjellvind Kebne WP: a hip pack that balances weight, durability and price. Midnight Blue. Retail-ready packaging.",3,1,Hip Pack,Midnight Blue,Midnight Blue,pcs,1,1,0.460,true,,2023-12-01
215,FJV-PCK-0045,6402026002152,Fjellvind Kebne WP Hip Pack Burnt Orange,The Kebne WP hip pack by Fjellvind. Burnt Orange. Popular with rental outfitters and clubs.,3,1,Hip Pack,Burnt Orange,Burnt Orange,pcs,1,1,0.561,true,,2025-04-29
216,FJV-PCK-0046,6402026002169,Fjellvind Kebne WP Hip Pack Sunset Yellow,"Fjellvind Kebne WP Hip Pack for backpacks & bags. Sunset Yellow. Built for Nordic conditions, season after season.",3,1,Hip Pack,Sunset Yellow,Sunset Yellow,pcs,1,1,0.230,true,,2020-08-17
217,FJV-PCK-0047,6402026002176,Fjellvind Kebne WP Hip Pack Deep Teal,Reliable hip pack from Fjellvind's Kebne WP range. Deep Teal. A wholesale staple for outdoor retailers.,3,1,Hip Pack,Deep Teal,Deep Teal,pcs,6,6,0.738,true,,2025-12-06
218,FJV-PCK-0048,6402026002183,Fjellvind Ultra Daypack 28L Sand,"Fjellvind Ultra: a daypack that balances weight, durability and price. 28L / Sand. Retail-ready packaging.",3,1,Daypack,28L,Sand,pcs,12,12,1.043,true,,2019-10-26
219,FJV-PCK-0049,6402026002190,Fjellvind Ultra Daypack 22L Sand,The Ultra daypack by Fjellvind. 22L / Sand. Popular with rental outfitters and clubs.,3,1,Daypack,22L,Sand,pcs,1,1,0.173,true,,2021-10-30
220,FJV-PCK-0050,6402026002206,Fjellvind Ultra Daypack 12L Sand,"Fjellvind Ultra Daypack for backpacks & bags. 12L / Sand. Built for Nordic conditions, season after season.",3,1,Daypack,12L,Sand,pcs,1,1,1.053,true,,2024-05-27
221,FJV-PCK-0051,6402026002213,Fjellvind Ultra Daypack 18L Sand,Reliable daypack from Fjellvind's Ultra range. 18L / Sand. A wholesale staple for outdoor retailers.,3,1,Daypack,18L,Sand,pcs,12,12,0.927,true,,2021-04-30
222,FJV-PCK-0052,6402026002220,Fjellvind Fjord Backpack 45L Lichen,"Fjellvind Fjord: a backpack that balances weight, durability and price. 45L / Lichen. Retail-ready packaging.",3,1,Backpack,45L,Lichen,pcs,1,1,0.884,true,,2020-09-30
223,FJV-PCK-0053,6402026002237,Fjellvind Fjord Backpack 55L Lichen,The Fjord backpack by Fjellvind. 55L / Lichen. Popular with rental outfitters and clubs.,3,1,Backpack,55L,Lichen,pcs,1,1,1.629,true,,2024-08-18
224,FJV-PCK-0054,6402026002244,Fjellvind Fjord Backpack 65L Lichen,"Fjellvind Fjord Backpack for backpacks & bags. 65L / Lichen. Built for Nordic conditions, season after season.",3,1,Backpack,65L,Lichen,pcs,12,12,1.169,true,,2020-04-12
225,FJV-PCK-0055,6402026002251,Fjellvind Fjord Backpack 75L Lichen,Reliable backpack from Fjellvind's Fjord range. 75L / Lichen. A wholesale staple for outdoor retailers.,3,1,Backpack,75L,Lichen,pcs,12,12,1.826,true,,2022-04-26
226,FJV-PCK-0056,6402026002268,Fjellvind Fjord Backpack 35L Lichen,"Fjellvind Fjord: a backpack that balances weight, durability and price. 35L / Lichen. Retail-ready packaging.",3,1,Backpack,35L,Lichen,pcs,1,1,0.415,true,,2024-07-03
227,FJV-PCK-0057,6402026002275,Fjellvind Kallio XT Hip Pack Forest,The Kallio XT hip pack by Fjellvind. Forest. Popular with rental outfitters and clubs.,3,1,Hip Pack,Forest,Forest,pcs,1,1,0.487,true,,2020-07-23
228,FJV-PCK-0058,6402026002282,Fjellvind Kallio XT Hip Pack Moss Green,"Fjellvind Kallio XT Hip Pack for backpacks & bags. Moss Green. Built for Nordic conditions, season after season.",3,1,Hip Pack,Moss Green,Moss Green,pcs,1,1,0.610,true,,2024-12-05
229,FJV-PCK-0059,6402026002299,Fjellvind Kallio XT Hip Pack Sunset Yellow,Reliable hip pack from Fjellvind's Kallio XT range. Sunset Yellow. A wholesale staple for outdoor retailers.,3,1,Hip Pack,Sunset Yellow,Sunset Yellow,pcs,1,1,0.309,true,,2019-03-18
230,FJV-PCK-0060,6402026002305,Fjellvind Bre II Dry Bag 12L Moss Green,"Fjellvind Bre II: a dry bag that balances weight, durability and price. 12L / Moss Green. Retail-ready packaging.",3,1,Dry Bag,12L,Moss Green,pcs,12,12,0.614,true,,2019-03-24
231,FJV-PCK-0061,6402026002312,Fjellvind Sarek Lite Backpack 75L Sunset Yellow,The Sarek Lite backpack by Fjellvind. 75L / Sunset Yellow. Popular with rental outfitters and clubs.,3,1,Backpack,75L,Sunset Yellow,pcs,6,6,1.010,true,,2024-12-10
232,FJV-PCK-0062,6402026002329,Fjellvind Abisko XT Duffel 120L Sunset Yellow,"Fjellvind Abisko XT Duffel for backpacks & bags. 120L / Sunset Yellow. Built for Nordic conditions, season after season.",3,1,Duffel,120L,Sunset Yellow,pcs,1,1,0.198,true,,2022-11-16
233,FJV-PCK-0063,6402026002336,Fjellvind Abisko XT Duffel 60L Sunset Yellow,Reliable duffel from Fjellvind's Abisko XT range. 60L / Sunset Yellow. A wholesale staple for outdoor retailers.,3,1,Duffel,60L,Sunset Yellow,pcs,1,1,0.282,true,,2026-03-30
234,FJV-PCK-0064,6402026002343,Fjellvind Kaamos Duffel 120L Lichen,"Fjellvind Kaamos: a duffel that balances weight, durability and price. 120L / Lichen. Retail-ready packaging.",3,1,Duffel,120L,Lichen,pcs,1,1,0.855,true,,2021-03-04
235,FJV-PCK-0065,6402026002350,Fjellvind Kaamos Duffel 90L Lichen,The Kaamos duffel by Fjellvind. 90L / Lichen. Popular with rental outfitters and clubs.,3,1,Duffel,90L,Lichen,pcs,12,12,0.841,true,,2021-09-06
236,FJV-PCK-0066,6402026002367,Fjellvind Tind Plus Daypack 22L Moss Green,"Fjellvind Tind Plus Daypack for backpacks & bags. 22L / Moss Green. Built for Nordic conditions, season after season.",3,1,Daypack,22L,Moss Green,pcs,1,1,0.463,true,,2019-06-15
237,FJV-PCK-0067,6402026002374,Fjellvind Tind Plus Daypack 12L Moss Green,Reliable daypack from Fjellvind's Tind Plus range. 12L / Moss Green. A wholesale staple for outdoor retailers.,3,1,Daypack,12L,Moss Green,pcs,1,1,0.252,true,,2020-06-21
238,FJV-PCK-0068,6402026002381,Fjellvind Tind Plus Daypack 8L Moss Green,"Fjellvind Tind Plus: a daypack that balances weight, durability and price. 8L / Moss Green. Retail-ready packaging.",3,1,Daypack,8L,Moss Green,pcs,1,1,0.427,true,,2025-11-18
239,FJV-PCK-0069,6402026002398,Fjellvind Tind Plus Daypack 28L Moss Green,The Tind Plus daypack by Fjellvind. 28L / Moss Green. Popular with rental outfitters and clubs.,3,1,Daypack,28L,Moss Green,pcs,6,6,0.398,true,,2020-06-03
240,FJV-PCK-0070,6402026002404,Fjellvind Tind Plus Daypack 18L Moss Green,"Fjellvind Tind Plus Daypack for backpacks & bags. 18L / Moss Green. Built for Nordic conditions, season after season.",3,1,Daypack,18L,Moss Green,pcs,6,6,0.467,true,,2019-01-05
241,AUR-PCK-0001,6402026002411,Aurora Kilpis WP Backpack 45L Sand,Reliable backpack from Aurora's Kilpis WP range. 45L / Sand. A wholesale staple for outdoor retailers.,3,2,Backpack,45L,Sand,pcs,6,6,0.850,true,,2023-11-30
242,AUR-PCK-0002,6402026002428,Aurora Kilpis WP Backpack 35L Sand,"Aurora Kilpis WP: a backpack that balances weight, durability and price. 35L / Sand. Retail-ready packaging.",3,2,Backpack,35L,Sand,pcs,1,1,0.968,true,,2021-07-23
243,AUR-PCK-0003,6402026002435,Aurora Kilpis WP Backpack 75L Sand,The Kilpis WP backpack by Aurora. 75L / Sand. Popular with rental outfitters and clubs.,3,2,Backpack,75L,Sand,pcs,1,1,0.730,true,,2024-05-21
244,AUR-PCK-0004,6402026002442,Aurora Kilpis WP Backpack 55L Sand,"Aurora Kilpis WP Backpack for backpacks & bags. 55L / Sand. Built for Nordic conditions, season after season.",3,2,Backpack,55L,Sand,pcs,1,1,0.672,true,,2020-08-17
245,AUR-PCK-0005,6402026002459,Aurora Kilpis WP Backpack 65L Sand,Reliable backpack from Aurora's Kilpis WP range. 65L / Sand. A wholesale staple for outdoor retailers.,3,2,Backpack,65L,Sand,pcs,12,12,0.916,true,,2023-03-04
246,AUR-PCK-0006,6402026002466,Aurora Padjelanta Pro Daypack 22L Graphite,"Aurora Padjelanta Pro: a daypack that balances weight, durability and price. 22L / Graphite. Retail-ready packaging.",3,2,Daypack,22L,Graphite,pcs,1,1,1.142,true,,2021-12-10
247,AUR-PCK-0007,6402026002473,Aurora Padjelanta Pro Daypack 18L Graphite,The Padjelanta Pro daypack by Aurora. 18L / Graphite. Popular with rental outfitters and clubs.,3,2,Daypack,18L,Graphite,pcs,1,1,0.714,true,,2020-01-03
248,AUR-PCK-0008,6402026002480,Aurora Ylläs Eco Hip Pack Slate Grey,"Aurora Ylläs Eco Hip Pack for backpacks & bags. Slate Grey. Built for Nordic conditions, season after season.",3,2,Hip Pack,Slate Grey,Slate Grey,pcs,1,1,0.243,true,,2019-05-04
249,AUR-PCK-0009,6402026002497,Aurora Ylläs Eco Hip Pack Deep Teal,Reliable hip pack from Aurora's Ylläs Eco range. Deep Teal. A wholesale staple for outdoor retailers.,3,2,Hip Pack,Deep Teal,Deep Teal,pcs,1,1,0.425,true,,2025-10-04
250,AUR-PCK-0010,6402026002503,Aurora Ylläs Eco Hip Pack Sunset Yellow,"Aurora Ylläs Eco: a hip pack that balances weight, durability and price. Sunset Yellow. Retail-ready packaging.",3,2,Hip Pack,Sunset Yellow,Sunset Yellow,pcs,1,1,0.406,true,,2023-07-06
251,AUR-PCK-0011,6402026002510,Aurora Ylläs Eco Hip Pack Moss Green,The Ylläs Eco hip pack by Aurora. Moss Green. Popular with rental outfitters and clubs.,3,2,Hip Pack,Moss Green,Moss Green,pcs,6,6,0.588,true,,2019-03-19
252,AUR-PCK-0012,6402026002527,Aurora Sylarna II Dry Bag 8L Sand,"Aurora Sylarna II Dry Bag for backpacks & bags. 8L / Sand. Built for Nordic conditions, season after season.",3,2,Dry Bag,8L,Sand,pcs,1,1,0.244,true,,2019-07-30
253,AUR-PCK-0013,6402026002534,Aurora Arctic Eco Hip Pack Burnt Orange,Reliable hip pack from Aurora's Arctic Eco range. Burnt Orange. A wholesale staple for outdoor retailers.,3,2,Hip Pack,Burnt Orange,Burnt Orange,pcs,1,1,0.530,true,,2024-05-31
254,AUR-PCK-0014,6402026002541,Aurora Arctic Eco Hip Pack Ochre,"Aurora Arctic Eco: a hip pack that balances weight, durability and price. Ochre. Retail-ready packaging.",3,2,Hip Pack,Ochre,Ochre,pcs,1,1,0.445,true,,2026-04-06
255,AUR-PCK-0015,6402026002558,Aurora Arctic Eco Hip Pack Lichen,The Arctic Eco hip pack by Aurora. Lichen. Popular with rental outfitters and clubs.,3,2,Hip Pack,Lichen,Lichen,pcs,6,6,0.599,true,,2019-07-14
256,AUR-PCK-0016,6402026002565,Aurora Vinter Daypack 18L Arctic White,"Aurora Vinter Daypack for backpacks & bags. 18L / Arctic White. Built for Nordic conditions, season after season.",3,2,Daypack,18L,Arctic White,pcs,6,6,0.446,true,,2024-03-31
257,AUR-PCK-0017,6402026002572,Aurora Vinter Daypack 12L Arctic White,Reliable daypack from Aurora's Vinter range. 12L / Arctic White. A wholesale staple for outdoor retailers.,3,2,Daypack,12L,Arctic White,pcs,1,1,1.063,true,,2024-12-25
258,AUR-PCK-0018,6402026002589,Aurora Vinter Daypack 8L Arctic White,"Aurora Vinter: a daypack that balances weight, durability and price. 8L / Arctic White. Retail-ready packaging.",3,2,Daypack,8L,Arctic White,pcs,1,1,0.707,true,,2023-07-18
259,AUR-PCK-0019,6402026002596,Aurora Kaldo Dry Bag 12L Forest,The Kaldo dry bag by Aurora. 12L / Forest. Popular with rental outfitters and clubs.,3,2,Dry Bag,12L,Forest,pcs,6,6,0.275,true,,2021-09-02
260,AUR-PCK-0020,6402026002602,Aurora Sarek XT Duffel 120L Slate Grey,"Aurora Sarek XT Duffel for backpacks & bags. 120L / Slate Grey. Built for Nordic conditions, season after season.",3,2,Duffel,120L,Slate Grey,pcs,1,1,0.425,true,,2019-02-08
261,AUR-PCK-0021,6402026002619,Aurora Sarek XT Duffel 60L Slate Grey,Reliable duffel from Aurora's Sarek XT range. 60L / Slate Grey. A wholesale staple for outdoor retailers.,3,2,Duffel,60L,Slate Grey,pcs,1,1,0.847,true,,2024-04-25
262,AUR-PCK-0022,6402026002626,Aurora Sarek XT Duffel 90L Slate Grey,"Aurora Sarek XT: a duffel that balances weight, durability and price. 90L / Slate Grey. Retail-ready packaging.",3,2,Duffel,90L,Slate Grey,pcs,1,1,0.325,true,,2019-10-26
263,AUR-PCK-0023,6402026002633,Aurora Sarek XT Duffel 40L Slate Grey,The Sarek XT duffel by Aurora. 40L / Slate Grey. Popular with rental outfitters and clubs.,3,2,Duffel,40L,Slate Grey,pcs,1,1,1.075,true,,2020-02-05
264,AUR-PCK-0024,6402026002640,Aurora Polar XT Daypack 28L Moss Green,"Aurora Polar XT Daypack for backpacks & bags. 28L / Moss Green. Built for Nordic conditions, season after season.",3,2,Daypack,28L,Moss Green,pcs,1,1,1.141,true,,2023-03-28
265,AUR-PCK-0025,6402026002657,Aurora Polar XT Daypack 8L Moss Green,Reliable daypack from Aurora's Polar XT range. 8L / Moss Green. A wholesale staple for outdoor retailers.,3,2,Daypack,8L,Moss Green,pcs,1,1,0.909,true,,2022-04-04
266,AUR-PCK-0026,6402026002664,Aurora Polar XT Daypack 12L Moss Green,"Aurora Polar XT: a daypack that balances weight, durability and price. 12L / Moss Green. Retail-ready packaging.",3,2,Daypack,12L,Moss Green,pcs,1,1,0.172,true,,2025-04-24
267,AUR-PCK-0027,6402026002671,Aurora Polar XT Daypack 22L Moss Green,The Polar XT daypack by Aurora. 22L / Moss Green. Popular with rental outfitters and clubs.,3,2,Daypack,22L,Moss Green,pcs,1,1,0.388,true,,2025-09-18
268,AUR-PCK-0028,6402026002688,Aurora Polar XT Daypack 18L Moss Green,"Aurora Polar XT Daypack for backpacks & bags. 18L / Moss Green. Built for Nordic conditions, season after season.",3,2,Daypack,18L,Moss Green,pcs,1,1,0.992,true,,2025-12-24
269,AUR-PCK-0029,6402026002695,Aurora Tind 2.0 Dry Bag 28L Ruby Red,Reliable dry bag from Aurora's Tind 2.0 range. 28L / Ruby Red. A wholesale staple for outdoor retailers.,3,2,Dry Bag,28L,Ruby Red,pcs,6,6,0.711,true,,2021-11-23
270,AUR-PCK-0030,6402026002701,Aurora Tind 2.0 Dry Bag 8L Ruby Red,"Aurora Tind 2.0: a dry bag that balances weight, durability and price. 8L / Ruby Red. Retail-ready packaging.",3,2,Dry Bag,8L,Ruby Red,pcs,1,1,0.417,true,,2022-11-19
271,AUR-PCK-0031,6402026002718,Aurora Tind 2.0 Dry Bag 12L Ruby Red,The Tind 2.0 dry bag by Aurora. 12L / Ruby Red. Popular with rental outfitters and clubs.,3,2,Dry Bag,12L,Ruby Red,pcs,1,1,0.376,true,,2025-11-07
272,AUR-PCK-0032,6402026002725,Aurora Ridge Backpack 75L Sand,"Aurora Ridge Backpack for backpacks & bags. 75L / Sand. Built for Nordic conditions, season after season.",3,2,Backpack,75L,Sand,pcs,1,1,0.984,true,,2022-09-25
273,AUR-PCK-0033,6402026002732,Aurora Ridge Backpack 65L Sand,Reliable backpack from Aurora's Ridge range. 65L / Sand. A wholesale staple for outdoor retailers.,3,2,Backpack,65L,Sand,pcs,1,1,1.670,true,,2019-08-17
274,AUR-PCK-0034,6402026002749,Aurora Ridge Backpack 55L Sand,"Aurora Ridge: a backpack that balances weight, durability and price. 55L / Sand. Retail-ready packaging.",3,2,Backpack,55L,Sand,pcs,12,12,2.410,true,,2019-07-07
275,AUR-PCK-0035,6402026002756,Aurora Lumi 2.0 Backpack 35L Midnight Blue,The Lumi 2.0 backpack by Aurora. 35L / Midnight Blue. Popular with rental outfitters and clubs.,3,2,Backpack,35L,Midnight Blue,pcs,1,1,2.220,true,,2024-01-28
276,AUR-PCK-0036,6402026002763,Aurora Lumi 2.0 Backpack 55L Midnight Blue,"Aurora Lumi 2.0 Backpack for backpacks & bags. 55L / Midnight Blue. Built for Nordic conditions, season after season.",3,2,Backpack,55L,Midnight Blue,pcs,1,1,0.622,true,,2022-10-12
277,AUR-PCK-0037,6402026002770,Aurora Ylläs XT Dry Bag 28L Petrol,Reliable dry bag from Aurora's Ylläs XT range. 28L / Petrol. A wholesale staple for outdoor retailers.,3,2,Dry Bag,28L,Petrol,pcs,1,1,0.582,false,2024-02-11,2020-11-27
278,AUR-PCK-0038,6402026002787,Aurora Ylläs XT Dry Bag 18L Petrol,"Aurora Ylläs XT: a dry bag that balances weight, durability and price. 18L / Petrol. Retail-ready packaging.",3,2,Dry Bag,18L,Petrol,pcs,6,6,0.233,true,,2025-11-11
279,AUR-PCK-0039,6402026002794,Aurora Kebnekaise Plus Daypack 28L Moss Green,The Kebnekaise Plus daypack by Aurora. 28L / Moss Green. Popular with rental outfitters and clubs.,3,2,Daypack,28L,Moss Green,pcs,1,1,0.947,true,,2024-10-07
280,AUR-PCK-0040,6402026002800,Aurora Tuuli Pro Duffel 120L Deep Teal,"Aurora Tuuli Pro Duffel for backpacks & bags. 120L / Deep Teal. Built for Nordic conditions, season after season.",3,2,Duffel,120L,Deep Teal,pcs,1,1,0.976,true,,2022-10-11
281,AUR-PCK-0041,6402026002817,Aurora Tuuli Pro Duffel 90L Deep Teal,Reliable duffel from Aurora's Tuuli Pro range. 90L / Deep Teal. A wholesale staple for outdoor retailers.,3,2,Duffel,90L,Deep Teal,pcs,1,1,0.476,true,,2020-06-29
282,AUR-PCK-0042,6402026002824,Aurora Snøhetta Plus Duffel 90L Midnight Blue,"Aurora Snøhetta Plus: a duffel that balances weight, durability and price. 90L / Midnight Blue. Retail-ready packaging.",3,2,Duffel,90L,Midnight Blue,pcs,1,1,1.352,true,,2022-12-27
283,AUR-PCK-0043,6402026002831,Aurora Snøhetta Plus Duffel 60L Midnight Blue,The Snøhetta Plus duffel by Aurora. 60L / Midnight Blue. Popular with rental outfitters and clubs.,3,2,Duffel,60L,Midnight Blue,pcs,1,1,1.352,true,,2019-10-09
284,AUR-PCK-0044,6402026002848,Aurora Snøhetta Plus Duffel 120L Midnight Blue,"Aurora Snøhetta Plus Duffel for backpacks & bags. 120L / Midnight Blue. Built for Nordic conditions, season after season.",3,2,Duffel,120L,Midnight Blue,pcs,12,12,0.984,true,,2024-10-28
285,AUR-PCK-0045,6402026002855,Aurora Ultra Eco Dry Bag 12L Burnt Orange,Reliable dry bag from Aurora's Ultra Eco range. 12L / Burnt Orange. A wholesale staple for outdoor retailers.,3,2,Dry Bag,12L,Burnt Orange,pcs,1,1,0.149,true,,2024-06-26
286,AUR-PCK-0046,6402026002862,Aurora Ultra Eco Dry Bag 28L Burnt Orange,"Aurora Ultra Eco: a dry bag that balances weight, durability and price. 28L / Burnt Orange. Retail-ready packaging.",3,2,Dry Bag,28L,Burnt Orange,pcs,12,12,0.592,true,,2020-08-16
287,AUR-PCK-0047,6402026002879,Aurora Ultra Eco Dry Bag 22L Burnt Orange,The Ultra Eco dry bag by Aurora. 22L / Burnt Orange. Popular with rental outfitters and clubs.,3,2,Dry Bag,22L,Burnt Orange,pcs,1,1,0.718,true,,2021-12-03
288,AUR-PCK-0048,6402026002886,Aurora Ultra Eco Dry Bag 8L Burnt Orange,"Aurora Ultra Eco Dry Bag for backpacks & bags. 8L / Burnt Orange. Built for Nordic conditions, season after season.",3,2,Dry Bag,8L,Burnt Orange,pcs,1,1,0.274,true,,2022-06-02
289,AUR-PCK-0049,6402026002893,Aurora Nuten Pro Hip Pack Forest,Reliable hip pack from Aurora's Nuten Pro range. Forest. A wholesale staple for outdoor retailers.,3,2,Hip Pack,Forest,Forest,pcs,1,1,0.575,true,,2020-08-25
290,AUR-PCK-0050,6402026002909,Aurora Nuten Pro Hip Pack Ochre,"Aurora Nuten Pro: a hip pack that balances weight, durability and price. Ochre. Retail-ready packaging.",3,2,Hip Pack,Ochre,Ochre,pcs,1,1,0.650,true,,2020-10-23
291,AUR-PCK-0051,6402026002916,Aurora Nuten Pro Hip Pack Lichen,The Nuten Pro hip pack by Aurora. Lichen. Popular with rental outfitters and clubs.,3,2,Hip Pack,Lichen,Lichen,pcs,1,1,0.140,true,,2023-11-08
292,AUR-PCK-0052,6402026002923,Aurora Elv Eco Duffel 90L Sunset Yellow,"Aurora Elv Eco Duffel for backpacks & bags. 90L / Sunset Yellow. Built for Nordic conditions, season after season.",3,2,Duffel,90L,Sunset Yellow,pcs,1,1,0.901,true,,2021-12-11
293,AUR-PCK-0053,6402026002930,Aurora Kaldo XT Backpack 75L Forest,Reliable backpack from Aurora's Kaldo XT range. 75L / Forest. A wholesale staple for outdoor retailers.,3,2,Backpack,75L,Forest,pcs,1,1,2.402,true,,2025-08-19
294,AUR-PCK-0054,6402026002947,Aurora Kaldo XT Backpack 45L Forest,"Aurora Kaldo XT: a backpack that balances weight, durability and price. 45L / Forest. Retail-ready packaging.",3,2,Backpack,45L,Forest,pcs,1,1,1.306,true,,2019-06-25
295,AUR-PCK-0055,6402026002954,Aurora Kaldo XT Backpack 35L Forest,The Kaldo XT backpack by Aurora. 35L / Forest. Popular with rental outfitters and clubs.,3,2,Backpack,35L,Forest,pcs,6,6,1.528,true,,2025-01-30
296,AUR-PCK-0056,6402026002961,Aurora Kaldo XT Backpack 65L Forest,"Aurora Kaldo XT Backpack for backpacks & bags. 65L / Forest. Built for Nordic conditions, season after season.",3,2,Backpack,65L,Forest,pcs,1,1,1.306,true,,2019-09-24
297,AUR-PCK-0057,6402026002978,Aurora Nordic Lite Duffel 60L Burnt Orange,Reliable duffel from Aurora's Nordic Lite range. 60L / Burnt Orange. A wholesale staple for outdoor retailers.,3,2,Duffel,60L,Burnt Orange,pcs,1,1,0.916,true,,2022-04-10
298,AUR-PCK-0058,6402026002985,Aurora Glacier Pro Daypack 12L Sand,"Aurora Glacier Pro: a daypack that balances weight, durability and price. 12L / Sand. Retail-ready packaging.",3,2,Daypack,12L,Sand,pcs,1,1,0.970,false,2025-10-10,2022-04-14
299,AUR-PCK-0059,6402026002992,Aurora Glacier Pro Daypack 8L Sand,The Glacier Pro daypack by Aurora. 8L / Sand. Popular with rental outfitters and clubs.,3,2,Daypack,8L,Sand,pcs,1,1,0.696,true,,2020-09-21
300,AUR-PCK-0060,6402026003005,Aurora Glacier Pro Daypack 22L Sand,"Aurora Glacier Pro Daypack for backpacks & bags. 22L / Sand. Built for Nordic conditions, season after season.",3,2,Daypack,22L,Sand,pcs,1,1,1.079,true,,2020-09-03
301,AUR-PCK-0061,6402026003012,Aurora Kilpis Pro Duffel 90L Forest,Reliable duffel from Aurora's Kilpis Pro range. 90L / Forest. A wholesale staple for outdoor retailers.,3,2,Duffel,90L,Forest,pcs,1,1,0.704,true,,2024-10-04
302,AUR-RUN-0001,6402026003029,Aurora Kilpis Lite Running Vest 28L Midnight Blue,"Aurora Kilpis Lite: a running vest that balances weight, durability and price. 28L / Midnight Blue. Retail-ready packaging.",13,2,Running Vest,28L,Midnight Blue,pcs,6,6,0.451,true,,2020-05-24
303,AUR-RUN-0002,6402026003036,Aurora Kilpis Lite Running Vest 18L Midnight Blue,The Kilpis Lite running vest by Aurora. 18L / Midnight Blue. Popular with rental outfitters and clubs.,13,2,Running Vest,18L,Midnight Blue,pcs,6,6,0.430,true,,2022-07-20
304,AUR-RUN-0003,6402026003043,Aurora Kilpis Lite Running Vest 22L Midnight Blue,"Aurora Kilpis Lite Running Vest for trail running. 22L / Midnight Blue. Built for Nordic conditions, season after season.",13,2,Running Vest,22L,Midnight Blue,pcs,1,1,0.066,true,,2026-01-03
305,AUR-RUN-0004,6402026003050,Aurora Kilpis Lite Running Vest 12L Midnight Blue,Reliable running vest from Aurora's Kilpis Lite range. 12L / Midnight Blue. A wholesale staple for outdoor retailers.,13,2,Running Vest,12L,Midnight Blue,pcs,6,6,0.404,true,,2023-03-03
306,AUR-RUN-0005,6402026003067,Aurora Fjell II Trail Gaiters L Graphite,"Aurora Fjell II: a trail gaiters that balances weight, durability and price. L / Graphite. Retail-ready packaging.",13,2,Trail Gaiters,L,Graphite,pcs,1,1,0.150,true,,2024-11-08
307,AUR-RUN-0006,6402026003074,Aurora Fjell II Trail Gaiters XS Graphite,The Fjell II trail gaiters by Aurora. XS / Graphite. Popular with rental outfitters and clubs.,13,2,Trail Gaiters,XS,Graphite,pcs,1,1,0.032,true,,2019-10-01
308,AUR-RUN-0007,6402026003081,Aurora Fjell II Trail Gaiters S Graphite,"Aurora Fjell II Trail Gaiters for trail running. S / Graphite. Built for Nordic conditions, season after season.",13,2,Trail Gaiters,S,Graphite,pcs,12,12,0.052,false,2021-08-29,2019-03-26
309,AUR-RUN-0008,6402026003098,Aurora Fjell II Trail Gaiters M Graphite,Reliable trail gaiters from Aurora's Fjell II range. M / Graphite. A wholesale staple for outdoor retailers.,13,2,Trail Gaiters,M,Graphite,pcs,1,1,0.071,true,,2022-01-30
310,AUR-RUN-0009,6402026003104,Aurora Fjell II Trail Gaiters XL Graphite,"Aurora Fjell II: a trail gaiters that balances weight, durability and price. XL / Graphite. Retail-ready packaging.",13,2,Trail Gaiters,XL,Graphite,pcs,6,6,0.029,true,,2020-06-25
311,AUR-RUN-0010,6402026003111,Aurora Fjell Plus Running Socks S Arctic White,The Fjell Plus running socks by Aurora. S / Arctic White. Popular with rental outfitters and clubs.,13,2,Running Socks,S,Arctic White,pcs,6,6,0.117,true,,2025-07-13
312,AUR-RUN-0011,6402026003128,Aurora Fjell Plus Running Socks M Arctic White,"Aurora Fjell Plus Running Socks for trail running. M / Arctic White. Built for Nordic conditions, season after season.",13,2,Running Socks,M,Arctic White,pcs,6,6,0.140,true,,2024-02-27
313,AUR-RUN-0012,6402026003135,Aurora Fjell Plus Running Socks XS Arctic White,Reliable running socks from Aurora's Fjell Plus range. XS / Arctic White. A wholesale staple for outdoor retailers.,13,2,Running Socks,XS,Arctic White,pcs,6,6,0.040,true,,2023-01-07
314,AUR-RUN-0013,6402026003142,Aurora Lyngen Trail Gaiters XL Graphite,"Aurora Lyngen: a trail gaiters that balances weight, durability and price. XL / Graphite. Retail-ready packaging.",13,2,Trail Gaiters,XL,Graphite,pcs,12,12,0.015,true,,2024-01-06
315,AUR-RUN-0014,6402026003159,Aurora Lyngen Trail Gaiters XXL Graphite,The Lyngen trail gaiters by Aurora. XXL / Graphite. Popular with rental outfitters and clubs.,13,2,Trail Gaiters,XXL,Graphite,pcs,1,1,0.020,false,2026-07-07,2024-02-14
316,AUR-RUN-0015,6402026003166,Aurora Pallas XT Trail Cap Slate Grey,"Aurora Pallas XT Trail Cap for trail running. Slate Grey. Built for Nordic conditions, season after season.",13,2,Trail Cap,Slate Grey,Slate Grey,pcs,1,1,0.058,true,,2023-09-09
317,AUR-RUN-0016,6402026003173,Aurora Arctic Running Socks M Sand,Reliable running socks from Aurora's Arctic range. M / Sand. A wholesale staple for outdoor retailers.,13,2,Running Socks,M,Sand,pcs,6,6,0.016,true,,2022-07-27
318,AUR-RUN-0017,6402026003180,Aurora Arctic Running Socks L Sand,"Aurora Arctic: a running socks that balances weight, durability and price. L / Sand. Retail-ready packaging.",13,2,Running Socks,L,Sand,pcs,6,6,0.057,true,,2022-09-01
319,AUR-RUN-0018,6402026003197,Aurora Arctic Running Socks XXL Sand,The Arctic running socks by Aurora. XXL / Sand. Popular with rental outfitters and clubs.,13,2,Running Socks,XXL,Sand,pcs,6,6,0.081,true,,2020-01-10
320,AUR-RUN-0019,6402026003203,Aurora Ylläs Plus Trail Gaiters XXL Ruby Red,"Aurora Ylläs Plus Trail Gaiters for trail running. XXL / Ruby Red. Built for Nordic conditions, season after season.",13,2,Trail Gaiters,XXL,Ruby Red,pcs,12,12,0.070,true,,2025-08-23
321,AUR-RUN-0020,6402026003210,Aurora Ylläs Plus Trail Gaiters XS Ruby Red,Reliable trail gaiters from Aurora's Ylläs Plus range. XS / Ruby Red. A wholesale staple for outdoor retailers.,13,2,Trail Gaiters,XS,Ruby Red,pcs,1,1,0.128,false,2024-11-05,2022-01-23
322,AUR-RUN-0021,6402026003227,Aurora Ylläs Plus Trail Gaiters XL Ruby Red,"Aurora Ylläs Plus: a trail gaiters that balances weight, durability and price. XL / Ruby Red. Retail-ready packaging.",13,2,Trail Gaiters,XL,Ruby Red,pcs,1,1,0.070,true,,2022-04-22
323,AUR-RUN-0022,6402026003234,Aurora Vinter Soft Flask,The Vinter soft flask by Aurora. Popular with rental outfitters and clubs.,13,2,Soft Flask,,,pcs,1,1,0.094,true,,2022-04-28
324,AUR-RUN-0023,6402026003241,Aurora Åreskutan 2.0 Running Vest 22L Burnt Orange,"Aurora Åreskutan 2.0 Running Vest for trail running. 22L / Burnt Orange. Built for Nordic conditions, season after season.",13,2,Running Vest,22L,Burnt Orange,pcs,1,1,0.299,true,,2022-07-30
325,AUR-RUN-0024,6402026003258,Aurora Kaldo II Trail Gaiters XS Burnt Orange,Reliable trail gaiters from Aurora's Kaldo II range. XS / Burnt Orange. A wholesale staple for outdoor retailers.,13,2,Trail Gaiters,XS,Burnt Orange,pcs,12,12,0.116,true,,2019-09-22
326,AUR-RUN-0025,6402026003265,Aurora Kaldo II Trail Gaiters XL Burnt Orange,"Aurora Kaldo II: a trail gaiters that balances weight, durability and price. XL / Burnt Orange. Retail-ready packaging.",13,2,Trail Gaiters,XL,Burnt Orange,pcs,1,1,0.111,true,,2025-10-10
327,AUR-RUN-0026,6402026003272,Aurora Kaldo II Trail Gaiters S Burnt Orange,The Kaldo II trail gaiters by Aurora. S / Burnt Orange. Popular with rental outfitters and clubs.,13,2,Trail Gaiters,S,Burnt Orange,pcs,12,12,0.026,true,,2023-07-29
328,AUR-RUN-0027,6402026003289,Aurora Kaldo II Trail Gaiters M Burnt Orange,"Aurora Kaldo II Trail Gaiters for trail running. M / Burnt Orange. Built for Nordic conditions, season after season.",13,2,Trail Gaiters,M,Burnt Orange,pcs,1,1,0.022,true,,2021-11-19
329,AUR-RUN-0028,6402026003296,Aurora Kaldo II Trail Gaiters XXL Burnt Orange,Reliable trail gaiters from Aurora's Kaldo II range. XXL / Burnt Orange. A wholesale staple for outdoor retailers.,13,2,Trail Gaiters,XXL,Burnt Orange,pcs,1,1,0.078,true,,2023-11-30
330,AUR-RUN-0029,6402026003302,Aurora Kilpis Trail Gaiters M Burnt Orange,"Aurora Kilpis: a trail gaiters that balances weight, durability and price. M / Burnt Orange. Retail-ready packaging.",13,2,Trail Gaiters,M,Burnt Orange,pcs,6,6,0.081,true,,2021-11-12
331,AUR-RUN-0030,6402026003319,Aurora Nuten Trail Gaiters XS Sunset Yellow,The Nuten trail gaiters by Aurora. XS / Sunset Yellow. Popular with rental outfitters and clubs.,13,2,Trail Gaiters,XS,Sunset Yellow,pcs,1,1,0.041,true,,2025-03-04
332,AUR-RUN-0031,6402026003326,Aurora Nuten Trail Gaiters XXL Sunset Yellow,"Aurora Nuten Trail Gaiters for trail running. XXL / Sunset Yellow. Built for Nordic conditions, season after season.",13,2,Trail Gaiters,XXL,Sunset Yellow,pcs,1,1,0.101,true,,2020-10-26
333,AUR-RUN-0032,6402026003333,Aurora Sarek XT Soft Flask,Reliable soft flask from Aurora's Sarek XT range. A wholesale staple for outdoor retailers.,13,2,Soft Flask,,,pcs,1,1,0.114,true,,2019-11-06
334,AUR-RUN-0033,6402026003340,Aurora Ultra WP Running Socks XL Ochre,"Aurora Ultra WP: a running socks that balances weight, durability and price. XL / Ochre. Retail-ready packaging.",13,2,Running Socks,XL,Ochre,pcs,1,1,0.102,true,,2020-06-19
335,AUR-ACC-0001,6402026003357,Aurora Jotun Neck Gaiter Moss Green,The Jotun neck gaiter by Aurora. Moss Green. Popular with rental outfitters and clubs.,14,2,Neck Gaiter,Moss Green,Moss Green,pcs,1,1,0.105,true,,2026-01-21
336,AUR-ACC-0002,6402026003364,Aurora Jotun Neck Gaiter Burnt Orange,"Aurora Jotun Neck Gaiter for accessories & maintenance. Burnt Orange. Built for Nordic conditions, season after season.",14,2,Neck Gaiter,Burnt Orange,Burnt Orange,pcs,12,12,0.025,true,,2022-08-01
337,AUR-ACC-0003,6402026003371,Aurora Jotun Neck Gaiter Slate Grey,Reliable neck gaiter from Aurora's Jotun range. Slate Grey. A wholesale staple for outdoor retailers.,14,2,Neck Gaiter,Slate Grey,Slate Grey,pcs,1,1,0.066,true,,2023-01-11
338,AUR-ACC-0004,6402026003388,Aurora Kungsleden Map Case,"Aurora Kungsleden: a map case that balances weight, durability and price. Retail-ready packaging.",14,2,Map Case,,,pcs,1,1,0.048,false,2020-01-23,2019-02-19
339,AUR-ACC-0005,6402026003395,Aurora Senja II Map Case,The Senja II map case by Aurora. Popular with rental outfitters and clubs.,14,2,Map Case,,,pcs,1,1,0.119,true,,2024-09-10
340,AUR-ACC-0006,6402026003401,Aurora Ultra 2.0 Beanie Deep Teal,"Aurora Ultra 2.0 Beanie for accessories & maintenance. Deep Teal. Built for Nordic conditions, season after season.",14,2,Beanie,Deep Teal,Deep Teal,pcs,1,1,0.080,true,,2021-08-04
341,AUR-ACC-0007,6402026003418,Aurora Ultra 2.0 Beanie Lichen,Reliable beanie from Aurora's Ultra 2.0 range. Lichen. A wholesale staple for outdoor retailers.,14,2,Beanie,Lichen,Lichen,pcs,1,1,0.083,true,,2025-04-08
342,AUR-ACC-0008,6402026003425,Aurora Ultra 2.0 Beanie Black,"Aurora Ultra 2.0: a beanie that balances weight, durability and price. Black. Retail-ready packaging.",14,2,Beanie,Black,Black,pcs,1,1,0.041,true,,2025-11-27
343,AUR-ACC-0009,6402026003432,Aurora Ultra 2.0 Beanie Graphite,The Ultra 2.0 beanie by Aurora. Graphite. Popular with rental outfitters and clubs.,14,2,Beanie,Graphite,Graphite,pcs,1,1,0.133,true,,2021-01-04
344,AUR-ACC-0010,6402026003449,Aurora Fjell Neck Gaiter Deep Teal,"Aurora Fjell Neck Gaiter for accessories & maintenance. Deep Teal. Built for Nordic conditions, season after season.",14,2,Neck Gaiter,Deep Teal,Deep Teal,pcs,6,6,0.082,true,,2025-04-17
345,AUR-ACC-0011,6402026003456,Aurora Fjell Neck Gaiter Moss Green,Reliable neck gaiter from Aurora's Fjell range. Moss Green. A wholesale staple for outdoor retailers.,14,2,Neck Gaiter,Moss Green,Moss Green,pcs,6,6,0.012,true,,2025-10-06
346,AUR-ACC-0012,6402026003463,Aurora Fjell Neck Gaiter Midnight Blue,"Aurora Fjell: a neck gaiter that balances weight, durability and price. Midnight Blue. Retail-ready packaging.",14,2,Neck Gaiter,Midnight Blue,Midnight Blue,pcs,1,1,0.172,true,,2023-09-06
347,AUR-ACC-0013,6402026003470,Aurora Rondane 2.0 Trekking Poles 105 cm Black,The Rondane 2.0 trekking poles by Aurora. 105 cm / Black. Popular with rental outfitters and clubs.,14,2,Trekking Poles,105 cm,Black,pcs,6,6,0.094,true,,2019-02-17
348,AUR-ACC-0014,6402026003487,Aurora Rondane 2.0 Trekking Poles 160 cm Black,"Aurora Rondane 2.0 Trekking Poles for accessories & maintenance. 160 cm / Black. Built for Nordic conditions, season after season.",14,2,Trekking Poles,160 cm,Black,pcs,1,1,0.286,true,,2022-12-22
349,AUR-ACC-0015,6402026003494,Aurora Senja Lite First Aid Kit XXL Lichen,Reliable first aid kit from Aurora's Senja Lite range. XXL / Lichen. A wholesale staple for outdoor retailers.,14,2,First Aid Kit,XXL,Lichen,pcs,6,6,0.122,true,,2026-03-16
350,AUR-ACC-0016,6402026003500,Aurora Senja Lite First Aid Kit L Lichen,"Aurora Senja Lite: a first aid kit that balances weight, durability and price. L / Lichen. Retail-ready packaging.",14,2,First Aid Kit,L,Lichen,pcs,1,1,0.083,true,,2022-04-30
351,AUR-ACC-0017,6402026003517,Aurora Senja Lite First Aid Kit XL Lichen,The Senja Lite first aid kit by Aurora. XL / Lichen. Popular with rental outfitters and clubs.,14,2,First Aid Kit,XL,Lichen,pcs,6,6,0.178,true,,2023-06-05
352,AUR-ACC-0018,6402026003524,Aurora Senja Lite First Aid Kit S Lichen,"Aurora Senja Lite First Aid Kit for accessories & maintenance. S / Lichen. Built for Nordic conditions, season after season.",14,2,First Aid Kit,S,Lichen,pcs,1,1,0.053,true,,2024-01-31
353,AUR-ACC-0019,6402026003531,Aurora Senja Lite First Aid Kit M Lichen,Reliable first aid kit from Aurora's Senja Lite range. M / Lichen. A wholesale staple for outdoor retailers.,14,2,First Aid Kit,M,Lichen,pcs,12,12,0.149,true,,2023-08-22
354,AUR-ACC-0020,6402026003548,Aurora Kaldo Plus Liner Gloves XXL Ochre,"Aurora Kaldo Plus: a liner gloves that balances weight, durability and price. XXL / Ochre. Retail-ready packaging.",14,2,Liner Gloves,XXL,Ochre,pcs,1,1,0.032,true,,2020-08-09
355,AUR-ACC-0021,6402026003555,Aurora Kaldo Plus Liner Gloves L Ochre,The Kaldo Plus liner gloves by Aurora. L / Ochre. Popular with rental outfitters and clubs.,14,2,Liner Gloves,L,Ochre,pcs,1,1,0.075,true,,2025-09-03
356,AUR-ACC-0022,6402026003562,Aurora Kaldo Plus Liner Gloves XL Ochre,"Aurora Kaldo Plus Liner Gloves for accessories & maintenance. XL / Ochre. Built for Nordic conditions, season after season.",14,2,Liner Gloves,XL,Ochre,pcs,12,12,0.118,true,,2023-02-04
357,AUR-ACC-0023,6402026003579,Aurora Kaldo Plus Liner Gloves M Ochre,Reliable liner gloves from Aurora's Kaldo Plus range. M / Ochre. A wholesale staple for outdoor retailers.,14,2,Liner Gloves,M,Ochre,pcs,1,1,0.010,true,,2020-06-09
358,AUR-ACC-0024,6402026003586,Aurora Kallio Repair Kit,"Aurora Kallio: a repair kit that balances weight, durability and price. Retail-ready packaging.",14,2,Repair Kit,,,pcs,12,12,0.058,true,,2023-02-24
359,AUR-ACC-0025,6402026003593,Aurora Nordkapp Beanie Petrol,The Nordkapp beanie by Aurora. Petrol. Popular with rental outfitters and clubs.,14,2,Beanie,Petrol,Petrol,pcs,1,1,0.007,true,,2023-12-18
360,AUR-ACC-0026,6402026003609,Aurora Nordkapp Beanie Forest,"Aurora Nordkapp Beanie for accessories & maintenance. Forest. Built for Nordic conditions, season after season.",14,2,Beanie,Forest,Forest,pcs,6,6,0.077,true,,2019-07-04
361,AUR-ACC-0027,6402026003616,Aurora Nordkapp Beanie Moss Green,Reliable beanie from Aurora's Nordkapp range. Moss Green. A wholesale staple for outdoor retailers.,14,2,Beanie,Moss Green,Moss Green,pcs,1,1,0.091,true,,2021-04-08
362,AUR-ACC-0028,6402026003623,Aurora Jotun II Map Case,"Aurora Jotun II: a map case that balances weight, durability and price. Retail-ready packaging.",14,2,Map Case,,,pcs,1,1,0.158,true,,2026-03-01
363,AUR-ACC-0029,6402026003630,Aurora Trail Seam Sealer,The Trail seam sealer by Aurora. Popular with rental outfitters and clubs.,14,2,Seam Sealer,,,pcs,1,1,0.134,true,,2019-07-04
364,AUR-ACC-0030,6402026003647,Aurora Vidda Plus Map Case,"Aurora Vidda Plus Map Case for accessories & maintenance. Built for Nordic conditions, season after season.",14,2,Map Case,,,pcs,12,12,0.156,true,,2026-02-24
365,AUR-ACC-0031,6402026003654,Aurora Ultra WP Waterproofing Spray,Reliable waterproofing spray from Aurora's Ultra WP range. A wholesale staple for outdoor retailers.,14,2,Waterproofing Spray,,,pcs,6,6,0.140,true,,2026-01-29
366,AUR-ACC-0032,6402026003661,Aurora Fjell WP Repair Kit,"Aurora Fjell WP: a repair kit that balances weight, durability and price. Retail-ready packaging.",14,2,Repair Kit,,,pcs,1,1,0.095,true,,2022-09-06
367,AUR-ACC-0033,6402026003678,Aurora Bre Repair Kit,The Bre repair kit by Aurora. Popular with rental outfitters and clubs.,14,2,Repair Kit,,,pcs,1,1,0.142,true,,2024-02-07
368,AUR-ACC-0034,6402026003685,Aurora Fjord Plus Seam Sealer,"Aurora Fjord Plus Seam Sealer for accessories & maintenance. Built for Nordic conditions, season after season.",14,2,Seam Sealer,,,pcs,1,1,0.081,true,,2023-06-10
369,AUR-ACC-0035,6402026003692,Aurora Summit Liner Gloves XL Graphite,Reliable liner gloves from Aurora's Summit range. XL / Graphite. A wholesale staple for outdoor retailers.,14,2,Liner Gloves,XL,Graphite,pcs,12,12,0.110,true,,2026-03-09
370,AUR-ACC-0036,6402026003708,Aurora Summit Liner Gloves XS Graphite,"Aurora Summit: a liner gloves that balances weight, durability and price. XS / Graphite. Retail-ready packaging.",14,2,Liner Gloves,XS,Graphite,pcs,1,1,0.056,true,,2021-12-15
371,AUR-ACC-0037,6402026003715,Aurora Summit Liner Gloves S Graphite,The Summit liner gloves by Aurora. S / Graphite. Popular with rental outfitters and clubs.,14,2,Liner Gloves,S,Graphite,pcs,1,1,0.167,true,,2019-07-09
372,AUR-ACC-0038,6402026003722,Aurora Summit Liner Gloves XXL Graphite,"Aurora Summit Liner Gloves for accessories & maintenance. XXL / Graphite. Built for Nordic conditions, season after season.",14,2,Liner Gloves,XXL,Graphite,pcs,1,1,0.062,true,,2022-01-12
373,AUR-ACC-0039,6402026003739,Aurora Glacier Seam Sealer,Reliable seam sealer from Aurora's Glacier range. A wholesale staple for outdoor retailers.,14,2,Seam Sealer,,,pcs,12,12,0.156,true,,2023-08-29
374,AUR-ACC-0040,6402026003746,Aurora Fjord Pro Map Case,"Aurora Fjord Pro: a map case that balances weight, durability and price. Retail-ready packaging.",14,2,Map Case,,,pcs,12,12,0.118,true,,2025-11-15
375,AUR-ACC-0041,6402026003753,Aurora Alpine II Waterproofing Spray,The Alpine II waterproofing spray by Aurora. Popular with rental outfitters and clubs.,14,2,Waterproofing Spray,,,pcs,6,6,0.144,true,,2024-05-23
376,AUR-ACC-0042,6402026003760,Aurora Inari Lite Neck Gaiter Sand,"Aurora Inari Lite Neck Gaiter for accessories & maintenance. Sand. Built for Nordic conditions, season after season.",14,2,Neck Gaiter,Sand,Sand,pcs,6,6,0.132,true,,2020-07-09
377,AUR-ACC-0043,6402026003777,Aurora Inari Lite Neck Gaiter Lichen,Reliable neck gaiter from Aurora's Inari Lite range. Lichen. A wholesale staple for outdoor retailers.,14,2,Neck Gaiter,Lichen,Lichen,pcs,6,6,0.113,true,,2022-11-16
378,AUR-ACC-0044,6402026003784,Aurora Inari Lite Neck Gaiter Arctic White,"Aurora Inari Lite: a neck gaiter that balances weight, durability and price. Arctic White. Retail-ready packaging.",14,2,Neck Gaiter,Arctic White,Arctic White,pcs,1,1,0.062,true,,2023-10-03
379,AUR-ACC-0045,6402026003791,Aurora Nuten Seam Sealer,The Nuten seam sealer by Aurora. Popular with rental outfitters and clubs.,14,2,Seam Sealer,,,pcs,6,6,0.081,true,,2023-04-10
380,AUR-ACC-0046,6402026003807,Aurora Nordkapp Eco Neck Gaiter Petrol,"Aurora Nordkapp Eco Neck Gaiter for accessories & maintenance. Petrol. Built for Nordic conditions, season after season.",14,2,Neck Gaiter,Petrol,Petrol,pcs,6,6,0.124,true,,2025-04-05
381,AUR-ACC-0047,6402026003814,Aurora Nordkapp Eco Neck Gaiter Sunset Yellow,Reliable neck gaiter from Aurora's Nordkapp Eco range. Sunset Yellow. A wholesale staple for outdoor retailers.,14,2,Neck Gaiter,Sunset Yellow,Sunset Yellow,pcs,1,1,0.144,true,,2023-01-26
382,AUR-ACC-0048,6402026003821,Aurora Nordkapp Eco Neck Gaiter Moss Green,"Aurora Nordkapp Eco: a neck gaiter that balances weight, durability and price. Moss Green. Retail-ready packaging.",14,2,Neck Gaiter,Moss Green,Moss Green,pcs,1,1,0.128,true,,2022-05-11
383,AUR-ACC-0049,6402026003838,Aurora Nordkapp Eco Neck Gaiter Graphite,The Nordkapp Eco neck gaiter by Aurora. Graphite. Popular with rental outfitters and clubs.,14,2,Neck Gaiter,Graphite,Graphite,pcs,1,1,0.159,false,2024-10-27,2021-04-04
384,AUR-ACC-0050,6402026003845,Aurora Nordkapp Eco Neck Gaiter Arctic White,"Aurora Nordkapp Eco Neck Gaiter for accessories & maintenance. Arctic White. Built for Nordic conditions, season after season.",14,2,Neck Gaiter,Arctic White,Arctic White,pcs,1,1,0.090,true,,2020-03-25
385,AUR-ACC-0051,6402026003852,Aurora Varanger WP First Aid Kit XS Sand,Reliable first aid kit from Aurora's Varanger WP range. XS / Sand. A wholesale staple for outdoor retailers.,14,2,First Aid Kit,XS,Sand,pcs,1,1,0.051,true,,2025-03-16
386,AUR-ACC-0052,6402026003869,Aurora Varanger WP First Aid Kit L Sand,"Aurora Varanger WP: a first aid kit that balances weight, durability and price. L / Sand. Retail-ready packaging.",14,2,First Aid Kit,L,Sand,pcs,1,1,0.082,true,,2025-09-27
387,SIS-SHL-0001,6402026003876,Sisu Trail Insulated Jacket M Graphite,The Trail insulated jacket by Sisu. M / Graphite. Popular with rental outfitters and clubs.,5,3,Insulated Jacket,M,Graphite,pcs,12,12,1.131,true,,2022-07-18
388,SIS-SHL-0002,6402026003883,Sisu Trail Insulated Jacket XS Graphite,"Sisu Trail Insulated Jacket for shell & insulated apparel. XS / Graphite. Built for Nordic conditions, season after season.",5,3,Insulated Jacket,XS,Graphite,pcs,12,12,1.102,true,,2023-07-09
389,SIS-SHL-0003,6402026003890,Sisu Trail Insulated Jacket S Graphite,Reliable insulated jacket from Sisu's Trail range. S / Graphite. A wholesale staple for outdoor retailers.,5,3,Insulated Jacket,S,Graphite,pcs,1,1,0.853,true,,2025-04-27
390,SIS-SHL-0004,6402026003906,Sisu Trail Insulated Jacket L Graphite,"Sisu Trail: a insulated jacket that balances weight, durability and price. L / Graphite. Retail-ready packaging.",5,3,Insulated Jacket,L,Graphite,pcs,12,12,0.804,true,,2026-04-11
391,SIS-SHL-0005,6402026003913,Sisu Trail Insulated Jacket XXL Graphite,The Trail insulated jacket by Sisu. XXL / Graphite. Popular with rental outfitters and clubs.,5,3,Insulated Jacket,XXL,Graphite,pcs,1,1,0.388,true,,2024-05-13
392,SIS-SHL-0006,6402026003920,Sisu Halti Plus Hardshell Jacket L Arctic White,"Sisu Halti Plus Hardshell Jacket for shell & insulated apparel. L / Arctic White. Built for Nordic conditions, season after season.",5,3,Hardshell Jacket,L,Arctic White,pcs,1,1,0.565,true,,2024-09-02
393,SIS-SHL-0007,6402026003937,Sisu Halti Plus Hardshell Jacket S Arctic White,Reliable hardshell jacket from Sisu's Halti Plus range. S / Arctic White. A wholesale staple for outdoor retailers.,5,3,Hardshell Jacket,S,Arctic White,pcs,1,1,0.521,true,,2024-04-12
394,SIS-SHL-0008,6402026003944,Sisu Halti Plus Hardshell Jacket M Arctic White,"Sisu Halti Plus: a hardshell jacket that balances weight, durability and price. M / Arctic White. Retail-ready packaging.",5,3,Hardshell Jacket,M,Arctic White,pcs,1,1,1.015,true,,2021-06-29
395,SIS-SHL-0009,6402026003951,Sisu Halti Plus Hardshell Jacket XL Arctic White,The Halti Plus hardshell jacket by Sisu. XL / Arctic White. Popular with rental outfitters and clubs.,5,3,Hardshell Jacket,XL,Arctic White,pcs,12,12,0.876,false,2020-08-26,2019-11-26
396,SIS-SHL-0010,6402026003968,Sisu Ridge Lite Shell Trousers L Black,"Sisu Ridge Lite Shell Trousers for shell & insulated apparel. L / Black. Built for Nordic conditions, season after season.",5,3,Shell Trousers,L,Black,pcs,12,12,0.555,true,,2024-04-14
397,SIS-SHL-0011,6402026003975,Sisu Ridge Lite Shell Trousers S Black,Reliable shell trousers from Sisu's Ridge Lite range. S / Black. A wholesale staple for outdoor retailers.,5,3,Shell Trousers,S,Black,pcs,1,1,0.201,true,,2026-04-10
398,SIS-SHL-0012,6402026003982,Sisu Ultra XT Insulated Jacket M Petrol,"Sisu Ultra XT: a insulated jacket that balances weight, durability and price. M / Petrol. Retail-ready packaging.",5,3,Insulated Jacket,M,Petrol,pcs,6,6,1.183,true,,2026-03-11
399,SIS-SHL-0013,6402026003999,Sisu Ultra XT Insulated Jacket S Petrol,The Ultra XT insulated jacket by Sisu. S / Petrol. Popular with rental outfitters and clubs.,5,3,Insulated Jacket,S,Petrol,pcs,6,6,0.940,true,,2024-08-01
400,SIS-SHL-0014,6402026004002,Sisu Ultra XT Insulated Jacket XL Petrol,"Sisu Ultra XT Insulated Jacket for shell & insulated apparel. XL / Petrol. Built for Nordic conditions, season after season.",5,3,Insulated Jacket,XL,Petrol,pcs,1,1,0.575,false,2023-03-13,2019-07-17
401,SIS-SHL-0015,6402026004019,Sisu Sylarna Lite Insulated Jacket XL Burnt Orange,Reliable insulated jacket from Sisu's Sylarna Lite range. XL / Burnt Orange. A wholesale staple for outdoor retailers.,5,3,Insulated Jacket,XL,Burnt Orange,pcs,1,1,0.717,true,,2022-04-13
402,SIS-SHL-0016,6402026004026,Sisu Sylarna Lite Insulated Jacket S Burnt Orange,"Sisu Sylarna Lite: a insulated jacket that balances weight, durability and price. S / Burnt Orange. Retail-ready packaging.",5,3,Insulated Jacket,S,Burnt Orange,pcs,12,12,1.011,false,2025-10-09,2022-10-25
403,SIS-SHL-0017,6402026004033,Sisu Hav Down Vest XL Deep Teal,The Hav down vest by Sisu. XL / Deep Teal. Popular with rental outfitters and clubs.,5,3,Down Vest,XL,Deep Teal,pcs,1,1,0.306,true,,2019-03-02
404,SIS-SHL-0018,6402026004040,Sisu Helags Shell Trousers M Graphite,"Sisu Helags Shell Trousers for shell & insulated apparel. M / Graphite. Built for Nordic conditions, season after season.",5,3,Shell Trousers,M,Graphite,pcs,1,1,0.239,true,,2026-05-03
405,SIS-SHL-0019,6402026004057,Sisu Helags Shell Trousers S Graphite,Reliable shell trousers from Sisu's Helags range. S / Graphite. A wholesale staple for outdoor retailers.,5,3,Shell Trousers,S,Graphite,pcs,1,1,0.405,true,,2021-01-18
406,SIS-SHL-0020,6402026004064,Sisu Helags Shell Trousers XS Graphite,"Sisu Helags: a shell trousers that balances weight, durability and price. XS / Graphite. Retail-ready packaging.",5,3,Shell Trousers,XS,Graphite,pcs,1,1,0.618,true,,2023-05-18
407,SIS-SHL-0021,6402026004071,Sisu Summit Shell Trousers XS Graphite,The Summit shell trousers by Sisu. XS / Graphite. Popular with rental outfitters and clubs.,5,3,Shell Trousers,XS,Graphite,pcs,12,12,0.263,true,,2024-06-02
408,SIS-SHL-0022,6402026004088,Sisu Summit Shell Trousers S Graphite,"Sisu Summit Shell Trousers for shell & insulated apparel. S / Graphite. Built for Nordic conditions, season after season.",5,3,Shell Trousers,S,Graphite,pcs,1,1,0.711,true,,2023-12-25
409,SIS-SHL-0023,6402026004095,Sisu Summit Shell Trousers XXL Graphite,Reliable shell trousers from Sisu's Summit range. XXL / Graphite. A wholesale staple for outdoor retailers.,5,3,Shell Trousers,XXL,Graphite,pcs,1,1,0.664,true,,2019-08-10
410,SIS-SHL-0024,6402026004101,Sisu Nordic Eco Hardshell Jacket XS Sunset Yellow,"Sisu Nordic Eco: a hardshell jacket that balances weight, durability and price. XS / Sunset Yellow. Retail-ready packaging.",5,3,Hardshell Jacket,XS,Sunset Yellow,pcs,6,6,1.044,true,,2022-09-13
411,SIS-SHL-0025,6402026004118,Sisu Nordic Eco Hardshell Jacket M Sunset Yellow,The Nordic Eco hardshell jacket by Sisu. M / Sunset Yellow. Popular with rental outfitters and clubs.,5,3,Hardshell Jacket,M,Sunset Yellow,pcs,6,6,1.370,true,,2019-12-07
412,SIS-SHL-0026,6402026004125,Sisu Nordic Eco Hardshell Jacket XXL Sunset Yellow,"Sisu Nordic Eco Hardshell Jacket for shell & insulated apparel. XXL / Sunset Yellow. Built for Nordic conditions, season after season.",5,3,Hardshell Jacket,XXL,Sunset Yellow,pcs,12,12,1.390,true,,2020-11-20
413,SIS-SHL-0027,6402026004132,Sisu Nordic Eco Hardshell Jacket L Sunset Yellow,Reliable hardshell jacket from Sisu's Nordic Eco range. L / Sunset Yellow. A wholesale staple for outdoor retailers.,5,3,Hardshell Jacket,L,Sunset Yellow,pcs,6,6,1.077,true,,2021-08-22
414,SIS-SHL-0028,6402026004149,Sisu Nordic Eco Hardshell Jacket XL Sunset Yellow,"Sisu Nordic Eco: a hardshell jacket that balances weight, durability and price. XL / Sunset Yellow. Retail-ready packaging.",5,3,Hardshell Jacket,XL,Sunset Yellow,pcs,1,1,0.589,true,,2025-05-21
415,SIS-SHL-0029,6402026004156,Sisu Jotun Shell Trousers S Deep Teal,The Jotun shell trousers by Sisu. S / Deep Teal. Popular with rental outfitters and clubs.,5,3,Shell Trousers,S,Deep Teal,pcs,12,12,0.664,true,,2023-02-19
416,SIS-SHL-0030,6402026004163,Sisu Fjord 2.0 Insulated Jacket XL Sand,"Sisu Fjord 2.0 Insulated Jacket for shell & insulated apparel. XL / Sand. Built for Nordic conditions, season after season.",5,3,Insulated Jacket,XL,Sand,pcs,6,6,1.080,true,,2019-08-20
417,SIS-SHL-0031,6402026004170,Sisu Fjord 2.0 Insulated Jacket M Sand,Reliable insulated jacket from Sisu's Fjord 2.0 range. M / Sand. A wholesale staple for outdoor retailers.,5,3,Insulated Jacket,M,Sand,pcs,1,1,1.092,true,,2025-12-12
418,SIS-SHL-0032,6402026004187,Sisu Fjord 2.0 Insulated Jacket S Sand,"Sisu Fjord 2.0: a insulated jacket that balances weight, durability and price. S / Sand. Retail-ready packaging.",5,3,Insulated Jacket,S,Sand,pcs,6,6,0.698,true,,2026-03-08
419,SIS-SHL-0033,6402026004194,Sisu Fjord 2.0 Insulated Jacket L Sand,The Fjord 2.0 insulated jacket by Sisu. L / Sand. Popular with rental outfitters and clubs.,5,3,Insulated Jacket,L,Sand,pcs,1,1,0.696,true,,2022-05-11
420,SIS-SHL-0034,6402026004200,Sisu Myrsky Rain Jacket M Burnt Orange,"Sisu Myrsky Rain Jacket for shell & insulated apparel. M / Burnt Orange. Built for Nordic conditions, season after season.",5,3,Rain Jacket,M,Burnt Orange,pcs,12,12,0.842,true,,2021-06-05
421,SIS-SHL-0035,6402026004217,Sisu Ruska 2.0 Softshell Jacket XL Moss Green,Reliable softshell jacket from Sisu's Ruska 2.0 range. XL / Moss Green. A wholesale staple for outdoor retailers.,5,3,Softshell Jacket,XL,Moss Green,pcs,1,1,0.291,true,,2021-10-04
422,SIS-SHL-0036,6402026004224,Sisu Ruska 2.0 Softshell Jacket M Moss Green,"Sisu Ruska 2.0: a softshell jacket that balances weight, durability and price. M / Moss Green. Retail-ready packaging.",5,3,Softshell Jacket,M,Moss Green,pcs,1,1,0.475,true,,2020-12-19
423,SIS-SHL-0037,6402026004231,Sisu Ruska 2.0 Softshell Jacket XS Moss Green,The Ruska 2.0 softshell jacket by Sisu. XS / Moss Green. Popular with rental outfitters and clubs.,5,3,Softshell Jacket,XS,Moss Green,pcs,6,6,0.548,true,,2024-11-11
424,SIS-SHL-0038,6402026004248,Sisu Ruska 2.0 Softshell Jacket XXL Moss Green,"Sisu Ruska 2.0 Softshell Jacket for shell & insulated apparel. XXL / Moss Green. Built for Nordic conditions, season after season.",5,3,Softshell Jacket,XXL,Moss Green,pcs,6,6,0.708,true,,2021-12-29
425,SIS-SHL-0039,6402026004255,Sisu Ruska 2.0 Softshell Jacket L Moss Green,Reliable softshell jacket from Sisu's Ruska 2.0 range. L / Moss Green. A wholesale staple for outdoor retailers.,5,3,Softshell Jacket,L,Moss Green,pcs,6,6,0.372,true,,2026-04-06
426,SIS-SHL-0040,6402026004262,Sisu Hav Hardshell Jacket XL Ruby Red,"Sisu Hav: a hardshell jacket that balances weight, durability and price. XL / Ruby Red. Retail-ready packaging.",5,3,Hardshell Jacket,XL,Ruby Red,pcs,1,1,0.405,true,,2019-07-26
427,SIS-SHL-0041,6402026004279,Sisu Hav Hardshell Jacket M Ruby Red,The Hav hardshell jacket by Sisu. M / Ruby Red. Popular with rental outfitters and clubs.,5,3,Hardshell Jacket,M,Ruby Red,pcs,1,1,0.617,true,,2022-09-21
428,SIS-SHL-0042,6402026004286,Sisu Hav Hardshell Jacket S Ruby Red,"Sisu Hav Hardshell Jacket for shell & insulated apparel. S / Ruby Red. Built for Nordic conditions, season after season.",5,3,Hardshell Jacket,S,Ruby Red,pcs,6,6,1.241,true,,2020-12-03
429,SIS-SHL-0043,6402026004293,Sisu Hav Hardshell Jacket XS Ruby Red,Reliable hardshell jacket from Sisu's Hav range. XS / Ruby Red. A wholesale staple for outdoor retailers.,5,3,Hardshell Jacket,XS,Ruby Red,pcs,1,1,0.416,true,,2022-04-02
430,SIS-SHL-0044,6402026004309,Sisu Nordic Plus Softshell Jacket L Burnt Orange,"Sisu Nordic Plus: a softshell jacket that balances weight, durability and price. L / Burnt Orange. Retail-ready packaging.",5,3,Softshell Jacket,L,Burnt Orange,pcs,6,6,0.365,true,,2025-08-17
431,SIS-SHL-0045,6402026004316,Sisu Nordic Plus Softshell Jacket S Burnt Orange,The Nordic Plus softshell jacket by Sisu. S / Burnt Orange. Popular with rental outfitters and clubs.,5,3,Softshell Jacket,S,Burnt Orange,pcs,6,6,0.420,true,,2023-07-14
432,SIS-SHL-0046,6402026004323,Sisu Nordic Plus Softshell Jacket XL Burnt Orange,"Sisu Nordic Plus Softshell Jacket for shell & insulated apparel. XL / Burnt Orange. Built for Nordic conditions, season after season.",5,3,Softshell Jacket,XL,Burnt Orange,pcs,12,12,0.697,false,2021-12-27,2020-12-15
433,SIS-SHL-0047,6402026004330,Sisu Nordic Plus Softshell Jacket XS Burnt Orange,Reliable softshell jacket from Sisu's Nordic Plus range. XS / Burnt Orange. A wholesale staple for outdoor retailers.,5,3,Softshell Jacket,XS,Burnt Orange,pcs,1,1,0.391,true,,2020-08-12
434,SIS-SHL-0048,6402026004347,Sisu Halti 2.0 Insulated Jacket XL Ruby Red,"Sisu Halti 2.0: a insulated jacket that balances weight, durability and price. XL / Ruby Red. Retail-ready packaging.",5,3,Insulated Jacket,XL,Ruby Red,pcs,1,1,1.167,true,,2021-04-08
435,SIS-SHL-0049,6402026004354,Sisu Halti 2.0 Insulated Jacket XXL Ruby Red,The Halti 2.0 insulated jacket by Sisu. XXL / Ruby Red. Popular with rental outfitters and clubs.,5,3,Insulated Jacket,XXL,Ruby Red,pcs,1,1,0.956,true,,2019-01-30
436,SIS-SHL-0050,6402026004361,Sisu Halti 2.0 Insulated Jacket M Ruby Red,"Sisu Halti 2.0 Insulated Jacket for shell & insulated apparel. M / Ruby Red. Built for Nordic conditions, season after season.",5,3,Insulated Jacket,M,Ruby Red,pcs,6,6,0.545,true,,2023-08-10
437,SIS-SHL-0051,6402026004378,Sisu Halti 2.0 Insulated Jacket S Ruby Red,Reliable insulated jacket from Sisu's Halti 2.0 range. S / Ruby Red. A wholesale staple for outdoor retailers.,5,3,Insulated Jacket,S,Ruby Red,pcs,1,1,0.514,true,,2021-03-06
438,SIS-SHL-0052,6402026004385,Sisu Rondane XT Insulated Jacket XS Graphite,"Sisu Rondane XT: a insulated jacket that balances weight, durability and price. XS / Graphite. Retail-ready packaging.",5,3,Insulated Jacket,XS,Graphite,pcs,1,1,0.853,true,,2023-09-11
439,SIS-SHL-0053,6402026004392,Sisu Rondane XT Insulated Jacket L Graphite,The Rondane XT insulated jacket by Sisu. L / Graphite. Popular with rental outfitters and clubs.,5,3,Insulated Jacket,L,Graphite,pcs,1,1,0.557,true,,2025-06-01
440,SIS-SHL-0054,6402026004408,Sisu Rondane XT Insulated Jacket XXL Graphite,"Sisu Rondane XT Insulated Jacket for shell & insulated apparel. XXL / Graphite. Built for Nordic conditions, season after season.",5,3,Insulated Jacket,XXL,Graphite,pcs,1,1,1.093,true,,2021-04-05
441,SIS-SHL-0055,6402026004415,Sisu Rondane XT Insulated Jacket XL Graphite,Reliable insulated jacket from Sisu's Rondane XT range. XL / Graphite. A wholesale staple for outdoor retailers.,5,3,Insulated Jacket,XL,Graphite,pcs,1,1,0.574,true,,2019-03-04
442,SIS-SHL-0056,6402026004422,Sisu Halti Lite Rain Jacket M Slate Grey,"Sisu Halti Lite: a rain jacket that balances weight, durability and price. M / Slate Grey. Retail-ready packaging.",5,3,Rain Jacket,M,Slate Grey,pcs,12,12,0.474,true,,2019-02-05
443,SIS-SHL-0057,6402026004439,Sisu Halti Lite Rain Jacket S Slate Grey,The Halti Lite rain jacket by Sisu. S / Slate Grey. Popular with rental outfitters and clubs.,5,3,Rain Jacket,S,Slate Grey,pcs,1,1,0.866,true,,2025-12-15
444,SIS-SHL-0058,6402026004446,Sisu Halti Lite Rain Jacket XL Slate Grey,"Sisu Halti Lite Rain Jacket for shell & insulated apparel. XL / Slate Grey. Built for Nordic conditions, season after season.",5,3,Rain Jacket,XL,Slate Grey,pcs,12,12,0.552,true,,2019-08-08
445,SIS-SHL-0059,6402026004453,Sisu Halti Lite Rain Jacket XXL Slate Grey,Reliable rain jacket from Sisu's Halti Lite range. XXL / Slate Grey. A wholesale staple for outdoor retailers.,5,3,Rain Jacket,XXL,Slate Grey,pcs,1,1,0.464,true,,2024-01-19
446,SIS-SHL-0060,6402026004460,Sisu Tind II Down Vest S Ruby Red,"Sisu Tind II: a down vest that balances weight, durability and price. S / Ruby Red. Retail-ready packaging.",5,3,Down Vest,S,Ruby Red,pcs,1,1,0.576,false,2024-06-27,2020-10-15
447,SIS-SHL-0061,6402026004477,Sisu Tind II Down Vest XL Ruby Red,The Tind II down vest by Sisu. XL / Ruby Red. Popular with rental outfitters and clubs.,5,3,Down Vest,XL,Ruby Red,pcs,12,12,0.595,true,,2019-07-18
448,SIS-BAS-0001,6402026004484,Sisu Nordkapp WP Merino Base Layer Top XS Ruby Red,"Sisu Nordkapp WP Merino Base Layer Top for base & mid layers. XS / Ruby Red. Built for Nordic conditions, season after season.",6,3,Merino Base Layer Top,XS,Ruby Red,pcs,6,6,0.333,true,,2020-11-02
449,SIS-BAS-0002,6402026004491,Sisu Nordkapp WP Merino Base Layer Top S Ruby Red,Reliable merino base layer top from Sisu's Nordkapp WP range. S / Ruby Red. A wholesale staple for outdoor retailers.,6,3,Merino Base Layer Top,S,Ruby Red,pcs,12,12,0.135,true,,2020-06-14
450,SIS-BAS-0003,6402026004507,Sisu Snøhetta 2.0 Fleece Jacket L Deep Teal,"Sisu Snøhetta 2.0: a fleece jacket that balances weight, durability and price. L / Deep Teal. Retail-ready packaging.",6,3,Fleece Jacket,L,Deep Teal,pcs,1,1,0.293,true,,2022-11-10
451,SIS-BAS-0004,6402026004514,Sisu Snøhetta 2.0 Fleece Jacket S Deep Teal,The Snøhetta 2.0 fleece jacket by Sisu. S / Deep Teal. Popular with rental outfitters and clubs.,6,3,Fleece Jacket,S,Deep Teal,pcs,1,1,0.314,true,,2024-12-03
452,SIS-BAS-0005,6402026004521,Sisu Snøhetta 2.0 Fleece Jacket M Deep Teal,"Sisu Snøhetta 2.0 Fleece Jacket for base & mid layers. M / Deep Teal. Built for Nordic conditions, season after season.",6,3,Fleece Jacket,M,Deep Teal,pcs,1,1,0.307,true,,2022-03-01
453,SIS-BAS-0006,6402026004538,Sisu Snøhetta 2.0 Fleece Jacket XL Deep Teal,Reliable fleece jacket from Sisu's Snøhetta 2.0 range. XL / Deep Teal. A wholesale staple for outdoor retailers.,6,3,Fleece Jacket,XL,Deep Teal,pcs,1,1,0.247,false,2021-04-08,2020-08-14
454,SIS-BAS-0007,6402026004545,Sisu Pallas WP Hiking Trousers M Slate Grey,"Sisu Pallas WP: a hiking trousers that balances weight, durability and price. M / Slate Grey. Retail-ready packaging.",6,3,Hiking Trousers,M,Slate Grey,pcs,1,1,0.509,true,,2021-06-22
455,SIS-BAS-0008,6402026004552,Sisu Pallas WP Hiking Trousers L Slate Grey,The Pallas WP hiking trousers by Sisu. L / Slate Grey. Popular with rental outfitters and clubs.,6,3,Hiking Trousers,L,Slate Grey,pcs,1,1,0.415,true,,2023-06-18
456,SIS-BAS-0009,6402026004569,Sisu Fjord XT Hiking Shorts M Moss Green,"Sisu Fjord XT Hiking Shorts for base & mid layers. M / Moss Green. Built for Nordic conditions, season after season.",6,3,Hiking Shorts,M,Moss Green,pcs,1,1,0.192,true,,2019-05-22
457,SIS-BAS-0010,6402026004576,Sisu Fjord XT Hiking Shorts XS Moss Green,Reliable hiking shorts from Sisu's Fjord XT range. XS / Moss Green. A wholesale staple for outdoor retailers.,6,3,Hiking Shorts,XS,Moss Green,pcs,6,6,0.180,true,,2025-08-01
458,SIS-BAS-0011,6402026004583,Sisu Fjord XT Hiking Shorts XXL Moss Green,"Sisu Fjord XT: a hiking shorts that balances weight, durability and price. XXL / Moss Green. Retail-ready packaging.",6,3,Hiking Shorts,XXL,Moss Green,pcs,6,6,0.246,true,,2020-03-10
459,SIS-BAS-0012,6402026004590,Sisu Rondane 2.0 Hiking Socks 2-pack S Forest,The Rondane 2.0 hiking socks 2-pack by Sisu. S / Forest. Popular with rental outfitters and clubs.,6,3,Hiking Socks 2-pack,S,Forest,pcs,1,1,0.157,true,,2019-06-13
460,SIS-BAS-0013,6402026004606,Sisu Summit Eco Merino Base Layer Bottom L Sunset Yellow,"Sisu Summit Eco Merino Base Layer Bottom for base & mid layers. L / Sunset Yellow. Built for Nordic conditions, season after season.",6,3,Merino Base Layer Bottom,L,Sunset Yellow,pcs,6,6,0.290,true,,2024-01-25
461,SIS-BAS-0014,6402026004613,Sisu Summit Eco Merino Base Layer Bottom XL Sunset Yellow,Reliable merino base layer bottom from Sisu's Summit Eco range. XL / Sunset Yellow. A wholesale staple for outdoor retailers.,6,3,Merino Base Layer Bottom,XL,Sunset Yellow,pcs,1,1,0.173,true,,2020-08-17
462,SIS-BAS-0015,6402026004620,Sisu Summit Eco Merino Base Layer Bottom S Sunset Yellow,"Sisu Summit Eco: a merino base layer bottom that balances weight, durability and price. S / Sunset Yellow. Retail-ready packaging.",6,3,Merino Base Layer Bottom,S,Sunset Yellow,pcs,1,1,0.153,true,,2019-01-30
463,SIS-BAS-0016,6402026004637,Sisu Kungsleden Pro Hiking Socks 2-pack S Ruby Red,The Kungsleden Pro hiking socks 2-pack by Sisu. S / Ruby Red. Popular with rental outfitters and clubs.,6,3,Hiking Socks 2-pack,S,Ruby Red,pcs,1,1,0.173,true,,2025-05-05
464,SIS-BAS-0017,6402026004644,Sisu Kungsleden Pro Hiking Socks 2-pack XS Ruby Red,"Sisu Kungsleden Pro Hiking Socks 2-pack for base & mid layers. XS / Ruby Red. Built for Nordic conditions, season after season.",6,3,Hiking Socks 2-pack,XS,Ruby Red,pcs,1,1,0.052,true,,2019-06-13
465,SIS-BAS-0018,6402026004651,Sisu Kungsleden Pro Hiking Socks 2-pack M Ruby Red,Reliable hiking socks 2-pack from Sisu's Kungsleden Pro range. M / Ruby Red. A wholesale staple for outdoor retailers.,6,3,Hiking Socks 2-pack,M,Ruby Red,pcs,12,12,0.098,true,,2023-02-14
466,SIS-BAS-0019,6402026004668,Sisu Kungsleden Pro Hiking Socks 2-pack XL Ruby Red,"Sisu Kungsleden Pro: a hiking socks 2-pack that balances weight, durability and price. XL / Ruby Red. Retail-ready packaging.",6,3,Hiking Socks 2-pack,XL,Ruby Red,pcs,6,6,0.123,true,,2020-06-19
467,SIS-BAS-0020,6402026004675,Sisu Padjelanta Plus Merino Base Layer Bottom L Arctic White,The Padjelanta Plus merino base layer bottom by Sisu. L / Arctic White. Popular with rental outfitters and clubs.,6,3,Merino Base Layer Bottom,L,Arctic White,pcs,6,6,0.346,true,,2019-06-07
468,SIS-BAS-0021,6402026004682,Sisu Padjelanta Plus Merino Base Layer Bottom M Arctic White,"Sisu Padjelanta Plus Merino Base Layer Bottom for base & mid layers. M / Arctic White. Built for Nordic conditions, season after season.",6,3,Merino Base Layer Bottom,M,Arctic White,pcs,12,12,0.273,true,,2025-07-18
469,SIS-BAS-0022,6402026004699,Sisu Padjelanta Plus Merino Base Layer Bottom S Arctic White,Reliable merino base layer bottom from Sisu's Padjelanta Plus range. S / Arctic White. A wholesale staple for outdoor retailers.,6,3,Merino Base Layer Bottom,S,Arctic White,pcs,6,6,0.357,true,,2021-02-27
470,SIS-BAS-0023,6402026004705,Sisu Padjelanta Plus Merino Base Layer Bottom XXL Arctic White,"Sisu Padjelanta Plus: a merino base layer bottom that balances weight, durability and price. XXL / Arctic White. Retail-ready packaging.",6,3,Merino Base Layer Bottom,XXL,Arctic White,pcs,1,1,0.334,true,,2020-11-07
471,SIS-BAS-0024,6402026004712,Sisu Nordkapp Pro Hiking Shorts M Sunset Yellow,The Nordkapp Pro hiking shorts by Sisu. M / Sunset Yellow. Popular with rental outfitters and clubs.,6,3,Hiking Shorts,M,Sunset Yellow,pcs,12,12,0.222,true,,2022-03-07
472,SIS-BAS-0025,6402026004729,Sisu Nordkapp Pro Hiking Shorts XL Sunset Yellow,"Sisu Nordkapp Pro Hiking Shorts for base & mid layers. XL / Sunset Yellow. Built for Nordic conditions, season after season.",6,3,Hiking Shorts,XL,Sunset Yellow,pcs,12,12,0.278,true,,2019-10-22
473,SIS-BAS-0026,6402026004736,Sisu Nordkapp Pro Hiking Shorts L Sunset Yellow,Reliable hiking shorts from Sisu's Nordkapp Pro range. L / Sunset Yellow. A wholesale staple for outdoor retailers.,6,3,Hiking Shorts,L,Sunset Yellow,pcs,1,1,0.087,true,,2024-02-09
474,SIS-BAS-0027,6402026004743,Sisu Nordkapp Pro Hiking Shorts XS Sunset Yellow,"Sisu Nordkapp Pro: a hiking shorts that balances weight, durability and price. XS / Sunset Yellow. Retail-ready packaging.",6,3,Hiking Shorts,XS,Sunset Yellow,pcs,1,1,0.290,true,,2022-11-21
475,SIS-BAS-0028,6402026004750,Sisu Nordkapp Pro Hiking Shorts S Sunset Yellow,The Nordkapp Pro hiking shorts by Sisu. S / Sunset Yellow. Popular with rental outfitters and clubs.,6,3,Hiking Shorts,S,Sunset Yellow,pcs,1,1,0.154,true,,2020-02-20
476,SIS-BAS-0029,6402026004767,Sisu Glacier Lite Hiking Trousers S Graphite,"Sisu Glacier Lite Hiking Trousers for base & mid layers. S / Graphite. Built for Nordic conditions, season after season.",6,3,Hiking Trousers,S,Graphite,pcs,12,12,0.452,true,,2020-10-22
477,SIS-BAS-0030,6402026004774,Sisu Glacier Lite Hiking Trousers XXL Graphite,Reliable hiking trousers from Sisu's Glacier Lite range. XXL / Graphite. A wholesale staple for outdoor retailers.,6,3,Hiking Trousers,XXL,Graphite,pcs,6,6,0.171,true,,2025-05-23
478,SIS-BAS-0031,6402026004781,Sisu Glacier Lite Hiking Trousers XL Graphite,"Sisu Glacier Lite: a hiking trousers that balances weight, durability and price. XL / Graphite. Retail-ready packaging.",6,3,Hiking Trousers,XL,Graphite,pcs,12,12,0.188,true,,2019-03-12
479,SIS-BAS-0032,6402026004798,Sisu Glacier Lite Hiking Trousers XS Graphite,The Glacier Lite hiking trousers by Sisu. XS / Graphite. Popular with rental outfitters and clubs.,6,3,Hiking Trousers,XS,Graphite,pcs,12,12,0.295,true,,2020-10-12
480,SIS-BAS-0033,6402026004804,Sisu Glacier Lite Hiking Trousers L Graphite,"Sisu Glacier Lite Hiking Trousers for base & mid layers. L / Graphite. Built for Nordic conditions, season after season.",6,3,Hiking Trousers,L,Graphite,pcs,6,6,0.494,true,,2022-02-19
481,SIS-BAS-0034,6402026004811,Sisu Snøhetta Eco Merino Base Layer Bottom XS Sunset Yellow,Reliable merino base layer bottom from Sisu's Snøhetta Eco range. XS / Sunset Yellow. A wholesale staple for outdoor retailers.,6,3,Merino Base Layer Bottom,XS,Sunset Yellow,pcs,1,1,0.343,true,,2020-12-31
482,SIS-BAS-0035,6402026004828,Sisu Myrsky Hiking Shorts XXL Black,"Sisu Myrsky: a hiking shorts that balances weight, durability and price. XXL / Black. Retail-ready packaging.",6,3,Hiking Shorts,XXL,Black,pcs,12,12,0.234,true,,2023-07-10
483,SIS-BAS-0036,6402026004835,Sisu Myrsky Hiking Shorts XS Black,The Myrsky hiking shorts by Sisu. XS / Black. Popular with rental outfitters and clubs.,6,3,Hiking Shorts,XS,Black,pcs,1,1,0.182,true,,2024-09-19
484,SIS-BAS-0037,6402026004842,Sisu Abisko Lite Hiking Shorts M Black,"Sisu Abisko Lite Hiking Shorts for base & mid layers. M / Black. Built for Nordic conditions, season after season.",6,3,Hiking Shorts,M,Black,pcs,12,12,0.211,false,2023-08-15,2022-06-02
485,SIS-BAS-0038,6402026004859,Sisu Abisko Lite Hiking Shorts XXL Black,Reliable hiking shorts from Sisu's Abisko Lite range. XXL / Black. A wholesale staple for outdoor retailers.,6,3,Hiking Shorts,XXL,Black,pcs,12,12,0.128,true,,2026-01-24
486,SIS-BAS-0039,6402026004866,Sisu Abisko Lite Hiking Shorts XL Black,"Sisu Abisko Lite: a hiking shorts that balances weight, durability and price. XL / Black. Retail-ready packaging.",6,3,Hiking Shorts,XL,Black,pcs,1,1,0.250,true,,2026-01-18
487,SIS-BAS-0040,6402026004873,Sisu Nordkapp Merino Base Layer Top XXL Burnt Orange,The Nordkapp merino base layer top by Sisu. XXL / Burnt Orange. Popular with rental outfitters and clubs.,6,3,Merino Base Layer Top,XXL,Burnt Orange,pcs,12,12,0.273,true,,2019-01-22
488,SIS-BAS-0041,6402026004880,Sisu Alpine Hiking Trousers S Black,"Sisu Alpine Hiking Trousers for base & mid layers. S / Black. Built for Nordic conditions, season after season.",6,3,Hiking Trousers,S,Black,pcs,1,1,0.164,true,,2025-03-27
489,SIS-BAS-0042,6402026004897,Sisu Alpine Hiking Trousers M Black,Reliable hiking trousers from Sisu's Alpine range. M / Black. A wholesale staple for outdoor retailers.,6,3,Hiking Trousers,M,Black,pcs,6,6,0.386,true,,2023-03-05
490,SIS-BAS-0043,6402026004903,Sisu Alpine Hiking Trousers L Black,"Sisu Alpine: a hiking trousers that balances weight, durability and price. L / Black. Retail-ready packaging.",6,3,Hiking Trousers,L,Black,pcs,6,6,0.309,false,2025-08-26,2023-01-30
491,SIS-BAS-0044,6402026004910,Sisu Elv Hiking Shorts XS Moss Green,The Elv hiking shorts by Sisu. XS / Moss Green. Popular with rental outfitters and clubs.,6,3,Hiking Shorts,XS,Moss Green,pcs,6,6,0.295,true,,2020-05-31
492,SIS-BAS-0045,6402026004927,Sisu Elv Hiking Shorts XXL Moss Green,"Sisu Elv Hiking Shorts for base & mid layers. XXL / Moss Green. Built for Nordic conditions, season after season.",6,3,Hiking Shorts,XXL,Moss Green,pcs,1,1,0.194,true,,2019-02-27
493,SIS-BAS-0046,6402026004934,Sisu Elv Hiking Shorts S Moss Green,Reliable hiking shorts from Sisu's Elv range. S / Moss Green. A wholesale staple for outdoor retailers.,6,3,Hiking Shorts,S,Moss Green,pcs,6,6,0.235,true,,2019-08-14
494,SIS-BAS-0047,6402026004941,Sisu Kaamos WP Hiking Trousers S Petrol,"Sisu Kaamos WP: a hiking trousers that balances weight, durability and price. S / Petrol. Retail-ready packaging.",6,3,Hiking Trousers,S,Petrol,pcs,1,1,0.198,true,,2023-01-14
495,SIS-BAS-0048,6402026004958,Sisu Kaamos WP Hiking Trousers XXL Petrol,The Kaamos WP hiking trousers by Sisu. XXL / Petrol. Popular with rental outfitters and clubs.,6,3,Hiking Trousers,XXL,Petrol,pcs,1,1,0.390,true,,2024-12-31
496,SIS-BAS-0049,6402026004965,Sisu Kaamos WP Hiking Trousers XL Petrol,"Sisu Kaamos WP Hiking Trousers for base & mid layers. XL / Petrol. Built for Nordic conditions, season after season.",6,3,Hiking Trousers,XL,Petrol,pcs,12,12,0.258,true,,2022-07-31
497,SIS-BAS-0050,6402026004972,Sisu Kaamos WP Hiking Trousers XS Petrol,Reliable hiking trousers from Sisu's Kaamos WP range. XS / Petrol. A wholesale staple for outdoor retailers.,6,3,Hiking Trousers,XS,Petrol,pcs,1,1,0.291,true,,2025-12-06
498,SIS-BAS-0051,6402026004989,Sisu Kaamos WP Hiking Trousers M Petrol,"Sisu Kaamos WP: a hiking trousers that balances weight, durability and price. M / Petrol. Retail-ready packaging.",6,3,Hiking Trousers,M,Petrol,pcs,12,12,0.509,true,,2022-01-15
499,SIS-BAS-0052,6402026004996,Sisu Storm Eco Fleece Jacket M Sunset Yellow,The Storm Eco fleece jacket by Sisu. M / Sunset Yellow. Popular with rental outfitters and clubs.,6,3,Fleece Jacket,M,Sunset Yellow,pcs,6,6,0.226,true,,2023-03-16
500,SIS-BAS-0053,6402026005009,Sisu Storm Eco Fleece Jacket S Sunset Yellow,"Sisu Storm Eco Fleece Jacket for base & mid layers. S / Sunset Yellow. Built for Nordic conditions, season after season.",6,3,Fleece Jacket,S,Sunset Yellow,pcs,1,1,0.264,true,,2024-06-29
501,SIS-BAS-0054,6402026005016,Sisu Fjord XT Hiking Shorts XXL Ruby Red,Reliable hiking shorts from Sisu's Fjord XT range. XXL / Ruby Red. A wholesale staple for outdoor retailers.,6,3,Hiking Shorts,XXL,Ruby Red,pcs,12,12,0.218,true,,2024-11-17
502,SIS-BAS-0055,6402026005023,Sisu Fjord XT Hiking Shorts S Ruby Red,"Sisu Fjord XT: a hiking shorts that balances weight, durability and price. S / Ruby Red. Retail-ready packaging.",6,3,Hiking Shorts,S,Ruby Red,pcs,1,1,0.092,true,,2026-03-17
503,SIS-BAS-0056,6402026005030,Sisu Fjord XT Hiking Shorts L Ruby Red,The Fjord XT hiking shorts by Sisu. L / Ruby Red. Popular with rental outfitters and clubs.,6,3,Hiking Shorts,L,Ruby Red,pcs,12,12,0.211,true,,2019-08-13
504,SIS-BAS-0057,6402026005047,Sisu Fjord XT Hiking Shorts XL Ruby Red,"Sisu Fjord XT Hiking Shorts for base & mid layers. XL / Ruby Red. Built for Nordic conditions, season after season.",6,3,Hiking Shorts,XL,Ruby Red,pcs,6,6,0.211,true,,2019-11-14
505,TUN-KIT-0001,6402026005054,Tundra Kaamos XT Titanium Spork,Reliable titanium spork from Tundra's Kaamos XT range. A wholesale staple for outdoor retailers.,8,4,Titanium Spork,,,pcs,12,12,0.144,true,,2020-11-03
506,TUN-KIT-0002,6402026005061,Tundra Helags XT Water Filter Black,"Tundra Helags XT: a water filter that balances weight, durability and price. Black. Retail-ready packaging.",8,4,Water Filter,Black,Black,pcs,1,1,0.030,true,,2019-05-27
507,TUN-KIT-0003,6402026005078,Tundra Helags XT Water Filter Sunset Yellow,The Helags XT water filter by Tundra. Sunset Yellow. Popular with rental outfitters and clubs.,8,4,Water Filter,Sunset Yellow,Sunset Yellow,pcs,1,1,0.421,true,,2025-11-09
508,TUN-KIT-0004,6402026005085,Tundra Helags XT Water Filter Petrol,"Tundra Helags XT Water Filter for camp kitchen. Petrol. Built for Nordic conditions, season after season.",8,4,Water Filter,Petrol,Petrol,pcs,6,6,0.158,true,,2020-08-06
509,TUN-KIT-0005,6402026005092,Tundra Helags XT Water Filter Ruby Red,Reliable water filter from Tundra's Helags XT range. Ruby Red. A wholesale staple for outdoor retailers.,8,4,Water Filter,Ruby Red,Ruby Red,pcs,6,6,0.186,true,,2026-03-30
510,TUN-KIT-0006,6402026005108,Tundra Helags XT Water Filter Graphite,"Tundra Helags XT: a water filter that balances weight, durability and price. Graphite. Retail-ready packaging.",8,4,Water Filter,Graphite,Graphite,pcs,6,6,0.418,true,,2020-05-08
511,TUN-KIT-0007,6402026005115,Tundra Nordic Water Bottle Petrol,The Nordic water bottle by Tundra. Petrol. Popular with rental outfitters and clubs.,8,4,Water Bottle,Petrol,Petrol,pcs,1,1,0.314,true,,2023-08-13
512,TUN-KIT-0008,6402026005122,Tundra Nordic Water Bottle Forest,"Tundra Nordic Water Bottle for camp kitchen. Forest. Built for Nordic conditions, season after season.",8,4,Water Bottle,Forest,Forest,pcs,12,12,0.044,true,,2022-04-20
513,TUN-KIT-0009,6402026005139,Tundra Saana WP Cookset Arctic White,Reliable cookset from Tundra's Saana WP range. Arctic White. A wholesale staple for outdoor retailers.,8,4,Cookset,Arctic White,Arctic White,pcs,1,1,0.030,true,,2019-02-16
514,TUN-KIT-0010,6402026005146,Tundra Saana WP Cookset Moss Green,"Tundra Saana WP: a cookset that balances weight, durability and price. Moss Green. Retail-ready packaging.",8,4,Cookset,Moss Green,Moss Green,pcs,1,1,0.138,true,,2019-11-06
515,TUN-KIT-0011,6402026005153,Tundra Pallas WP Cookset Sand,The Pallas WP cookset by Tundra. Sand. Popular with rental outfitters and clubs.,8,4,Cookset,Sand,Sand,pcs,12,12,0.232,true,,2021-07-30
516,TUN-KIT-0012,6402026005160,Tundra Pallas WP Cookset Ochre,"Tundra Pallas WP Cookset for camp kitchen. Ochre. Built for Nordic conditions, season after season.",8,4,Cookset,Ochre,Ochre,pcs,1,1,0.061,true,,2024-11-06
517,TUN-KIT-0013,6402026005177,Tundra Pallas WP Cookset Forest,Reliable cookset from Tundra's Pallas WP range. Forest. A wholesale staple for outdoor retailers.,8,4,Cookset,Forest,Forest,pcs,6,6,0.171,true,,2020-08-26
518,TUN-KIT-0014,6402026005184,Tundra Rondane Pro Gas Canister 100 g,"Tundra Rondane Pro: a gas canister that balances weight, durability and price. 100 g. Retail-ready packaging.",8,4,Gas Canister,100 g,,pcs,1,1,0.195,false,2026-02-20,2024-12-28
519,TUN-KIT-0015,6402026005191,Tundra Summit WP Water Bottle Black,The Summit WP water bottle by Tundra. Black. Popular with rental outfitters and clubs.,8,4,Water Bottle,Black,Black,pcs,1,1,0.146,true,,2022-07-12
520,TUN-KIT-0016,6402026005207,Tundra Summit WP Water Bottle Graphite,"Tundra Summit WP Water Bottle for camp kitchen. Graphite. Built for Nordic conditions, season after season.",8,4,Water Bottle,Graphite,Graphite,pcs,1,1,0.151,true,,2026-03-21
521,TUN-KIT-0017,6402026005214,Tundra Summit WP Water Bottle Arctic White,Reliable water bottle from Tundra's Summit WP range. Arctic White. A wholesale staple for outdoor retailers.,8,4,Water Bottle,Arctic White,Arctic White,pcs,12,12,0.124,true,,2019-04-07
522,TUN-KIT-0018,6402026005221,Tundra Summit WP Water Bottle Moss Green,"Tundra Summit WP: a water bottle that balances weight, durability and price. Moss Green. Retail-ready packaging.",8,4,Water Bottle,Moss Green,Moss Green,pcs,12,12,0.029,true,,2024-12-04
523,TUN-KIT-0019,6402026005238,Tundra Lumi 2.0 Gas Canister 450 g,The Lumi 2.0 gas canister by Tundra. 450 g. Popular with rental outfitters and clubs.,8,4,Gas Canister,450 g,,pcs,6,6,0.079,true,,2022-03-07
524,TUN-KIT-0020,6402026005245,Tundra Sylarna XT Water Bottle Burnt Orange,"Tundra Sylarna XT Water Bottle for camp kitchen. Burnt Orange. Built for Nordic conditions, season after season.",8,4,Water Bottle,Burnt Orange,Burnt Orange,pcs,1,1,0.080,true,,2019-05-01
525,TUN-KIT-0021,6402026005252,Tundra Sylarna XT Water Bottle Deep Teal,Reliable water bottle from Tundra's Sylarna XT range. Deep Teal. A wholesale staple for outdoor retailers.,8,4,Water Bottle,Deep Teal,Deep Teal,pcs,1,1,0.291,true,,2019-10-15
526,TUN-KIT-0022,6402026005269,Tundra Varanger Eco Water Bottle Moss Green,"Tundra Varanger Eco: a water bottle that balances weight, durability and price. Moss Green. Retail-ready packaging.",8,4,Water Bottle,Moss Green,Moss Green,pcs,1,1,0.317,true,,2022-05-03
527,TUN-KIT-0023,6402026005276,Tundra Varanger Eco Water Bottle Midnight Blue,The Varanger Eco water bottle by Tundra. Midnight Blue. Popular with rental outfitters and clubs.,8,4,Water Bottle,Midnight Blue,Midnight Blue,pcs,1,1,0.084,true,,2020-05-07
528,TUN-KIT-0024,6402026005283,Tundra Varanger Eco Water Bottle Petrol,"Tundra Varanger Eco Water Bottle for camp kitchen. Petrol. Built for Nordic conditions, season after season.",8,4,Water Bottle,Petrol,Petrol,pcs,1,1,0.138,true,,2025-03-02
529,TUN-KIT-0025,6402026005290,Tundra Varanger Eco Water Bottle Lichen,Reliable water bottle from Tundra's Varanger Eco range. Lichen. A wholesale staple for outdoor retailers.,8,4,Water Bottle,Lichen,Lichen,pcs,12,12,0.141,true,,2020-04-08
530,TUN-KIT-0026,6402026005306,Tundra Fjord 2.0 Camp Stove Graphite,"Tundra Fjord 2.0: a camp stove that balances weight, durability and price. Graphite. Retail-ready packaging.",8,4,Camp Stove,Graphite,Graphite,pcs,1,1,0.367,true,,2023-05-01
531,TUN-KIT-0027,6402026005313,Tundra Fjord 2.0 Camp Stove Deep Teal,The Fjord 2.0 camp stove by Tundra. Deep Teal. Popular with rental outfitters and clubs.,8,4,Camp Stove,Deep Teal,Deep Teal,pcs,1,1,0.588,true,,2024-02-08
532,TUN-KIT-0028,6402026005320,Tundra Fjord 2.0 Camp Stove Ochre,"Tundra Fjord 2.0 Camp Stove for camp kitchen. Ochre. Built for Nordic conditions, season after season.",8,4,Camp Stove,Ochre,Ochre,pcs,1,1,0.448,true,,2022-03-10
533,TUN-KIT-0029,6402026005337,Tundra Fjord 2.0 Camp Stove Ruby Red,Reliable camp stove from Tundra's Fjord 2.0 range. Ruby Red. A wholesale staple for outdoor retailers.,8,4,Camp Stove,Ruby Red,Ruby Red,pcs,1,1,0.046,true,,2022-07-29
534,TUN-KIT-0030,6402026005344,Tundra Fjord 2.0 Camp Stove Slate Grey,"Tundra Fjord 2.0: a camp stove that balances weight, durability and price. Slate Grey. Retail-ready packaging.",8,4,Camp Stove,Slate Grey,Slate Grey,pcs,1,1,0.698,true,,2025-12-11
535,TUN-KIT-0031,6402026005351,Tundra Ruska Camp Stove Sunset Yellow,The Ruska camp stove by Tundra. Sunset Yellow. Popular with rental outfitters and clubs.,8,4,Camp Stove,Sunset Yellow,Sunset Yellow,pcs,1,1,0.102,true,,2025-12-29
536,TUN-KIT-0032,6402026005368,Tundra Ruska Camp Stove Petrol,"Tundra Ruska Camp Stove for camp kitchen. Petrol. Built for Nordic conditions, season after season.",8,4,Camp Stove,Petrol,Petrol,pcs,6,6,0.055,true,,2021-12-14
537,TUN-KIT-0033,6402026005375,Tundra Ruska Camp Stove Burnt Orange,Reliable camp stove from Tundra's Ruska range. Burnt Orange. A wholesale staple for outdoor retailers.,8,4,Camp Stove,Burnt Orange,Burnt Orange,pcs,1,1,0.662,true,,2019-03-25
538,TUN-KIT-0034,6402026005382,Tundra Ruska Camp Stove Lichen,"Tundra Ruska: a camp stove that balances weight, durability and price. Lichen. Retail-ready packaging.",8,4,Camp Stove,Lichen,Lichen,pcs,1,1,0.478,true,,2019-09-01
539,TUN-KIT-0035,6402026005399,Tundra Ruska Camp Stove Sand,The Ruska camp stove by Tundra. Sand. Popular with rental outfitters and clubs.,8,4,Camp Stove,Sand,Sand,pcs,1,1,0.556,true,,2022-08-22
540,TUN-KIT-0036,6402026005405,Tundra Jotun Eco Titanium Spork,"Tundra Jotun Eco Titanium Spork for camp kitchen. Built for Nordic conditions, season after season.",8,4,Titanium Spork,,,pcs,6,6,0.185,false,2022-10-22,2019-10-10
541,TUN-KIT-0037,6402026005412,Tundra Inari 2.0 Cookset Burnt Orange,Reliable cookset from Tundra's Inari 2.0 range. Burnt Orange. A wholesale staple for outdoor retailers.,8,4,Cookset,Burnt Orange,Burnt Orange,pcs,1,1,0.386,true,,2024-10-27
542,TUN-KIT-0038,6402026005429,Tundra Inari 2.0 Cookset Sunset Yellow,"Tundra Inari 2.0: a cookset that balances weight, durability and price. Sunset Yellow. Retail-ready packaging.",8,4,Cookset,Sunset Yellow,Sunset Yellow,pcs,1,1,0.151,true,,2026-01-15
543,TUN-KIT-0039,6402026005436,Tundra Kaamos Plus Cookset Sand,The Kaamos Plus cookset by Tundra. Sand. Popular with rental outfitters and clubs.,8,4,Cookset,Sand,Sand,pcs,1,1,0.082,true,,2022-12-31
544,TUN-KIT-0040,6402026005443,Tundra Kaamos Plus Cookset Sunset Yellow,"Tundra Kaamos Plus Cookset for camp kitchen. Sunset Yellow. Built for Nordic conditions, season after season.",8,4,Cookset,Sunset Yellow,Sunset Yellow,pcs,12,12,0.219,false,2023-08-07,2020-07-24
545,TUN-KIT-0041,6402026005450,Tundra Kaamos Plus Cookset Black,Reliable cookset from Tundra's Kaamos Plus range. Black. A wholesale staple for outdoor retailers.,8,4,Cookset,Black,Black,pcs,1,1,0.180,true,,2023-10-18
546,TUN-KIT-0042,6402026005467,Tundra Kaamos Plus Cookset Ruby Red,"Tundra Kaamos Plus: a cookset that balances weight, durability and price. Ruby Red. Retail-ready packaging.",8,4,Cookset,Ruby Red,Ruby Red,pcs,1,1,0.033,true,,2019-03-06
547,TUN-KIT-0043,6402026005474,Tundra Kaamos Plus Cookset Burnt Orange,The Kaamos Plus cookset by Tundra. Burnt Orange. Popular with rental outfitters and clubs.,8,4,Cookset,Burnt Orange,Burnt Orange,pcs,1,1,0.249,true,,2023-02-08
548,TUN-KIT-0044,6402026005481,Tundra Kallio Gas Canister 230 g,"Tundra Kallio Gas Canister for camp kitchen. 230 g. Built for Nordic conditions, season after season.",8,4,Gas Canister,230 g,,pcs,1,1,0.287,true,,2020-10-22
549,TUN-KIT-0045,6402026005498,Tundra Kallio Gas Canister 450 g,Reliable gas canister from Tundra's Kallio range. 450 g. A wholesale staple for outdoor retailers.,8,4,Gas Canister,450 g,,pcs,1,1,0.237,true,,2019-06-15
550,TUN-KIT-0046,6402026005504,Tundra Kallio Gas Canister 100 g,"Tundra Kallio: a gas canister that balances weight, durability and price. 100 g. Retail-ready packaging.",8,4,Gas Canister,100 g,,pcs,1,1,0.051,true,,2022-10-28
551,TUN-KIT-0047,6402026005511,Tundra Boreal Insulated Mug Ochre,The Boreal insulated mug by Tundra. Ochre. Popular with rental outfitters and clubs.,8,4,Insulated Mug,Ochre,Ochre,pcs,1,1,0.046,true,,2026-03-05
552,TUN-KIT-0048,6402026005528,Tundra Boreal Insulated Mug Midnight Blue,"Tundra Boreal Insulated Mug for camp kitchen. Midnight Blue. Built for Nordic conditions, season after season.",8,4,Insulated Mug,Midnight Blue,Midnight Blue,pcs,12,12,0.229,true,,2020-08-08
553,TUN-KIT-0049,6402026005535,Tundra Boreal Insulated Mug Slate Grey,Reliable insulated mug from Tundra's Boreal range. Slate Grey. A wholesale staple for outdoor retailers.,8,4,Insulated Mug,Slate Grey,Slate Grey,pcs,1,1,0.325,true,,2020-08-30
554,TUN-KIT-0050,6402026005542,Tundra Boreal Insulated Mug Forest,"Tundra Boreal: a insulated mug that balances weight, durability and price. Forest. Retail-ready packaging.",8,4,Insulated Mug,Forest,Forest,pcs,12,12,0.230,true,,2024-10-27
555,TUN-KIT-0051,6402026005559,Tundra Abisko 2.0 Water Bottle Petrol,The Abisko 2.0 water bottle by Tundra. Petrol. Popular with rental outfitters and clubs.,8,4,Water Bottle,Petrol,Petrol,pcs,1,1,0.344,true,,2020-04-12
556,TUN-KIT-0052,6402026005566,Tundra Tind Water Bottle Graphite,"Tundra Tind Water Bottle for camp kitchen. Graphite. Built for Nordic conditions, season after season.",8,4,Water Bottle,Graphite,Graphite,pcs,6,6,0.082,true,,2020-07-25
557,TUN-ACC-0001,6402026005573,Tundra Sylarna Lite Liner Gloves S Black,Reliable liner gloves from Tundra's Sylarna Lite range. S / Black. A wholesale staple for outdoor retailers.,14,4,Liner Gloves,S,Black,pcs,1,1,0.155,true,,2026-03-10
558,TUN-ACC-0002,6402026005580,Tundra Sylarna Lite Liner Gloves M Black,"Tundra Sylarna Lite: a liner gloves that balances weight, durability and price. M / Black. Retail-ready packaging.",14,4,Liner Gloves,M,Black,pcs,1,1,0.108,true,,2023-10-18
559,TUN-ACC-0003,6402026005597,Tundra Summit Eco Map Case,The Summit Eco map case by Tundra. Popular with rental outfitters and clubs.,14,4,Map Case,,,pcs,1,1,0.129,true,,2021-01-16
560,TUN-ACC-0004,6402026005603,Tundra Helags 2.0 Neck Gaiter Lichen,"Tundra Helags 2.0 Neck Gaiter for accessories & maintenance. Lichen. Built for Nordic conditions, season after season.",14,4,Neck Gaiter,Lichen,Lichen,pcs,1,1,0.074,true,,2019-05-29
561,TUN-ACC-0005,6402026005610,Tundra Helags 2.0 Neck Gaiter Midnight Blue,Reliable neck gaiter from Tundra's Helags 2.0 range. Midnight Blue. A wholesale staple for outdoor retailers.,14,4,Neck Gaiter,Midnight Blue,Midnight Blue,pcs,1,1,0.092,true,,2022-05-24
562,TUN-ACC-0006,6402026005627,Tundra Helags 2.0 Neck Gaiter Burnt Orange,"Tundra Helags 2.0: a neck gaiter that balances weight, durability and price. Burnt Orange. Retail-ready packaging.",14,4,Neck Gaiter,Burnt Orange,Burnt Orange,pcs,1,1,0.128,true,,2019-12-13
563,TUN-ACC-0007,6402026005634,Tundra Helags 2.0 Neck Gaiter Petrol,The Helags 2.0 neck gaiter by Tundra. Petrol. Popular with rental outfitters and clubs.,14,4,Neck Gaiter,Petrol,Petrol,pcs,1,1,0.025,true,,2019-02-24
564,TUN-ACC-0008,6402026005641,Tundra Tuuli WP Neck Gaiter Sand,"Tundra Tuuli WP Neck Gaiter for accessories & maintenance. Sand. Built for Nordic conditions, season after season.",14,4,Neck Gaiter,Sand,Sand,pcs,1,1,0.085,true,,2025-08-17
565,TUN-ACC-0009,6402026005658,Tundra Tuuli WP Neck Gaiter Ruby Red,Reliable neck gaiter from Tundra's Tuuli WP range. Ruby Red. A wholesale staple for outdoor retailers.,14,4,Neck Gaiter,Ruby Red,Ruby Red,pcs,1,1,0.026,true,,2020-11-10
566,TUN-ACC-0010,6402026005665,Tundra Tuuli WP Neck Gaiter Arctic White,"Tundra Tuuli WP: a neck gaiter that balances weight, durability and price. Arctic White. Retail-ready packaging.",14,4,Neck Gaiter,Arctic White,Arctic White,pcs,6,6,0.055,true,,2024-04-22
567,TUN-ACC-0011,6402026005672,Tundra Tuuli WP Neck Gaiter Ochre,The Tuuli WP neck gaiter by Tundra. Ochre. Popular with rental outfitters and clubs.,14,4,Neck Gaiter,Ochre,Ochre,pcs,1,1,0.094,true,,2023-11-02
568,TUN-ACC-0012,6402026005689,Tundra Fjord Neck Gaiter Moss Green,"Tundra Fjord Neck Gaiter for accessories & maintenance. Moss Green. Built for Nordic conditions, season after season.",14,4,Neck Gaiter,Moss Green,Moss Green,pcs,12,12,0.062,true,,2019-01-17
569,TUN-ACC-0013,6402026005696,Tundra Elv Lite Beanie Sunset Yellow,Reliable beanie from Tundra's Elv Lite range. Sunset Yellow. A wholesale staple for outdoor retailers.,14,4,Beanie,Sunset Yellow,Sunset Yellow,pcs,6,6,0.022,true,,2024-02-18
570,TUN-ACC-0014,6402026005702,Tundra Elv Lite Beanie Graphite,"Tundra Elv Lite: a beanie that balances weight, durability and price. Graphite. Retail-ready packaging.",14,4,Beanie,Graphite,Graphite,pcs,1,1,0.033,true,,2022-10-31
571,TUN-ACC-0015,6402026005719,Tundra Storm WP Repair Kit,The Storm WP repair kit by Tundra. Popular with rental outfitters and clubs.,14,4,Repair Kit,,,pcs,1,1,0.114,true,,2023-01-31
572,TUN-ACC-0016,6402026005726,Tundra Storm Pro Liner Gloves XXL Ochre,"Tundra Storm Pro Liner Gloves for accessories & maintenance. XXL / Ochre. Built for Nordic conditions, season after season.",14,4,Liner Gloves,XXL,Ochre,pcs,1,1,0.029,true,,2022-05-29
573,TUN-ACC-0017,6402026005733,Tundra Storm Pro Liner Gloves XS Ochre,Reliable liner gloves from Tundra's Storm Pro range. XS / Ochre. A wholesale staple for outdoor retailers.,14,4,Liner Gloves,XS,Ochre,pcs,1,1,0.178,false,2025-05-04,2023-04-04
574,TUN-ACC-0018,6402026005740,Tundra Storm Pro Liner Gloves XL Ochre,"Tundra Storm Pro: a liner gloves that balances weight, durability and price. XL / Ochre. Retail-ready packaging.",14,4,Liner Gloves,XL,Ochre,pcs,12,12,0.078,false,2022-02-12,2020-06-01
575,TUN-ACC-0019,6402026005757,Tundra Kaamos Seam Sealer,The Kaamos seam sealer by Tundra. Popular with rental outfitters and clubs.,14,4,Seam Sealer,,,pcs,12,12,0.140,true,,2019-03-28
576,TUN-ACC-0020,6402026005764,Tundra Ridge WP Seam Sealer,"Tundra Ridge WP Seam Sealer for accessories & maintenance. Built for Nordic conditions, season after season.",14,4,Seam Sealer,,,pcs,1,1,0.097,true,,2024-09-11
577,TUN-ACC-0021,6402026005771,Tundra Kebne Plus First Aid Kit S Petrol,Reliable first aid kit from Tundra's Kebne Plus range. S / Petrol. A wholesale staple for outdoor retailers.,14,4,First Aid Kit,S,Petrol,pcs,6,6,0.132,true,,2019-06-01
578,TUN-ACC-0022,6402026005788,Tundra Kebne Plus First Aid Kit M Petrol,"Tundra Kebne Plus: a first aid kit that balances weight, durability and price. M / Petrol. Retail-ready packaging.",14,4,First Aid Kit,M,Petrol,pcs,1,1,0.180,true,,2019-08-31
579,TUN-ACC-0023,6402026005795,Tundra Kebne Plus First Aid Kit XXL Petrol,The Kebne Plus first aid kit by Tundra. XXL / Petrol. Popular with rental outfitters and clubs.,14,4,First Aid Kit,XXL,Petrol,pcs,1,1,0.019,true,,2020-07-28
580,TUN-ACC-0024,6402026005801,Tundra Kebne Plus First Aid Kit L Petrol,"Tundra Kebne Plus First Aid Kit for accessories & maintenance. L / Petrol. Built for Nordic conditions, season after season.",14,4,First Aid Kit,L,Petrol,pcs,1,1,0.056,true,,2019-04-19
581,TUN-ACC-0025,6402026005818,Tundra Bre Beanie Black,Reliable beanie from Tundra's Bre range. Black. A wholesale staple for outdoor retailers.,14,4,Beanie,Black,Black,pcs,1,1,0.154,true,,2021-04-03
582,TUN-ACC-0026,6402026005825,Tundra Bre Beanie Lichen,"Tundra Bre: a beanie that balances weight, durability and price. Lichen. Retail-ready packaging.",14,4,Beanie,Lichen,Lichen,pcs,1,1,0.042,true,,2022-11-26
583,TUN-ACC-0027,6402026005832,Tundra Bre Beanie Midnight Blue,The Bre beanie by Tundra. Midnight Blue. Popular with rental outfitters and clubs.,14,4,Beanie,Midnight Blue,Midnight Blue,pcs,1,1,0.123,true,,2022-01-27
584,TUN-ACC-0028,6402026005849,Tundra Fjell Liner Gloves S Black,"Tundra Fjell Liner Gloves for accessories & maintenance. S / Black. Built for Nordic conditions, season after season.",14,4,Liner Gloves,S,Black,pcs,1,1,0.140,true,,2021-08-13
585,TUN-ACC-0029,6402026005856,Tundra Fjell Liner Gloves XS Black,Reliable liner gloves from Tundra's Fjell range. XS / Black. A wholesale staple for outdoor retailers.,14,4,Liner Gloves,XS,Black,pcs,1,1,0.054,true,,2023-01-09
586,TUN-ACC-0030,6402026005863,Tundra Fjell Liner Gloves L Black,"Tundra Fjell: a liner gloves that balances weight, durability and price. L / Black. Retail-ready packaging.",14,4,Liner Gloves,L,Black,pcs,6,6,0.098,true,,2023-01-09
587,TUN-ACC-0031,6402026005870,Tundra Ridge Eco Seam Sealer,The Ridge Eco seam sealer by Tundra. Popular with rental outfitters and clubs.,14,4,Seam Sealer,,,pcs,6,6,0.172,false,2021-01-14,2019-02-13
588,TUN-ACC-0032,6402026005887,Tundra Arctic XT Waterproofing Spray,"Tundra Arctic XT Waterproofing Spray for accessories & maintenance. Built for Nordic conditions, season after season.",14,4,Waterproofing Spray,,,pcs,1,1,0.133,false,2022-05-01,2021-09-20
589,TUN-ACC-0033,6402026005894,Tundra Pallas 2.0 First Aid Kit M Black,Reliable first aid kit from Tundra's Pallas 2.0 range. M / Black. A wholesale staple for outdoor retailers.,14,4,First Aid Kit,M,Black,pcs,6,6,0.135,true,,2023-11-15
590,TUN-ACC-0034,6402026005900,Tundra Pallas 2.0 First Aid Kit L Black,"Tundra Pallas 2.0: a first aid kit that balances weight, durability and price. L / Black. Retail-ready packaging.",14,4,First Aid Kit,L,Black,pcs,6,6,0.042,true,,2022-12-02
591,TUN-ACC-0035,6402026005917,Tundra Pallas 2.0 First Aid Kit XXL Black,The Pallas 2.0 first aid kit by Tundra. XXL / Black. Popular with rental outfitters and clubs.,14,4,First Aid Kit,XXL,Black,pcs,1,1,0.110,true,,2025-07-03
592,TUN-ACC-0036,6402026005924,Tundra Pallas 2.0 First Aid Kit XS Black,"Tundra Pallas 2.0 First Aid Kit for accessories & maintenance. XS / Black. Built for Nordic conditions, season after season.",14,4,First Aid Kit,XS,Black,pcs,12,12,0.111,true,,2023-04-25
593,TUN-ACC-0037,6402026005931,Tundra Nuten First Aid Kit S Lichen,Reliable first aid kit from Tundra's Nuten range. S / Lichen. A wholesale staple for outdoor retailers.,14,4,First Aid Kit,S,Lichen,pcs,12,12,0.040,true,,2023-08-19
594,TUN-ACC-0038,6402026005948,Tundra Tind II Map Case,"Tundra Tind II: a map case that balances weight, durability and price. Retail-ready packaging.",14,4,Map Case,,,pcs,12,12,0.029,true,,2024-01-28
595,TUN-ACC-0039,6402026005955,Tundra Sylarna 2.0 Seam Sealer,The Sylarna 2.0 seam sealer by Tundra. Popular with rental outfitters and clubs.,14,4,Seam Sealer,,,pcs,6,6,0.090,true,,2019-11-29
596,TUN-ACC-0040,6402026005962,Tundra Ruska XT Seam Sealer,"Tundra Ruska XT Seam Sealer for accessories & maintenance. Built for Nordic conditions, season after season.",14,4,Seam Sealer,,,pcs,1,1,0.143,false,2026-08-13,2024-05-19
597,TUN-ACC-0041,6402026005979,Tundra Kaldo Plus Liner Gloves S Black,Reliable liner gloves from Tundra's Kaldo Plus range. S / Black. A wholesale staple for outdoor retailers.,14,4,Liner Gloves,S,Black,pcs,1,1,0.108,true,,2023-04-23
598,TUN-ACC-0042,6402026005986,Tundra Kaldo Plus Liner Gloves XS Black,"Tundra Kaldo Plus: a liner gloves that balances weight, durability and price. XS / Black. Retail-ready packaging.",14,4,Liner Gloves,XS,Black,pcs,6,6,0.144,true,,2025-04-20
599,TUN-ACC-0043,6402026005993,Tundra Kaldo Plus Liner Gloves XL Black,The Kaldo Plus liner gloves by Tundra. XL / Black. Popular with rental outfitters and clubs.,14,4,Liner Gloves,XL,Black,pcs,6,6,0.095,true,,2026-03-07
600,TUN-ACC-0044,6402026006006,Tundra Kallio II First Aid Kit M Petrol,"Tundra Kallio II First Aid Kit for accessories & maintenance. M / Petrol. Built for Nordic conditions, season after season.",14,4,First Aid Kit,M,Petrol,pcs,12,12,0.073,true,,2023-07-24
601,TUN-ACC-0045,6402026006013,Tundra Kallio II First Aid Kit XL Petrol,Reliable first aid kit from Tundra's Kallio II range. XL / Petrol. A wholesale staple for outdoor retailers.,14,4,First Aid Kit,XL,Petrol,pcs,12,12,0.072,true,,2024-03-24
602,TUN-ACC-0046,6402026006020,Tundra Kallio II First Aid Kit XXL Petrol,"Tundra Kallio II: a first aid kit that balances weight, durability and price. XXL / Petrol. Retail-ready packaging.",14,4,First Aid Kit,XXL,Petrol,pcs,1,1,0.017,true,,2020-10-06
603,TUN-ACC-0047,6402026006037,Tundra Kallio II First Aid Kit XS Petrol,The Kallio II first aid kit by Tundra. XS / Petrol. Popular with rental outfitters and clubs.,14,4,First Aid Kit,XS,Petrol,pcs,1,1,0.095,false,2022-10-22,2019-02-10
604,TUN-ACC-0048,6402026006044,Tundra Kallio II First Aid Kit S Petrol,"Tundra Kallio II First Aid Kit for accessories & maintenance. S / Petrol. Built for Nordic conditions, season after season.",14,4,First Aid Kit,S,Petrol,pcs,1,1,0.039,true,,2023-11-11
605,TUN-ACC-0049,6402026006051,Tundra Pallas Repair Kit,Reliable repair kit from Tundra's Pallas range. A wholesale staple for outdoor retailers.,14,4,Repair Kit,,,pcs,1,1,0.116,true,,2020-11-19
606,TUN-ACC-0050,6402026006068,Tundra Nordic Seam Sealer,"Tundra Nordic: a seam sealer that balances weight, durability and price. Retail-ready packaging.",14,4,Seam Sealer,,,pcs,1,1,0.105,true,,2025-05-29
607,TUN-ACC-0051,6402026006075,Tundra Fjord Eco Trekking Poles 160 cm Ochre,The Fjord Eco trekking poles by Tundra. 160 cm / Ochre. Popular with rental outfitters and clubs.,14,4,Trekking Poles,160 cm,Ochre,pcs,1,1,0.382,true,,2020-09-25
608,TUN-ACC-0052,6402026006082,Tundra Fjord Eco Trekking Poles 150 cm Ochre,"Tundra Fjord Eco Trekking Poles for accessories & maintenance. 150 cm / Ochre. Built for Nordic conditions, season after season.",14,4,Trekking Poles,150 cm,Ochre,pcs,1,1,0.306,true,,2020-02-13
609,VID-TNT-0001,6402026006099,Vidda Trail WP Tent 4P Ochre,Reliable tent from Vidda's Trail WP range. 4P / Ochre. A wholesale staple for outdoor retailers.,1,5,Tent,4P,Ochre,pcs,6,6,1.892,true,,2020-11-14
610,VID-TNT-0002,6402026006105,Vidda Pallas Footprint 3P Sunset Yellow,"Vidda Pallas: a footprint that balances weight, durability and price. 3P / Sunset Yellow. Retail-ready packaging.",1,5,Footprint,3P,Sunset Yellow,pcs,12,12,1.883,true,,2023-11-23
611,VID-TNT-0003,6402026006112,Vidda Pallas Footprint 1P Sunset Yellow,The Pallas footprint by Vidda. 1P / Sunset Yellow. Popular with rental outfitters and clubs.,1,5,Footprint,1P,Sunset Yellow,pcs,1,1,0.372,true,,2024-04-24
612,VID-TNT-0004,6402026006129,Vidda Pallas Footprint 4P Sunset Yellow,"Vidda Pallas Footprint for tents & shelters. 4P / Sunset Yellow. Built for Nordic conditions, season after season.",1,5,Footprint,4P,Sunset Yellow,pcs,1,1,1.828,true,,2023-03-11
613,VID-TNT-0005,6402026006136,Vidda Pallas Footprint 2P Sunset Yellow,Reliable footprint from Vidda's Pallas range. 2P / Sunset Yellow. A wholesale staple for outdoor retailers.,1,5,Footprint,2P,Sunset Yellow,pcs,1,1,0.903,true,,2025-02-14
614,VID-TNT-0006,6402026006143,Vidda Inari II Tent 4P Black,"Vidda Inari II: a tent that balances weight, durability and price. 4P / Black. Retail-ready packaging.",1,5,Tent,4P,Black,pcs,6,6,1.430,true,,2025-01-04
615,VID-TNT-0007,6402026006150,Vidda Inari II Tent 1P Black,The Inari II tent by Vidda. 1P / Black. Popular with rental outfitters and clubs.,1,5,Tent,1P,Black,pcs,12,12,4.708,true,,2020-09-22
616,VID-TNT-0008,6402026006167,Vidda Inari II Tent 2P Black,"Vidda Inari II Tent for tents & shelters. 2P / Black. Built for Nordic conditions, season after season.",1,5,Tent,2P,Black,pcs,1,1,4.377,true,,2024-05-21
617,VID-TNT-0009,6402026006174,Vidda Nordkapp Tarp Sand,Reliable tarp from Vidda's Nordkapp range. Sand. A wholesale staple for outdoor retailers.,1,5,Tarp,Sand,Sand,pcs,6,6,1.219,false,2020-03-27,2019-01-08
618,VID-TNT-0010,6402026006181,Vidda Nordkapp Tarp Burnt Orange,"Vidda Nordkapp: a tarp that balances weight, durability and price. Burnt Orange. Retail-ready packaging.",1,5,Tarp,Burnt Orange,Burnt Orange,pcs,12,12,2.046,true,,2025-02-15
619,VID-TNT-0011,6402026006198,Vidda Nordkapp Tarp Petrol,The Nordkapp tarp by Vidda. Petrol. Popular with rental outfitters and clubs.,1,5,Tarp,Petrol,Petrol,pcs,12,12,1.834,true,,2019-08-17
620,VID-TNT-0012,6402026006204,Vidda Varanger Eco Tunnel Tent 3P Slate Grey,"Vidda Varanger Eco Tunnel Tent for tents & shelters. 3P / Slate Grey. Built for Nordic conditions, season after season.",1,5,Tunnel Tent,3P,Slate Grey,pcs,12,12,5.135,true,,2022-01-30
621,VID-TNT-0013,6402026006211,Vidda Varanger Eco Tunnel Tent 4P Slate Grey,Reliable tunnel tent from Vidda's Varanger Eco range. 4P / Slate Grey. A wholesale staple for outdoor retailers.,1,5,Tunnel Tent,4P,Slate Grey,pcs,1,1,5.316,true,,2019-09-24
622,VID-TNT-0014,6402026006228,Vidda Varanger Eco Tunnel Tent 1P Slate Grey,"Vidda Varanger Eco: a tunnel tent that balances weight, durability and price. 1P / Slate Grey. Retail-ready packaging.",1,5,Tunnel Tent,1P,Slate Grey,pcs,1,1,5.509,true,,2021-06-14
623,VID-TNT-0015,6402026006235,Vidda Varanger Eco Tunnel Tent 2P Slate Grey,The Varanger Eco tunnel tent by Vidda. 2P / Slate Grey. Popular with rental outfitters and clubs.,1,5,Tunnel Tent,2P,Slate Grey,pcs,1,1,8.433,true,,2019-01-11
624,VID-TNT-0016,6402026006242,Vidda Nuten II Bivy Arctic White,"Vidda Nuten II Bivy for tents & shelters. Arctic White. Built for Nordic conditions, season after season.",1,5,Bivy,Arctic White,Arctic White,pcs,6,6,2.950,true,,2025-09-15
625,VID-TNT-0017,6402026006259,Vidda Nuten II Bivy Sand,Reliable bivy from Vidda's Nuten II range. Sand. A wholesale staple for outdoor retailers.,1,5,Bivy,Sand,Sand,pcs,1,1,3.120,true,,2026-05-08
626,VID-TNT-0018,6402026006266,Vidda Kallio Plus Tent 3P Ruby Red,"Vidda Kallio Plus: a tent that balances weight, durability and price. 3P / Ruby Red. Retail-ready packaging.",1,5,Tent,3P,Ruby Red,pcs,12,12,5.335,true,,2025-05-01
627,VID-TNT-0019,6402026006273,Vidda Kallio Plus Tent 1P Ruby Red,The Kallio Plus tent by Vidda. 1P / Ruby Red. Popular with rental outfitters and clubs.,1,5,Tent,1P,Ruby Red,pcs,1,1,1.247,true,,2025-02-24
628,VID-TNT-0020,6402026006280,Vidda Kallio Plus Tent 4P Ruby Red,"Vidda Kallio Plus Tent for tents & shelters. 4P / Ruby Red. Built for Nordic conditions, season after season.",1,5,Tent,4P,Ruby Red,pcs,1,1,4.101,true,,2026-02-20
629,VID-TNT-0021,6402026006297,Vidda Kallio Plus Tent 2P Ruby Red,Reliable tent from Vidda's Kallio Plus range. 2P / Ruby Red. A wholesale staple for outdoor retailers.,1,5,Tent,2P,Ruby Red,pcs,12,12,5.551,true,,2021-12-24
630,VID-TNT-0022,6402026006303,Vidda Lyngen XT Bivy Arctic White,"Vidda Lyngen XT: a bivy that balances weight, durability and price. Arctic White. Retail-ready packaging.",1,5,Bivy,Arctic White,Arctic White,pcs,1,1,3.041,true,,2019-07-01
631,VID-TNT-0023,6402026006310,Vidda Lyngen XT Bivy Sand,The Lyngen XT bivy by Vidda. Sand. Popular with rental outfitters and clubs.,1,5,Bivy,Sand,Sand,pcs,1,1,1.134,true,,2023-04-30
632,VID-TNT-0024,6402026006327,Vidda Lyngen XT Bivy Graphite,"Vidda Lyngen XT Bivy for tents & shelters. Graphite. Built for Nordic conditions, season after season.",1,5,Bivy,Graphite,Graphite,pcs,12,12,0.903,true,,2025-01-26
633,VID-TNT-0025,6402026006334,Vidda Lyngen XT Bivy Forest,Reliable bivy from Vidda's Lyngen XT range. Forest. A wholesale staple for outdoor retailers.,1,5,Bivy,Forest,Forest,pcs,12,12,3.032,true,,2022-11-02
634,VID-TNT-0026,6402026006341,Vidda Lyngen XT Bivy Lichen,"Vidda Lyngen XT: a bivy that balances weight, durability and price. Lichen. Retail-ready packaging.",1,5,Bivy,Lichen,Lichen,pcs,12,12,0.717,true,,2025-02-22
635,VID-TNT-0027,6402026006358,Vidda Tuuli Tarp Ochre,The Tuuli tarp by Vidda. Ochre. Popular with rental outfitters and clubs.,1,5,Tarp,Ochre,Ochre,pcs,6,6,0.683,true,,2025-10-30
636,VID-TNT-0028,6402026006365,Vidda Helags Pro Tent 2P Arctic White,"Vidda Helags Pro Tent for tents & shelters. 2P / Arctic White. Built for Nordic conditions, season after season.",1,5,Tent,2P,Arctic White,pcs,6,6,3.658,true,,2026-03-28
637,VID-TNT-0029,6402026006372,Vidda Helags Pro Tent 1P Arctic White,Reliable tent from Vidda's Helags Pro range. 1P / Arctic White. A wholesale staple for outdoor retailers.,1,5,Tent,1P,Arctic White,pcs,1,1,5.101,true,,2019-05-05
638,VID-TNT-0030,6402026006389,Vidda Helags Pro Tent 4P Arctic White,"Vidda Helags Pro: a tent that balances weight, durability and price. 4P / Arctic White. Retail-ready packaging.",1,5,Tent,4P,Arctic White,pcs,1,1,5.108,true,,2020-03-01
639,VID-TNT-0031,6402026006396,Vidda Helags XT Tunnel Tent 4P Forest,The Helags XT tunnel tent by Vidda. 4P / Forest. Popular with rental outfitters and clubs.,1,5,Tunnel Tent,4P,Forest,pcs,1,1,8.552,true,,2026-03-26
640,VID-TNT-0032,6402026006402,Vidda Helags XT Tunnel Tent 3P Forest,"Vidda Helags XT Tunnel Tent for tents & shelters. 3P / Forest. Built for Nordic conditions, season after season.",1,5,Tunnel Tent,3P,Forest,pcs,1,1,7.960,true,,2019-05-26
641,VID-TNT-0033,6402026006419,Vidda Helags XT Tunnel Tent 1P Forest,Reliable tunnel tent from Vidda's Helags XT range. 1P / Forest. A wholesale staple for outdoor retailers.,1,5,Tunnel Tent,1P,Forest,pcs,6,6,6.406,true,,2019-03-09
642,VID-TNT-0034,6402026006426,Vidda Helags XT Tunnel Tent 2P Forest,"Vidda Helags XT: a tunnel tent that balances weight, durability and price. 2P / Forest. Retail-ready packaging.",1,5,Tunnel Tent,2P,Forest,pcs,6,6,4.536,true,,2026-01-17
643,VID-TNT-0035,6402026006433,Vidda Halti WP Tunnel Tent 4P Forest,The Halti WP tunnel tent by Vidda. 4P / Forest. Popular with rental outfitters and clubs.,1,5,Tunnel Tent,4P,Forest,pcs,12,12,6.598,true,,2024-08-09
644,VID-TNT-0036,6402026006440,Vidda Kungsleden Eco Footprint 3P Lichen,"Vidda Kungsleden Eco Footprint for tents & shelters. 3P / Lichen. Built for Nordic conditions, season after season.",1,5,Footprint,3P,Lichen,pcs,1,1,1.703,true,,2025-04-16
645,VID-TNT-0037,6402026006457,Vidda Kungsleden Eco Footprint 1P Lichen,Reliable footprint from Vidda's Kungsleden Eco range. 1P / Lichen. A wholesale staple for outdoor retailers.,1,5,Footprint,1P,Lichen,pcs,6,6,1.245,true,,2022-03-06
646,VID-TNT-0038,6402026006464,Vidda Kungsleden Eco Footprint 4P Lichen,"Vidda Kungsleden Eco: a footprint that balances weight, durability and price. 4P / Lichen. Retail-ready packaging.",1,5,Footprint,4P,Lichen,pcs,1,1,0.764,true,,2022-10-31
647,VID-TNT-0039,6402026006471,Vidda Fjell Lite Footprint 1P Forest,The Fjell Lite footprint by Vidda. 1P / Forest. Popular with rental outfitters and clubs.,1,5,Footprint,1P,Forest,pcs,6,6,1.890,true,,2021-04-20
648,VID-TNT-0040,6402026006488,Vidda Fjell Lite Footprint 4P Forest,"Vidda Fjell Lite Footprint for tents & shelters. 4P / Forest. Built for Nordic conditions, season after season.",1,5,Footprint,4P,Forest,pcs,12,12,0.605,true,,2025-09-09
649,VID-TNT-0041,6402026006495,Vidda Fjell Lite Footprint 3P Forest,Reliable footprint from Vidda's Fjell Lite range. 3P / Forest. A wholesale staple for outdoor retailers.,1,5,Footprint,3P,Forest,pcs,1,1,1.536,true,,2020-07-18
650,VID-TNT-0042,6402026006501,Vidda Fjell Lite Footprint 2P Forest,"Vidda Fjell Lite: a footprint that balances weight, durability and price. 2P / Forest. Retail-ready packaging.",1,5,Footprint,2P,Forest,pcs,1,1,1.340,true,,2022-04-02
651,VID-TNT-0043,6402026006518,Vidda Padjelanta 2.0 Tent 2P Sand,The Padjelanta 2.0 tent by Vidda. 2P / Sand. Popular with rental outfitters and clubs.,1,5,Tent,2P,Sand,pcs,12,12,5.130,true,,2024-03-19
652,VID-TNT-0044,6402026006525,Vidda Padjelanta 2.0 Tent 1P Sand,"Vidda Padjelanta 2.0 Tent for tents & shelters. 1P / Sand. Built for Nordic conditions, season after season.",1,5,Tent,1P,Sand,pcs,6,6,1.362,true,,2019-07-18
653,VID-TNT-0045,6402026006532,Vidda Padjelanta 2.0 Tent 3P Sand,Reliable tent from Vidda's Padjelanta 2.0 range. 3P / Sand. A wholesale staple for outdoor retailers.,1,5,Tent,3P,Sand,pcs,1,1,5.933,true,,2025-08-25
654,VID-TNT-0046,6402026006549,Vidda Padjelanta 2.0 Tent 4P Sand,"Vidda Padjelanta 2.0: a tent that balances weight, durability and price. 4P / Sand. Retail-ready packaging.",1,5,Tent,4P,Sand,pcs,1,1,5.007,true,,2025-09-19
655,VID-TNT-0047,6402026006556,Vidda Storm Tent 2P Petrol,The Storm tent by Vidda. 2P / Petrol. Popular with rental outfitters and clubs.,1,5,Tent,2P,Petrol,pcs,6,6,4.163,true,,2019-10-06
656,VID-SLP-0001,6402026006563,Vidda Ridge Pro Bag Liner Sand,"Vidda Ridge Pro Bag Liner for sleeping bags & mats. Sand. Built for Nordic conditions, season after season.",2,5,Bag Liner,Sand,Sand,pcs,1,1,0.337,true,,2023-07-08
657,VID-SLP-0002,6402026006570,Vidda Ridge Pro Bag Liner Arctic White,Reliable bag liner from Vidda's Ridge Pro range. Arctic White. A wholesale staple for outdoor retailers.,2,5,Bag Liner,Arctic White,Arctic White,pcs,1,1,0.239,true,,2022-04-03
658,VID-SLP-0003,6402026006587,Vidda Ridge Pro Bag Liner Deep Teal,"Vidda Ridge Pro: a bag liner that balances weight, durability and price. Deep Teal. Retail-ready packaging.",2,5,Bag Liner,Deep Teal,Deep Teal,pcs,1,1,0.330,true,,2024-09-07
659,VID-SLP-0004,6402026006594,Vidda Storm II Synthetic Sleeping Bag -20°C Forest,The Storm II synthetic sleeping bag by Vidda. -20°C / Forest. Popular with rental outfitters and clubs.,2,5,Synthetic Sleeping Bag,-20°C,Forest,pcs,6,6,1.750,true,,2025-03-13
660,VID-SLP-0005,6402026006600,Vidda Storm II Synthetic Sleeping Bag -10°C Forest,"Vidda Storm II Synthetic Sleeping Bag for sleeping bags & mats. -10°C / Forest. Built for Nordic conditions, season after season.",2,5,Synthetic Sleeping Bag,-10°C,Forest,pcs,6,6,1.325,true,,2024-02-15
661,VID-SLP-0006,6402026006617,Vidda Storm II Synthetic Sleeping Bag +5°C Forest,Reliable synthetic sleeping bag from Vidda's Storm II range. +5°C / Forest. A wholesale staple for outdoor retailers.,2,5,Synthetic Sleeping Bag,+5°C,Forest,pcs,1,1,0.920,true,,2020-12-11
662,VID-SLP-0007,6402026006624,Vidda Storm II Synthetic Sleeping Bag -5°C Forest,"Vidda Storm II: a synthetic sleeping bag that balances weight, durability and price. -5°C / Forest. Retail-ready packaging.",2,5,Synthetic Sleeping Bag,-5°C,Forest,pcs,1,1,1.380,true,,2022-08-19
663,VID-SLP-0008,6402026006631,Vidda Storm II Synthetic Sleeping Bag 0°C Forest,The Storm II synthetic sleeping bag by Vidda. 0°C / Forest. Popular with rental outfitters and clubs.,2,5,Synthetic Sleeping Bag,0°C,Forest,pcs,12,12,1.669,true,,2024-06-13
664,VID-SLP-0009,6402026006648,Vidda Fjord Plus Down Sleeping Bag -5°C Moss Green,"Vidda Fjord Plus Down Sleeping Bag for sleeping bags & mats. -5°C / Moss Green. Built for Nordic conditions, season after season.",2,5,Down Sleeping Bag,-5°C,Moss Green,pcs,6,6,1.549,true,,2021-10-06
665,VID-SLP-0010,6402026006655,Vidda Fjord Plus Down Sleeping Bag -20°C Moss Green,Reliable down sleeping bag from Vidda's Fjord Plus range. -20°C / Moss Green. A wholesale staple for outdoor retailers.,2,5,Down Sleeping Bag,-20°C,Moss Green,pcs,12,12,1.359,true,,2021-08-10
666,VID-SLP-0011,6402026006662,Vidda Boreal WP Synthetic Sleeping Bag +5°C Sand,"Vidda Boreal WP: a synthetic sleeping bag that balances weight, durability and price. +5°C / Sand. Retail-ready packaging.",2,5,Synthetic Sleeping Bag,+5°C,Sand,pcs,6,6,1.093,true,,2020-02-14
667,VID-SLP-0012,6402026006679,Vidda Boreal WP Synthetic Sleeping Bag 0°C Sand,The Boreal WP synthetic sleeping bag by Vidda. 0°C / Sand. Popular with rental outfitters and clubs.,2,5,Synthetic Sleeping Bag,0°C,Sand,pcs,1,1,0.552,true,,2024-06-28
668,VID-SLP-0013,6402026006686,Vidda Alpine Insulated Mat Petrol,"Vidda Alpine Insulated Mat for sleeping bags & mats. Petrol. Built for Nordic conditions, season after season.",2,5,Insulated Mat,Petrol,Petrol,pcs,1,1,0.998,false,2022-03-08,2019-08-06
669,VID-SLP-0014,6402026006693,Vidda Alpine Insulated Mat Forest,Reliable insulated mat from Vidda's Alpine range. Forest. A wholesale staple for outdoor retailers.,2,5,Insulated Mat,Forest,Forest,pcs,6,6,0.336,false,2026-02-13,2024-07-13
670,VID-SLP-0015,6402026006709,Vidda Alpine Insulated Mat Deep Teal,"Vidda Alpine: a insulated mat that balances weight, durability and price. Deep Teal. Retail-ready packaging.",2,5,Insulated Mat,Deep Teal,Deep Teal,pcs,1,1,1.229,true,,2021-10-29
671,VID-SLP-0016,6402026006716,Vidda Alpine Insulated Mat Moss Green,The Alpine insulated mat by Vidda. Moss Green. Popular with rental outfitters and clubs.,2,5,Insulated Mat,Moss Green,Moss Green,pcs,6,6,1.340,true,,2024-07-05
672,VID-SLP-0017,6402026006723,Vidda Alpine Insulated Mat Sand,"Vidda Alpine Insulated Mat for sleeping bags & mats. Sand. Built for Nordic conditions, season after season.",2,5,Insulated Mat,Sand,Sand,pcs,12,12,0.975,true,,2022-09-11
673,VID-SLP-0018,6402026006730,Vidda Sarek WP Insulated Mat Ochre,Reliable insulated mat from Vidda's Sarek WP range. Ochre. A wholesale staple for outdoor retailers.,2,5,Insulated Mat,Ochre,Ochre,pcs,1,1,1.378,true,,2023-03-14
674,VID-SLP-0019,6402026006747,Vidda Sarek WP Insulated Mat Petrol,"Vidda Sarek WP: a insulated mat that balances weight, durability and price. Petrol. Retail-ready packaging.",2,5,Insulated Mat,Petrol,Petrol,pcs,1,1,1.525,true,,2022-09-28
675,VID-SLP-0020,6402026006754,Vidda Sarek WP Insulated Mat Ruby Red,The Sarek WP insulated mat by Vidda. Ruby Red. Popular with rental outfitters and clubs.,2,5,Insulated Mat,Ruby Red,Ruby Red,pcs,1,1,1.222,true,,2024-12-12
676,VID-SLP-0021,6402026006761,Vidda Kebne Pro Sleeping Mat Petrol,"Vidda Kebne Pro Sleeping Mat for sleeping bags & mats. Petrol. Built for Nordic conditions, season after season.",2,5,Sleeping Mat,Petrol,Petrol,pcs,12,12,0.860,true,,2019-08-18
677,VID-SLP-0022,6402026006778,Vidda Myrsky Down Sleeping Bag -10°C Slate Grey,Reliable down sleeping bag from Vidda's Myrsky range. -10°C / Slate Grey. A wholesale staple for outdoor retailers.,2,5,Down Sleeping Bag,-10°C,Slate Grey,pcs,1,1,2.175,true,,2024-02-10
678,VID-SLP-0023,6402026006785,Vidda Myrsky Down Sleeping Bag +5°C Slate Grey,"Vidda Myrsky: a down sleeping bag that balances weight, durability and price. +5°C / Slate Grey. Retail-ready packaging.",2,5,Down Sleeping Bag,+5°C,Slate Grey,pcs,1,1,2.714,true,,2023-05-10
679,VID-SLP-0024,6402026006792,Vidda Myrsky Down Sleeping Bag -5°C Slate Grey,The Myrsky down sleeping bag by Vidda. -5°C / Slate Grey. Popular with rental outfitters and clubs.,2,5,Down Sleeping Bag,-5°C,Slate Grey,pcs,1,1,1.191,true,,2019-03-19
680,VID-SLP-0025,6402026006808,Vidda Myrsky Down Sleeping Bag 0°C Slate Grey,"Vidda Myrsky Down Sleeping Bag for sleeping bags & mats. 0°C / Slate Grey. Built for Nordic conditions, season after season.",2,5,Down Sleeping Bag,0°C,Slate Grey,pcs,1,1,1.339,false,2024-01-10,2021-05-09
681,VID-SLP-0026,6402026006815,Vidda Myrsky Down Sleeping Bag -20°C Slate Grey,Reliable down sleeping bag from Vidda's Myrsky range. -20°C / Slate Grey. A wholesale staple for outdoor retailers.,2,5,Down Sleeping Bag,-20°C,Slate Grey,pcs,1,1,2.585,true,,2026-02-19
682,VID-SLP-0027,6402026006822,Vidda Glacier Plus Bag Liner Black,"Vidda Glacier Plus: a bag liner that balances weight, durability and price. Black. Retail-ready packaging.",2,5,Bag Liner,Black,Black,pcs,12,12,0.370,true,,2023-12-29
683,VID-SLP-0028,6402026006839,Vidda Myrsky Sleeping Mat Moss Green,The Myrsky sleeping mat by Vidda. Moss Green. Popular with rental outfitters and clubs.,2,5,Sleeping Mat,Moss Green,Moss Green,pcs,1,1,0.568,true,,2022-03-16
684,VID-SLP-0029,6402026006846,Vidda Myrsky Sleeping Mat Petrol,"Vidda Myrsky Sleeping Mat for sleeping bags & mats. Petrol. Built for Nordic conditions, season after season.",2,5,Sleeping Mat,Petrol,Petrol,pcs,1,1,0.796,true,,2025-04-16
685,VID-SLP-0030,6402026006853,Vidda Myrsky Sleeping Mat Forest,Reliable sleeping mat from Vidda's Myrsky range. Forest. A wholesale staple for outdoor retailers.,2,5,Sleeping Mat,Forest,Forest,pcs,6,6,0.858,true,,2020-05-19
686,VID-SLP-0031,6402026006860,Vidda Myrsky Sleeping Mat Black,"Vidda Myrsky: a sleeping mat that balances weight, durability and price. Black. Retail-ready packaging.",2,5,Sleeping Mat,Black,Black,pcs,6,6,0.395,true,,2021-11-15
687,VID-SLP-0032,6402026006877,Vidda Myrsky Sleeping Mat Midnight Blue,The Myrsky sleeping mat by Vidda. Midnight Blue. Popular with rental outfitters and clubs.,2,5,Sleeping Mat,Midnight Blue,Midnight Blue,pcs,1,1,0.282,false,2022-06-03,2021-10-20
688,VID-SLP-0033,6402026006884,Vidda Nordic Pro Down Sleeping Bag +5°C Sand,"Vidda Nordic Pro Down Sleeping Bag for sleeping bags & mats. +5°C / Sand. Built for Nordic conditions, season after season.",2,5,Down Sleeping Bag,+5°C,Sand,pcs,1,1,0.636,true,,2024-05-09
689,VID-SLP-0034,6402026006891,Vidda Nordic Pro Down Sleeping Bag 0°C Sand,Reliable down sleeping bag from Vidda's Nordic Pro range. 0°C / Sand. A wholesale staple for outdoor retailers.,2,5,Down Sleeping Bag,0°C,Sand,pcs,1,1,1.624,true,,2022-05-01
690,VID-SLP-0035,6402026006907,Vidda Nordic Pro Down Sleeping Bag -10°C Sand,"Vidda Nordic Pro: a down sleeping bag that balances weight, durability and price. -10°C / Sand. Retail-ready packaging.",2,5,Down Sleeping Bag,-10°C,Sand,pcs,12,12,1.110,true,,2025-12-27
691,VID-SLP-0036,6402026006914,Vidda Nordic Pro Down Sleeping Bag -20°C Sand,The Nordic Pro down sleeping bag by Vidda. -20°C / Sand. Popular with rental outfitters and clubs.,2,5,Down Sleeping Bag,-20°C,Sand,pcs,1,1,0.781,true,,2026-03-25
692,VID-SLP-0037,6402026006921,Vidda Fjell Plus Bag Liner Ruby Red,"Vidda Fjell Plus Bag Liner for sleeping bags & mats. Ruby Red. Built for Nordic conditions, season after season.",2,5,Bag Liner,Ruby Red,Ruby Red,pcs,1,1,0.163,true,,2025-07-07
693,VID-SLP-0038,6402026006938,Vidda Sarek Pro Bag Liner Slate Grey,Reliable bag liner from Vidda's Sarek Pro range. Slate Grey. A wholesale staple for outdoor retailers.,2,5,Bag Liner,Slate Grey,Slate Grey,pcs,1,1,0.436,true,,2019-06-25
694,VID-SLP-0039,6402026006945,Vidda Kaamos Synthetic Sleeping Bag -5°C Midnight Blue,"Vidda Kaamos: a synthetic sleeping bag that balances weight, durability and price. -5°C / Midnight Blue. Retail-ready packaging.",2,5,Synthetic Sleeping Bag,-5°C,Midnight Blue,pcs,1,1,1.041,true,,2020-07-11
695,VID-SLP-0040,6402026006952,Vidda Kaamos Synthetic Sleeping Bag -20°C Midnight Blue,The Kaamos synthetic sleeping bag by Vidda. -20°C / Midnight Blue. Popular with rental outfitters and clubs.,2,5,Synthetic Sleeping Bag,-20°C,Midnight Blue,pcs,1,1,1.434,true,,2023-10-11
696,VID-SLP-0041,6402026006969,Vidda Kaamos Synthetic Sleeping Bag +5°C Midnight Blue,"Vidda Kaamos Synthetic Sleeping Bag for sleeping bags & mats. +5°C / Midnight Blue. Built for Nordic conditions, season after season.",2,5,Synthetic Sleeping Bag,+5°C,Midnight Blue,pcs,1,1,0.339,true,,2021-09-01
697,VID-SLP-0042,6402026006976,Vidda Kaamos Synthetic Sleeping Bag 0°C Midnight Blue,Reliable synthetic sleeping bag from Vidda's Kaamos range. 0°C / Midnight Blue. A wholesale staple for outdoor retailers.,2,5,Synthetic Sleeping Bag,0°C,Midnight Blue,pcs,1,1,1.247,true,,2024-04-13
698,VID-SLP-0043,6402026006983,Vidda Ultra 2.0 Bag Liner Arctic White,"Vidda Ultra 2.0: a bag liner that balances weight, durability and price. Arctic White. Retail-ready packaging.",2,5,Bag Liner,Arctic White,Arctic White,pcs,12,12,0.634,true,,2024-07-20
699,VID-SLP-0044,6402026006990,Vidda Ultra 2.0 Bag Liner Graphite,The Ultra 2.0 bag liner by Vidda. Graphite. Popular with rental outfitters and clubs.,2,5,Bag Liner,Graphite,Graphite,pcs,1,1,0.489,true,,2019-11-06
700,VID-SLP-0045,6402026007003,Vidda Ultra Eco Synthetic Sleeping Bag -5°C Black,"Vidda Ultra Eco Synthetic Sleeping Bag for sleeping bags & mats. -5°C / Black. Built for Nordic conditions, season after season.",2,5,Synthetic Sleeping Bag,-5°C,Black,pcs,1,1,1.106,true,,2021-07-31
701,VID-SLP-0046,6402026007010,Vidda Ultra Eco Synthetic Sleeping Bag 0°C Black,Reliable synthetic sleeping bag from Vidda's Ultra Eco range. 0°C / Black. A wholesale staple for outdoor retailers.,2,5,Synthetic Sleeping Bag,0°C,Black,pcs,1,1,1.170,true,,2024-12-02
702,VID-SLP-0047,6402026007027,Vidda Ultra Eco Synthetic Sleeping Bag -20°C Black,"Vidda Ultra Eco: a synthetic sleeping bag that balances weight, durability and price. -20°C / Black. Retail-ready packaging.",2,5,Synthetic Sleeping Bag,-20°C,Black,pcs,6,6,0.519,true,,2024-04-28
703,HAL-BAS-0001,6402026007034,Halla Nordkapp Pro Hiking Shorts XXL Midnight Blue,The Nordkapp Pro hiking shorts by Halla. XXL / Midnight Blue. Popular with rental outfitters and clubs.,6,6,Hiking Shorts,XXL,Midnight Blue,pcs,1,1,0.193,true,,2024-09-08
704,HAL-BAS-0002,6402026007041,Halla Nordkapp Pro Hiking Shorts M Midnight Blue,"Halla Nordkapp Pro Hiking Shorts for base & mid layers. M / Midnight Blue. Built for Nordic conditions, season after season.",6,6,Hiking Shorts,M,Midnight Blue,pcs,6,6,0.178,true,,2025-11-22
705,HAL-BAS-0003,6402026007058,Halla Nordkapp Pro Hiking Shorts XL Midnight Blue,Reliable hiking shorts from Halla's Nordkapp Pro range. XL / Midnight Blue. A wholesale staple for outdoor retailers.,6,6,Hiking Shorts,XL,Midnight Blue,pcs,1,1,0.218,true,,2022-11-22
706,HAL-BAS-0004,6402026007065,Halla Nordkapp Pro Hiking Shorts L Midnight Blue,"Halla Nordkapp Pro: a hiking shorts that balances weight, durability and price. L / Midnight Blue. Retail-ready packaging.",6,6,Hiking Shorts,L,Midnight Blue,pcs,1,1,0.156,true,,2023-06-30
707,HAL-BAS-0005,6402026007072,Halla Trail WP Hiking Socks 2-pack XXL Deep Teal,The Trail WP hiking socks 2-pack by Halla. XXL / Deep Teal. Popular with rental outfitters and clubs.,6,6,Hiking Socks 2-pack,XXL,Deep Teal,pcs,1,1,0.068,true,,2023-04-29
708,HAL-BAS-0006,6402026007089,Halla Trail WP Hiking Socks 2-pack XL Deep Teal,"Halla Trail WP Hiking Socks 2-pack for base & mid layers. XL / Deep Teal. Built for Nordic conditions, season after season.",6,6,Hiking Socks 2-pack,XL,Deep Teal,pcs,6,6,0.064,true,,2022-01-17
709,HAL-BAS-0007,6402026007096,Halla Trail WP Hiking Socks 2-pack XS Deep Teal,Reliable hiking socks 2-pack from Halla's Trail WP range. XS / Deep Teal. A wholesale staple for outdoor retailers.,6,6,Hiking Socks 2-pack,XS,Deep Teal,pcs,1,1,0.072,true,,2025-03-14
710,HAL-BAS-0008,6402026007102,Halla Trail WP Hiking Socks 2-pack M Deep Teal,"Halla Trail WP: a hiking socks 2-pack that balances weight, durability and price. M / Deep Teal. Retail-ready packaging.",6,6,Hiking Socks 2-pack,M,Deep Teal,pcs,12,12,0.145,true,,2024-11-15
711,HAL-BAS-0009,6402026007119,Halla Helags II Merino Base Layer Top XS Lichen,The Helags II merino base layer top by Halla. XS / Lichen. Popular with rental outfitters and clubs.,6,6,Merino Base Layer Top,XS,Lichen,pcs,1,1,0.219,true,,2021-06-08
712,HAL-BAS-0010,6402026007126,Halla Helags II Merino Base Layer Top XXL Lichen,"Halla Helags II Merino Base Layer Top for base & mid layers. XXL / Lichen. Built for Nordic conditions, season after season.",6,6,Merino Base Layer Top,XXL,Lichen,pcs,12,12,0.361,true,,2021-06-02
713,HAL-BAS-0011,6402026007133,Halla Helags II Merino Base Layer Top XL Lichen,Reliable merino base layer top from Halla's Helags II range. XL / Lichen. A wholesale staple for outdoor retailers.,6,6,Merino Base Layer Top,XL,Lichen,pcs,1,1,0.237,true,,2019-05-07
714,HAL-BAS-0012,6402026007140,Halla Snøhetta Plus Hiking Trousers M Sand,"Halla Snøhetta Plus: a hiking trousers that balances weight, durability and price. M / Sand. Retail-ready packaging.",6,6,Hiking Trousers,M,Sand,pcs,1,1,0.491,true,,2025-11-27
715,HAL-BAS-0013,6402026007157,Halla Snøhetta Plus Hiking Trousers S Sand,The Snøhetta Plus hiking trousers by Halla. S / Sand. Popular with rental outfitters and clubs.,6,6,Hiking Trousers,S,Sand,pcs,1,1,0.440,true,,2019-02-06
716,HAL-BAS-0014,6402026007164,Halla Snøhetta Plus Hiking Trousers L Sand,"Halla Snøhetta Plus Hiking Trousers for base & mid layers. L / Sand. Built for Nordic conditions, season after season.",6,6,Hiking Trousers,L,Sand,pcs,1,1,0.413,true,,2019-06-21
717,HAL-BAS-0015,6402026007171,Halla Snøhetta Plus Hiking Trousers XXL Sand,Reliable hiking trousers from Halla's Snøhetta Plus range. XXL / Sand. A wholesale staple for outdoor retailers.,6,6,Hiking Trousers,XXL,Sand,pcs,1,1,0.432,true,,2024-08-04
718,HAL-BAS-0016,6402026007188,Halla Snøhetta Plus Hiking Trousers XL Sand,"Halla Snøhetta Plus: a hiking trousers that balances weight, durability and price. XL / Sand. Retail-ready packaging.",6,6,Hiking Trousers,XL,Sand,pcs,12,12,0.232,true,,2020-10-14
719,HAL-BAS-0017,6402026007195,Halla Halti Merino Base Layer Top XS Midnight Blue,The Halti merino base layer top by Halla. XS / Midnight Blue. Popular with rental outfitters and clubs.,6,6,Merino Base Layer Top,XS,Midnight Blue,pcs,12,12,0.283,true,,2022-06-04
720,HAL-BAS-0018,6402026007201,Halla Halti Merino Base Layer Top XXL Midnight Blue,"Halla Halti Merino Base Layer Top for base & mid layers. XXL / Midnight Blue. Built for Nordic conditions, season after season.",6,6,Merino Base Layer Top,XXL,Midnight Blue,pcs,1,1,0.222,true,,2024-07-21
721,HAL-BAS-0019,6402026007218,Halla Halti Merino Base Layer Top L Midnight Blue,Reliable merino base layer top from Halla's Halti range. L / Midnight Blue. A wholesale staple for outdoor retailers.,6,6,Merino Base Layer Top,L,Midnight Blue,pcs,1,1,0.223,true,,2025-08-07
722,HAL-BAS-0020,6402026007225,Halla Halti Merino Base Layer Top XL Midnight Blue,"Halla Halti: a merino base layer top that balances weight, durability and price. XL / Midnight Blue. Retail-ready packaging.",6,6,Merino Base Layer Top,XL,Midnight Blue,pcs,12,12,0.378,true,,2023-06-30
723,HAL-BAS-0021,6402026007232,Halla Halti Merino Base Layer Top S Midnight Blue,The Halti merino base layer top by Halla. S / Midnight Blue. Popular with rental outfitters and clubs.,6,6,Merino Base Layer Top,S,Midnight Blue,pcs,12,12,0.309,true,,2019-09-01
724,HAL-BAS-0022,6402026007249,Halla Lumi XT Merino Base Layer Bottom M Sand,"Halla Lumi XT Merino Base Layer Bottom for base & mid layers. M / Sand. Built for Nordic conditions, season after season.",6,6,Merino Base Layer Bottom,M,Sand,pcs,1,1,0.347,true,,2022-03-31
725,HAL-BAS-0023,6402026007256,Halla Lumi XT Merino Base Layer Bottom S Sand,Reliable merino base layer bottom from Halla's Lumi XT range. S / Sand. A wholesale staple for outdoor retailers.,6,6,Merino Base Layer Bottom,S,Sand,pcs,6,6,0.229,true,,2025-08-13
726,HAL-BAS-0024,6402026007263,Halla Lumi XT Merino Base Layer Bottom XXL Sand,"Halla Lumi XT: a merino base layer bottom that balances weight, durability and price. XXL / Sand. Retail-ready packaging.",6,6,Merino Base Layer Bottom,XXL,Sand,pcs,1,1,0.151,true,,2026-02-25
727,HAL-BAS-0025,6402026007270,Halla Lumi XT Merino Base Layer Bottom L Sand,The Lumi XT merino base layer bottom by Halla. L / Sand. Popular with rental outfitters and clubs.,6,6,Merino Base Layer Bottom,L,Sand,pcs,1,1,0.169,true,,2020-06-16
728,HAL-BAS-0026,6402026007287,Halla Lumi XT Merino Base Layer Bottom XL Sand,"Halla Lumi XT Merino Base Layer Bottom for base & mid layers. XL / Sand. Built for Nordic conditions, season after season.",6,6,Merino Base Layer Bottom,XL,Sand,pcs,1,1,0.335,false,2026-06-09,2024-06-25
729,HAL-BAS-0027,6402026007294,Halla Summit XT Hiking Trousers XL Deep Teal,Reliable hiking trousers from Halla's Summit XT range. XL / Deep Teal. A wholesale staple for outdoor retailers.,6,6,Hiking Trousers,XL,Deep Teal,pcs,6,6,0.209,true,,2023-05-25
730,HAL-BAS-0028,6402026007300,Halla Summit XT Hiking Trousers M Deep Teal,"Halla Summit XT: a hiking trousers that balances weight, durability and price. M / Deep Teal. Retail-ready packaging.",6,6,Hiking Trousers,M,Deep Teal,pcs,1,1,0.305,true,,2022-02-18
731,HAL-BAS-0029,6402026007317,Halla Summit XT Hiking Trousers L Deep Teal,The Summit XT hiking trousers by Halla. L / Deep Teal. Popular with rental outfitters and clubs.,6,6,Hiking Trousers,L,Deep Teal,pcs,6,6,0.499,true,,2019-04-02
732,HAL-BAS-0030,6402026007324,Halla Summit XT Hiking Trousers XXL Deep Teal,"Halla Summit XT Hiking Trousers for base & mid layers. XXL / Deep Teal. Built for Nordic conditions, season after season.",6,6,Hiking Trousers,XXL,Deep Teal,pcs,1,1,0.234,true,,2020-03-16
733,HAL-BAS-0031,6402026007331,Halla Pallas Hiking Socks 2-pack XS Black,Reliable hiking socks 2-pack from Halla's Pallas range. XS / Black. A wholesale staple for outdoor retailers.,6,6,Hiking Socks 2-pack,XS,Black,pcs,1,1,0.128,true,,2025-07-19
734,HAL-BAS-0032,6402026007348,Halla Tind Merino Base Layer Bottom S Lichen,"Halla Tind: a merino base layer bottom that balances weight, durability and price. S / Lichen. Retail-ready packaging.",6,6,Merino Base Layer Bottom,S,Lichen,pcs,6,6,0.141,true,,2022-10-26
735,HAL-BAS-0033,6402026007355,Halla Tind Merino Base Layer Bottom L Lichen,The Tind merino base layer bottom by Halla. L / Lichen. Popular with rental outfitters and clubs.,6,6,Merino Base Layer Bottom,L,Lichen,pcs,1,1,0.094,true,,2024-09-21
736,HAL-BAS-0034,6402026007362,Halla Tind Merino Base Layer Bottom M Lichen,"Halla Tind Merino Base Layer Bottom for base & mid layers. M / Lichen. Built for Nordic conditions, season after season.",6,6,Merino Base Layer Bottom,M,Lichen,pcs,1,1,0.253,true,,2022-07-25
737,HAL-BAS-0035,6402026007379,Halla Rondane XT Hiking Socks 2-pack XXL Burnt Orange,Reliable hiking socks 2-pack from Halla's Rondane XT range. XXL / Burnt Orange. A wholesale staple for outdoor retailers.,6,6,Hiking Socks 2-pack,XXL,Burnt Orange,pcs,6,6,0.156,true,,2021-05-07
738,HAL-BAS-0036,6402026007386,Halla Rondane XT Hiking Socks 2-pack L Burnt Orange,"Halla Rondane XT: a hiking socks 2-pack that balances weight, durability and price. L / Burnt Orange. Retail-ready packaging.",6,6,Hiking Socks 2-pack,L,Burnt Orange,pcs,12,12,0.068,true,,2022-03-21
739,HAL-BAS-0037,6402026007393,Halla Polar WP Hiking Trousers M Black,The Polar WP hiking trousers by Halla. M / Black. Popular with rental outfitters and clubs.,6,6,Hiking Trousers,M,Black,pcs,1,1,0.288,true,,2019-01-18
740,HAL-BAS-0038,6402026007409,Halla Polar WP Hiking Trousers XL Black,"Halla Polar WP Hiking Trousers for base & mid layers. XL / Black. Built for Nordic conditions, season after season.",6,6,Hiking Trousers,XL,Black,pcs,12,12,0.206,true,,2026-04-19
741,HAL-BAS-0039,6402026007416,Halla Skog II Fleece Jacket M Ochre,Reliable fleece jacket from Halla's Skog II range. M / Ochre. A wholesale staple for outdoor retailers.,6,6,Fleece Jacket,M,Ochre,pcs,6,6,0.273,true,,2022-12-23
742,HAL-BAS-0040,6402026007423,Halla Skog II Fleece Jacket S Ochre,"Halla Skog II: a fleece jacket that balances weight, durability and price. S / Ochre. Retail-ready packaging.",6,6,Fleece Jacket,S,Ochre,pcs,1,1,0.269,true,,2023-06-01
743,HAL-BAS-0041,6402026007430,Halla Helags Hiking Socks 2-pack S Arctic White,The Helags hiking socks 2-pack by Halla. S / Arctic White. Popular with rental outfitters and clubs.,6,6,Hiking Socks 2-pack,S,Arctic White,pcs,1,1,0.111,true,,2023-03-22
744,HAL-BAS-0042,6402026007447,Halla Helags Hiking Socks 2-pack XL Arctic White,"Halla Helags Hiking Socks 2-pack for base & mid layers. XL / Arctic White. Built for Nordic conditions, season after season.",6,6,Hiking Socks 2-pack,XL,Arctic White,pcs,1,1,0.088,true,,2025-05-28
745,HAL-BAS-0043,6402026007454,Halla Helags Hiking Socks 2-pack M Arctic White,Reliable hiking socks 2-pack from Halla's Helags range. M / Arctic White. A wholesale staple for outdoor retailers.,6,6,Hiking Socks 2-pack,M,Arctic White,pcs,12,12,0.114,true,,2025-08-15
746,HAL-BAS-0044,6402026007461,Halla Varanger II Hiking Shorts M Forest,"Halla Varanger II: a hiking shorts that balances weight, durability and price. M / Forest. Retail-ready packaging.",6,6,Hiking Shorts,M,Forest,pcs,1,1,0.142,true,,2021-10-07
747,HAL-BAS-0045,6402026007478,Halla Varanger II Hiking Shorts S Forest,The Varanger II hiking shorts by Halla. S / Forest. Popular with rental outfitters and clubs.,6,6,Hiking Shorts,S,Forest,pcs,1,1,0.228,true,,2023-01-26
748,HAL-BAS-0046,6402026007485,Halla Varanger II Hiking Shorts XL Forest,"Halla Varanger II Hiking Shorts for base & mid layers. XL / Forest. Built for Nordic conditions, season after season.",6,6,Hiking Shorts,XL,Forest,pcs,12,12,0.273,true,,2024-05-03
749,HAL-BAS-0047,6402026007492,Halla Jotun Lite Merino Base Layer Top XS Sunset Yellow,Reliable merino base layer top from Halla's Jotun Lite range. XS / Sunset Yellow. A wholesale staple for outdoor retailers.,6,6,Merino Base Layer Top,XS,Sunset Yellow,pcs,12,12,0.349,true,,2019-09-05
750,HAL-BAS-0048,6402026007508,Halla Jotun Lite Merino Base Layer Top S Sunset Yellow,"Halla Jotun Lite: a merino base layer top that balances weight, durability and price. S / Sunset Yellow. Retail-ready packaging.",6,6,Merino Base Layer Top,S,Sunset Yellow,pcs,12,12,0.232,true,,2022-11-12
751,HAL-BAS-0049,6402026007515,Halla Jotun Lite Merino Base Layer Top XXL Sunset Yellow,The Jotun Lite merino base layer top by Halla. XXL / Sunset Yellow. Popular with rental outfitters and clubs.,6,6,Merino Base Layer Top,XXL,Sunset Yellow,pcs,12,12,0.416,true,,2025-04-20
752,HAL-BAS-0050,6402026007522,Halla Jotun Lite Merino Base Layer Top L Sunset Yellow,"Halla Jotun Lite Merino Base Layer Top for base & mid layers. L / Sunset Yellow. Built for Nordic conditions, season after season.",6,6,Merino Base Layer Top,L,Sunset Yellow,pcs,6,6,0.343,true,,2024-10-18
753,HAL-BAS-0051,6402026007539,Halla Sylarna Merino Base Layer Bottom L Deep Teal,Reliable merino base layer bottom from Halla's Sylarna range. L / Deep Teal. A wholesale staple for outdoor retailers.,6,6,Merino Base Layer Bottom,L,Deep Teal,pcs,12,12,0.144,true,,2024-06-08
754,HAL-BAS-0052,6402026007546,Halla Sylarna Merino Base Layer Bottom S Deep Teal,"Halla Sylarna: a merino base layer bottom that balances weight, durability and price. S / Deep Teal. Retail-ready packaging.",6,6,Merino Base Layer Bottom,S,Deep Teal,pcs,1,1,0.261,true,,2019-05-02
755,HAL-BAS-0053,6402026007553,Halla Sylarna Merino Base Layer Bottom XL Deep Teal,The Sylarna merino base layer bottom by Halla. XL / Deep Teal. Popular with rental outfitters and clubs.,6,6,Merino Base Layer Bottom,XL,Deep Teal,pcs,6,6,0.128,true,,2026-01-31
756,HAL-BAS-0054,6402026007560,Halla Sylarna Merino Base Layer Bottom XXL Deep Teal,"Halla Sylarna Merino Base Layer Bottom for base & mid layers. XXL / Deep Teal. Built for Nordic conditions, season after season.",6,6,Merino Base Layer Bottom,XXL,Deep Teal,pcs,1,1,0.131,true,,2021-08-10
757,HAL-BAS-0055,6402026007577,Halla Sylarna Merino Base Layer Bottom XS Deep Teal,Reliable merino base layer bottom from Halla's Sylarna range. XS / Deep Teal. A wholesale staple for outdoor retailers.,6,6,Merino Base Layer Bottom,XS,Deep Teal,pcs,1,1,0.335,true,,2022-07-16
758,HAL-BAS-0056,6402026007584,Halla Fjell Lite Merino Base Layer Top XS Slate Grey,"Halla Fjell Lite: a merino base layer top that balances weight, durability and price. XS / Slate Grey. Retail-ready packaging.",6,6,Merino Base Layer Top,XS,Slate Grey,pcs,6,6,0.404,false,2023-03-03,2021-03-13
759,HAL-ACC-0001,6402026007591,Halla Ylläs II Liner Gloves M Slate Grey,The Ylläs II liner gloves by Halla. M / Slate Grey. Popular with rental outfitters and clubs.,14,6,Liner Gloves,M,Slate Grey,pcs,6,6,0.042,true,,2019-06-30
760,HAL-ACC-0002,6402026007607,Halla Ylläs II Liner Gloves XL Slate Grey,"Halla Ylläs II Liner Gloves for accessories & maintenance. XL / Slate Grey. Built for Nordic conditions, season after season.",14,6,Liner Gloves,XL,Slate Grey,pcs,12,12,0.080,true,,2022-09-03
761,HAL-ACC-0003,6402026007614,Halla Ylläs II Liner Gloves XXL Slate Grey,Reliable liner gloves from Halla's Ylläs II range. XXL / Slate Grey. A wholesale staple for outdoor retailers.,14,6,Liner Gloves,XXL,Slate Grey,pcs,6,6,0.138,true,,2024-09-05
762,HAL-ACC-0004,6402026007621,Halla Vidda Plus Trekking Poles 160 cm Arctic White,"Halla Vidda Plus: a trekking poles that balances weight, durability and price. 160 cm / Arctic White. Retail-ready packaging.",14,6,Trekking Poles,160 cm,Arctic White,pcs,6,6,0.579,true,,2023-08-17
763,HAL-ACC-0005,6402026007638,Halla Vidda 2.0 Repair Kit,The Vidda 2.0 repair kit by Halla. Popular with rental outfitters and clubs.,14,6,Repair Kit,,,pcs,1,1,0.061,true,,2020-06-04
764,HAL-ACC-0006,6402026007645,Halla Lumi WP First Aid Kit M Moss Green,"Halla Lumi WP First Aid Kit for accessories & maintenance. M / Moss Green. Built for Nordic conditions, season after season.",14,6,First Aid Kit,M,Moss Green,pcs,1,1,0.139,true,,2019-10-22
765,HAL-ACC-0007,6402026007652,Halla Lumi WP First Aid Kit XL Moss Green,Reliable first aid kit from Halla's Lumi WP range. XL / Moss Green. A wholesale staple for outdoor retailers.,14,6,First Aid Kit,XL,Moss Green,pcs,6,6,0.015,true,,2019-07-08
766,HAL-ACC-0008,6402026007669,Halla Lumi WP First Aid Kit XXL Moss Green,"Halla Lumi WP: a first aid kit that balances weight, durability and price. XXL / Moss Green. Retail-ready packaging.",14,6,First Aid Kit,XXL,Moss Green,pcs,1,1,0.140,true,,2020-05-17
767,HAL-ACC-0009,6402026007676,Halla Lumi WP First Aid Kit XS Moss Green,The Lumi WP first aid kit by Halla. XS / Moss Green. Popular with rental outfitters and clubs.,14,6,First Aid Kit,XS,Moss Green,pcs,12,12,0.032,true,,2020-08-05
768,HAL-ACC-0010,6402026007683,Halla Ruska Lite Waterproofing Spray,"Halla Ruska Lite Waterproofing Spray for accessories & maintenance. Built for Nordic conditions, season after season.",14,6,Waterproofing Spray,,,pcs,1,1,0.165,true,,2023-01-21
769,HAL-ACC-0011,6402026007690,Halla Abisko Pro Repair Kit,Reliable repair kit from Halla's Abisko Pro range. A wholesale staple for outdoor retailers.,14,6,Repair Kit,,,pcs,12,12,0.125,true,,2025-06-28
770,HAL-ACC-0012,6402026007706,Halla Vidda 2.0 Liner Gloves M Forest,"Halla Vidda 2.0: a liner gloves that balances weight, durability and price. M / Forest. Retail-ready packaging.",14,6,Liner Gloves,M,Forest,pcs,1,1,0.066,false,2022-02-14,2019-06-24
771,HAL-ACC-0013,6402026007713,Halla Vidda 2.0 Liner Gloves XL Forest,The Vidda 2.0 liner gloves by Halla. XL / Forest. Popular with rental outfitters and clubs.,14,6,Liner Gloves,XL,Forest,pcs,12,12,0.070,true,,2022-02-20
772,HAL-ACC-0014,6402026007720,Halla Vidda 2.0 Liner Gloves L Forest,"Halla Vidda 2.0 Liner Gloves for accessories & maintenance. L / Forest. Built for Nordic conditions, season after season.",14,6,Liner Gloves,L,Forest,pcs,6,6,0.066,false,2023-05-04,2022-02-05
773,HAL-ACC-0015,6402026007737,Halla Nuten Lite Neck Gaiter Lichen,Reliable neck gaiter from Halla's Nuten Lite range. Lichen. A wholesale staple for outdoor retailers.,14,6,Neck Gaiter,Lichen,Lichen,pcs,1,1,0.148,true,,2024-09-04
774,HAL-ACC-0016,6402026007744,Halla Nuten Lite Neck Gaiter Forest,"Halla Nuten Lite: a neck gaiter that balances weight, durability and price. Forest. Retail-ready packaging.",14,6,Neck Gaiter,Forest,Forest,pcs,12,12,0.176,true,,2022-08-19
775,HAL-ACC-0017,6402026007751,Halla Skog WP Trekking Poles 210 cm Moss Green,The Skog WP trekking poles by Halla. 210 cm / Moss Green. Popular with rental outfitters and clubs.,14,6,Trekking Poles,210 cm,Moss Green,pcs,1,1,0.409,true,,2022-01-13
776,HAL-ACC-0018,6402026007768,Halla Skog WP Trekking Poles 160 cm Moss Green,"Halla Skog WP Trekking Poles for accessories & maintenance. 160 cm / Moss Green. Built for Nordic conditions, season after season.",14,6,Trekking Poles,160 cm,Moss Green,pcs,1,1,0.517,true,,2024-07-02
777,HAL-ACC-0019,6402026007775,Halla Skog WP Trekking Poles 115 cm Moss Green,Reliable trekking poles from Halla's Skog WP range. 115 cm / Moss Green. A wholesale staple for outdoor retailers.,14,6,Trekking Poles,115 cm,Moss Green,pcs,1,1,0.387,true,,2025-01-26
778,HAL-ACC-0020,6402026007782,Halla Skog WP Trekking Poles 125 cm Moss Green,"Halla Skog WP: a trekking poles that balances weight, durability and price. 125 cm / Moss Green. Retail-ready packaging.",14,6,Trekking Poles,125 cm,Moss Green,pcs,1,1,0.240,true,,2021-11-10
779,HAL-ACC-0021,6402026007799,Halla Kilpis II Repair Kit,The Kilpis II repair kit by Halla. Popular with rental outfitters and clubs.,14,6,Repair Kit,,,pcs,1,1,0.063,true,,2024-07-15
780,HAL-ACC-0022,6402026007805,Halla Pallas Trekking Poles 125 cm Black,"Halla Pallas Trekking Poles for accessories & maintenance. 125 cm / Black. Built for Nordic conditions, season after season.",14,6,Trekking Poles,125 cm,Black,pcs,12,12,0.577,true,,2020-07-30
781,HAL-ACC-0023,6402026007812,Halla Pallas Trekking Poles 115 cm Black,Reliable trekking poles from Halla's Pallas range. 115 cm / Black. A wholesale staple for outdoor retailers.,14,6,Trekking Poles,115 cm,Black,pcs,1,1,0.251,true,,2023-03-12
782,HAL-ACC-0024,6402026007829,Halla Pallas Trekking Poles 135 cm Black,"Halla Pallas: a trekking poles that balances weight, durability and price. 135 cm / Black. Retail-ready packaging.",14,6,Trekking Poles,135 cm,Black,pcs,1,1,0.023,true,,2024-10-04
783,HAL-ACC-0025,6402026007836,Halla Lyngen Plus Liner Gloves S Sunset Yellow,The Lyngen Plus liner gloves by Halla. S / Sunset Yellow. Popular with rental outfitters and clubs.,14,6,Liner Gloves,S,Sunset Yellow,pcs,1,1,0.030,true,,2024-06-17
784,HAL-ACC-0026,6402026007843,Halla Lyngen Plus Liner Gloves XL Sunset Yellow,"Halla Lyngen Plus Liner Gloves for accessories & maintenance. XL / Sunset Yellow. Built for Nordic conditions, season after season.",14,6,Liner Gloves,XL,Sunset Yellow,pcs,1,1,0.078,true,,2020-06-20
785,HAL-ACC-0027,6402026007850,Halla Kaldo II Repair Kit,Reliable repair kit from Halla's Kaldo II range. A wholesale staple for outdoor retailers.,14,6,Repair Kit,,,pcs,12,12,0.133,true,,2022-07-13
786,HAL-ACC-0028,6402026007867,Halla Sarek Neck Gaiter Forest,"Halla Sarek: a neck gaiter that balances weight, durability and price. Forest. Retail-ready packaging.",14,6,Neck Gaiter,Forest,Forest,pcs,1,1,0.057,true,,2019-05-24
787,HAL-ACC-0029,6402026007874,Halla Kebnekaise Plus Trekking Poles 125 cm Graphite,The Kebnekaise Plus trekking poles by Halla. 125 cm / Graphite. Popular with rental outfitters and clubs.,14,6,Trekking Poles,125 cm,Graphite,pcs,1,1,0.439,true,,2022-03-18
788,HAL-ACC-0030,6402026007881,Halla Kebnekaise Plus Trekking Poles 160 cm Graphite,"Halla Kebnekaise Plus Trekking Poles for accessories & maintenance. 160 cm / Graphite. Built for Nordic conditions, season after season.",14,6,Trekking Poles,160 cm,Graphite,pcs,1,1,0.411,true,,2024-07-08
789,HAL-ACC-0031,6402026007898,Halla Kebnekaise Plus Trekking Poles 105 cm Graphite,Reliable trekking poles from Halla's Kebnekaise Plus range. 105 cm / Graphite. A wholesale staple for outdoor retailers.,14,6,Trekking Poles,105 cm,Graphite,pcs,1,1,0.496,true,,2019-01-30
790,HAL-ACC-0032,6402026007904,Halla Lyngen Repair Kit,"Halla Lyngen: a repair kit that balances weight, durability and price. Retail-ready packaging.",14,6,Repair Kit,,,pcs,6,6,0.022,true,,2020-03-10
791,HAL-ACC-0033,6402026007911,Halla Varanger XT Waterproofing Spray,The Varanger XT waterproofing spray by Halla. Popular with rental outfitters and clubs.,14,6,Waterproofing Spray,,,pcs,1,1,0.068,true,,2020-12-26
792,HAL-ACC-0034,6402026007928,Halla Pallas Trekking Poles 125 cm Burnt Orange,"Halla Pallas Trekking Poles for accessories & maintenance. 125 cm / Burnt Orange. Built for Nordic conditions, season after season.",14,6,Trekking Poles,125 cm,Burnt Orange,pcs,12,12,0.524,true,,2021-02-26
793,HAL-ACC-0035,6402026007935,Halla Pallas Trekking Poles 150 cm Burnt Orange,Reliable trekking poles from Halla's Pallas range. 150 cm / Burnt Orange. A wholesale staple for outdoor retailers.,14,6,Trekking Poles,150 cm,Burnt Orange,pcs,1,1,0.319,true,,2020-06-22
794,HAL-ACC-0036,6402026007942,Halla Pallas Trekking Poles 135 cm Burnt Orange,"Halla Pallas: a trekking poles that balances weight, durability and price. 135 cm / Burnt Orange. Retail-ready packaging.",14,6,Trekking Poles,135 cm,Burnt Orange,pcs,12,12,0.206,true,,2019-12-31
795,HAL-ACC-0037,6402026007959,Halla Polar Lite Seam Sealer,The Polar Lite seam sealer by Halla. Popular with rental outfitters and clubs.,14,6,Seam Sealer,,,pcs,1,1,0.028,true,,2026-02-21
796,HAL-ACC-0038,6402026007966,Halla Vuori WP Map Case,"Halla Vuori WP Map Case for accessories & maintenance. Built for Nordic conditions, season after season.",14,6,Map Case,,,pcs,12,12,0.177,true,,2023-09-07
797,HAL-ACC-0039,6402026007973,Halla Sylarna Plus Liner Gloves XL Ruby Red,Reliable liner gloves from Halla's Sylarna Plus range. XL / Ruby Red. A wholesale staple for outdoor retailers.,14,6,Liner Gloves,XL,Ruby Red,pcs,12,12,0.119,true,,2019-05-01
798,HAL-ACC-0040,6402026007980,Halla Sylarna Plus Liner Gloves L Ruby Red,"Halla Sylarna Plus: a liner gloves that balances weight, durability and price. L / Ruby Red. Retail-ready packaging.",14,6,Liner Gloves,L,Ruby Red,pcs,6,6,0.046,true,,2022-11-14
799,HAL-ACC-0041,6402026007997,Halla Sylarna Plus Liner Gloves M Ruby Red,The Sylarna Plus liner gloves by Halla. M / Ruby Red. Popular with rental outfitters and clubs.,14,6,Liner Gloves,M,Ruby Red,pcs,12,12,0.039,true,,2019-05-28
800,HAL-ACC-0042,6402026008000,Halla Sylarna Plus Liner Gloves XS Ruby Red,"Halla Sylarna Plus Liner Gloves for accessories & maintenance. XS / Ruby Red. Built for Nordic conditions, season after season.",14,6,Liner Gloves,XS,Ruby Red,pcs,1,1,0.034,true,,2019-06-29
801,HAL-ACC-0043,6402026008017,Halla Kebnekaise XT Waterproofing Spray,Reliable waterproofing spray from Halla's Kebnekaise XT range. A wholesale staple for outdoor retailers.,14,6,Waterproofing Spray,,,pcs,1,1,0.034,true,,2021-03-18
802,HAL-ACC-0044,6402026008024,Halla Boreal Lite Waterproofing Spray,"Halla Boreal Lite: a waterproofing spray that balances weight, durability and price. Retail-ready packaging.",14,6,Waterproofing Spray,,,pcs,12,12,0.077,true,,2025-06-04
803,HAL-ACC-0045,6402026008031,Halla Ruska XT Repair Kit,The Ruska XT repair kit by Halla. Popular with rental outfitters and clubs.,14,6,Repair Kit,,,pcs,1,1,0.071,true,,2022-07-04
804,HAL-ACC-0046,6402026008048,Halla Boreal Waterproofing Spray,"Halla Boreal Waterproofing Spray for accessories & maintenance. Built for Nordic conditions, season after season.",14,6,Waterproofing Spray,,,pcs,1,1,0.090,true,,2025-12-31
805,HAL-ACC-0047,6402026008055,Halla Lyngen XT Liner Gloves XL Moss Green,Reliable liner gloves from Halla's Lyngen XT range. XL / Moss Green. A wholesale staple for outdoor retailers.,14,6,Liner Gloves,XL,Moss Green,pcs,1,1,0.016,true,,2023-03-15
806,HAL-ACC-0048,6402026008062,Halla Lyngen XT Liner Gloves XXL Moss Green,"Halla Lyngen XT: a liner gloves that balances weight, durability and price. XXL / Moss Green. Retail-ready packaging.",14,6,Liner Gloves,XXL,Moss Green,pcs,1,1,0.155,false,2023-01-25,2019-11-03
807,HAL-ACC-0049,6402026008079,Halla Pallas Lite First Aid Kit L Sunset Yellow,The Pallas Lite first aid kit by Halla. L / Sunset Yellow. Popular with rental outfitters and clubs.,14,6,First Aid Kit,L,Sunset Yellow,pcs,12,12,0.081,true,,2024-12-12
808,HAL-ACC-0050,6402026008086,Halla Storm WP Repair Kit,"Halla Storm WP Repair Kit for accessories & maintenance. Built for Nordic conditions, season after season.",14,6,Repair Kit,,,pcs,1,1,0.169,true,,2020-02-25
809,HAL-ACC-0051,6402026008093,Halla Lumi II Beanie Graphite,Reliable beanie from Halla's Lumi II range. Graphite. A wholesale staple for outdoor retailers.,14,6,Beanie,Graphite,Graphite,pcs,1,1,0.048,true,,2024-11-14
810,HAL-ACC-0052,6402026008109,Halla Hav 2.0 Map Case,"Halla Hav 2.0: a map case that balances weight, durability and price. Retail-ready packaging.",14,6,Map Case,,,pcs,1,1,0.086,true,,2020-09-15
811,BOR-PCK-0001,6402026008116,Boreal Ridge Eco Dry Bag 22L Slate Grey,The Ridge Eco dry bag by Boreal. 22L / Slate Grey. Popular with rental outfitters and clubs.,3,7,Dry Bag,22L,Slate Grey,pcs,1,1,0.558,true,,2020-03-30
812,BOR-PCK-0002,6402026008123,Boreal Nuten XT Hip Pack Midnight Blue,"Boreal Nuten XT Hip Pack for backpacks & bags. Midnight Blue. Built for Nordic conditions, season after season.",3,7,Hip Pack,Midnight Blue,Midnight Blue,pcs,1,1,0.151,true,,2020-03-08
813,BOR-PCK-0003,6402026008130,Boreal Nuten XT Hip Pack Graphite,Reliable hip pack from Boreal's Nuten XT range. Graphite. A wholesale staple for outdoor retailers.,3,7,Hip Pack,Graphite,Graphite,pcs,1,1,0.574,true,,2025-02-15
814,BOR-PCK-0004,6402026008147,Boreal Nuten XT Hip Pack Slate Grey,"Boreal Nuten XT: a hip pack that balances weight, durability and price. Slate Grey. Retail-ready packaging.",3,7,Hip Pack,Slate Grey,Slate Grey,pcs,1,1,0.127,true,,2022-05-23
815,BOR-PCK-0005,6402026008154,Boreal Pallas Lite Backpack 65L Graphite,The Pallas Lite backpack by Boreal. 65L / Graphite. Popular with rental outfitters and clubs.,3,7,Backpack,65L,Graphite,pcs,1,1,1.928,true,,2023-09-28
816,BOR-PCK-0006,6402026008161,Boreal Pallas Lite Backpack 45L Graphite,"Boreal Pallas Lite Backpack for backpacks & bags. 45L / Graphite. Built for Nordic conditions, season after season.",3,7,Backpack,45L,Graphite,pcs,1,1,2.183,true,,2022-01-15
817,BOR-PCK-0007,6402026008178,Boreal Pallas Lite Backpack 35L Graphite,Reliable backpack from Boreal's Pallas Lite range. 35L / Graphite. A wholesale staple for outdoor retailers.,3,7,Backpack,35L,Graphite,pcs,1,1,0.618,true,,2019-07-23
818,BOR-PCK-0008,6402026008185,Boreal Storm Duffel 40L Forest,"Boreal Storm: a duffel that balances weight, durability and price. 40L / Forest. Retail-ready packaging.",3,7,Duffel,40L,Forest,pcs,1,1,1.208,true,,2024-10-16
819,BOR-PCK-0009,6402026008192,Boreal Storm Duffel 120L Forest,The Storm duffel by Boreal. 120L / Forest. Popular with rental outfitters and clubs.,3,7,Duffel,120L,Forest,pcs,1,1,0.959,true,,2021-10-10
820,BOR-PCK-0010,6402026008208,Boreal Storm Duffel 90L Forest,"Boreal Storm Duffel for backpacks & bags. 90L / Forest. Built for Nordic conditions, season after season.",3,7,Duffel,90L,Forest,pcs,1,1,1.239,true,,2022-03-11
821,BOR-PCK-0011,6402026008215,Boreal Storm Duffel 60L Forest,Reliable duffel from Boreal's Storm range. 60L / Forest. A wholesale staple for outdoor retailers.,3,7,Duffel,60L,Forest,pcs,1,1,1.473,true,,2023-08-28
822,BOR-PCK-0012,6402026008222,Boreal Helags Pro Daypack 22L Midnight Blue,"Boreal Helags Pro: a daypack that balances weight, durability and price. 22L / Midnight Blue. Retail-ready packaging.",3,7,Daypack,22L,Midnight Blue,pcs,1,1,0.138,true,,2022-07-29
823,BOR-PCK-0013,6402026008239,Boreal Helags Pro Daypack 12L Midnight Blue,The Helags Pro daypack by Boreal. 12L / Midnight Blue. Popular with rental outfitters and clubs.,3,7,Daypack,12L,Midnight Blue,pcs,6,6,0.797,true,,2023-10-17
824,BOR-PCK-0014,6402026008246,Boreal Bre Pro Daypack 8L Slate Grey,"Boreal Bre Pro Daypack for backpacks & bags. 8L / Slate Grey. Built for Nordic conditions, season after season.",3,7,Daypack,8L,Slate Grey,pcs,12,12,0.889,true,,2020-01-03
825,BOR-PCK-0015,6402026008253,Boreal Saana II Dry Bag 28L Burnt Orange,Reliable dry bag from Boreal's Saana II range. 28L / Burnt Orange. A wholesale staple for outdoor retailers.,3,7,Dry Bag,28L,Burnt Orange,pcs,12,12,0.163,true,,2025-05-01
826,BOR-PCK-0016,6402026008260,Boreal Varanger 2.0 Daypack 12L Burnt Orange,"Boreal Varanger 2.0: a daypack that balances weight, durability and price. 12L / Burnt Orange. Retail-ready packaging.",3,7,Daypack,12L,Burnt Orange,pcs,6,6,0.679,true,,2026-02-25
827,BOR-PCK-0017,6402026008277,Boreal Varanger 2.0 Daypack 18L Burnt Orange,The Varanger 2.0 daypack by Boreal. 18L / Burnt Orange. Popular with rental outfitters and clubs.,3,7,Daypack,18L,Burnt Orange,pcs,1,1,0.280,true,,2019-08-23
828,BOR-PCK-0018,6402026008284,Boreal Varanger 2.0 Daypack 28L Burnt Orange,"Boreal Varanger 2.0 Daypack for backpacks & bags. 28L / Burnt Orange. Built for Nordic conditions, season after season.",3,7,Daypack,28L,Burnt Orange,pcs,1,1,1.129,true,,2023-04-22
829,BOR-PCK-0019,6402026008291,Boreal Varanger 2.0 Daypack 22L Burnt Orange,Reliable daypack from Boreal's Varanger 2.0 range. 22L / Burnt Orange. A wholesale staple for outdoor retailers.,3,7,Daypack,22L,Burnt Orange,pcs,1,1,0.704,true,,2025-01-03
830,BOR-PCK-0020,6402026008307,Boreal Varanger 2.0 Daypack 8L Burnt Orange,"Boreal Varanger 2.0: a daypack that balances weight, durability and price. 8L / Burnt Orange. Retail-ready packaging.",3,7,Daypack,8L,Burnt Orange,pcs,1,1,0.936,true,,2025-09-07
831,BOR-PCK-0021,6402026008314,Boreal Rondane II Daypack 22L Sunset Yellow,The Rondane II daypack by Boreal. 22L / Sunset Yellow. Popular with rental outfitters and clubs.,3,7,Daypack,22L,Sunset Yellow,pcs,6,6,0.733,true,,2019-10-19
832,BOR-PCK-0022,6402026008321,Boreal Rondane II Daypack 8L Sunset Yellow,"Boreal Rondane II Daypack for backpacks & bags. 8L / Sunset Yellow. Built for Nordic conditions, season after season.",3,7,Daypack,8L,Sunset Yellow,pcs,1,1,0.678,true,,2024-09-19
833,BOR-PCK-0023,6402026008338,Boreal Rondane II Daypack 18L Sunset Yellow,Reliable daypack from Boreal's Rondane II range. 18L / Sunset Yellow. A wholesale staple for outdoor retailers.,3,7,Daypack,18L,Sunset Yellow,pcs,1,1,0.326,false,2023-03-25,2020-11-11
834,BOR-PCK-0024,6402026008345,Boreal Vidda Eco Hip Pack Deep Teal,"Boreal Vidda Eco: a hip pack that balances weight, durability and price. Deep Teal. Retail-ready packaging.",3,7,Hip Pack,Deep Teal,Deep Teal,pcs,1,1,0.324,true,,2023-12-18
835,BOR-PCK-0025,6402026008352,Boreal Vidda Eco Hip Pack Lichen,The Vidda Eco hip pack by Boreal. Lichen. Popular with rental outfitters and clubs.,3,7,Hip Pack,Lichen,Lichen,pcs,1,1,0.495,true,,2019-05-03
836,BOR-PCK-0026,6402026008369,Boreal Vidda Eco Hip Pack Arctic White,"Boreal Vidda Eco Hip Pack for backpacks & bags. Arctic White. Built for Nordic conditions, season after season.",3,7,Hip Pack,Arctic White,Arctic White,pcs,12,12,0.159,true,,2021-03-17
837,BOR-PCK-0027,6402026008376,Boreal Ultra Lite Dry Bag 12L Ruby Red,Reliable dry bag from Boreal's Ultra Lite range. 12L / Ruby Red. A wholesale staple for outdoor retailers.,3,7,Dry Bag,12L,Ruby Red,pcs,1,1,0.414,true,,2021-04-21
838,BOR-PCK-0028,6402026008383,Boreal Ultra Lite Dry Bag 8L Ruby Red,"Boreal Ultra Lite: a dry bag that balances weight, durability and price. 8L / Ruby Red. Retail-ready packaging.",3,7,Dry Bag,8L,Ruby Red,pcs,6,6,0.425,true,,2023-06-05
839,BOR-PCK-0029,6402026008390,Boreal Rondane Plus Dry Bag 12L Ochre,The Rondane Plus dry bag by Boreal. 12L / Ochre. Popular with rental outfitters and clubs.,3,7,Dry Bag,12L,Ochre,pcs,1,1,0.155,true,,2023-01-23
840,BOR-PCK-0030,6402026008406,Boreal Alpine Dry Bag 18L Lichen,"Boreal Alpine Dry Bag for backpacks & bags. 18L / Lichen. Built for Nordic conditions, season after season.",3,7,Dry Bag,18L,Lichen,pcs,1,1,0.729,true,,2025-04-12
841,BOR-PCK-0031,6402026008413,Boreal Trail Plus Duffel 120L Sunset Yellow,Reliable duffel from Boreal's Trail Plus range. 120L / Sunset Yellow. A wholesale staple for outdoor retailers.,3,7,Duffel,120L,Sunset Yellow,pcs,12,12,0.964,true,,2019-02-16
842,BOR-PCK-0032,6402026008420,Boreal Trail Plus Duffel 90L Sunset Yellow,"Boreal Trail Plus: a duffel that balances weight, durability and price. 90L / Sunset Yellow. Retail-ready packaging.",3,7,Duffel,90L,Sunset Yellow,pcs,1,1,1.102,true,,2024-12-03
843,BOR-PCK-0033,6402026008437,Boreal Trail Plus Duffel 40L Sunset Yellow,The Trail Plus duffel by Boreal. 40L / Sunset Yellow. Popular with rental outfitters and clubs.,3,7,Duffel,40L,Sunset Yellow,pcs,1,1,1.356,true,,2020-02-01
844,BOR-PCK-0034,6402026008444,Boreal Ultra Duffel 120L Forest,"Boreal Ultra Duffel for backpacks & bags. 120L / Forest. Built for Nordic conditions, season after season.",3,7,Duffel,120L,Forest,pcs,1,1,0.239,true,,2020-06-18
845,BOR-PCK-0035,6402026008451,Boreal Ultra Duffel 40L Forest,Reliable duffel from Boreal's Ultra range. 40L / Forest. A wholesale staple for outdoor retailers.,3,7,Duffel,40L,Forest,pcs,1,1,0.615,true,,2020-09-21
846,BOR-PCK-0036,6402026008468,Boreal Ultra Duffel 60L Forest,"Boreal Ultra: a duffel that balances weight, durability and price. 60L / Forest. Retail-ready packaging.",3,7,Duffel,60L,Forest,pcs,1,1,0.287,true,,2023-03-27
847,BOR-PCK-0037,6402026008475,Boreal Fjord Daypack 8L Ochre,The Fjord daypack by Boreal. 8L / Ochre. Popular with rental outfitters and clubs.,3,7,Daypack,8L,Ochre,pcs,1,1,0.520,true,,2020-12-20
848,BOR-PCK-0038,6402026008482,Boreal Fjord Daypack 22L Ochre,"Boreal Fjord Daypack for backpacks & bags. 22L / Ochre. Built for Nordic conditions, season after season.",3,7,Daypack,22L,Ochre,pcs,1,1,1.096,true,,2019-10-23
849,BOR-PCK-0039,6402026008499,Boreal Vidda XT Daypack 18L Petrol,Reliable daypack from Boreal's Vidda XT range. 18L / Petrol. A wholesale staple for outdoor retailers.,3,7,Daypack,18L,Petrol,pcs,1,1,1.132,false,2024-09-11,2022-11-27
850,BOR-PCK-0040,6402026008505,Boreal Ridge WP Daypack 18L Petrol,"Boreal Ridge WP: a daypack that balances weight, durability and price. 18L / Petrol. Retail-ready packaging.",3,7,Daypack,18L,Petrol,pcs,1,1,0.667,true,,2022-05-07
851,BOR-PCK-0041,6402026008512,Boreal Ridge WP Daypack 28L Petrol,The Ridge WP daypack by Boreal. 28L / Petrol. Popular with rental outfitters and clubs.,3,7,Daypack,28L,Petrol,pcs,1,1,0.860,true,,2021-04-11
852,BOR-PCK-0042,6402026008529,Boreal Ridge WP Daypack 22L Petrol,"Boreal Ridge WP Daypack for backpacks & bags. 22L / Petrol. Built for Nordic conditions, season after season.",3,7,Daypack,22L,Petrol,pcs,12,12,0.540,true,,2021-11-17
853,BOR-PCK-0043,6402026008536,Boreal Ridge WP Daypack 8L Petrol,Reliable daypack from Boreal's Ridge WP range. 8L / Petrol. A wholesale staple for outdoor retailers.,3,7,Daypack,8L,Petrol,pcs,1,1,1.054,true,,2024-02-08
854,BOR-PCK-0044,6402026008543,Boreal Ridge WP Daypack 12L Petrol,"Boreal Ridge WP: a daypack that balances weight, durability and price. 12L / Petrol. Retail-ready packaging.",3,7,Daypack,12L,Petrol,pcs,12,12,0.230,true,,2020-03-20
855,BOR-PCK-0045,6402026008550,Boreal Ridge Dry Bag 18L Slate Grey,The Ridge dry bag by Boreal. 18L / Slate Grey. Popular with rental outfitters and clubs.,3,7,Dry Bag,18L,Slate Grey,pcs,12,12,0.327,true,,2019-10-17
856,BOR-PCK-0046,6402026008567,Boreal Ridge Dry Bag 28L Slate Grey,"Boreal Ridge Dry Bag for backpacks & bags. 28L / Slate Grey. Built for Nordic conditions, season after season.",3,7,Dry Bag,28L,Slate Grey,pcs,1,1,0.282,true,,2024-01-24
857,BOR-PCK-0047,6402026008574,Boreal Ridge Dry Bag 22L Slate Grey,Reliable dry bag from Boreal's Ridge range. 22L / Slate Grey. A wholesale staple for outdoor retailers.,3,7,Dry Bag,22L,Slate Grey,pcs,12,12,0.425,true,,2019-07-23
858,BOR-PCK-0048,6402026008581,Boreal Kebnekaise 2.0 Backpack 65L Black,"Boreal Kebnekaise 2.0: a backpack that balances weight, durability and price. 65L / Black. Retail-ready packaging.",3,7,Backpack,65L,Black,pcs,1,1,2.279,true,,2023-01-23
859,BOR-PCK-0049,6402026008598,Boreal Kebnekaise 2.0 Backpack 55L Black,The Kebnekaise 2.0 backpack by Boreal. 55L / Black. Popular with rental outfitters and clubs.,3,7,Backpack,55L,Black,pcs,1,1,0.718,true,,2023-09-18
860,BOR-PCK-0050,6402026008604,Boreal Kebnekaise 2.0 Backpack 35L Black,"Boreal Kebnekaise 2.0 Backpack for backpacks & bags. 35L / Black. Built for Nordic conditions, season after season.",3,7,Backpack,35L,Black,pcs,1,1,2.408,true,,2023-07-28
861,BOR-PCK-0051,6402026008611,Boreal Halti Plus Hip Pack Petrol,Reliable hip pack from Boreal's Halti Plus range. Petrol. A wholesale staple for outdoor retailers.,3,7,Hip Pack,Petrol,Petrol,pcs,1,1,0.610,true,,2024-09-05
862,BOR-PCK-0052,6402026008628,Boreal Halti Plus Hip Pack Midnight Blue,"Boreal Halti Plus: a hip pack that balances weight, durability and price. Midnight Blue. Retail-ready packaging.",3,7,Hip Pack,Midnight Blue,Midnight Blue,pcs,12,12,0.520,true,,2021-07-25
863,BOR-PCK-0053,6402026008635,Boreal Varanger II Daypack 22L Ochre,The Varanger II daypack by Boreal. 22L / Ochre. Popular with rental outfitters and clubs.,3,7,Daypack,22L,Ochre,pcs,6,6,0.783,true,,2021-04-28
864,BOR-PCK-0054,6402026008642,Boreal Varanger II Daypack 18L Ochre,"Boreal Varanger II Daypack for backpacks & bags. 18L / Ochre. Built for Nordic conditions, season after season.",3,7,Daypack,18L,Ochre,pcs,6,6,1.097,true,,2023-07-21
865,BOR-PCK-0055,6402026008659,Boreal Glacier XT Hip Pack Petrol,Reliable hip pack from Boreal's Glacier XT range. Petrol. A wholesale staple for outdoor retailers.,3,7,Hip Pack,Petrol,Petrol,pcs,1,1,0.543,true,,2022-09-20
866,BOR-PCK-0056,6402026008666,Boreal Kaldo Lite Dry Bag 18L Sand,"Boreal Kaldo Lite: a dry bag that balances weight, durability and price. 18L / Sand. Retail-ready packaging.",3,7,Dry Bag,18L,Sand,pcs,1,1,0.767,true,,2021-09-01
867,BOR-PCK-0057,6402026008673,Boreal Kaldo Lite Dry Bag 22L Sand,The Kaldo Lite dry bag by Boreal. 22L / Sand. Popular with rental outfitters and clubs.,3,7,Dry Bag,22L,Sand,pcs,6,6,0.626,false,2025-08-21,2022-05-17
868,BOR-PCK-0058,6402026008680,Boreal Kaldo Lite Dry Bag 12L Sand,"Boreal Kaldo Lite Dry Bag for backpacks & bags. 12L / Sand. Built for Nordic conditions, season after season.",3,7,Dry Bag,12L,Sand,pcs,12,12,0.566,true,,2024-06-07
869,BOR-PCK-0059,6402026008697,Boreal Kaldo Lite Dry Bag 28L Sand,Reliable dry bag from Boreal's Kaldo Lite range. 28L / Sand. A wholesale staple for outdoor retailers.,3,7,Dry Bag,28L,Sand,pcs,12,12,0.185,true,,2019-12-10
870,BOR-PCK-0060,6402026008703,Boreal Kungsleden Pro Backpack 55L Burnt Orange,"Boreal Kungsleden Pro: a backpack that balances weight, durability and price. 55L / Burnt Orange. Retail-ready packaging.",3,7,Backpack,55L,Burnt Orange,pcs,1,1,0.949,true,,2023-05-31
871,BOR-PCK-0061,6402026008710,Boreal Kungsleden Pro Backpack 65L Burnt Orange,The Kungsleden Pro backpack by Boreal. 65L / Burnt Orange. Popular with rental outfitters and clubs.,3,7,Backpack,65L,Burnt Orange,pcs,6,6,0.827,true,,2023-03-23
872,BOR-ACC-0001,6402026008727,Boreal Kaamos XT Seam Sealer,"Boreal Kaamos XT Seam Sealer for accessories & maintenance. Built for Nordic conditions, season after season.",14,7,Seam Sealer,,,pcs,1,1,0.031,true,,2020-11-06
873,BOR-ACC-0002,6402026008734,Boreal Trail Lite Beanie Black,Reliable beanie from Boreal's Trail Lite range. Black. A wholesale staple for outdoor retailers.,14,7,Beanie,Black,Black,pcs,1,1,0.165,true,,2023-07-31
874,BOR-ACC-0003,6402026008741,Boreal Trail Lite Beanie Sunset Yellow,"Boreal Trail Lite: a beanie that balances weight, durability and price. Sunset Yellow. Retail-ready packaging.",14,7,Beanie,Sunset Yellow,Sunset Yellow,pcs,1,1,0.176,true,,2020-02-18
875,BOR-ACC-0004,6402026008758,Boreal Trail Lite Beanie Deep Teal,The Trail Lite beanie by Boreal. Deep Teal. Popular with rental outfitters and clubs.,14,7,Beanie,Deep Teal,Deep Teal,pcs,1,1,0.116,true,,2021-05-27
876,BOR-ACC-0005,6402026008765,Boreal Jotun II Repair Kit,"Boreal Jotun II Repair Kit for accessories & maintenance. Built for Nordic conditions, season after season.",14,7,Repair Kit,,,pcs,12,12,0.017,true,,2025-02-21
877,BOR-ACC-0006,6402026008772,Boreal Hav First Aid Kit XXL Petrol,Reliable first aid kit from Boreal's Hav range. XXL / Petrol. A wholesale staple for outdoor retailers.,14,7,First Aid Kit,XXL,Petrol,pcs,1,1,0.158,true,,2022-03-24
878,BOR-ACC-0007,6402026008789,Boreal Hav First Aid Kit M Petrol,"Boreal Hav: a first aid kit that balances weight, durability and price. M / Petrol. Retail-ready packaging.",14,7,First Aid Kit,M,Petrol,pcs,1,1,0.073,true,,2021-04-28
879,BOR-ACC-0008,6402026008796,Boreal Hav First Aid Kit XS Petrol,The Hav first aid kit by Boreal. XS / Petrol. Popular with rental outfitters and clubs.,14,7,First Aid Kit,XS,Petrol,pcs,6,6,0.063,false,2025-04-29,2024-07-08
880,BOR-ACC-0009,6402026008802,Boreal Hav First Aid Kit L Petrol,"Boreal Hav First Aid Kit for accessories & maintenance. L / Petrol. Built for Nordic conditions, season after season.",14,7,First Aid Kit,L,Petrol,pcs,1,1,0.045,true,,2023-06-28
881,BOR-ACC-0010,6402026008819,Boreal Senja Map Case,Reliable map case from Boreal's Senja range. A wholesale staple for outdoor retailers.,14,7,Map Case,,,pcs,1,1,0.128,true,,2019-09-08
882,BOR-ACC-0011,6402026008826,Boreal Hav 2.0 Seam Sealer,"Boreal Hav 2.0: a seam sealer that balances weight, durability and price. Retail-ready packaging.",14,7,Seam Sealer,,,pcs,1,1,0.171,true,,2023-10-04
883,BOR-ACC-0012,6402026008833,Boreal Rondane WP Trekking Poles 180 cm Ochre,The Rondane WP trekking poles by Boreal. 180 cm / Ochre. Popular with rental outfitters and clubs.,14,7,Trekking Poles,180 cm,Ochre,pcs,1,1,0.058,true,,2020-05-02
884,BOR-ACC-0013,6402026008840,Boreal Rondane WP Trekking Poles 160 cm Ochre,"Boreal Rondane WP Trekking Poles for accessories & maintenance. 160 cm / Ochre. Built for Nordic conditions, season after season.",14,7,Trekking Poles,160 cm,Ochre,pcs,1,1,0.349,true,,2025-04-16
885,BOR-ACC-0014,6402026008857,Boreal Halti Lite Trekking Poles 180 cm Black,Reliable trekking poles from Boreal's Halti Lite range. 180 cm / Black. A wholesale staple for outdoor retailers.,14,7,Trekking Poles,180 cm,Black,pcs,12,12,0.075,true,,2024-06-28
886,BOR-ACC-0015,6402026008864,Boreal Halti Lite Trekking Poles 135 cm Black,"Boreal Halti Lite: a trekking poles that balances weight, durability and price. 135 cm / Black. Retail-ready packaging.",14,7,Trekking Poles,135 cm,Black,pcs,12,12,0.043,false,2022-02-02,2019-05-05
887,BOR-ACC-0016,6402026008871,Boreal Halti Lite Trekking Poles 210 cm Black,The Halti Lite trekking poles by Boreal. 210 cm / Black. Popular with rental outfitters and clubs.,14,7,Trekking Poles,210 cm,Black,pcs,1,1,0.492,true,,2024-06-13
888,BOR-ACC-0017,6402026008888,Boreal Halti Lite Trekking Poles 160 cm Black,"Boreal Halti Lite Trekking Poles for accessories & maintenance. 160 cm / Black. Built for Nordic conditions, season after season.",14,7,Trekking Poles,160 cm,Black,pcs,12,12,0.451,true,,2019-08-25
889,BOR-ACC-0018,6402026008895,Boreal Halti Lite Trekking Poles 170 cm Black,Reliable trekking poles from Boreal's Halti Lite range. 170 cm / Black. A wholesale staple for outdoor retailers.,14,7,Trekking Poles,170 cm,Black,pcs,1,1,0.483,true,,2022-10-14
890,BOR-ACC-0019,6402026008901,Boreal Nordkapp II Neck Gaiter Midnight Blue,"Boreal Nordkapp II: a neck gaiter that balances weight, durability and price. Midnight Blue. Retail-ready packaging.",14,7,Neck Gaiter,Midnight Blue,Midnight Blue,pcs,12,12,0.166,true,,2024-02-15
891,BOR-ACC-0020,6402026008918,Boreal Elv Beanie Burnt Orange,The Elv beanie by Boreal. Burnt Orange. Popular with rental outfitters and clubs.,14,7,Beanie,Burnt Orange,Burnt Orange,pcs,6,6,0.120,true,,2019-03-21
892,BOR-ACC-0021,6402026008925,Boreal Elv Beanie Midnight Blue,"Boreal Elv Beanie for accessories & maintenance. Midnight Blue. Built for Nordic conditions, season after season.",14,7,Beanie,Midnight Blue,Midnight Blue,pcs,1,1,0.081,true,,2019-03-21
893,BOR-ACC-0022,6402026008932,Boreal Elv Beanie Lichen,Reliable beanie from Boreal's Elv range. Lichen. A wholesale staple for outdoor retailers.,14,7,Beanie,Lichen,Lichen,pcs,1,1,0.039,true,,2021-09-01
894,BOR-ACC-0023,6402026008949,Boreal Vuori WP Map Case,"Boreal Vuori WP: a map case that balances weight, durability and price. Retail-ready packaging.",14,7,Map Case,,,pcs,1,1,0.017,true,,2019-04-14
895,BOR-ACC-0024,6402026008956,Boreal Nordic Lite Beanie Arctic White,The Nordic Lite beanie by Boreal. Arctic White. Popular with rental outfitters and clubs.,14,7,Beanie,Arctic White,Arctic White,pcs,1,1,0.093,true,,2022-06-28
896,BOR-ACC-0025,6402026008963,Boreal Sarek WP Trekking Poles 180 cm Moss Green,"Boreal Sarek WP Trekking Poles for accessories & maintenance. 180 cm / Moss Green. Built for Nordic conditions, season after season.",14,7,Trekking Poles,180 cm,Moss Green,pcs,6,6,0.353,true,,2024-10-12
897,BOR-ACC-0026,6402026008970,Boreal Helags Eco Repair Kit,Reliable repair kit from Boreal's Helags Eco range. A wholesale staple for outdoor retailers.,14,7,Repair Kit,,,pcs,1,1,0.041,true,,2019-03-15
898,BOR-ACC-0027,6402026008987,Boreal Sylarna Liner Gloves XL Black,"Boreal Sylarna: a liner gloves that balances weight, durability and price. XL / Black. Retail-ready packaging.",14,7,Liner Gloves,XL,Black,pcs,12,12,0.136,true,,2021-03-02
899,BOR-ACC-0028,6402026008994,Boreal Sylarna Liner Gloves S Black,The Sylarna liner gloves by Boreal. S / Black. Popular with rental outfitters and clubs.,14,7,Liner Gloves,S,Black,pcs,12,12,0.066,true,,2024-07-09
900,BOR-ACC-0029,6402026009007,Boreal Sylarna Liner Gloves XS Black,"Boreal Sylarna Liner Gloves for accessories & maintenance. XS / Black. Built for Nordic conditions, season after season.",14,7,Liner Gloves,XS,Black,pcs,1,1,0.032,true,,2020-02-09
901,BOR-ACC-0030,6402026009014,Boreal Saana Eco Repair Kit,Reliable repair kit from Boreal's Saana Eco range. A wholesale staple for outdoor retailers.,14,7,Repair Kit,,,pcs,6,6,0.117,true,,2025-07-12
902,BOR-ACC-0031,6402026009021,Boreal Fjell II Liner Gloves L Graphite,"Boreal Fjell II: a liner gloves that balances weight, durability and price. L / Graphite. Retail-ready packaging.",14,7,Liner Gloves,L,Graphite,pcs,1,1,0.123,true,,2024-11-03
903,BOR-ACC-0032,6402026009038,Boreal Fjell II Liner Gloves S Graphite,The Fjell II liner gloves by Boreal. S / Graphite. Popular with rental outfitters and clubs.,14,7,Liner Gloves,S,Graphite,pcs,1,1,0.131,true,,2025-07-02
904,BOR-ACC-0033,6402026009045,Boreal Fjell II Liner Gloves M Graphite,"Boreal Fjell II Liner Gloves for accessories & maintenance. M / Graphite. Built for Nordic conditions, season after season.",14,7,Liner Gloves,M,Graphite,pcs,6,6,0.105,true,,2026-03-23
905,BOR-ACC-0034,6402026009052,Boreal Fjell II Liner Gloves XS Graphite,Reliable liner gloves from Boreal's Fjell II range. XS / Graphite. A wholesale staple for outdoor retailers.,14,7,Liner Gloves,XS,Graphite,pcs,12,12,0.135,true,,2023-01-24
906,BOR-ACC-0035,6402026009069,Boreal Trail II Waterproofing Spray,"Boreal Trail II: a waterproofing spray that balances weight, durability and price. Retail-ready packaging.",14,7,Waterproofing Spray,,,pcs,1,1,0.164,true,,2025-03-26
907,BOR-ACC-0036,6402026009076,Boreal Ultra Eco Map Case,The Ultra Eco map case by Boreal. Popular with rental outfitters and clubs.,14,7,Map Case,,,pcs,6,6,0.080,true,,2024-08-29
908,BOR-ACC-0037,6402026009083,Boreal Hav WP Trekking Poles 160 cm Graphite,"Boreal Hav WP Trekking Poles for accessories & maintenance. 160 cm / Graphite. Built for Nordic conditions, season after season.",14,7,Trekking Poles,160 cm,Graphite,pcs,12,12,0.146,true,,2023-07-30
909,BOR-ACC-0038,6402026009090,Boreal Hav WP Trekking Poles 105 cm Graphite,Reliable trekking poles from Boreal's Hav WP range. 105 cm / Graphite. A wholesale staple for outdoor retailers.,14,7,Trekking Poles,105 cm,Graphite,pcs,6,6,0.244,true,,2019-05-18
910,BOR-ACC-0039,6402026009106,Boreal Hav WP Trekking Poles 210 cm Graphite,"Boreal Hav WP: a trekking poles that balances weight, durability and price. 210 cm / Graphite. Retail-ready packaging.",14,7,Trekking Poles,210 cm,Graphite,pcs,12,12,0.239,true,,2020-03-27
911,BOR-ACC-0040,6402026009113,Boreal Kebne Eco Liner Gloves XS Arctic White,The Kebne Eco liner gloves by Boreal. XS / Arctic White. Popular with rental outfitters and clubs.,14,7,Liner Gloves,XS,Arctic White,pcs,1,1,0.067,true,,2022-01-11
912,BOR-ACC-0041,6402026009120,Boreal Kebne Eco Liner Gloves XXL Arctic White,"Boreal Kebne Eco Liner Gloves for accessories & maintenance. XXL / Arctic White. Built for Nordic conditions, season after season.",14,7,Liner Gloves,XXL,Arctic White,pcs,1,1,0.077,true,,2025-10-22
913,BOR-ACC-0042,6402026009137,Boreal Kebne Eco Liner Gloves XL Arctic White,Reliable liner gloves from Boreal's Kebne Eco range. XL / Arctic White. A wholesale staple for outdoor retailers.,14,7,Liner Gloves,XL,Arctic White,pcs,6,6,0.037,true,,2019-07-03
914,BOR-ACC-0043,6402026009144,Boreal Kebne Eco Liner Gloves L Arctic White,"Boreal Kebne Eco: a liner gloves that balances weight, durability and price. L / Arctic White. Retail-ready packaging.",14,7,Liner Gloves,L,Arctic White,pcs,6,6,0.075,true,,2026-01-14
915,BOR-ACC-0044,6402026009151,Boreal Kebne Eco Liner Gloves S Arctic White,The Kebne Eco liner gloves by Boreal. S / Arctic White. Popular with rental outfitters and clubs.,14,7,Liner Gloves,S,Arctic White,pcs,12,12,0.170,true,,2024-05-07
916,BOR-ACC-0045,6402026009168,Boreal Hav XT Neck Gaiter Slate Grey,"Boreal Hav XT Neck Gaiter for accessories & maintenance. Slate Grey. Built for Nordic conditions, season after season.",14,7,Neck Gaiter,Slate Grey,Slate Grey,pcs,12,12,0.122,true,,2022-08-10
917,BOR-ACC-0046,6402026009175,Boreal Hav XT Neck Gaiter Arctic White,Reliable neck gaiter from Boreal's Hav XT range. Arctic White. A wholesale staple for outdoor retailers.,14,7,Neck Gaiter,Arctic White,Arctic White,pcs,6,6,0.103,true,,2021-07-14
918,BOR-ACC-0047,6402026009182,Boreal Hav XT Neck Gaiter Graphite,"Boreal Hav XT: a neck gaiter that balances weight, durability and price. Graphite. Retail-ready packaging.",14,7,Neck Gaiter,Graphite,Graphite,pcs,1,1,0.039,true,,2020-01-18
919,BOR-ACC-0048,6402026009199,Boreal Kaldo WP First Aid Kit XS Ruby Red,The Kaldo WP first aid kit by Boreal. XS / Ruby Red. Popular with rental outfitters and clubs.,14,7,First Aid Kit,XS,Ruby Red,pcs,6,6,0.041,true,,2022-11-19
920,BOR-ACC-0049,6402026009205,Boreal Kaldo WP First Aid Kit XL Ruby Red,"Boreal Kaldo WP First Aid Kit for accessories & maintenance. XL / Ruby Red. Built for Nordic conditions, season after season.",14,7,First Aid Kit,XL,Ruby Red,pcs,1,1,0.093,true,,2024-11-20
921,BOR-ACC-0050,6402026009212,Boreal Ridge Eco Trekking Poles 150 cm Sand,Reliable trekking poles from Boreal's Ridge Eco range. 150 cm / Sand. A wholesale staple for outdoor retailers.,14,7,Trekking Poles,150 cm,Sand,pcs,1,1,0.169,true,,2025-01-26
922,BOR-ACC-0051,6402026009229,Boreal Ridge Eco Trekking Poles 115 cm Sand,"Boreal Ridge Eco: a trekking poles that balances weight, durability and price. 115 cm / Sand. Retail-ready packaging.",14,7,Trekking Poles,115 cm,Sand,pcs,12,12,0.117,true,,2021-02-17
923,BOR-ACC-0052,6402026009236,Boreal Saana Lite Repair Kit,The Saana Lite repair kit by Boreal. Popular with rental outfitters and clubs.,14,7,Repair Kit,,,pcs,1,1,0.151,true,,2025-07-03
924,BOR-TNT-0001,6402026009243,Boreal Alpine Bivy Ruby Red,"Boreal Alpine Bivy for tents & shelters. Ruby Red. Built for Nordic conditions, season after season.",1,7,Bivy,Ruby Red,Ruby Red,pcs,1,1,3.496,true,,2025-01-11
925,BOR-TNT-0002,6402026009250,Boreal Padjelanta Lite Tarp Sunset Yellow,Reliable tarp from Boreal's Padjelanta Lite range. Sunset Yellow. A wholesale staple for outdoor retailers.,1,7,Tarp,Sunset Yellow,Sunset Yellow,pcs,6,6,0.589,true,,2021-06-27
926,BOR-TNT-0003,6402026009267,Boreal Summit Tunnel Tent 3P Moss Green,"Boreal Summit: a tunnel tent that balances weight, durability and price. 3P / Moss Green. Retail-ready packaging.",1,7,Tunnel Tent,3P,Moss Green,pcs,12,12,2.117,false,2026-02-09,2024-07-17
927,BOR-TNT-0004,6402026009274,Boreal Ultra WP Footprint 4P Burnt Orange,The Ultra WP footprint by Boreal. 4P / Burnt Orange. Popular with rental outfitters and clubs.,1,7,Footprint,4P,Burnt Orange,pcs,1,1,1.659,true,,2022-12-30
928,BOR-TNT-0005,6402026009281,Boreal Ultra WP Footprint 2P Burnt Orange,"Boreal Ultra WP Footprint for tents & shelters. 2P / Burnt Orange. Built for Nordic conditions, season after season.",1,7,Footprint,2P,Burnt Orange,pcs,1,1,1.650,true,,2024-02-01
929,BOR-TNT-0006,6402026009298,Boreal Fjell Plus Bivy Ruby Red,Reliable bivy from Boreal's Fjell Plus range. Ruby Red. A wholesale staple for outdoor retailers.,1,7,Bivy,Ruby Red,Ruby Red,pcs,1,1,2.168,true,,2024-06-22
930,BOR-TNT-0007,6402026009304,Boreal Fjell Plus Bivy Black,"Boreal Fjell Plus: a bivy that balances weight, durability and price. Black. Retail-ready packaging.",1,7,Bivy,Black,Black,pcs,1,1,2.026,true,,2022-11-10
931,BOR-TNT-0008,6402026009311,Boreal Fjell Plus Bivy Midnight Blue,The Fjell Plus bivy by Boreal. Midnight Blue. Popular with rental outfitters and clubs.,1,7,Bivy,Midnight Blue,Midnight Blue,pcs,1,1,1.861,true,,2022-07-14
932,BOR-TNT-0009,6402026009328,Boreal Fjell Plus Bivy Arctic White,"Boreal Fjell Plus Bivy for tents & shelters. Arctic White. Built for Nordic conditions, season after season.",1,7,Bivy,Arctic White,Arctic White,pcs,1,1,3.271,true,,2021-10-07
933,BOR-TNT-0010,6402026009335,Boreal Fjell Plus Bivy Deep Teal,Reliable bivy from Boreal's Fjell Plus range. Deep Teal. A wholesale staple for outdoor retailers.,1,7,Bivy,Deep Teal,Deep Teal,pcs,1,1,1.158,true,,2023-03-28
934,BOR-TNT-0011,6402026009342,Boreal Summit Tunnel Tent 2P Moss Green,"Boreal Summit: a tunnel tent that balances weight, durability and price. 2P / Moss Green. Retail-ready packaging.",1,7,Tunnel Tent,2P,Moss Green,pcs,6,6,3.375,true,,2021-09-01
935,BOR-TNT-0012,6402026009359,Boreal Summit Tunnel Tent 1P Moss Green,The Summit tunnel tent by Boreal. 1P / Moss Green. Popular with rental outfitters and clubs.,1,7,Tunnel Tent,1P,Moss Green,pcs,12,12,4.575,true,,2020-05-14
936,BOR-TNT-0013,6402026009366,Boreal Summit Tunnel Tent 3P Moss Green,"Boreal Summit Tunnel Tent for tents & shelters. 3P / Moss Green. Built for Nordic conditions, season after season.",1,7,Tunnel Tent,3P,Moss Green,pcs,1,1,3.044,true,,2024-02-18
937,BOR-TNT-0014,6402026009373,Boreal Tind II Tarp Sunset Yellow,Reliable tarp from Boreal's Tind II range. Sunset Yellow. A wholesale staple for outdoor retailers.,1,7,Tarp,Sunset Yellow,Sunset Yellow,pcs,1,1,1.764,true,,2024-09-30
938,BOR-TNT-0015,6402026009380,Boreal Tind II Tarp Ochre,"Boreal Tind II: a tarp that balances weight, durability and price. Ochre. Retail-ready packaging.",1,7,Tarp,Ochre,Ochre,pcs,1,1,2.079,true,,2020-03-27
939,BOR-TNT-0016,6402026009397,Boreal Tind II Tarp Ruby Red,The Tind II tarp by Boreal. Ruby Red. Popular with rental outfitters and clubs.,1,7,Tarp,Ruby Red,Ruby Red,pcs,6,6,1.697,true,,2022-10-10
940,BOR-TNT-0017,6402026009403,Boreal Abisko II Bivy Lichen,"Boreal Abisko II Bivy for tents & shelters. Lichen. Built for Nordic conditions, season after season.",1,7,Bivy,Lichen,Lichen,pcs,6,6,2.238,true,,2019-09-24
941,BOR-TNT-0018,6402026009410,Boreal Abisko II Bivy Arctic White,Reliable bivy from Boreal's Abisko II range. Arctic White. A wholesale staple for outdoor retailers.,1,7,Bivy,Arctic White,Arctic White,pcs,6,6,3.483,true,,2023-06-26
942,BOR-TNT-0019,6402026009427,Boreal Abisko II Bivy Burnt Orange,"Boreal Abisko II: a bivy that balances weight, durability and price. Burnt Orange. Retail-ready packaging.",1,7,Bivy,Burnt Orange,Burnt Orange,pcs,1,1,3.358,true,,2024-11-16
943,BOR-TNT-0020,6402026009434,Boreal Ylläs Footprint 4P Moss Green,The Ylläs footprint by Boreal. 4P / Moss Green. Popular with rental outfitters and clubs.,1,7,Footprint,4P,Moss Green,pcs,12,12,0.728,true,,2026-02-10
944,BOR-TNT-0021,6402026009441,Boreal Ylläs Footprint 2P Moss Green,"Boreal Ylläs Footprint for tents & shelters. 2P / Moss Green. Built for Nordic conditions, season after season.",1,7,Footprint,2P,Moss Green,pcs,1,1,0.817,true,,2022-04-07
945,BOR-TNT-0022,6402026009458,Boreal Ylläs Footprint 1P Moss Green,Reliable footprint from Boreal's Ylläs range. 1P / Moss Green. A wholesale staple for outdoor retailers.,1,7,Footprint,1P,Moss Green,pcs,6,6,0.888,true,,2019-08-31
946,BOR-TNT-0023,6402026009465,Boreal Tind WP Tent 4P Ruby Red,"Boreal Tind WP: a tent that balances weight, durability and price. 4P / Ruby Red. Retail-ready packaging.",1,7,Tent,4P,Ruby Red,pcs,1,1,2.654,true,,2020-10-12
947,BOR-TNT-0024,6402026009472,Boreal Tind WP Tent 1P Ruby Red,The Tind WP tent by Boreal. 1P / Ruby Red. Popular with rental outfitters and clubs.,1,7,Tent,1P,Ruby Red,pcs,12,12,2.580,true,,2021-02-13
948,BOR-TNT-0025,6402026009489,Boreal Tind WP Tent 3P Ruby Red,"Boreal Tind WP Tent for tents & shelters. 3P / Ruby Red. Built for Nordic conditions, season after season.",1,7,Tent,3P,Ruby Red,pcs,1,1,1.134,true,,2024-06-14
949,BOR-TNT-0026,6402026009496,Boreal Lumi II Tent 4P Forest,Reliable tent from Boreal's Lumi II range. 4P / Forest. A wholesale staple for outdoor retailers.,1,7,Tent,4P,Forest,pcs,1,1,5.809,true,,2019-01-06
950,BOR-TNT-0027,6402026009502,Boreal Lumi II Tent 1P Forest,"Boreal Lumi II: a tent that balances weight, durability and price. 1P / Forest. Retail-ready packaging.",1,7,Tent,1P,Forest,pcs,1,1,2.937,true,,2023-06-21
951,BOR-TNT-0028,6402026009519,Boreal Lumi II Tent 3P Forest,The Lumi II tent by Boreal. 3P / Forest. Popular with rental outfitters and clubs.,1,7,Tent,3P,Forest,pcs,1,1,4.977,true,,2020-02-09
952,BOR-TNT-0029,6402026009526,Boreal Lumi II Tent 2P Forest,"Boreal Lumi II Tent for tents & shelters. 2P / Forest. Built for Nordic conditions, season after season.",1,7,Tent,2P,Forest,pcs,12,12,2.539,true,,2019-07-22
953,BOR-TNT-0030,6402026009533,Boreal Storm Tarp Lichen,Reliable tarp from Boreal's Storm range. Lichen. A wholesale staple for outdoor retailers.,1,7,Tarp,Lichen,Lichen,pcs,1,1,2.066,true,,2020-02-26
954,BOR-TNT-0031,6402026009540,Boreal Storm Tarp Ruby Red,"Boreal Storm: a tarp that balances weight, durability and price. Ruby Red. Retail-ready packaging.",1,7,Tarp,Ruby Red,Ruby Red,pcs,6,6,0.919,true,,2025-08-05
955,BOR-TNT-0032,6402026009557,Boreal Storm Tarp Ochre,The Storm tarp by Boreal. Ochre. Popular with rental outfitters and clubs.,1,7,Tarp,Ochre,Ochre,pcs,1,1,0.962,true,,2019-05-11
956,BOR-TNT-0033,6402026009564,Boreal Storm Tarp Slate Grey,"Boreal Storm Tarp for tents & shelters. Slate Grey. Built for Nordic conditions, season after season.",1,7,Tarp,Slate Grey,Slate Grey,pcs,1,1,2.057,true,,2025-01-26
957,BOR-TNT-0034,6402026009571,Boreal Storm Tarp Arctic White,Reliable tarp from Boreal's Storm range. Arctic White. A wholesale staple for outdoor retailers.,1,7,Tarp,Arctic White,Arctic White,pcs,1,1,2.233,true,,2020-03-30
958,BOR-TNT-0035,6402026009588,Boreal Kungsleden Lite Tunnel Tent 3P Sand,"Boreal Kungsleden Lite: a tunnel tent that balances weight, durability and price. 3P / Sand. Retail-ready packaging.",1,7,Tunnel Tent,3P,Sand,pcs,1,1,4.849,true,,2023-05-19
959,BOR-TNT-0036,6402026009595,Boreal Kungsleden Lite Tunnel Tent 2P Sand,The Kungsleden Lite tunnel tent by Boreal. 2P / Sand. Popular with rental outfitters and clubs.,1,7,Tunnel Tent,2P,Sand,pcs,6,6,7.686,true,,2024-07-04
960,BOR-TNT-0037,6402026009601,Boreal Senja XT Footprint 1P Deep Teal,"Boreal Senja XT Footprint for tents & shelters. 1P / Deep Teal. Built for Nordic conditions, season after season.",1,7,Footprint,1P,Deep Teal,pcs,1,1,0.894,true,,2023-07-23
961,BOR-TNT-0038,6402026009618,Boreal Senja XT Footprint 2P Deep Teal,Reliable footprint from Boreal's Senja XT range. 2P / Deep Teal. A wholesale staple for outdoor retailers.,1,7,Footprint,2P,Deep Teal,pcs,1,1,1.449,true,,2020-01-27
962,BOR-TNT-0039,6402026009625,Boreal Senja XT Footprint 4P Deep Teal,"Boreal Senja XT: a footprint that balances weight, durability and price. 4P / Deep Teal. Retail-ready packaging.",1,7,Footprint,4P,Deep Teal,pcs,6,6,0.460,true,,2022-01-10
963,BOR-TNT-0040,6402026009632,Boreal Kilpis Lite Tarp Black,The Kilpis Lite tarp by Boreal. Black. Popular with rental outfitters and clubs.,1,7,Tarp,Black,Black,pcs,1,1,0.509,true,,2023-03-04
964,BOR-TNT-0041,6402026009649,Boreal Kilpis Lite Tarp Forest,"Boreal Kilpis Lite Tarp for tents & shelters. Forest. Built for Nordic conditions, season after season.",1,7,Tarp,Forest,Forest,pcs,1,1,0.436,true,,2020-07-28
965,BOR-TNT-0042,6402026009656,Boreal Kilpis Lite Tarp Lichen,Reliable tarp from Boreal's Kilpis Lite range. Lichen. A wholesale staple for outdoor retailers.,1,7,Tarp,Lichen,Lichen,pcs,12,12,1.200,true,,2023-04-28
966,BOR-TNT-0043,6402026009663,Boreal Åreskutan Plus Tunnel Tent 4P Petrol,"Boreal Åreskutan Plus: a tunnel tent that balances weight, durability and price. 4P / Petrol. Retail-ready packaging.",1,7,Tunnel Tent,4P,Petrol,pcs,1,1,7.512,true,,2021-07-25
967,BOR-TNT-0044,6402026009670,Boreal Lumi WP Tunnel Tent 3P Ochre,The Lumi WP tunnel tent by Boreal. 3P / Ochre. Popular with rental outfitters and clubs.,1,7,Tunnel Tent,3P,Ochre,pcs,1,1,8.557,true,,2023-10-28
968,BOR-TNT-0045,6402026009687,Boreal Lumi WP Tunnel Tent 1P Ochre,"Boreal Lumi WP Tunnel Tent for tents & shelters. 1P / Ochre. Built for Nordic conditions, season after season.",1,7,Tunnel Tent,1P,Ochre,pcs,6,6,7.845,true,,2019-07-31
969,BOR-TNT-0046,6402026009694,Boreal Tundra Footprint 3P Lichen,Reliable footprint from Boreal's Tundra range. 3P / Lichen. A wholesale staple for outdoor retailers.,1,7,Footprint,3P,Lichen,pcs,1,1,0.490,true,,2023-06-08
970,BOR-TNT-0047,6402026009700,Boreal Tundra Footprint 2P Lichen,"Boreal Tundra: a footprint that balances weight, durability and price. 2P / Lichen. Retail-ready packaging.",1,7,Footprint,2P,Lichen,pcs,6,6,0.506,true,,2024-03-13
971,SKV-CLB-0001,6402026009717,Skarv Polar Plus Quickdraw 6-pack Midnight Blue,The Polar Plus quickdraw 6-pack by Skarv. Midnight Blue. Popular with rental outfitters and clubs.,7,8,Quickdraw 6-pack,Midnight Blue,Midnight Blue,pcs,1,1,1.594,true,,2024-10-10
972,SKV-CLB-0002,6402026009724,Skarv Pallas Eco Dynamic Rope 9.8 mm 70 m,"Skarv Pallas Eco Dynamic Rope for climbing. 9.8 mm 70 m. Built for Nordic conditions, season after season.",7,8,Dynamic Rope,9.8 mm 70 m,,pcs,1,1,2.072,true,,2019-02-20
973,SKV-CLB-0003,6402026009731,Skarv Pallas Eco Dynamic Rope 8.9 mm 60 m,Reliable dynamic rope from Skarv's Pallas Eco range. 8.9 mm 60 m. A wholesale staple for outdoor retailers.,7,8,Dynamic Rope,8.9 mm 60 m,,pcs,12,12,1.728,true,,2024-07-02
974,SKV-CLB-0004,6402026009748,Skarv Pallas Eco Dynamic Rope 9.5 mm 60 m,"Skarv Pallas Eco: a dynamic rope that balances weight, durability and price. 9.5 mm 60 m. Retail-ready packaging.",7,8,Dynamic Rope,9.5 mm 60 m,,pcs,6,6,4.160,true,,2024-05-31
975,SKV-CLB-0005,6402026009755,Skarv Kebnekaise 2.0 Chalk Bag Lichen,The Kebnekaise 2.0 chalk bag by Skarv. Lichen. Popular with rental outfitters and clubs.,7,8,Chalk Bag,Lichen,Lichen,pcs,1,1,1.010,true,,2024-01-28
976,SKV-CLB-0006,6402026009762,Skarv Skog Plus Locking Carabiner Black,"Skarv Skog Plus Locking Carabiner for climbing. Black. Built for Nordic conditions, season after season.",7,8,Locking Carabiner,Black,Black,pcs,12,12,0.921,true,,2020-12-11
977,SKV-CLB-0007,6402026009779,Skarv Skog Plus Locking Carabiner Arctic White,Reliable locking carabiner from Skarv's Skog Plus range. Arctic White. A wholesale staple for outdoor retailers.,7,8,Locking Carabiner,Arctic White,Arctic White,pcs,1,1,0.024,true,,2021-12-29
978,SKV-CLB-0008,6402026009786,Skarv Pallas 2.0 Quickdraw 6-pack Forest,"Skarv Pallas 2.0: a quickdraw 6-pack that balances weight, durability and price. Forest. Retail-ready packaging.",7,8,Quickdraw 6-pack,Forest,Forest,pcs,12,12,1.838,true,,2024-04-02
979,SKV-CLB-0009,6402026009793,Skarv Pallas 2.0 Quickdraw 6-pack Lichen,The Pallas 2.0 quickdraw 6-pack by Skarv. Lichen. Popular with rental outfitters and clubs.,7,8,Quickdraw 6-pack,Lichen,Lichen,pcs,1,1,0.618,true,,2024-06-03
980,SKV-CLB-0010,6402026009809,Skarv Pallas 2.0 Quickdraw 6-pack Moss Green,"Skarv Pallas 2.0 Quickdraw 6-pack for climbing. Moss Green. Built for Nordic conditions, season after season.",7,8,Quickdraw 6-pack,Moss Green,Moss Green,pcs,1,1,0.677,true,,2026-01-16
981,SKV-CLB-0011,6402026009816,Skarv Pallas 2.0 Quickdraw 6-pack Sunset Yellow,Reliable quickdraw 6-pack from Skarv's Pallas 2.0 range. Sunset Yellow. A wholesale staple for outdoor retailers.,7,8,Quickdraw 6-pack,Sunset Yellow,Sunset Yellow,pcs,1,1,0.547,true,,2019-04-28
982,SKV-CLB-0012,6402026009823,Skarv Pallas 2.0 Quickdraw 6-pack Arctic White,"Skarv Pallas 2.0: a quickdraw 6-pack that balances weight, durability and price. Arctic White. Retail-ready packaging.",7,8,Quickdraw 6-pack,Arctic White,Arctic White,pcs,1,1,0.712,true,,2021-07-17
983,SKV-CLB-0013,6402026009830,Skarv Lumi Lite Dynamic Rope 8.9 mm 60 m,The Lumi Lite dynamic rope by Skarv. 8.9 mm 60 m. Popular with rental outfitters and clubs.,7,8,Dynamic Rope,8.9 mm 60 m,,pcs,6,6,2.652,true,,2023-08-26
984,SKV-CLB-0014,6402026009847,Skarv Lumi Lite Dynamic Rope 9.5 mm 60 m,"Skarv Lumi Lite Dynamic Rope for climbing. 9.5 mm 60 m. Built for Nordic conditions, season after season.",7,8,Dynamic Rope,9.5 mm 60 m,,pcs,6,6,2.200,true,,2021-11-12
985,SKV-CLB-0015,6402026009854,Skarv Lumi Lite Dynamic Rope 9.8 mm 70 m,Reliable dynamic rope from Skarv's Lumi Lite range. 9.8 mm 70 m. A wholesale staple for outdoor retailers.,7,8,Dynamic Rope,9.8 mm 70 m,,pcs,12,12,4.165,false,2025-04-09,2024-07-05
986,SKV-CLB-0016,6402026009861,Skarv Saana Pro Climbing Helmet XXL Arctic White,"Skarv Saana Pro: a climbing helmet that balances weight, durability and price. XXL / Arctic White. Retail-ready packaging.",7,8,Climbing Helmet,XXL,Arctic White,pcs,12,12,2.152,true,,2019-06-02
987,SKV-CLB-0017,6402026009878,Skarv Saana Pro Climbing Helmet S Arctic White,The Saana Pro climbing helmet by Skarv. S / Arctic White. Popular with rental outfitters and clubs.,7,8,Climbing Helmet,S,Arctic White,pcs,1,1,2.041,true,,2020-01-18
988,SKV-CLB-0018,6402026009885,Skarv Saana Pro Climbing Helmet L Arctic White,"Skarv Saana Pro Climbing Helmet for climbing. L / Arctic White. Built for Nordic conditions, season after season.",7,8,Climbing Helmet,L,Arctic White,pcs,1,1,2.027,true,,2024-08-19
989,SKV-CLB-0019,6402026009892,Skarv Saana Pro Climbing Helmet XS Arctic White,Reliable climbing helmet from Skarv's Saana Pro range. XS / Arctic White. A wholesale staple for outdoor retailers.,7,8,Climbing Helmet,XS,Arctic White,pcs,12,12,1.451,true,,2025-02-06
990,SKV-CLB-0020,6402026009908,Skarv Saana Pro Climbing Helmet XL Arctic White,"Skarv Saana Pro: a climbing helmet that balances weight, durability and price. XL / Arctic White. Retail-ready packaging.",7,8,Climbing Helmet,XL,Arctic White,pcs,6,6,1.929,true,,2024-01-30
991,SKV-CLB-0021,6402026009915,Skarv Abisko Lite Quickdraw 6-pack Black,The Abisko Lite quickdraw 6-pack by Skarv. Black. Popular with rental outfitters and clubs.,7,8,Quickdraw 6-pack,Black,Black,pcs,1,1,1.889,true,,2021-07-23
992,SKV-CLB-0022,6402026009922,Skarv Abisko Lite Quickdraw 6-pack Ochre,"Skarv Abisko Lite Quickdraw 6-pack for climbing. Ochre. Built for Nordic conditions, season after season.",7,8,Quickdraw 6-pack,Ochre,Ochre,pcs,1,1,0.150,true,,2024-02-12
993,SKV-CLB-0023,6402026009939,Skarv Abisko Lite Quickdraw 6-pack Midnight Blue,Reliable quickdraw 6-pack from Skarv's Abisko Lite range. Midnight Blue. A wholesale staple for outdoor retailers.,7,8,Quickdraw 6-pack,Midnight Blue,Midnight Blue,pcs,1,1,2.120,true,,2020-06-30
994,SKV-CLB-0024,6402026009946,Skarv Abisko Lite Quickdraw 6-pack Ruby Red,"Skarv Abisko Lite: a quickdraw 6-pack that balances weight, durability and price. Ruby Red. Retail-ready packaging.",7,8,Quickdraw 6-pack,Ruby Red,Ruby Red,pcs,1,1,0.795,true,,2019-03-27
995,SKV-CLB-0025,6402026009953,Skarv Abisko Lite Quickdraw 6-pack Sunset Yellow,The Abisko Lite quickdraw 6-pack by Skarv. Sunset Yellow. Popular with rental outfitters and clubs.,7,8,Quickdraw 6-pack,Sunset Yellow,Sunset Yellow,pcs,1,1,1.521,true,,2025-02-07
996,SKV-CLB-0026,6402026009960,Skarv Ylläs 2.0 Climbing Helmet XXL Midnight Blue,"Skarv Ylläs 2.0 Climbing Helmet for climbing. XXL / Midnight Blue. Built for Nordic conditions, season after season.",7,8,Climbing Helmet,XXL,Midnight Blue,pcs,6,6,1.973,true,,2019-05-08
997,SKV-CLB-0027,6402026009977,Skarv Ylläs 2.0 Climbing Helmet L Midnight Blue,Reliable climbing helmet from Skarv's Ylläs 2.0 range. L / Midnight Blue. A wholesale staple for outdoor retailers.,7,8,Climbing Helmet,L,Midnight Blue,pcs,1,1,0.252,true,,2022-08-19
998,SKV-CLB-0028,6402026009984,Skarv Ylläs 2.0 Climbing Helmet XS Midnight Blue,"Skarv Ylläs 2.0: a climbing helmet that balances weight, durability and price. XS / Midnight Blue. Retail-ready packaging.",7,8,Climbing Helmet,XS,Midnight Blue,pcs,6,6,0.950,true,,2019-01-02
999,LUM-WIN-0001,6402026009991,Lumi Fjord WP Ski Goggles Petrol,The Fjord WP ski goggles by Lumi. Petrol. Popular with rental outfitters and clubs.,10,9,Ski Goggles,Petrol,Petrol,pcs,1,1,0.358,true,,2022-06-15
1000,LUM-WIN-0002,6402026010003,Lumi Ruska Plus Avalanche Transceiver,"Lumi Ruska Plus Avalanche Transceiver for winter sports. Built for Nordic conditions, season after season.",10,9,Avalanche Transceiver,,,pcs,1,1,0.371,true,,2022-03-02
1001,LUM-WIN-0003,6402026010010,Lumi Senja Plus Climbing Skins 220 cm Black,Reliable climbing skins from Lumi's Senja Plus range. 220 cm / Black. A wholesale staple for outdoor retailers.,10,9,Climbing Skins,220 cm,Black,pcs,12,12,0.181,true,,2024-05-19
1002,LUM-WIN-0004,6402026010027,Lumi Myrsky 2.0 Avalanche Transceiver,"Lumi Myrsky 2.0: a avalanche transceiver that balances weight, durability and price. Retail-ready packaging.",10,9,Avalanche Transceiver,,,pcs,1,1,0.543,true,,2022-01-18
1003,LUM-WIN-0005,6402026010034,Lumi Halti Plus Avalanche Transceiver,The Halti Plus avalanche transceiver by Lumi. Popular with rental outfitters and clubs.,10,9,Avalanche Transceiver,,,pcs,1,1,0.432,true,,2023-03-17
1004,LUM-WIN-0006,6402026010041,Lumi Fjord XT Snowshoes XL Ochre,"Lumi Fjord XT Snowshoes for winter sports. XL / Ochre. Built for Nordic conditions, season after season.",10,9,Snowshoes,XL,Ochre,pcs,1,1,0.466,true,,2021-05-05
1005,LUM-WIN-0007,6402026010058,Lumi Vinter Touring Ski 180 cm Arctic White,Reliable touring ski from Lumi's Vinter range. 180 cm / Arctic White. A wholesale staple for outdoor retailers.,10,9,Touring Ski,180 cm,Arctic White,pcs,1,1,3.145,true,,2022-09-02
1006,LUM-WIN-0008,6402026010065,Lumi Vinter Touring Ski 115 cm Arctic White,"Lumi Vinter: a touring ski that balances weight, durability and price. 115 cm / Arctic White. Retail-ready packaging.",10,9,Touring Ski,115 cm,Arctic White,pcs,12,12,0.226,true,,2022-08-04
1007,LUM-WIN-0009,6402026010072,Lumi Sarek Eco Avalanche Transceiver,The Sarek Eco avalanche transceiver by Lumi. Popular with rental outfitters and clubs.,10,9,Avalanche Transceiver,,,pcs,1,1,1.635,false,2024-06-13,2023-09-08
1008,LUM-WIN-0010,6402026010089,Lumi Kebne II Ski Poles 210 cm Sunset Yellow,"Lumi Kebne II Ski Poles for winter sports. 210 cm / Sunset Yellow. Built for Nordic conditions, season after season.",10,9,Ski Poles,210 cm,Sunset Yellow,pcs,1,1,0.421,true,,2020-09-16
1009,LUM-WIN-0011,6402026010096,Lumi Kebne II Ski Poles 115 cm Sunset Yellow,Reliable ski poles from Lumi's Kebne II range. 115 cm / Sunset Yellow. A wholesale staple for outdoor retailers.,10,9,Ski Poles,115 cm,Sunset Yellow,pcs,1,1,1.063,true,,2020-01-18
1010,LUM-WIN-0012,6402026010102,Lumi Kebne II Ski Poles 170 cm Sunset Yellow,"Lumi Kebne II: a ski poles that balances weight, durability and price. 170 cm / Sunset Yellow. Retail-ready packaging.",10,9,Ski Poles,170 cm,Sunset Yellow,pcs,6,6,0.078,true,,2026-03-07
1011,LUM-WIN-0013,6402026010119,Lumi Tuuli XT Climbing Skins 150 cm Burnt Orange,The Tuuli XT climbing skins by Lumi. 150 cm / Burnt Orange. Popular with rental outfitters and clubs.,10,9,Climbing Skins,150 cm,Burnt Orange,pcs,12,12,0.184,true,,2020-10-06
1012,LUM-WIN-0014,6402026010126,Lumi Tuuli XT Climbing Skins 135 cm Burnt Orange,"Lumi Tuuli XT Climbing Skins for winter sports. 135 cm / Burnt Orange. Built for Nordic conditions, season after season.",10,9,Climbing Skins,135 cm,Burnt Orange,pcs,1,1,0.896,true,,2024-06-02
1013,LUM-WIN-0015,6402026010133,Lumi Tuuli XT Climbing Skins 220 cm Burnt Orange,Reliable climbing skins from Lumi's Tuuli XT range. 220 cm / Burnt Orange. A wholesale staple for outdoor retailers.,10,9,Climbing Skins,220 cm,Burnt Orange,pcs,1,1,0.705,true,,2023-04-28
1014,LUM-WIN-0016,6402026010140,Lumi Tuuli XT Climbing Skins 115 cm Burnt Orange,"Lumi Tuuli XT: a climbing skins that balances weight, durability and price. 115 cm / Burnt Orange. Retail-ready packaging.",10,9,Climbing Skins,115 cm,Burnt Orange,pcs,1,1,0.675,true,,2019-08-15
1015,LUM-WIN-0017,6402026010157,Lumi Ridge Ski Goggles Black,The Ridge ski goggles by Lumi. Black. Popular with rental outfitters and clubs.,10,9,Ski Goggles,Black,Black,pcs,6,6,0.093,true,,2024-06-16
1016,LUM-WIN-0018,6402026010164,Lumi Ridge Ski Goggles Graphite,"Lumi Ridge Ski Goggles for winter sports. Graphite. Built for Nordic conditions, season after season.",10,9,Ski Goggles,Graphite,Graphite,pcs,6,6,0.947,true,,2023-09-29
1017,LUM-WIN-0019,6402026010171,Lumi Ridge Ski Goggles Sunset Yellow,Reliable ski goggles from Lumi's Ridge range. Sunset Yellow. A wholesale staple for outdoor retailers.,10,9,Ski Goggles,Sunset Yellow,Sunset Yellow,pcs,1,1,0.168,true,,2024-08-21
1018,LUM-WIN-0020,6402026010188,Lumi Storm XT Snowshoes S Moss Green,"Lumi Storm XT: a snowshoes that balances weight, durability and price. S / Moss Green. Retail-ready packaging.",10,9,Snowshoes,S,Moss Green,pcs,12,12,0.938,true,,2021-05-02
1019,LUM-WIN-0021,6402026010195,Lumi Storm XT Snowshoes M Moss Green,The Storm XT snowshoes by Lumi. M / Moss Green. Popular with rental outfitters and clubs.,10,9,Snowshoes,M,Moss Green,pcs,6,6,1.303,true,,2019-05-31
1020,LUM-WIN-0022,6402026010201,Lumi Storm XT Snowshoes XL Moss Green,"Lumi Storm XT Snowshoes for winter sports. XL / Moss Green. Built for Nordic conditions, season after season.",10,9,Snowshoes,XL,Moss Green,pcs,1,1,1.144,true,,2022-06-21
1021,LUM-WIN-0023,6402026010218,Lumi Kilpis Avalanche Probe,Reliable avalanche probe from Lumi's Kilpis range. A wholesale staple for outdoor retailers.,10,9,Avalanche Probe,,,pcs,1,1,0.193,true,,2021-09-15
1022,LUM-WIN-0024,6402026010225,Lumi Fjell Pro Avalanche Transceiver,"Lumi Fjell Pro: a avalanche transceiver that balances weight, durability and price. Retail-ready packaging.",10,9,Avalanche Transceiver,,,pcs,6,6,0.895,true,,2021-01-27
1023,LUM-WIN-0025,6402026010232,Lumi Ylläs Lite Avalanche Transceiver,The Ylläs Lite avalanche transceiver by Lumi. Popular with rental outfitters and clubs.,10,9,Avalanche Transceiver,,,pcs,12,12,2.044,true,,2019-04-28
1024,LUM-WIN-0026,6402026010249,Lumi Trail Ski Goggles Deep Teal,"Lumi Trail Ski Goggles for winter sports. Deep Teal. Built for Nordic conditions, season after season.",10,9,Ski Goggles,Deep Teal,Deep Teal,pcs,1,1,0.785,true,,2023-05-23
1025,LUM-WIN-0027,6402026010256,Lumi Helags Pro Snow Shovel Moss Green,Reliable snow shovel from Lumi's Helags Pro range. Moss Green. A wholesale staple for outdoor retailers.,10,9,Snow Shovel,Moss Green,Moss Green,pcs,1,1,0.739,true,,2026-05-10
1026,LUM-WIN-0028,6402026010263,Lumi Helags Pro Snow Shovel Arctic White,"Lumi Helags Pro: a snow shovel that balances weight, durability and price. Arctic White. Retail-ready packaging.",10,9,Snow Shovel,Arctic White,Arctic White,pcs,12,12,0.691,true,,2025-09-06
1027,LUM-WIN-0029,6402026010270,Lumi Helags Pro Snow Shovel Ruby Red,The Helags Pro snow shovel by Lumi. Ruby Red. Popular with rental outfitters and clubs.,10,9,Snow Shovel,Ruby Red,Ruby Red,pcs,12,12,0.413,true,,2021-04-05
1028,LUM-WIN-0030,6402026010287,Lumi Vidda Avalanche Probe,"Lumi Vidda Avalanche Probe for winter sports. Built for Nordic conditions, season after season.",10,9,Avalanche Probe,,,pcs,6,6,0.928,true,,2021-08-25
1029,LUM-WIN-0031,6402026010294,Lumi Storm II Touring Ski 125 cm Sand,Reliable touring ski from Lumi's Storm II range. 125 cm / Sand. A wholesale staple for outdoor retailers.,10,9,Touring Ski,125 cm,Sand,pcs,1,1,3.654,true,,2021-01-19
1030,LUM-WIN-0032,6402026010300,Lumi Storm II Touring Ski 180 cm Sand,"Lumi Storm II: a touring ski that balances weight, durability and price. 180 cm / Sand. Retail-ready packaging.",10,9,Touring Ski,180 cm,Sand,pcs,12,12,2.713,true,,2022-03-08
1031,LUM-WIN-0033,6402026010317,Lumi Kaamos XT Snow Shovel Sand,The Kaamos XT snow shovel by Lumi. Sand. Popular with rental outfitters and clubs.,10,9,Snow Shovel,Sand,Sand,pcs,1,1,1.111,true,,2019-06-08
1032,LUM-WIN-0034,6402026010324,Lumi Kaamos XT Snow Shovel Black,"Lumi Kaamos XT Snow Shovel for winter sports. Black. Built for Nordic conditions, season after season.",10,9,Snow Shovel,Black,Black,pcs,1,1,0.427,true,,2024-10-17
1033,LUM-WIN-0035,6402026010331,Lumi Kaamos XT Snow Shovel Moss Green,Reliable snow shovel from Lumi's Kaamos XT range. Moss Green. A wholesale staple for outdoor retailers.,10,9,Snow Shovel,Moss Green,Moss Green,pcs,6,6,1.137,true,,2022-03-31
1034,LUM-WIN-0036,6402026010348,Lumi Polar Eco Snowshoes S Deep Teal,"Lumi Polar Eco: a snowshoes that balances weight, durability and price. S / Deep Teal. Retail-ready packaging.",10,9,Snowshoes,S,Deep Teal,pcs,1,1,0.121,true,,2024-06-28
1035,LUM-WIN-0037,6402026010355,Lumi Polar Eco Snowshoes M Deep Teal,The Polar Eco snowshoes by Lumi. M / Deep Teal. Popular with rental outfitters and clubs.,10,9,Snowshoes,M,Deep Teal,pcs,12,12,1.227,true,,2020-04-16
1036,LUM-WIN-0038,6402026010362,Lumi Sylarna Eco Climbing Skins 210 cm Petrol,"Lumi Sylarna Eco Climbing Skins for winter sports. 210 cm / Petrol. Built for Nordic conditions, season after season.",10,9,Climbing Skins,210 cm,Petrol,pcs,1,1,0.976,true,,2020-06-27
1037,LUM-WIN-0039,6402026010379,Lumi Sylarna Eco Climbing Skins 170 cm Petrol,Reliable climbing skins from Lumi's Sylarna Eco range. 170 cm / Petrol. A wholesale staple for outdoor retailers.,10,9,Climbing Skins,170 cm,Petrol,pcs,1,1,1.011,true,,2025-02-28
1038,LUM-WIN-0040,6402026010386,Lumi Sylarna Eco Climbing Skins 115 cm Petrol,"Lumi Sylarna Eco: a climbing skins that balances weight, durability and price. 115 cm / Petrol. Retail-ready packaging.",10,9,Climbing Skins,115 cm,Petrol,pcs,1,1,0.572,true,,2021-02-06
1039,LUM-WIN-0041,6402026010393,Lumi Snøhetta 2.0 Snowshoes S Moss Green,The Snøhetta 2.0 snowshoes by Lumi. S / Moss Green. Popular with rental outfitters and clubs.,10,9,Snowshoes,S,Moss Green,pcs,1,1,1.199,true,,2025-11-15
1040,LUM-WIN-0042,6402026010409,Lumi Snøhetta 2.0 Snowshoes XS Moss Green,"Lumi Snøhetta 2.0 Snowshoes for winter sports. XS / Moss Green. Built for Nordic conditions, season after season.",10,9,Snowshoes,XS,Moss Green,pcs,12,12,1.273,true,,2020-09-30
1041,KAJ-WTR-0001,6402026010416,Kajakk Snøhetta II Touring Kayak Petrol,Reliable touring kayak from Kajakk's Snøhetta II range. Petrol. A wholesale staple for outdoor retailers.,11,10,Touring Kayak,Petrol,Petrol,pcs,1,1,18.801,true,,2021-08-07
1042,KAJ-WTR-0002,6402026010423,Kajakk Vidda XT Dry Suit L Black,"Kajakk Vidda XT: a dry suit that balances weight, durability and price. L / Black. Retail-ready packaging.",11,10,Dry Suit,L,Black,pcs,1,1,0.381,true,,2022-04-24
1043,KAJ-WTR-0003,6402026010430,Kajakk Vidda XT Dry Suit XL Black,The Vidda XT dry suit by Kajakk. XL / Black. Popular with rental outfitters and clubs.,11,10,Dry Suit,XL,Black,pcs,12,12,13.265,true,,2021-02-15
1044,KAJ-WTR-0004,6402026010447,Kajakk Vidda XT Dry Suit XXL Black,"Kajakk Vidda XT Dry Suit for water sports. XXL / Black. Built for Nordic conditions, season after season.",11,10,Dry Suit,XXL,Black,pcs,12,12,8.231,true,,2022-09-23
1045,KAJ-WTR-0005,6402026010454,Kajakk Vidda XT Dry Suit S Black,Reliable dry suit from Kajakk's Vidda XT range. S / Black. A wholesale staple for outdoor retailers.,11,10,Dry Suit,S,Black,pcs,1,1,14.427,true,,2019-06-30
1046,KAJ-WTR-0006,6402026010461,Kajakk Halti Plus Spray Skirt M Moss Green,"Kajakk Halti Plus: a spray skirt that balances weight, durability and price. M / Moss Green. Retail-ready packaging.",11,10,Spray Skirt,M,Moss Green,pcs,1,1,0.794,true,,2021-04-24
1047,KAJ-WTR-0007,6402026010478,Kajakk Halti Plus Spray Skirt XS Moss Green,The Halti Plus spray skirt by Kajakk. XS / Moss Green. Popular with rental outfitters and clubs.,11,10,Spray Skirt,XS,Moss Green,pcs,1,1,0.463,true,,2019-10-03
1048,KAJ-WTR-0008,6402026010485,Kajakk Kungsleden Plus Kayak Paddle 115 cm Moss Green,"Kajakk Kungsleden Plus Kayak Paddle for water sports. 115 cm / Moss Green. Built for Nordic conditions, season after season.",11,10,Kayak Paddle,115 cm,Moss Green,pcs,12,12,4.175,true,,2021-04-06
1049,KAJ-WTR-0009,6402026010492,Kajakk Kungsleden Plus Kayak Paddle 150 cm Moss Green,Reliable kayak paddle from Kajakk's Kungsleden Plus range. 150 cm / Moss Green. A wholesale staple for outdoor retailers.,11,10,Kayak Paddle,150 cm,Moss Green,pcs,1,1,2.610,true,,2025-07-19
1050,KAJ-WTR-0010,6402026010508,Kajakk Kungsleden Plus Kayak Paddle 105 cm Moss Green,"Kajakk Kungsleden Plus: a kayak paddle that balances weight, durability and price. 105 cm / Moss Green. Retail-ready packaging.",11,10,Kayak Paddle,105 cm,Moss Green,pcs,1,1,2.130,true,,2023-09-16
1051,KAJ-WTR-0011,6402026010515,Kajakk Skog 2.0 Spray Skirt M Lichen,The Skog 2.0 spray skirt by Kajakk. M / Lichen. Popular with rental outfitters and clubs.,11,10,Spray Skirt,M,Lichen,pcs,12,12,5.323,true,,2026-02-03
1052,KAJ-WTR-0012,6402026010522,Kajakk Skog 2.0 Spray Skirt S Lichen,"Kajakk Skog 2.0 Spray Skirt for water sports. S / Lichen. Built for Nordic conditions, season after season.",11,10,Spray Skirt,S,Lichen,pcs,6,6,3.565,true,,2020-03-25
1053,KAJ-WTR-0013,6402026010539,Kajakk Skog 2.0 Spray Skirt XL Lichen,Reliable spray skirt from Kajakk's Skog 2.0 range. XL / Lichen. A wholesale staple for outdoor retailers.,11,10,Spray Skirt,XL,Lichen,pcs,12,12,6.489,true,,2023-10-15
1054,KAJ-WTR-0014,6402026010546,Kajakk Skog 2.0 Spray Skirt XS Lichen,"Kajakk Skog 2.0: a spray skirt that balances weight, durability and price. XS / Lichen. Retail-ready packaging.",11,10,Spray Skirt,XS,Lichen,pcs,6,6,1.425,true,,2025-05-15
1055,KAJ-WTR-0015,6402026010553,Kajakk Skog 2.0 Spray Skirt L Lichen,The Skog 2.0 spray skirt by Kajakk. L / Lichen. Popular with rental outfitters and clubs.,11,10,Spray Skirt,L,Lichen,pcs,1,1,2.015,true,,2023-04-15
1056,KAJ-WTR-0016,6402026010560,Kajakk Padjelanta Buoyancy Aid XL Arctic White,"Kajakk Padjelanta Buoyancy Aid for water sports. XL / Arctic White. Built for Nordic conditions, season after season.",11,10,Buoyancy Aid,XL,Arctic White,pcs,1,1,1.132,true,,2025-08-19
1057,KAJ-WTR-0017,6402026010577,Kajakk Padjelanta Buoyancy Aid XXL Arctic White,Reliable buoyancy aid from Kajakk's Padjelanta range. XXL / Arctic White. A wholesale staple for outdoor retailers.,11,10,Buoyancy Aid,XXL,Arctic White,pcs,6,6,0.144,true,,2025-01-27
1058,KAJ-WTR-0018,6402026010584,Kajakk Padjelanta Buoyancy Aid XS Arctic White,"Kajakk Padjelanta: a buoyancy aid that balances weight, durability and price. XS / Arctic White. Retail-ready packaging.",11,10,Buoyancy Aid,XS,Arctic White,pcs,12,12,1.333,true,,2023-01-04
1059,KAJ-WTR-0019,6402026010591,Kajakk Padjelanta Buoyancy Aid M Arctic White,The Padjelanta buoyancy aid by Kajakk. M / Arctic White. Popular with rental outfitters and clubs.,11,10,Buoyancy Aid,M,Arctic White,pcs,1,1,1.453,false,2024-12-02,2023-01-24
1060,KAJ-WTR-0020,6402026010607,Kajakk Padjelanta Buoyancy Aid L Arctic White,"Kajakk Padjelanta Buoyancy Aid for water sports. L / Arctic White. Built for Nordic conditions, season after season.",11,10,Buoyancy Aid,L,Arctic White,pcs,12,12,6.174,true,,2023-12-20
1061,KAJ-WTR-0021,6402026010614,Kajakk Nordic Plus SUP Board Ochre,Reliable sup board from Kajakk's Nordic Plus range. Ochre. A wholesale staple for outdoor retailers.,11,10,SUP Board,Ochre,Ochre,pcs,1,1,5.054,true,,2020-04-26
1062,KAJ-WTR-0022,6402026010621,Kajakk Nordic Plus SUP Board Lichen,"Kajakk Nordic Plus: a sup board that balances weight, durability and price. Lichen. Retail-ready packaging.",11,10,SUP Board,Lichen,Lichen,pcs,12,12,1.229,false,2021-04-21,2019-02-15
1063,KAJ-WTR-0023,6402026010638,Kajakk Nordic Plus SUP Board Burnt Orange,The Nordic Plus sup board by Kajakk. Burnt Orange. Popular with rental outfitters and clubs.,11,10,SUP Board,Burnt Orange,Burnt Orange,pcs,1,1,10.315,true,,2022-11-18
1064,KAJ-WTR-0024,6402026010645,Kajakk Boreal WP SUP Board Slate Grey,"Kajakk Boreal WP SUP Board for water sports. Slate Grey. Built for Nordic conditions, season after season.",11,10,SUP Board,Slate Grey,Slate Grey,pcs,12,12,5.632,true,,2023-04-09
1065,NVD-SHL-0001,6402026010652,Nordvind Kaldo Lite Insulated Jacket XXL Midnight Blue,Reliable insulated jacket from Nordvind's Kaldo Lite range. XXL / Midnight Blue. A wholesale staple for outdoor retailers.,5,11,Insulated Jacket,XXL,Midnight Blue,pcs,12,12,1.163,true,,2022-11-02
1066,NVD-SHL-0002,6402026010669,Nordvind Jotun Pro Rain Jacket XS Ruby Red,"Nordvind Jotun Pro: a rain jacket that balances weight, durability and price. XS / Ruby Red. Retail-ready packaging.",5,11,Rain Jacket,XS,Ruby Red,pcs,12,12,0.539,true,,2020-04-17
1067,NVD-SHL-0003,6402026010676,Nordvind Jotun Pro Rain Jacket S Ruby Red,The Jotun Pro rain jacket by Nordvind. S / Ruby Red. Popular with rental outfitters and clubs.,5,11,Rain Jacket,S,Ruby Red,pcs,1,1,0.332,true,,2022-12-31
1068,NVD-SHL-0004,6402026010683,Nordvind Jotun Pro Rain Jacket L Ruby Red,"Nordvind Jotun Pro Rain Jacket for shell & insulated apparel. L / Ruby Red. Built for Nordic conditions, season after season.",5,11,Rain Jacket,L,Ruby Red,pcs,1,1,0.367,true,,2020-06-07
1069,NVD-SHL-0005,6402026010690,Nordvind Jotun Pro Rain Jacket M Ruby Red,Reliable rain jacket from Nordvind's Jotun Pro range. M / Ruby Red. A wholesale staple for outdoor retailers.,5,11,Rain Jacket,M,Ruby Red,pcs,12,12,0.556,true,,2020-06-17
1070,NVD-SHL-0006,6402026010706,Nordvind Arctic Pro Insulated Jacket XL Black,"Nordvind Arctic Pro: a insulated jacket that balances weight, durability and price. XL / Black. Retail-ready packaging.",5,11,Insulated Jacket,XL,Black,pcs,6,6,0.770,true,,2023-08-10
1071,NVD-SHL-0007,6402026010713,Nordvind Arctic Pro Insulated Jacket M Black,The Arctic Pro insulated jacket by Nordvind. M / Black. Popular with rental outfitters and clubs.,5,11,Insulated Jacket,M,Black,pcs,6,6,0.654,true,,2022-02-06
1072,NVD-SHL-0008,6402026010720,Nordvind Arctic Pro Insulated Jacket XXL Black,"Nordvind Arctic Pro Insulated Jacket for shell & insulated apparel. XXL / Black. Built for Nordic conditions, season after season.",5,11,Insulated Jacket,XXL,Black,pcs,1,1,1.146,true,,2021-05-29
1073,NVD-SHL-0009,6402026010737,Nordvind Arctic Pro Insulated Jacket S Black,Reliable insulated jacket from Nordvind's Arctic Pro range. S / Black. A wholesale staple for outdoor retailers.,5,11,Insulated Jacket,S,Black,pcs,12,12,1.081,false,2024-02-25,2023-02-23
1074,NVD-SHL-0010,6402026010744,Nordvind Arctic Pro Insulated Jacket L Black,"Nordvind Arctic Pro: a insulated jacket that balances weight, durability and price. L / Black. Retail-ready packaging.",5,11,Insulated Jacket,L,Black,pcs,1,1,0.420,true,,2020-07-29
1075,NVD-SHL-0011,6402026010751,Nordvind Vinter Hardshell Jacket XL Burnt Orange,The Vinter hardshell jacket by Nordvind. XL / Burnt Orange. Popular with rental outfitters and clubs.,5,11,Hardshell Jacket,XL,Burnt Orange,pcs,1,1,0.679,true,,2024-03-21
1076,NVD-SHL-0012,6402026010768,Nordvind Vinter Hardshell Jacket S Burnt Orange,"Nordvind Vinter Hardshell Jacket for shell & insulated apparel. S / Burnt Orange. Built for Nordic conditions, season after season.",5,11,Hardshell Jacket,S,Burnt Orange,pcs,12,12,1.412,true,,2024-11-05
1077,NVD-SHL-0013,6402026010775,Nordvind Vinter Hardshell Jacket L Burnt Orange,Reliable hardshell jacket from Nordvind's Vinter range. L / Burnt Orange. A wholesale staple for outdoor retailers.,5,11,Hardshell Jacket,L,Burnt Orange,pcs,12,12,0.886,true,,2024-09-09
1078,NVD-SHL-0014,6402026010782,Nordvind Nuten Pro Shell Trousers XS Sand,"Nordvind Nuten Pro: a shell trousers that balances weight, durability and price. XS / Sand. Retail-ready packaging.",5,11,Shell Trousers,XS,Sand,pcs,1,1,0.462,true,,2025-12-28
1079,NVD-SHL-0015,6402026010799,Nordvind Nuten Pro Shell Trousers L Sand,The Nuten Pro shell trousers by Nordvind. L / Sand. Popular with rental outfitters and clubs.,5,11,Shell Trousers,L,Sand,pcs,12,12,0.417,true,,2023-03-26
1080,NVD-SHL-0016,6402026010805,Nordvind Nuten Pro Shell Trousers M Sand,"Nordvind Nuten Pro Shell Trousers for shell & insulated apparel. M / Sand. Built for Nordic conditions, season after season.",5,11,Shell Trousers,M,Sand,pcs,12,12,0.529,true,,2021-11-20
1081,NVD-SHL-0017,6402026010812,Nordvind Arctic Plus Hardshell Jacket XL Graphite,Reliable hardshell jacket from Nordvind's Arctic Plus range. XL / Graphite. A wholesale staple for outdoor retailers.,5,11,Hardshell Jacket,XL,Graphite,pcs,1,1,1.391,true,,2023-06-11
1082,NVD-SHL-0018,6402026010829,Nordvind Jotun Hardshell Jacket XS Sand,"Nordvind Jotun: a hardshell jacket that balances weight, durability and price. XS / Sand. Retail-ready packaging.",5,11,Hardshell Jacket,XS,Sand,pcs,12,12,1.062,true,,2020-04-20
1083,NVD-SHL-0019,6402026010836,Nordvind Pallas XT Shell Trousers M Graphite,The Pallas XT shell trousers by Nordvind. M / Graphite. Popular with rental outfitters and clubs.,5,11,Shell Trousers,M,Graphite,pcs,6,6,0.308,false,2025-01-18,2023-08-04
1084,NVD-SHL-0020,6402026010843,Nordvind Ridge Rain Jacket L Sand,"Nordvind Ridge Rain Jacket for shell & insulated apparel. L / Sand. Built for Nordic conditions, season after season.",5,11,Rain Jacket,L,Sand,pcs,1,1,0.662,true,,2024-08-10
1085,NVD-SHL-0021,6402026010850,Nordvind Nordkapp 2.0 Hardshell Jacket L Ochre,Reliable hardshell jacket from Nordvind's Nordkapp 2.0 range. L / Ochre. A wholesale staple for outdoor retailers.,5,11,Hardshell Jacket,L,Ochre,pcs,1,1,1.142,true,,2021-05-30
1086,NVD-SHL-0022,6402026010867,Nordvind Nordkapp 2.0 Hardshell Jacket M Ochre,"Nordvind Nordkapp 2.0: a hardshell jacket that balances weight, durability and price. M / Ochre. Retail-ready packaging.",5,11,Hardshell Jacket,M,Ochre,pcs,12,12,1.255,true,,2020-06-22
1087,NVD-SHL-0023,6402026010874,Nordvind Hav 2.0 Hardshell Jacket XS Burnt Orange,The Hav 2.0 hardshell jacket by Nordvind. XS / Burnt Orange. Popular with rental outfitters and clubs.,5,11,Hardshell Jacket,XS,Burnt Orange,pcs,12,12,1.254,true,,2024-01-12
1088,NVD-SHL-0024,6402026010881,Nordvind Hav 2.0 Hardshell Jacket S Burnt Orange,"Nordvind Hav 2.0 Hardshell Jacket for shell & insulated apparel. S / Burnt Orange. Built for Nordic conditions, season after season.",5,11,Hardshell Jacket,S,Burnt Orange,pcs,12,12,0.661,true,,2023-02-22
1089,NVD-SHL-0025,6402026010898,Nordvind Hav 2.0 Hardshell Jacket XL Burnt Orange,Reliable hardshell jacket from Nordvind's Hav 2.0 range. XL / Burnt Orange. A wholesale staple for outdoor retailers.,5,11,Hardshell Jacket,XL,Burnt Orange,pcs,1,1,0.609,true,,2022-04-25
1090,NVD-SHL-0026,6402026010904,Nordvind Hav 2.0 Hardshell Jacket L Burnt Orange,"Nordvind Hav 2.0: a hardshell jacket that balances weight, durability and price. L / Burnt Orange. Retail-ready packaging.",5,11,Hardshell Jacket,L,Burnt Orange,pcs,12,12,0.393,true,,2023-05-19
1091,NVD-SHL-0027,6402026010911,Nordvind Summit Lite Down Vest L Deep Teal,The Summit Lite down vest by Nordvind. L / Deep Teal. Popular with rental outfitters and clubs.,5,11,Down Vest,L,Deep Teal,pcs,1,1,0.239,true,,2025-01-21
1092,NVD-SHL-0028,6402026010928,Nordvind Summit Lite Down Vest S Deep Teal,"Nordvind Summit Lite Down Vest for shell & insulated apparel. S / Deep Teal. Built for Nordic conditions, season after season.",5,11,Down Vest,S,Deep Teal,pcs,12,12,0.477,true,,2022-10-08
1093,NVD-SHL-0029,6402026010935,Nordvind Ylläs Plus Rain Jacket XS Ochre,Reliable rain jacket from Nordvind's Ylläs Plus range. XS / Ochre. A wholesale staple for outdoor retailers.,5,11,Rain Jacket,XS,Ochre,pcs,1,1,0.609,true,,2024-02-28
1094,NVD-SHL-0030,6402026010942,Nordvind Inari Hardshell Jacket M Slate Grey,"Nordvind Inari: a hardshell jacket that balances weight, durability and price. M / Slate Grey. Retail-ready packaging.",5,11,Hardshell Jacket,M,Slate Grey,pcs,1,1,0.447,true,,2020-11-08
1095,NVD-SHL-0031,6402026010959,Nordvind Inari Hardshell Jacket XL Slate Grey,The Inari hardshell jacket by Nordvind. XL / Slate Grey. Popular with rental outfitters and clubs.,5,11,Hardshell Jacket,XL,Slate Grey,pcs,12,12,0.869,true,,2024-08-08
1096,NVD-SHL-0032,6402026010966,Nordvind Inari Hardshell Jacket L Slate Grey,"Nordvind Inari Hardshell Jacket for shell & insulated apparel. L / Slate Grey. Built for Nordic conditions, season after season.",5,11,Hardshell Jacket,L,Slate Grey,pcs,12,12,0.409,true,,2024-07-02
1097,NVD-SHL-0033,6402026010973,Nordvind Inari Hardshell Jacket XXL Slate Grey,Reliable hardshell jacket from Nordvind's Inari range. XXL / Slate Grey. A wholesale staple for outdoor retailers.,5,11,Hardshell Jacket,XXL,Slate Grey,pcs,1,1,0.394,true,,2019-10-24
1098,NVD-SHL-0034,6402026010980,Nordvind Inari Hardshell Jacket XS Slate Grey,"Nordvind Inari: a hardshell jacket that balances weight, durability and price. XS / Slate Grey. Retail-ready packaging.",5,11,Hardshell Jacket,XS,Slate Grey,pcs,1,1,1.310,true,,2020-02-03
1099,NVD-SHL-0035,6402026010997,Nordvind Trail II Shell Trousers XL Slate Grey,The Trail II shell trousers by Nordvind. XL / Slate Grey. Popular with rental outfitters and clubs.,5,11,Shell Trousers,XL,Slate Grey,pcs,12,12,0.485,true,,2025-02-21
1100,NVD-SHL-0036,6402026011000,Nordvind Trail II Shell Trousers XS Slate Grey,"Nordvind Trail II Shell Trousers for shell & insulated apparel. XS / Slate Grey. Built for Nordic conditions, season after season.",5,11,Shell Trousers,XS,Slate Grey,pcs,1,1,0.266,true,,2019-09-08
1101,NVD-SHL-0037,6402026011017,Nordvind Trail II Shell Trousers L Slate Grey,Reliable shell trousers from Nordvind's Trail II range. L / Slate Grey. A wholesale staple for outdoor retailers.,5,11,Shell Trousers,L,Slate Grey,pcs,1,1,0.387,true,,2026-01-02
1102,NVD-SHL-0038,6402026011024,Nordvind Ridge Pro Softshell Jacket M Arctic White,"Nordvind Ridge Pro: a softshell jacket that balances weight, durability and price. M / Arctic White. Retail-ready packaging.",5,11,Softshell Jacket,M,Arctic White,pcs,1,1,0.599,false,2024-09-15,2023-06-24
1103,NVD-SHL-0039,6402026011031,Nordvind Ridge Pro Softshell Jacket XXL Arctic White,The Ridge Pro softshell jacket by Nordvind. XXL / Arctic White. Popular with rental outfitters and clubs.,5,11,Softshell Jacket,XXL,Arctic White,pcs,1,1,0.301,true,,2021-10-02
1104,NVD-SHL-0040,6402026011048,Nordvind Skog Pro Insulated Jacket S Petrol,"Nordvind Skog Pro Insulated Jacket for shell & insulated apparel. S / Petrol. Built for Nordic conditions, season after season.",5,11,Insulated Jacket,S,Petrol,pcs,12,12,1.176,true,,2024-02-25
1105,NVD-SHL-0041,6402026011055,Nordvind Skog Pro Insulated Jacket XL Petrol,Reliable insulated jacket from Nordvind's Skog Pro range. XL / Petrol. A wholesale staple for outdoor retailers.,5,11,Insulated Jacket,XL,Petrol,pcs,1,1,0.931,true,,2023-03-19
1106,NVD-SHL-0042,6402026011062,Nordvind Skog Pro Insulated Jacket XXL Petrol,"Nordvind Skog Pro: a insulated jacket that balances weight, durability and price. XXL / Petrol. Retail-ready packaging.",5,11,Insulated Jacket,XXL,Petrol,pcs,6,6,0.431,true,,2021-08-19
1107,NVD-SHL-0043,6402026011079,Nordvind Skog Pro Insulated Jacket XS Petrol,The Skog Pro insulated jacket by Nordvind. XS / Petrol. Popular with rental outfitters and clubs.,5,11,Insulated Jacket,XS,Petrol,pcs,12,12,0.784,true,,2025-05-04
1108,NVD-SHL-0044,6402026011086,Nordvind Vinter Shell Trousers XS Black,"Nordvind Vinter Shell Trousers for shell & insulated apparel. XS / Black. Built for Nordic conditions, season after season.",5,11,Shell Trousers,XS,Black,pcs,12,12,0.392,true,,2023-02-23
1109,NVD-SHL-0045,6402026011093,Nordvind Vinter Shell Trousers M Black,Reliable shell trousers from Nordvind's Vinter range. M / Black. A wholesale staple for outdoor retailers.,5,11,Shell Trousers,M,Black,pcs,12,12,0.510,true,,2019-11-30
1110,NVD-SHL-0046,6402026011109,Nordvind Vinter Shell Trousers S Black,"Nordvind Vinter: a shell trousers that balances weight, durability and price. S / Black. Retail-ready packaging.",5,11,Shell Trousers,S,Black,pcs,12,12,0.446,true,,2023-07-24
1111,NVD-SHL-0047,6402026011116,Nordvind Vinter Shell Trousers XXL Black,The Vinter shell trousers by Nordvind. XXL / Black. Popular with rental outfitters and clubs.,5,11,Shell Trousers,XXL,Black,pcs,1,1,0.549,true,,2024-01-22
1112,NVD-SHL-0048,6402026011123,Nordvind Vinter Shell Trousers L Black,"Nordvind Vinter Shell Trousers for shell & insulated apparel. L / Black. Built for Nordic conditions, season after season.",5,11,Shell Trousers,L,Black,pcs,1,1,0.504,true,,2024-12-23
1113,NVD-SHL-0049,6402026011130,Nordvind Skog 2.0 Shell Trousers L Forest,Reliable shell trousers from Nordvind's Skog 2.0 range. L / Forest. A wholesale staple for outdoor retailers.,5,11,Shell Trousers,L,Forest,pcs,1,1,0.598,true,,2025-07-11
1114,NVD-SHL-0050,6402026011147,Nordvind Skog 2.0 Shell Trousers S Forest,"Nordvind Skog 2.0: a shell trousers that balances weight, durability and price. S / Forest. Retail-ready packaging.",5,11,Shell Trousers,S,Forest,pcs,6,6,0.456,true,,2019-03-21
1115,NVD-SHL-0051,6402026011154,Nordvind Nordic II Down Vest XL Moss Green,The Nordic II down vest by Nordvind. XL / Moss Green. Popular with rental outfitters and clubs.,5,11,Down Vest,XL,Moss Green,pcs,6,6,0.377,true,,2023-12-04
1116,NVD-SHL-0052,6402026011161,Nordvind Nordic II Down Vest M Moss Green,"Nordvind Nordic II Down Vest for shell & insulated apparel. M / Moss Green. Built for Nordic conditions, season after season.",5,11,Down Vest,M,Moss Green,pcs,12,12,0.210,true,,2021-01-18
1117,NVD-SHL-0053,6402026011178,Nordvind Nordic II Down Vest L Moss Green,Reliable down vest from Nordvind's Nordic II range. L / Moss Green. A wholesale staple for outdoor retailers.,5,11,Down Vest,L,Moss Green,pcs,12,12,0.210,true,,2019-10-09
1118,NVD-SHL-0054,6402026011185,Nordvind Sylarna XT Hardshell Jacket S Ochre,"Nordvind Sylarna XT: a hardshell jacket that balances weight, durability and price. S / Ochre. Retail-ready packaging.",5,11,Hardshell Jacket,S,Ochre,pcs,12,12,0.619,true,,2022-05-26
1119,NVD-SHL-0055,6402026011192,Nordvind Sylarna XT Hardshell Jacket M Ochre,The Sylarna XT hardshell jacket by Nordvind. M / Ochre. Popular with rental outfitters and clubs.,5,11,Hardshell Jacket,M,Ochre,pcs,12,12,0.411,true,,2026-01-08
1120,NVD-SHL-0056,6402026011208,Nordvind Sylarna XT Hardshell Jacket XXL Ochre,"Nordvind Sylarna XT Hardshell Jacket for shell & insulated apparel. XXL / Ochre. Built for Nordic conditions, season after season.",5,11,Hardshell Jacket,XXL,Ochre,pcs,1,1,0.535,true,,2025-07-09
1121,NVD-SHL-0057,6402026011215,Nordvind Sylarna XT Hardshell Jacket XS Ochre,Reliable hardshell jacket from Nordvind's Sylarna XT range. XS / Ochre. A wholesale staple for outdoor retailers.,5,11,Hardshell Jacket,XS,Ochre,pcs,6,6,0.997,true,,2020-09-04
1122,NVD-SHL-0058,6402026011222,Nordvind Sylarna XT Hardshell Jacket L Ochre,"Nordvind Sylarna XT: a hardshell jacket that balances weight, durability and price. L / Ochre. Retail-ready packaging.",5,11,Hardshell Jacket,L,Ochre,pcs,1,1,0.578,true,,2025-11-12
1123,NVD-SHL-0059,6402026011239,Nordvind Trail Plus Down Vest XL Sand,The Trail Plus down vest by Nordvind. XL / Sand. Popular with rental outfitters and clubs.,5,11,Down Vest,XL,Sand,pcs,12,12,0.247,true,,2021-05-02
1124,NVD-SHL-0060,6402026011246,Nordvind Trail Plus Down Vest M Sand,"Nordvind Trail Plus Down Vest for shell & insulated apparel. M / Sand. Built for Nordic conditions, season after season.",5,11,Down Vest,M,Sand,pcs,12,12,0.388,true,,2021-12-02
1125,NVD-SHL-0061,6402026011253,Nordvind Trail Plus Down Vest XS Sand,Reliable down vest from Nordvind's Trail Plus range. XS / Sand. A wholesale staple for outdoor retailers.,5,11,Down Vest,XS,Sand,pcs,6,6,0.655,true,,2019-08-07
1126,NVD-BAS-0001,6402026011260,Nordvind Lyngen XT Merino Base Layer Bottom XS Black,"Nordvind Lyngen XT: a merino base layer bottom that balances weight, durability and price. XS / Black. Retail-ready packaging.",6,11,Merino Base Layer Bottom,XS,Black,pcs,1,1,0.223,true,,2024-11-17
1127,NVD-BAS-0002,6402026011277,Nordvind Lyngen XT Merino Base Layer Bottom XXL Black,The Lyngen XT merino base layer bottom by Nordvind. XXL / Black. Popular with rental outfitters and clubs.,6,11,Merino Base Layer Bottom,XXL,Black,pcs,6,6,0.325,false,2022-07-11,2020-05-16
1128,NVD-BAS-0003,6402026011284,Nordvind Lumi Eco Hiking Trousers XL Slate Grey,"Nordvind Lumi Eco Hiking Trousers for base & mid layers. XL / Slate Grey. Built for Nordic conditions, season after season.",6,11,Hiking Trousers,XL,Slate Grey,pcs,6,6,0.315,false,2026-04-17,2025-02-24
1129,NVD-BAS-0004,6402026011291,Nordvind Lumi Eco Hiking Trousers L Slate Grey,Reliable hiking trousers from Nordvind's Lumi Eco range. L / Slate Grey. A wholesale staple for outdoor retailers.,6,11,Hiking Trousers,L,Slate Grey,pcs,1,1,0.146,true,,2022-08-15
1130,NVD-BAS-0005,6402026011307,Nordvind Padjelanta 2.0 Hiking Shorts M Black,"Nordvind Padjelanta 2.0: a hiking shorts that balances weight, durability and price. M / Black. Retail-ready packaging.",6,11,Hiking Shorts,M,Black,pcs,6,6,0.081,true,,2019-08-27
1131,NVD-BAS-0006,6402026011314,Nordvind Vuori Plus Hiking Shorts XL Petrol,The Vuori Plus hiking shorts by Nordvind. XL / Petrol. Popular with rental outfitters and clubs.,6,11,Hiking Shorts,XL,Petrol,pcs,12,12,0.155,true,,2021-02-26
1132,NVD-BAS-0007,6402026011321,Nordvind Vuori Plus Hiking Shorts XXL Petrol,"Nordvind Vuori Plus Hiking Shorts for base & mid layers. XXL / Petrol. Built for Nordic conditions, season after season.",6,11,Hiking Shorts,XXL,Petrol,pcs,1,1,0.090,true,,2025-05-17
1133,NVD-BAS-0008,6402026011338,Nordvind Vuori Plus Hiking Shorts M Petrol,Reliable hiking shorts from Nordvind's Vuori Plus range. M / Petrol. A wholesale staple for outdoor retailers.,6,11,Hiking Shorts,M,Petrol,pcs,1,1,0.091,true,,2022-10-19
1134,NVD-BAS-0009,6402026011345,Nordvind Vuori Plus Hiking Shorts XS Petrol,"Nordvind Vuori Plus: a hiking shorts that balances weight, durability and price. XS / Petrol. Retail-ready packaging.",6,11,Hiking Shorts,XS,Petrol,pcs,1,1,0.210,true,,2025-07-02
1135,NVD-BAS-0010,6402026011352,Nordvind Vuori Plus Hiking Shorts S Petrol,The Vuori Plus hiking shorts by Nordvind. S / Petrol. Popular with rental outfitters and clubs.,6,11,Hiking Shorts,S,Petrol,pcs,1,1,0.279,false,2025-08-17,2022-06-24
1136,NVD-BAS-0011,6402026011369,Nordvind Helags Lite Fleece Jacket XXL Burnt Orange,"Nordvind Helags Lite Fleece Jacket for base & mid layers. XXL / Burnt Orange. Built for Nordic conditions, season after season.",6,11,Fleece Jacket,XXL,Burnt Orange,pcs,6,6,0.291,true,,2021-08-25
1137,NVD-BAS-0012,6402026011376,Nordvind Helags Lite Fleece Jacket L Burnt Orange,Reliable fleece jacket from Nordvind's Helags Lite range. L / Burnt Orange. A wholesale staple for outdoor retailers.,6,11,Fleece Jacket,L,Burnt Orange,pcs,1,1,0.186,true,,2025-01-23
1138,NVD-BAS-0013,6402026011383,Nordvind Helags Lite Fleece Jacket XS Burnt Orange,"Nordvind Helags Lite: a fleece jacket that balances weight, durability and price. XS / Burnt Orange. Retail-ready packaging.",6,11,Fleece Jacket,XS,Burnt Orange,pcs,12,12,0.410,true,,2023-10-02
1139,NVD-BAS-0014,6402026011390,Nordvind Helags Lite Fleece Jacket M Burnt Orange,The Helags Lite fleece jacket by Nordvind. M / Burnt Orange. Popular with rental outfitters and clubs.,6,11,Fleece Jacket,M,Burnt Orange,pcs,1,1,0.172,true,,2022-08-30
1140,NVD-BAS-0015,6402026011406,Nordvind Helags Lite Fleece Jacket S Burnt Orange,"Nordvind Helags Lite Fleece Jacket for base & mid layers. S / Burnt Orange. Built for Nordic conditions, season after season.",6,11,Fleece Jacket,S,Burnt Orange,pcs,1,1,0.338,true,,2022-08-07
1141,NVD-BAS-0016,6402026011413,Nordvind Alpine Lite Fleece Jacket XS Slate Grey,Reliable fleece jacket from Nordvind's Alpine Lite range. XS / Slate Grey. A wholesale staple for outdoor retailers.,6,11,Fleece Jacket,XS,Slate Grey,pcs,12,12,0.434,true,,2023-01-14
1142,NVD-BAS-0017,6402026011420,Nordvind Alpine Lite Fleece Jacket XL Slate Grey,"Nordvind Alpine Lite: a fleece jacket that balances weight, durability and price. XL / Slate Grey. Retail-ready packaging.",6,11,Fleece Jacket,XL,Slate Grey,pcs,1,1,0.308,true,,2020-07-15
1143,NVD-BAS-0018,6402026011437,Nordvind Alpine Lite Fleece Jacket L Slate Grey,The Alpine Lite fleece jacket by Nordvind. L / Slate Grey. Popular with rental outfitters and clubs.,6,11,Fleece Jacket,L,Slate Grey,pcs,1,1,0.339,true,,2024-12-16
1144,NVD-BAS-0019,6402026011444,Nordvind Åreskutan WP Hiking Trousers M Deep Teal,"Nordvind Åreskutan WP Hiking Trousers for base & mid layers. M / Deep Teal. Built for Nordic conditions, season after season.",6,11,Hiking Trousers,M,Deep Teal,pcs,12,12,0.291,true,,2024-10-13
1145,NVD-BAS-0020,6402026011451,Nordvind Åreskutan WP Hiking Trousers XS Deep Teal,Reliable hiking trousers from Nordvind's Åreskutan WP range. XS / Deep Teal. A wholesale staple for outdoor retailers.,6,11,Hiking Trousers,XS,Deep Teal,pcs,6,6,0.455,true,,2020-11-20
1146,NVD-BAS-0021,6402026011468,Nordvind Åreskutan WP Hiking Trousers XXL Deep Teal,"Nordvind Åreskutan WP: a hiking trousers that balances weight, durability and price. XXL / Deep Teal. Retail-ready packaging.",6,11,Hiking Trousers,XXL,Deep Teal,pcs,1,1,0.328,true,,2024-12-06
1147,NVD-BAS-0022,6402026011475,Nordvind Hav WP Fleece Jacket L Sand,The Hav WP fleece jacket by Nordvind. L / Sand. Popular with rental outfitters and clubs.,6,11,Fleece Jacket,L,Sand,pcs,1,1,0.289,true,,2022-01-16
1148,NVD-BAS-0023,6402026011482,Nordvind Hav WP Fleece Jacket XL Sand,"Nordvind Hav WP Fleece Jacket for base & mid layers. XL / Sand. Built for Nordic conditions, season after season.",6,11,Fleece Jacket,XL,Sand,pcs,1,1,0.179,true,,2019-11-20
1149,NVD-BAS-0024,6402026011499,Nordvind Hav WP Fleece Jacket XXL Sand,Reliable fleece jacket from Nordvind's Hav WP range. XXL / Sand. A wholesale staple for outdoor retailers.,6,11,Fleece Jacket,XXL,Sand,pcs,1,1,0.290,true,,2026-05-01
1150,NVD-BAS-0025,6402026011505,Nordvind Senja Pro Hiking Socks 2-pack XS Lichen,"Nordvind Senja Pro: a hiking socks 2-pack that balances weight, durability and price. XS / Lichen. Retail-ready packaging.",6,11,Hiking Socks 2-pack,XS,Lichen,pcs,1,1,0.156,true,,2022-09-07
1151,NVD-BAS-0026,6402026011512,Nordvind Kilpis II Merino Base Layer Bottom XXL Petrol,The Kilpis II merino base layer bottom by Nordvind. XXL / Petrol. Popular with rental outfitters and clubs.,6,11,Merino Base Layer Bottom,XXL,Petrol,pcs,12,12,0.287,true,,2024-04-11
1152,NVD-BAS-0027,6402026011529,Nordvind Kilpis II Merino Base Layer Bottom S Petrol,"Nordvind Kilpis II Merino Base Layer Bottom for base & mid layers. S / Petrol. Built for Nordic conditions, season after season.",6,11,Merino Base Layer Bottom,S,Petrol,pcs,12,12,0.217,true,,2021-07-08
1153,NVD-BAS-0028,6402026011536,Nordvind Kilpis II Merino Base Layer Bottom L Petrol,Reliable merino base layer bottom from Nordvind's Kilpis II range. L / Petrol. A wholesale staple for outdoor retailers.,6,11,Merino Base Layer Bottom,L,Petrol,pcs,1,1,0.103,true,,2020-10-23
1154,NVD-BAS-0029,6402026011543,Nordvind Kilpis II Merino Base Layer Bottom M Petrol,"Nordvind Kilpis II: a merino base layer bottom that balances weight, durability and price. M / Petrol. Retail-ready packaging.",6,11,Merino Base Layer Bottom,M,Petrol,pcs,6,6,0.264,true,,2019-04-13
1155,NVD-BAS-0030,6402026011550,Nordvind Tundra 2.0 Merino Base Layer Top L Midnight Blue,The Tundra 2.0 merino base layer top by Nordvind. L / Midnight Blue. Popular with rental outfitters and clubs.,6,11,Merino Base Layer Top,L,Midnight Blue,pcs,1,1,0.301,true,,2020-12-16
1156,NVD-BAS-0031,6402026011567,Nordvind Tundra 2.0 Merino Base Layer Top XL Midnight Blue,"Nordvind Tundra 2.0 Merino Base Layer Top for base & mid layers. XL / Midnight Blue. Built for Nordic conditions, season after season.",6,11,Merino Base Layer Top,XL,Midnight Blue,pcs,12,12,0.355,true,,2019-05-28
1157,NVD-BAS-0032,6402026011574,Nordvind Glacier Eco Hiking Shorts XL Deep Teal,Reliable hiking shorts from Nordvind's Glacier Eco range. XL / Deep Teal. A wholesale staple for outdoor retailers.,6,11,Hiking Shorts,XL,Deep Teal,pcs,1,1,0.089,true,,2025-05-14
1158,NVD-BAS-0033,6402026011581,Nordvind Glacier Eco Hiking Shorts XS Deep Teal,"Nordvind Glacier Eco: a hiking shorts that balances weight, durability and price. XS / Deep Teal. Retail-ready packaging.",6,11,Hiking Shorts,XS,Deep Teal,pcs,12,12,0.210,true,,2022-04-13
1159,NVD-BAS-0034,6402026011598,Nordvind Glacier Eco Hiking Shorts S Deep Teal,The Glacier Eco hiking shorts by Nordvind. S / Deep Teal. Popular with rental outfitters and clubs.,6,11,Hiking Shorts,S,Deep Teal,pcs,12,12,0.219,true,,2022-02-12
1160,NVD-BAS-0035,6402026011604,Nordvind Jotun XT Merino Base Layer Bottom XXL Black,"Nordvind Jotun XT Merino Base Layer Bottom for base & mid layers. XXL / Black. Built for Nordic conditions, season after season.",6,11,Merino Base Layer Bottom,XXL,Black,pcs,1,1,0.176,true,,2025-06-23
1161,NVD-BAS-0036,6402026011611,Nordvind Jotun XT Merino Base Layer Bottom XS Black,Reliable merino base layer bottom from Nordvind's Jotun XT range. XS / Black. A wholesale staple for outdoor retailers.,6,11,Merino Base Layer Bottom,XS,Black,pcs,1,1,0.114,true,,2024-12-30
1162,NVD-BAS-0037,6402026011628,Nordvind Myrsky Plus Fleece Jacket XXL Sand,"Nordvind Myrsky Plus: a fleece jacket that balances weight, durability and price. XXL / Sand. Retail-ready packaging.",6,11,Fleece Jacket,XXL,Sand,pcs,12,12,0.299,true,,2019-03-10
1163,NVD-BAS-0038,6402026011635,Nordvind Myrsky Plus Fleece Jacket S Sand,The Myrsky Plus fleece jacket by Nordvind. S / Sand. Popular with rental outfitters and clubs.,6,11,Fleece Jacket,S,Sand,pcs,1,1,0.220,true,,2025-05-29
1164,NVD-BAS-0039,6402026011642,Nordvind Myrsky Plus Fleece Jacket M Sand,"Nordvind Myrsky Plus Fleece Jacket for base & mid layers. M / Sand. Built for Nordic conditions, season after season.",6,11,Fleece Jacket,M,Sand,pcs,1,1,0.399,true,,2022-09-30
1165,NVD-BAS-0040,6402026011659,Nordvind Myrsky Plus Fleece Jacket XS Sand,Reliable fleece jacket from Nordvind's Myrsky Plus range. XS / Sand. A wholesale staple for outdoor retailers.,6,11,Fleece Jacket,XS,Sand,pcs,6,6,0.330,true,,2026-04-06
1166,NVD-BAS-0041,6402026011666,Nordvind Myrsky Plus Fleece Jacket XL Sand,"Nordvind Myrsky Plus: a fleece jacket that balances weight, durability and price. XL / Sand. Retail-ready packaging.",6,11,Fleece Jacket,XL,Sand,pcs,1,1,0.398,true,,2025-07-30
1167,NVD-BAS-0042,6402026011673,Nordvind Kebnekaise Fleece Jacket XL Moss Green,The Kebnekaise fleece jacket by Nordvind. XL / Moss Green. Popular with rental outfitters and clubs.,6,11,Fleece Jacket,XL,Moss Green,pcs,1,1,0.476,true,,2025-07-01
1168,NVD-BAS-0043,6402026011680,Nordvind Kebnekaise Fleece Jacket M Moss Green,"Nordvind Kebnekaise Fleece Jacket for base & mid layers. M / Moss Green. Built for Nordic conditions, season after season.",6,11,Fleece Jacket,M,Moss Green,pcs,6,6,0.295,true,,2023-03-26
1169,NVD-BAS-0044,6402026011697,Nordvind Kebnekaise Fleece Jacket XS Moss Green,Reliable fleece jacket from Nordvind's Kebnekaise range. XS / Moss Green. A wholesale staple for outdoor retailers.,6,11,Fleece Jacket,XS,Moss Green,pcs,12,12,0.391,true,,2024-05-20
1170,NVD-BAS-0045,6402026011703,Nordvind Kebnekaise Fleece Jacket L Moss Green,"Nordvind Kebnekaise: a fleece jacket that balances weight, durability and price. L / Moss Green. Retail-ready packaging.",6,11,Fleece Jacket,L,Moss Green,pcs,1,1,0.396,true,,2019-03-30
1171,NVD-BAS-0046,6402026011710,Nordvind Kebnekaise Fleece Jacket S Moss Green,The Kebnekaise fleece jacket by Nordvind. S / Moss Green. Popular with rental outfitters and clubs.,6,11,Fleece Jacket,S,Moss Green,pcs,12,12,0.190,true,,2019-02-12
1172,NVD-BAS-0047,6402026011727,Nordvind Glacier Pro Hiking Shorts XXL Deep Teal,"Nordvind Glacier Pro Hiking Shorts for base & mid layers. XXL / Deep Teal. Built for Nordic conditions, season after season.",6,11,Hiking Shorts,XXL,Deep Teal,pcs,1,1,0.222,false,2020-12-09,2019-11-29
1173,NVD-BAS-0048,6402026011734,Nordvind Glacier Pro Hiking Shorts M Deep Teal,Reliable hiking shorts from Nordvind's Glacier Pro range. M / Deep Teal. A wholesale staple for outdoor retailers.,6,11,Hiking Shorts,M,Deep Teal,pcs,6,6,0.077,true,,2023-05-20
1174,NVD-BAS-0049,6402026011741,Nordvind Åreskutan Eco Fleece Jacket M Graphite,"Nordvind Åreskutan Eco: a fleece jacket that balances weight, durability and price. M / Graphite. Retail-ready packaging.",6,11,Fleece Jacket,M,Graphite,pcs,1,1,0.191,true,,2025-03-26
1175,NVD-BAS-0050,6402026011758,Nordvind Åreskutan Eco Fleece Jacket XS Graphite,The Åreskutan Eco fleece jacket by Nordvind. XS / Graphite. Popular with rental outfitters and clubs.,6,11,Fleece Jacket,XS,Graphite,pcs,1,1,0.164,true,,2024-05-11
1176,NVD-BAS-0051,6402026011765,Nordvind Åreskutan Eco Fleece Jacket XXL Graphite,"Nordvind Åreskutan Eco Fleece Jacket for base & mid layers. XXL / Graphite. Built for Nordic conditions, season after season.",6,11,Fleece Jacket,XXL,Graphite,pcs,1,1,0.263,true,,2025-04-18
1177,NVD-BAS-0052,6402026011772,Nordvind Jotun Hiking Socks 2-pack XL Black,Reliable hiking socks 2-pack from Nordvind's Jotun range. XL / Black. A wholesale staple for outdoor retailers.,6,11,Hiking Socks 2-pack,XL,Black,pcs,6,6,0.076,true,,2019-10-27
1178,NVD-BAS-0053,6402026011789,Nordvind Jotun Hiking Socks 2-pack S Black,"Nordvind Jotun: a hiking socks 2-pack that balances weight, durability and price. S / Black. Retail-ready packaging.",6,11,Hiking Socks 2-pack,S,Black,pcs,6,6,0.096,true,,2023-02-22
1179,NVD-BAS-0054,6402026011796,Nordvind Jotun Hiking Socks 2-pack XS Black,The Jotun hiking socks 2-pack by Nordvind. XS / Black. Popular with rental outfitters and clubs.,6,11,Hiking Socks 2-pack,XS,Black,pcs,6,6,0.061,true,,2019-10-24
1180,NVD-BAS-0055,6402026011802,Nordvind Jotun Hiking Socks 2-pack L Black,"Nordvind Jotun Hiking Socks 2-pack for base & mid layers. L / Black. Built for Nordic conditions, season after season.",6,11,Hiking Socks 2-pack,L,Black,pcs,1,1,0.132,true,,2021-10-26
1181,NVD-BAS-0056,6402026011819,Nordvind Jotun Hiking Socks 2-pack XXL Black,Reliable hiking socks 2-pack from Nordvind's Jotun range. XXL / Black. A wholesale staple for outdoor retailers.,6,11,Hiking Socks 2-pack,XXL,Black,pcs,6,6,0.068,true,,2021-10-29
1182,NVD-BAS-0057,6402026011826,Nordvind Jotun XT Hiking Trousers XXL Burnt Orange,"Nordvind Jotun XT: a hiking trousers that balances weight, durability and price. XXL / Burnt Orange. Retail-ready packaging.",6,11,Hiking Trousers,XXL,Burnt Orange,pcs,6,6,0.214,true,,2019-03-26
1183,RUS-FTW-0001,6402026011833,Ruska Myrsky II Hiking Boot EU 39 Sunset Yellow,The Myrsky II hiking boot by Ruska. EU 39 / Sunset Yellow. Popular with rental outfitters and clubs.,4,12,Hiking Boot,EU 39,Sunset Yellow,pair,1,1,1.106,true,,2026-05-02
1184,RUS-FTW-0002,6402026011840,Ruska Sylarna 2.0 Trail Shoe EU 39 Ochre,"Ruska Sylarna 2.0 Trail Shoe for footwear. EU 39 / Ochre. Built for Nordic conditions, season after season.",4,12,Trail Shoe,EU 39,Ochre,pair,6,6,1.069,true,,2019-03-02
1185,RUS-FTW-0003,6402026011857,Ruska Sylarna 2.0 Trail Shoe EU 46 Ochre,Reliable trail shoe from Ruska's Sylarna 2.0 range. EU 46 / Ochre. A wholesale staple for outdoor retailers.,4,12,Trail Shoe,EU 46,Ochre,pair,1,1,0.916,true,,2022-04-30
1186,RUS-FTW-0004,6402026011864,Ruska Sylarna 2.0 Trail Shoe EU 40 Ochre,"Ruska Sylarna 2.0: a trail shoe that balances weight, durability and price. EU 40 / Ochre. Retail-ready packaging.",4,12,Trail Shoe,EU 40,Ochre,pair,6,6,0.507,false,2025-04-18,2022-05-10
1187,RUS-FTW-0005,6402026011871,Ruska Sylarna 2.0 Trail Shoe EU 41 Ochre,The Sylarna 2.0 trail shoe by Ruska. EU 41 / Ochre. Popular with rental outfitters and clubs.,4,12,Trail Shoe,EU 41,Ochre,pair,6,6,1.015,true,,2022-08-03
1188,RUS-FTW-0006,6402026011888,Ruska Sylarna 2.0 Trail Shoe EU 44 Ochre,"Ruska Sylarna 2.0 Trail Shoe for footwear. EU 44 / Ochre. Built for Nordic conditions, season after season.",4,12,Trail Shoe,EU 44,Ochre,pair,6,6,0.613,true,,2021-02-04
1189,RUS-FTW-0007,6402026011895,Ruska Bre Trail Shoe EU 42 Black,Reliable trail shoe from Ruska's Bre range. EU 42 / Black. A wholesale staple for outdoor retailers.,4,12,Trail Shoe,EU 42,Black,pair,1,1,0.478,true,,2019-02-26
1190,RUS-FTW-0008,6402026011901,Ruska Lumi Plus Hiking Sandal EU 44 Midnight Blue,"Ruska Lumi Plus: a hiking sandal that balances weight, durability and price. EU 44 / Midnight Blue. Retail-ready packaging.",4,12,Hiking Sandal,EU 44,Midnight Blue,pair,6,6,0.485,true,,2020-02-07
1191,RUS-FTW-0009,6402026011918,Ruska Lumi Plus Hiking Sandal EU 41 Midnight Blue,The Lumi Plus hiking sandal by Ruska. EU 41 / Midnight Blue. Popular with rental outfitters and clubs.,4,12,Hiking Sandal,EU 41,Midnight Blue,pair,1,1,0.249,false,2025-12-26,2023-03-02
1192,RUS-FTW-0010,6402026011925,Ruska Lumi Plus Hiking Sandal EU 38 Midnight Blue,"Ruska Lumi Plus Hiking Sandal for footwear. EU 38 / Midnight Blue. Built for Nordic conditions, season after season.",4,12,Hiking Sandal,EU 38,Midnight Blue,pair,6,6,0.719,true,,2026-03-10
1193,RUS-FTW-0011,6402026011932,Ruska Lumi Plus Hiking Sandal EU 45 Midnight Blue,Reliable hiking sandal from Ruska's Lumi Plus range. EU 45 / Midnight Blue. A wholesale staple for outdoor retailers.,4,12,Hiking Sandal,EU 45,Midnight Blue,pair,1,1,0.246,true,,2024-10-23
1194,RUS-FTW-0012,6402026011949,Ruska Glacier WP Hiking Boot EU 47 Ochre,"Ruska Glacier WP: a hiking boot that balances weight, durability and price. EU 47 / Ochre. Retail-ready packaging.",4,12,Hiking Boot,EU 47,Ochre,pair,6,6,0.731,true,,2025-02-01
1195,RUS-FTW-0013,6402026011956,Ruska Glacier WP Hiking Boot EU 43 Ochre,The Glacier WP hiking boot by Ruska. EU 43 / Ochre. Popular with rental outfitters and clubs.,4,12,Hiking Boot,EU 43,Ochre,pair,1,1,1.538,true,,2026-04-11
1196,RUS-FTW-0014,6402026011963,Ruska Lumi Hiking Sandal EU 42 Arctic White,"Ruska Lumi Hiking Sandal for footwear. EU 42 / Arctic White. Built for Nordic conditions, season after season.",4,12,Hiking Sandal,EU 42,Arctic White,pair,6,6,0.641,true,,2021-07-06
1197,RUS-FTW-0015,6402026011970,Ruska Lumi Hiking Sandal EU 46 Arctic White,Reliable hiking sandal from Ruska's Lumi range. EU 46 / Arctic White. A wholesale staple for outdoor retailers.,4,12,Hiking Sandal,EU 46,Arctic White,pair,1,1,0.641,true,,2025-11-16
1198,RUS-FTW-0016,6402026011987,Ruska Åreskutan XT Approach Shoe EU 38 Midnight Blue,"Ruska Åreskutan XT: a approach shoe that balances weight, durability and price. EU 38 / Midnight Blue. Retail-ready packaging.",4,12,Approach Shoe,EU 38,Midnight Blue,pair,6,6,1.004,true,,2020-09-16
1199,RUS-FTW-0017,6402026011994,Ruska Åreskutan XT Approach Shoe EU 47 Midnight Blue,The Åreskutan XT approach shoe by Ruska. EU 47 / Midnight Blue. Popular with rental outfitters and clubs.,4,12,Approach Shoe,EU 47,Midnight Blue,pair,6,6,0.554,true,,2020-08-25
1200,RUS-FTW-0018,6402026012007,Ruska Åreskutan XT Approach Shoe EU 40 Midnight Blue,"Ruska Åreskutan XT Approach Shoe for footwear. EU 40 / Midnight Blue. Built for Nordic conditions, season after season.",4,12,Approach Shoe,EU 40,Midnight Blue,pair,1,1,1.053,true,,2022-09-05
1201,RUS-FTW-0019,6402026012014,Ruska Boreal WP Winter Boot EU 43 Burnt Orange,Reliable winter boot from Ruska's Boreal WP range. EU 43 / Burnt Orange. A wholesale staple for outdoor retailers.,4,12,Winter Boot,EU 43,Burnt Orange,pair,1,1,1.214,true,,2023-11-17
1202,RUS-FTW-0020,6402026012021,Ruska Boreal WP Winter Boot EU 41 Burnt Orange,"Ruska Boreal WP: a winter boot that balances weight, durability and price. EU 41 / Burnt Orange. Retail-ready packaging.",4,12,Winter Boot,EU 41,Burnt Orange,pair,1,1,1.742,true,,2021-12-09
1203,RUS-FTW-0021,6402026012038,Ruska Boreal WP Winter Boot EU 47 Burnt Orange,The Boreal WP winter boot by Ruska. EU 47 / Burnt Orange. Popular with rental outfitters and clubs.,4,12,Winter Boot,EU 47,Burnt Orange,pair,6,6,0.808,true,,2019-07-16
1204,RUS-FTW-0022,6402026012045,Ruska Boreal WP Winter Boot EU 46 Burnt Orange,"Ruska Boreal WP Winter Boot for footwear. EU 46 / Burnt Orange. Built for Nordic conditions, season after season.",4,12,Winter Boot,EU 46,Burnt Orange,pair,6,6,1.377,true,,2025-12-02
1205,RUS-FTW-0023,6402026012052,Ruska Storm Pro Hiking Boot EU 42 Lichen,Reliable hiking boot from Ruska's Storm Pro range. EU 42 / Lichen. A wholesale staple for outdoor retailers.,4,12,Hiking Boot,EU 42,Lichen,pair,1,1,0.928,true,,2024-04-27
1206,RUS-FTW-0024,6402026012069,Ruska Storm Pro Hiking Boot EU 46 Lichen,"Ruska Storm Pro: a hiking boot that balances weight, durability and price. EU 46 / Lichen. Retail-ready packaging.",4,12,Hiking Boot,EU 46,Lichen,pair,6,6,1.529,true,,2021-07-04
1207,RUS-FTW-0025,6402026012076,Ruska Storm Pro Hiking Boot EU 43 Lichen,The Storm Pro hiking boot by Ruska. EU 43 / Lichen. Popular with rental outfitters and clubs.,4,12,Hiking Boot,EU 43,Lichen,pair,6,6,1.450,true,,2025-11-07
1208,RUS-FTW-0026,6402026012083,Ruska Elv Trail Shoe EU 37 Ochre,"Ruska Elv Trail Shoe for footwear. EU 37 / Ochre. Built for Nordic conditions, season after season.",4,12,Trail Shoe,EU 37,Ochre,pair,1,1,0.691,true,,2022-01-14
1209,RUS-FTW-0027,6402026012090,Ruska Elv Trail Shoe EU 41 Ochre,Reliable trail shoe from Ruska's Elv range. EU 41 / Ochre. A wholesale staple for outdoor retailers.,4,12,Trail Shoe,EU 41,Ochre,pair,6,6,0.352,true,,2022-09-05
1210,RUS-FTW-0028,6402026012106,Ruska Elv Trail Shoe EU 43 Ochre,"Ruska Elv: a trail shoe that balances weight, durability and price. EU 43 / Ochre. Retail-ready packaging.",4,12,Trail Shoe,EU 43,Ochre,pair,1,1,1.077,true,,2024-01-15
1211,RUS-FTW-0029,6402026012113,Ruska Lumi Eco Hiking Boot EU 43 Arctic White,The Lumi Eco hiking boot by Ruska. EU 43 / Arctic White. Popular with rental outfitters and clubs.,4,12,Hiking Boot,EU 43,Arctic White,pair,6,6,1.048,true,,2022-02-05
1212,RUS-FTW-0030,6402026012120,Ruska Lumi Eco Hiking Boot EU 39 Arctic White,"Ruska Lumi Eco Hiking Boot for footwear. EU 39 / Arctic White. Built for Nordic conditions, season after season.",4,12,Hiking Boot,EU 39,Arctic White,pair,6,6,1.119,true,,2020-10-27
1213,RUS-FTW-0031,6402026012137,Ruska Kilpis WP Approach Shoe EU 43 Black,Reliable approach shoe from Ruska's Kilpis WP range. EU 43 / Black. A wholesale staple for outdoor retailers.,4,12,Approach Shoe,EU 43,Black,pair,1,1,0.889,true,,2020-07-16
1214,RUS-FTW-0032,6402026012144,Ruska Nuten XT Hiking Boot EU 42 Ruby Red,"Ruska Nuten XT: a hiking boot that balances weight, durability and price. EU 42 / Ruby Red. Retail-ready packaging.",4,12,Hiking Boot,EU 42,Ruby Red,pair,6,6,0.946,true,,2020-05-08
1215,RUS-FTW-0033,6402026012151,Ruska Nuten XT Hiking Boot EU 45 Ruby Red,The Nuten XT hiking boot by Ruska. EU 45 / Ruby Red. Popular with rental outfitters and clubs.,4,12,Hiking Boot,EU 45,Ruby Red,pair,1,1,1.079,true,,2023-03-04
1216,RUS-FTW-0034,6402026012168,Ruska Nuten XT Hiking Boot EU 37 Ruby Red,"Ruska Nuten XT Hiking Boot for footwear. EU 37 / Ruby Red. Built for Nordic conditions, season after season.",4,12,Hiking Boot,EU 37,Ruby Red,pair,6,6,0.525,true,,2020-03-11
1217,RUS-FTW-0035,6402026012175,Ruska Ylläs 2.0 Hiking Boot EU 45 Arctic White,Reliable hiking boot from Ruska's Ylläs 2.0 range. EU 45 / Arctic White. A wholesale staple for outdoor retailers.,4,12,Hiking Boot,EU 45,Arctic White,pair,6,6,1.178,true,,2025-10-17
1218,RUS-FTW-0036,6402026012182,Ruska Ylläs 2.0 Hiking Boot EU 43 Arctic White,"Ruska Ylläs 2.0: a hiking boot that balances weight, durability and price. EU 43 / Arctic White. Retail-ready packaging.",4,12,Hiking Boot,EU 43,Arctic White,pair,6,6,0.734,true,,2021-06-24
1219,RUS-FTW-0037,6402026012199,Ruska Ylläs 2.0 Hiking Boot EU 39 Arctic White,The Ylläs 2.0 hiking boot by Ruska. EU 39 / Arctic White. Popular with rental outfitters and clubs.,4,12,Hiking Boot,EU 39,Arctic White,pair,6,6,0.948,true,,2021-12-14
1220,RUS-FTW-0038,6402026012205,Ruska Kungsleden Approach Shoe EU 39 Lichen,"Ruska Kungsleden Approach Shoe for footwear. EU 39 / Lichen. Built for Nordic conditions, season after season.",4,12,Approach Shoe,EU 39,Lichen,pair,1,1,1.164,true,,2019-08-18
1221,RUS-FTW-0039,6402026012212,Ruska Kungsleden Approach Shoe EU 44 Lichen,Reliable approach shoe from Ruska's Kungsleden range. EU 44 / Lichen. A wholesale staple for outdoor retailers.,4,12,Approach Shoe,EU 44,Lichen,pair,1,1,0.948,true,,2021-03-08
1222,RUS-FTW-0040,6402026012229,Ruska Kungsleden Approach Shoe EU 45 Lichen,"Ruska Kungsleden: a approach shoe that balances weight, durability and price. EU 45 / Lichen. Retail-ready packaging.",4,12,Approach Shoe,EU 45,Lichen,pair,6,6,1.144,true,,2025-11-07
1223,RUS-FTW-0041,6402026012236,Ruska Kungsleden Approach Shoe EU 47 Lichen,The Kungsleden approach shoe by Ruska. EU 47 / Lichen. Popular with rental outfitters and clubs.,4,12,Approach Shoe,EU 47,Lichen,pair,1,1,0.381,true,,2025-06-24
1224,RUS-FTW-0042,6402026012243,Ruska Kungsleden Approach Shoe EU 42 Lichen,"Ruska Kungsleden Approach Shoe for footwear. EU 42 / Lichen. Built for Nordic conditions, season after season.",4,12,Approach Shoe,EU 42,Lichen,pair,6,6,0.828,true,,2022-09-14
1225,RUS-FTW-0043,6402026012250,Ruska Vuori Winter Boot EU 41 Lichen,Reliable winter boot from Ruska's Vuori range. EU 41 / Lichen. A wholesale staple for outdoor retailers.,4,12,Winter Boot,EU 41,Lichen,pair,6,6,0.757,true,,2019-05-29
1226,RUS-FTW-0044,6402026012267,Ruska Vuori Winter Boot EU 46 Lichen,"Ruska Vuori: a winter boot that balances weight, durability and price. EU 46 / Lichen. Retail-ready packaging.",4,12,Winter Boot,EU 46,Lichen,pair,6,6,1.459,true,,2025-08-23
1227,RUS-FTW-0045,6402026012274,Ruska Boreal Winter Boot EU 44 Graphite,The Boreal winter boot by Ruska. EU 44 / Graphite. Popular with rental outfitters and clubs.,4,12,Winter Boot,EU 44,Graphite,pair,1,1,1.322,true,,2022-03-06
1228,RUS-FTW-0046,6402026012281,Ruska Boreal Winter Boot EU 47 Graphite,"Ruska Boreal Winter Boot for footwear. EU 47 / Graphite. Built for Nordic conditions, season after season.",4,12,Winter Boot,EU 47,Graphite,pair,6,6,1.148,true,,2021-01-03
1229,RUS-FTW-0047,6402026012298,Ruska Boreal Winter Boot EU 37 Graphite,Reliable winter boot from Ruska's Boreal range. EU 37 / Graphite. A wholesale staple for outdoor retailers.,4,12,Winter Boot,EU 37,Graphite,pair,6,6,1.013,true,,2024-08-16
1230,RUS-FTW-0048,6402026012304,Ruska Nordic 2.0 Hiking Boot EU 40 Petrol,"Ruska Nordic 2.0: a hiking boot that balances weight, durability and price. EU 40 / Petrol. Retail-ready packaging.",4,12,Hiking Boot,EU 40,Petrol,pair,6,6,1.208,true,,2024-09-14
1231,RUS-FTW-0049,6402026012311,Ruska Nordic 2.0 Hiking Boot EU 44 Petrol,The Nordic 2.0 hiking boot by Ruska. EU 44 / Petrol. Popular with rental outfitters and clubs.,4,12,Hiking Boot,EU 44,Petrol,pair,6,6,0.606,true,,2021-03-06
1232,RUS-FTW-0050,6402026012328,Ruska Nordic 2.0 Hiking Boot EU 46 Petrol,"Ruska Nordic 2.0 Hiking Boot for footwear. EU 46 / Petrol. Built for Nordic conditions, season after season.",4,12,Hiking Boot,EU 46,Petrol,pair,6,6,1.259,true,,2023-03-17
1233,RUS-FTW-0051,6402026012335,Ruska Nordic 2.0 Hiking Boot EU 45 Petrol,Reliable hiking boot from Ruska's Nordic 2.0 range. EU 45 / Petrol. A wholesale staple for outdoor retailers.,4,12,Hiking Boot,EU 45,Petrol,pair,6,6,1.036,true,,2020-10-25
1234,RUS-FTW-0052,6402026012342,Ruska Rondane Plus Hiking Sandal EU 45 Slate Grey,"Ruska Rondane Plus: a hiking sandal that balances weight, durability and price. EU 45 / Slate Grey. Retail-ready packaging.",4,12,Hiking Sandal,EU 45,Slate Grey,pair,1,1,0.472,true,,2025-03-03
1235,RUS-FTW-0053,6402026012359,Ruska Kaldo Pro Hiking Boot EU 46 Burnt Orange,The Kaldo Pro hiking boot by Ruska. EU 46 / Burnt Orange. Popular with rental outfitters and clubs.,4,12,Hiking Boot,EU 46,Burnt Orange,pair,1,1,0.777,true,,2020-10-01
1236,RUS-FTW-0054,6402026012366,Ruska Kaldo Pro Hiking Boot EU 43 Burnt Orange,"Ruska Kaldo Pro Hiking Boot for footwear. EU 43 / Burnt Orange. Built for Nordic conditions, season after season.",4,12,Hiking Boot,EU 43,Burnt Orange,pair,6,6,1.342,true,,2023-01-11
1237,RUS-FTW-0055,6402026012373,Ruska Kaldo Pro Hiking Boot EU 38 Burnt Orange,Reliable hiking boot from Ruska's Kaldo Pro range. EU 38 / Burnt Orange. A wholesale staple for outdoor retailers.,4,12,Hiking Boot,EU 38,Burnt Orange,pair,1,1,1.374,true,,2023-03-05
1238,RUS-FTW-0056,6402026012380,Ruska Kaldo Pro Hiking Boot EU 39 Burnt Orange,"Ruska Kaldo Pro: a hiking boot that balances weight, durability and price. EU 39 / Burnt Orange. Retail-ready packaging.",4,12,Hiking Boot,EU 39,Burnt Orange,pair,1,1,0.696,true,,2025-09-08
1239,RUS-FTW-0057,6402026012397,Ruska Kaldo Pro Hiking Boot EU 42 Burnt Orange,The Kaldo Pro hiking boot by Ruska. EU 42 / Burnt Orange. Popular with rental outfitters and clubs.,4,12,Hiking Boot,EU 42,Burnt Orange,pair,1,1,0.915,true,,2020-10-30
1240,RUS-FTW-0058,6402026012403,Ruska Snøhetta Hiking Sandal EU 41 Sand,"Ruska Snøhetta Hiking Sandal for footwear. EU 41 / Sand. Built for Nordic conditions, season after season.",4,12,Hiking Sandal,EU 41,Sand,pair,6,6,0.396,true,,2023-05-27
1241,RUS-FTW-0059,6402026012410,Ruska Snøhetta Hiking Sandal EU 43 Sand,Reliable hiking sandal from Ruska's Snøhetta range. EU 43 / Sand. A wholesale staple for outdoor retailers.,4,12,Hiking Sandal,EU 43,Sand,pair,6,6,0.440,true,,2020-08-12
1242,RUS-FTW-0060,6402026012427,Ruska Kaamos Eco Winter Boot EU 43 Graphite,"Ruska Kaamos Eco: a winter boot that balances weight, durability and price. EU 43 / Graphite. Retail-ready packaging.",4,12,Winter Boot,EU 43,Graphite,pair,6,6,0.708,true,,2020-06-22
1243,RUS-FTW-0061,6402026012434,Ruska Kaamos Eco Winter Boot EU 39 Graphite,The Kaamos Eco winter boot by Ruska. EU 39 / Graphite. Popular with rental outfitters and clubs.,4,12,Winter Boot,EU 39,Graphite,pair,6,6,0.643,true,,2020-07-28
1244,RUS-FTW-0062,6402026012441,Ruska Polar Plus Winter Boot EU 46 Graphite,"Ruska Polar Plus Winter Boot for footwear. EU 46 / Graphite. Built for Nordic conditions, season after season.",4,12,Winter Boot,EU 46,Graphite,pair,6,6,1.533,true,,2025-06-08
1245,RUS-FTW-0063,6402026012458,Ruska Nuten WP Hiking Boot EU 42 Sunset Yellow,Reliable hiking boot from Ruska's Nuten WP range. EU 42 / Sunset Yellow. A wholesale staple for outdoor retailers.,4,12,Hiking Boot,EU 42,Sunset Yellow,pair,6,6,1.319,true,,2021-03-04
1246,RUS-FTW-0064,6402026012465,Ruska Nuten WP Hiking Boot EU 41 Sunset Yellow,"Ruska Nuten WP: a hiking boot that balances weight, durability and price. EU 41 / Sunset Yellow. Retail-ready packaging.",4,12,Hiking Boot,EU 41,Sunset Yellow,pair,6,6,0.792,true,,2023-04-07
1247,RUS-FTW-0065,6402026012472,Ruska Nuten WP Hiking Boot EU 45 Sunset Yellow,The Nuten WP hiking boot by Ruska. EU 45 / Sunset Yellow. Popular with rental outfitters and clubs.,4,12,Hiking Boot,EU 45,Sunset Yellow,pair,1,1,1.065,true,,2024-08-01
1248,RUS-FTW-0066,6402026012489,Ruska Nuten WP Hiking Boot EU 38 Sunset Yellow,"Ruska Nuten WP Hiking Boot for footwear. EU 38 / Sunset Yellow. Built for Nordic conditions, season after season.",4,12,Hiking Boot,EU 38,Sunset Yellow,pair,6,6,0.882,true,,2023-10-06
1249,GRA-FTW-0001,6402026012496,Granit Arctic Eco Approach Shoe EU 44 Moss Green,Reliable approach shoe from Granit's Arctic Eco range. EU 44 / Moss Green. A wholesale staple for outdoor retailers.,4,13,Approach Shoe,EU 44,Moss Green,pair,1,1,0.686,true,,2024-04-21
1250,GRA-FTW-0002,6402026012502,Granit Nuten Pro Hiking Sandal EU 46 Forest,"Granit Nuten Pro: a hiking sandal that balances weight, durability and price. EU 46 / Forest. Retail-ready packaging.",4,13,Hiking Sandal,EU 46,Forest,pair,1,1,0.440,true,,2022-05-12
1251,GRA-FTW-0003,6402026012519,Granit Nuten Pro Hiking Sandal EU 41 Forest,The Nuten Pro hiking sandal by Granit. EU 41 / Forest. Popular with rental outfitters and clubs.,4,13,Hiking Sandal,EU 41,Forest,pair,1,1,0.406,true,,2023-01-16
1252,GRA-FTW-0004,6402026012526,Granit Nuten Pro Hiking Sandal EU 45 Forest,"Granit Nuten Pro Hiking Sandal for footwear. EU 45 / Forest. Built for Nordic conditions, season after season.",4,13,Hiking Sandal,EU 45,Forest,pair,6,6,0.706,true,,2022-10-04
1253,GRA-FTW-0005,6402026012533,Granit Storm XT Hiking Sandal EU 40 Forest,Reliable hiking sandal from Granit's Storm XT range. EU 40 / Forest. A wholesale staple for outdoor retailers.,4,13,Hiking Sandal,EU 40,Forest,pair,1,1,0.622,true,,2022-01-04
1254,GRA-FTW-0006,6402026012540,Granit Storm XT Hiking Sandal EU 37 Forest,"Granit Storm XT: a hiking sandal that balances weight, durability and price. EU 37 / Forest. Retail-ready packaging.",4,13,Hiking Sandal,EU 37,Forest,pair,1,1,0.397,true,,2024-07-27
1255,GRA-FTW-0007,6402026012557,Granit Storm XT Hiking Sandal EU 46 Forest,The Storm XT hiking sandal by Granit. EU 46 / Forest. Popular with rental outfitters and clubs.,4,13,Hiking Sandal,EU 46,Forest,pair,6,6,0.229,true,,2019-01-28
1256,GRA-FTW-0008,6402026012564,Granit Senja Hiking Boot EU 45 Deep Teal,"Granit Senja Hiking Boot for footwear. EU 45 / Deep Teal. Built for Nordic conditions, season after season.",4,13,Hiking Boot,EU 45,Deep Teal,pair,1,1,1.282,true,,2025-09-15
1257,GRA-FTW-0009,6402026012571,Granit Senja Hiking Boot EU 38 Deep Teal,Reliable hiking boot from Granit's Senja range. EU 38 / Deep Teal. A wholesale staple for outdoor retailers.,4,13,Hiking Boot,EU 38,Deep Teal,pair,6,6,0.915,true,,2023-07-31
1258,GRA-FTW-0010,6402026012588,Granit Senja Hiking Boot EU 47 Deep Teal,"Granit Senja: a hiking boot that balances weight, durability and price. EU 47 / Deep Teal. Retail-ready packaging.",4,13,Hiking Boot,EU 47,Deep Teal,pair,6,6,1.293,true,,2022-04-10
1259,GRA-FTW-0011,6402026012595,Granit Senja Hiking Boot EU 42 Deep Teal,The Senja hiking boot by Granit. EU 42 / Deep Teal. Popular with rental outfitters and clubs.,4,13,Hiking Boot,EU 42,Deep Teal,pair,6,6,0.990,true,,2020-11-05
1260,GRA-FTW-0012,6402026012601,Granit Padjelanta II Hiking Boot EU 42 Deep Teal,"Granit Padjelanta II Hiking Boot for footwear. EU 42 / Deep Teal. Built for Nordic conditions, season after season.",4,13,Hiking Boot,EU 42,Deep Teal,pair,1,1,1.570,true,,2023-07-16
1261,GRA-FTW-0013,6402026012618,Granit Padjelanta II Hiking Boot EU 45 Deep Teal,Reliable hiking boot from Granit's Padjelanta II range. EU 45 / Deep Teal. A wholesale staple for outdoor retailers.,4,13,Hiking Boot,EU 45,Deep Teal,pair,1,1,0.961,true,,2026-02-16
1262,GRA-FTW-0014,6402026012625,Granit Boreal 2.0 Trail Shoe EU 41 Ochre,"Granit Boreal 2.0: a trail shoe that balances weight, durability and price. EU 41 / Ochre. Retail-ready packaging.",4,13,Trail Shoe,EU 41,Ochre,pair,6,6,0.436,true,,2025-05-16
1263,GRA-FTW-0015,6402026012632,Granit Boreal 2.0 Trail Shoe EU 43 Ochre,The Boreal 2.0 trail shoe by Granit. EU 43 / Ochre. Popular with rental outfitters and clubs.,4,13,Trail Shoe,EU 43,Ochre,pair,6,6,0.854,true,,2025-01-17
1264,GRA-FTW-0016,6402026012649,Granit Boreal 2.0 Trail Shoe EU 44 Ochre,"Granit Boreal 2.0 Trail Shoe for footwear. EU 44 / Ochre. Built for Nordic conditions, season after season.",4,13,Trail Shoe,EU 44,Ochre,pair,1,1,0.750,true,,2026-02-26
1265,GRA-FTW-0017,6402026012656,Granit Senja Plus Hiking Boot EU 47 Lichen,Reliable hiking boot from Granit's Senja Plus range. EU 47 / Lichen. A wholesale staple for outdoor retailers.,4,13,Hiking Boot,EU 47,Lichen,pair,6,6,1.278,true,,2026-03-11
1266,GRA-FTW-0018,6402026012663,Granit Senja Plus Hiking Boot EU 46 Lichen,"Granit Senja Plus: a hiking boot that balances weight, durability and price. EU 46 / Lichen. Retail-ready packaging.",4,13,Hiking Boot,EU 46,Lichen,pair,1,1,0.842,true,,2019-07-21
1267,GRA-FTW-0019,6402026012670,Granit Bre Hiking Boot EU 37 Burnt Orange,The Bre hiking boot by Granit. EU 37 / Burnt Orange. Popular with rental outfitters and clubs.,4,13,Hiking Boot,EU 37,Burnt Orange,pair,6,6,0.800,false,2026-09-01,2025-04-02
1268,GRA-FTW-0020,6402026012687,Granit Bre Hiking Boot EU 45 Burnt Orange,"Granit Bre Hiking Boot for footwear. EU 45 / Burnt Orange. Built for Nordic conditions, season after season.",4,13,Hiking Boot,EU 45,Burnt Orange,pair,6,6,0.912,true,,2023-03-30
1269,GRA-FTW-0021,6402026012694,Granit Nuten Plus Hiking Boot EU 42 Burnt Orange,Reliable hiking boot from Granit's Nuten Plus range. EU 42 / Burnt Orange. A wholesale staple for outdoor retailers.,4,13,Hiking Boot,EU 42,Burnt Orange,pair,6,6,1.368,true,,2025-10-07
1270,GRA-FTW-0022,6402026012700,Granit Nuten Plus Hiking Boot EU 45 Burnt Orange,"Granit Nuten Plus: a hiking boot that balances weight, durability and price. EU 45 / Burnt Orange. Retail-ready packaging.",4,13,Hiking Boot,EU 45,Burnt Orange,pair,6,6,1.542,true,,2019-11-17
1271,GRA-FTW-0023,6402026012717,Granit Nuten Plus Hiking Boot EU 43 Burnt Orange,The Nuten Plus hiking boot by Granit. EU 43 / Burnt Orange. Popular with rental outfitters and clubs.,4,13,Hiking Boot,EU 43,Burnt Orange,pair,6,6,0.688,true,,2026-02-27
1272,GRA-FTW-0024,6402026012724,Granit Nuten Plus Hiking Boot EU 44 Burnt Orange,"Granit Nuten Plus Hiking Boot for footwear. EU 44 / Burnt Orange. Built for Nordic conditions, season after season.",4,13,Hiking Boot,EU 44,Burnt Orange,pair,6,6,1.001,true,,2019-07-21
1273,GRA-FTW-0025,6402026012731,Granit Nuten Plus Hiking Boot EU 38 Burnt Orange,Reliable hiking boot from Granit's Nuten Plus range. EU 38 / Burnt Orange. A wholesale staple for outdoor retailers.,4,13,Hiking Boot,EU 38,Burnt Orange,pair,6,6,0.998,true,,2021-07-03
1274,GRA-FTW-0026,6402026012748,Granit Myrsky XT Trail Shoe EU 42 Black,"Granit Myrsky XT: a trail shoe that balances weight, durability and price. EU 42 / Black. Retail-ready packaging.",4,13,Trail Shoe,EU 42,Black,pair,6,6,0.924,true,,2025-09-26
1275,GRA-FTW-0027,6402026012755,Granit Myrsky XT Trail Shoe EU 44 Black,The Myrsky XT trail shoe by Granit. EU 44 / Black. Popular with rental outfitters and clubs.,4,13,Trail Shoe,EU 44,Black,pair,1,1,1.097,true,,2020-04-11
1276,GRA-FTW-0028,6402026012762,Granit Myrsky XT Trail Shoe EU 39 Black,"Granit Myrsky XT Trail Shoe for footwear. EU 39 / Black. Built for Nordic conditions, season after season.",4,13,Trail Shoe,EU 39,Black,pair,6,6,0.626,true,,2020-07-28
1277,GRA-FTW-0029,6402026012779,Granit Vidda II Trail Shoe EU 37 Slate Grey,Reliable trail shoe from Granit's Vidda II range. EU 37 / Slate Grey. A wholesale staple for outdoor retailers.,4,13,Trail Shoe,EU 37,Slate Grey,pair,1,1,0.817,true,,2025-10-23
1278,GRA-FTW-0030,6402026012786,Granit Vidda II Trail Shoe EU 46 Slate Grey,"Granit Vidda II: a trail shoe that balances weight, durability and price. EU 46 / Slate Grey. Retail-ready packaging.",4,13,Trail Shoe,EU 46,Slate Grey,pair,6,6,0.459,true,,2021-06-28
1279,GRA-FTW-0031,6402026012793,Granit Vidda II Trail Shoe EU 39 Slate Grey,The Vidda II trail shoe by Granit. EU 39 / Slate Grey. Popular with rental outfitters and clubs.,4,13,Trail Shoe,EU 39,Slate Grey,pair,1,1,0.602,false,2024-04-23,2020-08-22
1280,GRA-FTW-0032,6402026012809,Granit Hav II Winter Boot EU 42 Graphite,"Granit Hav II Winter Boot for footwear. EU 42 / Graphite. Built for Nordic conditions, season after season.",4,13,Winter Boot,EU 42,Graphite,pair,6,6,1.198,true,,2019-06-13
1281,GRA-FTW-0033,6402026012816,Granit Hav II Winter Boot EU 41 Graphite,Reliable winter boot from Granit's Hav II range. EU 41 / Graphite. A wholesale staple for outdoor retailers.,4,13,Winter Boot,EU 41,Graphite,pair,6,6,0.759,true,,2025-02-11
1282,GRA-FTW-0034,6402026012823,Granit Hav II Winter Boot EU 37 Graphite,"Granit Hav II: a winter boot that balances weight, durability and price. EU 37 / Graphite. Retail-ready packaging.",4,13,Winter Boot,EU 37,Graphite,pair,1,1,1.626,true,,2022-02-25
1283,GRA-FTW-0035,6402026012830,Granit Tuuli Trail Shoe EU 40 Graphite,The Tuuli trail shoe by Granit. EU 40 / Graphite. Popular with rental outfitters and clubs.,4,13,Trail Shoe,EU 40,Graphite,pair,1,1,0.933,true,,2019-11-20
1284,GRA-FTW-0036,6402026012847,Granit Skog XT Approach Shoe EU 41 Burnt Orange,"Granit Skog XT Approach Shoe for footwear. EU 41 / Burnt Orange. Built for Nordic conditions, season after season.",4,13,Approach Shoe,EU 41,Burnt Orange,pair,6,6,1.068,true,,2019-07-11
1285,GRA-FTW-0037,6402026012854,Granit Skog XT Approach Shoe EU 46 Burnt Orange,Reliable approach shoe from Granit's Skog XT range. EU 46 / Burnt Orange. A wholesale staple for outdoor retailers.,4,13,Approach Shoe,EU 46,Burnt Orange,pair,1,1,0.775,true,,2025-12-12
1286,GRA-FTW-0038,6402026012861,Granit Skog XT Approach Shoe EU 40 Burnt Orange,"Granit Skog XT: a approach shoe that balances weight, durability and price. EU 40 / Burnt Orange. Retail-ready packaging.",4,13,Approach Shoe,EU 40,Burnt Orange,pair,6,6,0.577,false,2023-01-24,2020-05-02
1287,GRA-FTW-0039,6402026012878,Granit Skog WP Hiking Sandal EU 38 Burnt Orange,The Skog WP hiking sandal by Granit. EU 38 / Burnt Orange. Popular with rental outfitters and clubs.,4,13,Hiking Sandal,EU 38,Burnt Orange,pair,1,1,0.688,true,,2022-07-10
1288,GRA-FTW-0040,6402026012885,Granit Kallio Eco Winter Boot EU 41 Graphite,"Granit Kallio Eco Winter Boot for footwear. EU 41 / Graphite. Built for Nordic conditions, season after season.",4,13,Winter Boot,EU 41,Graphite,pair,1,1,1.572,true,,2026-03-13
1289,GRA-FTW-0041,6402026012892,Granit Kallio Eco Winter Boot EU 40 Graphite,Reliable winter boot from Granit's Kallio Eco range. EU 40 / Graphite. A wholesale staple for outdoor retailers.,4,13,Winter Boot,EU 40,Graphite,pair,6,6,1.747,true,,2024-06-29
1290,GRA-FTW-0042,6402026012908,Granit Kallio Eco Winter Boot EU 37 Graphite,"Granit Kallio Eco: a winter boot that balances weight, durability and price. EU 37 / Graphite. Retail-ready packaging.",4,13,Winter Boot,EU 37,Graphite,pair,6,6,1.345,true,,2019-11-27
1291,GRA-FTW-0043,6402026012915,Granit Kallio Eco Winter Boot EU 44 Graphite,The Kallio Eco winter boot by Granit. EU 44 / Graphite. Popular with rental outfitters and clubs.,4,13,Winter Boot,EU 44,Graphite,pair,1,1,1.229,true,,2022-10-16
1292,GRA-FTW-0044,6402026012922,Granit Kallio Eco Winter Boot EU 39 Graphite,"Granit Kallio Eco Winter Boot for footwear. EU 39 / Graphite. Built for Nordic conditions, season after season.",4,13,Winter Boot,EU 39,Graphite,pair,1,1,0.626,true,,2024-09-13
1293,GRA-FTW-0045,6402026012939,Granit Snøhetta Lite Winter Boot EU 37 Sunset Yellow,Reliable winter boot from Granit's Snøhetta Lite range. EU 37 / Sunset Yellow. A wholesale staple for outdoor retailers.,4,13,Winter Boot,EU 37,Sunset Yellow,pair,6,6,1.172,true,,2025-04-21
1294,GRA-FTW-0046,6402026012946,Granit Snøhetta Lite Winter Boot EU 39 Sunset Yellow,"Granit Snøhetta Lite: a winter boot that balances weight, durability and price. EU 39 / Sunset Yellow. Retail-ready packaging.",4,13,Winter Boot,EU 39,Sunset Yellow,pair,6,6,0.746,true,,2019-01-20
1295,GRA-FTW-0047,6402026012953,Granit Ruska 2.0 Approach Shoe EU 41 Graphite,The Ruska 2.0 approach shoe by Granit. EU 41 / Graphite. Popular with rental outfitters and clubs.,4,13,Approach Shoe,EU 41,Graphite,pair,6,6,0.649,true,,2020-10-16
1296,GRA-FTW-0048,6402026012960,Granit Ruska 2.0 Approach Shoe EU 37 Graphite,"Granit Ruska 2.0 Approach Shoe for footwear. EU 37 / Graphite. Built for Nordic conditions, season after season.",4,13,Approach Shoe,EU 37,Graphite,pair,6,6,1.169,false,2021-01-06,2019-02-14
1297,GRA-FTW-0049,6402026012977,Granit Ruska 2.0 Approach Shoe EU 43 Graphite,Reliable approach shoe from Granit's Ruska 2.0 range. EU 43 / Graphite. A wholesale staple for outdoor retailers.,4,13,Approach Shoe,EU 43,Graphite,pair,1,1,0.639,true,,2023-05-09
1298,GRA-FTW-0050,6402026012984,Granit Senja Hiking Boot EU 37 Lichen,"Granit Senja: a hiking boot that balances weight, durability and price. EU 37 / Lichen. Retail-ready packaging.",4,13,Hiking Boot,EU 37,Lichen,pair,1,1,0.568,true,,2021-03-02
1299,GRA-FTW-0051,6402026012991,Granit Senja Hiking Boot EU 40 Lichen,The Senja hiking boot by Granit. EU 40 / Lichen. Popular with rental outfitters and clubs.,4,13,Hiking Boot,EU 40,Lichen,pair,1,1,1.522,true,,2024-06-16
1300,GRA-FTW-0052,6402026013004,Granit Ultra Pro Hiking Boot EU 46 Arctic White,"Granit Ultra Pro Hiking Boot for footwear. EU 46 / Arctic White. Built for Nordic conditions, season after season.",4,13,Hiking Boot,EU 46,Arctic White,pair,1,1,1.373,true,,2020-06-21
1301,GRA-FTW-0053,6402026013011,Granit Ultra Pro Hiking Boot EU 42 Arctic White,Reliable hiking boot from Granit's Ultra Pro range. EU 42 / Arctic White. A wholesale staple for outdoor retailers.,4,13,Hiking Boot,EU 42,Arctic White,pair,1,1,1.534,true,,2019-11-10
1302,GRA-FTW-0054,6402026013028,Granit Ultra Pro Hiking Boot EU 43 Arctic White,"Granit Ultra Pro: a hiking boot that balances weight, durability and price. EU 43 / Arctic White. Retail-ready packaging.",4,13,Hiking Boot,EU 43,Arctic White,pair,1,1,0.898,true,,2026-04-18
1303,GRA-FTW-0055,6402026013035,Granit Bre Trail Shoe EU 47 Lichen,The Bre trail shoe by Granit. EU 47 / Lichen. Popular with rental outfitters and clubs.,4,13,Trail Shoe,EU 47,Lichen,pair,1,1,0.677,true,,2019-04-06
1304,GRA-FTW-0056,6402026013042,Granit Ylläs Hiking Sandal EU 37 Petrol,"Granit Ylläs Hiking Sandal for footwear. EU 37 / Petrol. Built for Nordic conditions, season after season.",4,13,Hiking Sandal,EU 37,Petrol,pair,1,1,0.320,true,,2021-07-18
1305,GRA-FTW-0057,6402026013059,Granit Ylläs Hiking Sandal EU 47 Petrol,Reliable hiking sandal from Granit's Ylläs range. EU 47 / Petrol. A wholesale staple for outdoor retailers.,4,13,Hiking Sandal,EU 47,Petrol,pair,6,6,0.613,false,2025-08-13,2024-04-26
1306,GRA-FTW-0058,6402026013066,Granit Kungsleden II Trail Shoe EU 41 Ochre,"Granit Kungsleden II: a trail shoe that balances weight, durability and price. EU 41 / Ochre. Retail-ready packaging.",4,13,Trail Shoe,EU 41,Ochre,pair,6,6,0.432,true,,2025-11-23
1307,GRA-FTW-0059,6402026013073,Granit Kaldo XT Winter Boot EU 42 Moss Green,The Kaldo XT winter boot by Granit. EU 42 / Moss Green. Popular with rental outfitters and clubs.,4,13,Winter Boot,EU 42,Moss Green,pair,1,1,1.274,true,,2019-01-20
1308,GRA-FTW-0060,6402026013080,Granit Kaldo XT Winter Boot EU 45 Moss Green,"Granit Kaldo XT Winter Boot for footwear. EU 45 / Moss Green. Built for Nordic conditions, season after season.",4,13,Winter Boot,EU 45,Moss Green,pair,1,1,1.120,true,,2025-04-30
1309,GRA-FTW-0061,6402026013097,Granit Kaldo XT Winter Boot EU 40 Moss Green,Reliable winter boot from Granit's Kaldo XT range. EU 40 / Moss Green. A wholesale staple for outdoor retailers.,4,13,Winter Boot,EU 40,Moss Green,pair,1,1,1.134,true,,2021-03-26
1310,GRA-FTW-0062,6402026013103,Granit Kaldo XT Winter Boot EU 47 Moss Green,"Granit Kaldo XT: a winter boot that balances weight, durability and price. EU 47 / Moss Green. Retail-ready packaging.",4,13,Winter Boot,EU 47,Moss Green,pair,6,6,0.957,true,,2026-02-27
1311,GRA-FTW-0063,6402026013110,Granit Kaldo XT Winter Boot EU 44 Moss Green,The Kaldo XT winter boot by Granit. EU 44 / Moss Green. Popular with rental outfitters and clubs.,4,13,Winter Boot,EU 44,Moss Green,pair,1,1,0.827,false,2026-07-05,2024-08-26
1312,GRA-FTW-0064,6402026013127,Granit Polar Hiking Boot EU 47 Slate Grey,"Granit Polar Hiking Boot for footwear. EU 47 / Slate Grey. Built for Nordic conditions, season after season.",4,13,Hiking Boot,EU 47,Slate Grey,pair,6,6,0.884,true,,2019-09-09
1313,GRA-FTW-0065,6402026013134,Granit Polar Hiking Boot EU 40 Slate Grey,Reliable hiking boot from Granit's Polar range. EU 40 / Slate Grey. A wholesale staple for outdoor retailers.,4,13,Hiking Boot,EU 40,Slate Grey,pair,1,1,1.081,true,,2023-10-02
1314,GRA-FTW-0066,6402026013141,Granit Kebne Hiking Sandal EU 39 Petrol,"Granit Kebne: a hiking sandal that balances weight, durability and price. EU 39 / Petrol. Retail-ready packaging.",4,13,Hiking Sandal,EU 39,Petrol,pair,1,1,0.468,true,,2024-08-03
1315,KEL-KIT-0001,6402026013158,Kelo Kebne WP Water Filter Arctic White,The Kebne WP water filter by Kelo. Arctic White. Popular with rental outfitters and clubs.,8,14,Water Filter,Arctic White,Arctic White,pcs,1,1,0.189,true,,2024-01-08
1316,KEL-KIT-0002,6402026013165,Kelo Kebne WP Water Filter Ochre,"Kelo Kebne WP Water Filter for camp kitchen. Ochre. Built for Nordic conditions, season after season.",8,14,Water Filter,Ochre,Ochre,pcs,1,1,0.516,true,,2025-10-14
1317,KEL-KIT-0003,6402026013172,Kelo Kebne WP Water Filter Burnt Orange,Reliable water filter from Kelo's Kebne WP range. Burnt Orange. A wholesale staple for outdoor retailers.,8,14,Water Filter,Burnt Orange,Burnt Orange,pcs,6,6,0.329,true,,2025-12-02
1318,KEL-KIT-0004,6402026013189,Kelo Kebne WP Water Filter Sand,"Kelo Kebne WP: a water filter that balances weight, durability and price. Sand. Retail-ready packaging.",8,14,Water Filter,Sand,Sand,pcs,6,6,0.172,true,,2021-01-26
1319,KEL-KIT-0005,6402026013196,Kelo Vidda Lite Water Bottle Petrol,The Vidda Lite water bottle by Kelo. Petrol. Popular with rental outfitters and clubs.,8,14,Water Bottle,Petrol,Petrol,pcs,1,1,0.057,true,,2022-10-30
1320,KEL-KIT-0006,6402026013202,Kelo Vidda Lite Water Bottle Slate Grey,"Kelo Vidda Lite Water Bottle for camp kitchen. Slate Grey. Built for Nordic conditions, season after season.",8,14,Water Bottle,Slate Grey,Slate Grey,pcs,1,1,0.340,true,,2026-03-18
1321,KEL-KIT-0007,6402026013219,Kelo Vidda Lite Water Bottle Lichen,Reliable water bottle from Kelo's Vidda Lite range. Lichen. A wholesale staple for outdoor retailers.,8,14,Water Bottle,Lichen,Lichen,pcs,6,6,0.047,true,,2020-08-31
1322,KEL-KIT-0008,6402026013226,Kelo Kaamos Insulated Mug Lichen,"Kelo Kaamos: a insulated mug that balances weight, durability and price. Lichen. Retail-ready packaging.",8,14,Insulated Mug,Lichen,Lichen,pcs,6,6,0.033,true,,2025-02-17
1323,KEL-KIT-0009,6402026013233,Kelo Kaamos Insulated Mug Ochre,The Kaamos insulated mug by Kelo. Ochre. Popular with rental outfitters and clubs.,8,14,Insulated Mug,Ochre,Ochre,pcs,12,12,0.336,true,,2021-03-16
1324,KEL-KIT-0010,6402026013240,Kelo Kaamos Insulated Mug Midnight Blue,"Kelo Kaamos Insulated Mug for camp kitchen. Midnight Blue. Built for Nordic conditions, season after season.",8,14,Insulated Mug,Midnight Blue,Midnight Blue,pcs,1,1,0.172,true,,2022-10-05
1325,KEL-KIT-0011,6402026013257,Kelo Kaamos Insulated Mug Ruby Red,Reliable insulated mug from Kelo's Kaamos range. Ruby Red. A wholesale staple for outdoor retailers.,8,14,Insulated Mug,Ruby Red,Ruby Red,pcs,1,1,0.069,true,,2019-05-31
1326,KEL-KIT-0012,6402026013264,Kelo Kaamos Insulated Mug Graphite,"Kelo Kaamos: a insulated mug that balances weight, durability and price. Graphite. Retail-ready packaging.",8,14,Insulated Mug,Graphite,Graphite,pcs,1,1,0.323,true,,2021-12-20
1327,KEL-KIT-0013,6402026013271,Kelo Varanger Plus Water Filter Sand,The Varanger Plus water filter by Kelo. Sand. Popular with rental outfitters and clubs.,8,14,Water Filter,Sand,Sand,pcs,1,1,0.304,true,,2020-04-03
1328,KEL-KIT-0014,6402026013288,Kelo Glacier Lite Camp Stove Sunset Yellow,"Kelo Glacier Lite Camp Stove for camp kitchen. Sunset Yellow. Built for Nordic conditions, season after season.",8,14,Camp Stove,Sunset Yellow,Sunset Yellow,pcs,6,6,0.176,true,,2021-08-01
1329,KEL-KIT-0015,6402026013295,Kelo Glacier Lite Camp Stove Deep Teal,Reliable camp stove from Kelo's Glacier Lite range. Deep Teal. A wholesale staple for outdoor retailers.,8,14,Camp Stove,Deep Teal,Deep Teal,pcs,1,1,0.051,true,,2022-12-08
1330,KEL-KIT-0016,6402026013301,Kelo Glacier Lite Camp Stove Petrol,"Kelo Glacier Lite: a camp stove that balances weight, durability and price. Petrol. Retail-ready packaging.",8,14,Camp Stove,Petrol,Petrol,pcs,12,12,0.218,true,,2025-02-13
1331,KEL-KIT-0017,6402026013318,Kelo Storm Pro Titanium Spork,The Storm Pro titanium spork by Kelo. Popular with rental outfitters and clubs.,8,14,Titanium Spork,,,pcs,1,1,0.132,false,2026-03-19,2022-12-19
1332,KEL-KIT-0018,6402026013325,Kelo Lumi Water Filter Graphite,"Kelo Lumi Water Filter for camp kitchen. Graphite. Built for Nordic conditions, season after season.",8,14,Water Filter,Graphite,Graphite,pcs,6,6,0.059,true,,2022-06-25
1333,KEL-KIT-0019,6402026013332,Kelo Lumi Water Filter Moss Green,Reliable water filter from Kelo's Lumi range. Moss Green. A wholesale staple for outdoor retailers.,8,14,Water Filter,Moss Green,Moss Green,pcs,1,1,0.549,true,,2022-08-25
1334,KEL-KIT-0020,6402026013349,Kelo Lumi Water Filter Slate Grey,"Kelo Lumi: a water filter that balances weight, durability and price. Slate Grey. Retail-ready packaging.",8,14,Water Filter,Slate Grey,Slate Grey,pcs,1,1,0.319,true,,2025-08-15
1335,KEL-KIT-0021,6402026013356,Kelo Lumi Water Filter Midnight Blue,The Lumi water filter by Kelo. Midnight Blue. Popular with rental outfitters and clubs.,8,14,Water Filter,Midnight Blue,Midnight Blue,pcs,6,6,0.245,true,,2024-10-12
1336,KEL-KIT-0022,6402026013363,Kelo Tuuli Plus Gas Canister 450 g,"Kelo Tuuli Plus Gas Canister for camp kitchen. 450 g. Built for Nordic conditions, season after season.",8,14,Gas Canister,450 g,,pcs,1,1,0.164,true,,2020-11-26
1337,KEL-KIT-0023,6402026013370,Kelo Tuuli Plus Gas Canister 230 g,Reliable gas canister from Kelo's Tuuli Plus range. 230 g. A wholesale staple for outdoor retailers.,8,14,Gas Canister,230 g,,pcs,1,1,0.246,true,,2020-10-15
1338,KEL-KIT-0024,6402026013387,Kelo Tuuli Plus Gas Canister 100 g,"Kelo Tuuli Plus: a gas canister that balances weight, durability and price. 100 g. Retail-ready packaging.",8,14,Gas Canister,100 g,,pcs,12,12,0.114,true,,2024-05-31
1339,KEL-KIT-0025,6402026013394,Kelo Nuten Water Filter Forest,The Nuten water filter by Kelo. Forest. Popular with rental outfitters and clubs.,8,14,Water Filter,Forest,Forest,pcs,6,6,0.503,false,2022-06-25,2020-07-20
1340,KEL-KIT-0026,6402026013400,Kelo Nuten Water Filter Slate Grey,"Kelo Nuten Water Filter for camp kitchen. Slate Grey. Built for Nordic conditions, season after season.",8,14,Water Filter,Slate Grey,Slate Grey,pcs,12,12,0.405,true,,2026-04-19
1341,KEL-KIT-0027,6402026013417,Kelo Nuten Water Filter Burnt Orange,Reliable water filter from Kelo's Nuten range. Burnt Orange. A wholesale staple for outdoor retailers.,8,14,Water Filter,Burnt Orange,Burnt Orange,pcs,6,6,0.393,true,,2019-06-07
1342,KEL-KIT-0028,6402026013424,Kelo Summit Cookset Petrol,"Kelo Summit: a cookset that balances weight, durability and price. Petrol. Retail-ready packaging.",8,14,Cookset,Petrol,Petrol,pcs,12,12,0.027,true,,2024-10-19
1343,KEL-KIT-0029,6402026013431,Kelo Kilpis Pro Cookset Slate Grey,The Kilpis Pro cookset by Kelo. Slate Grey. Popular with rental outfitters and clubs.,8,14,Cookset,Slate Grey,Slate Grey,pcs,1,1,0.305,true,,2023-03-09
1344,KEL-KIT-0030,6402026013448,Kelo Kilpis Pro Cookset Sunset Yellow,"Kelo Kilpis Pro Cookset for camp kitchen. Sunset Yellow. Built for Nordic conditions, season after season.",8,14,Cookset,Sunset Yellow,Sunset Yellow,pcs,12,12,0.340,true,,2020-05-02
1345,KEL-KIT-0031,6402026013455,Kelo Kilpis Pro Cookset Petrol,Reliable cookset from Kelo's Kilpis Pro range. Petrol. A wholesale staple for outdoor retailers.,8,14,Cookset,Petrol,Petrol,pcs,1,1,0.397,true,,2022-11-14
1346,KEL-KIT-0032,6402026013462,Kelo Kilpis Pro Cookset Sand,"Kelo Kilpis Pro: a cookset that balances weight, durability and price. Sand. Retail-ready packaging.",8,14,Cookset,Sand,Sand,pcs,1,1,0.046,true,,2020-11-14
1347,KEL-KIT-0033,6402026013479,Kelo Fjell XT Titanium Spork,The Fjell XT titanium spork by Kelo. Popular with rental outfitters and clubs.,8,14,Titanium Spork,,,pcs,1,1,0.016,true,,2022-09-02
1348,KEL-KIT-0034,6402026013486,Kelo Boreal Insulated Mug Deep Teal,"Kelo Boreal Insulated Mug for camp kitchen. Deep Teal. Built for Nordic conditions, season after season.",8,14,Insulated Mug,Deep Teal,Deep Teal,pcs,12,12,0.223,true,,2025-07-26
1349,KEL-KIT-0035,6402026013493,Kelo Boreal Insulated Mug Petrol,Reliable insulated mug from Kelo's Boreal range. Petrol. A wholesale staple for outdoor retailers.,8,14,Insulated Mug,Petrol,Petrol,pcs,6,6,0.216,false,2025-09-02,2022-05-09
1350,KEL-KIT-0036,6402026013509,Kelo Boreal Insulated Mug Sand,"Kelo Boreal: a insulated mug that balances weight, durability and price. Sand. Retail-ready packaging.",8,14,Insulated Mug,Sand,Sand,pcs,1,1,0.168,true,,2024-07-04
1351,KEL-KIT-0037,6402026013516,Kelo Boreal Insulated Mug Ruby Red,The Boreal insulated mug by Kelo. Ruby Red. Popular with rental outfitters and clubs.,8,14,Insulated Mug,Ruby Red,Ruby Red,pcs,1,1,0.061,true,,2019-09-03
1352,KEL-KIT-0038,6402026013523,Kelo Boreal Insulated Mug Ochre,"Kelo Boreal Insulated Mug for camp kitchen. Ochre. Built for Nordic conditions, season after season.",8,14,Insulated Mug,Ochre,Ochre,pcs,6,6,0.242,true,,2025-06-17
1353,KEL-KIT-0039,6402026013530,Kelo Alpine Pro Insulated Mug Ochre,Reliable insulated mug from Kelo's Alpine Pro range. Ochre. A wholesale staple for outdoor retailers.,8,14,Insulated Mug,Ochre,Ochre,pcs,12,12,0.212,true,,2025-08-09
1354,KEL-KIT-0040,6402026013547,Kelo Alpine Pro Insulated Mug Ruby Red,"Kelo Alpine Pro: a insulated mug that balances weight, durability and price. Ruby Red. Retail-ready packaging.",8,14,Insulated Mug,Ruby Red,Ruby Red,pcs,1,1,0.284,true,,2025-10-23
1355,KEL-KIT-0041,6402026013554,Kelo Alpine Pro Insulated Mug Deep Teal,The Alpine Pro insulated mug by Kelo. Deep Teal. Popular with rental outfitters and clubs.,8,14,Insulated Mug,Deep Teal,Deep Teal,pcs,6,6,0.273,true,,2025-02-16
1356,KEL-KIT-0042,6402026013561,Kelo Alpine Pro Insulated Mug Lichen,"Kelo Alpine Pro Insulated Mug for camp kitchen. Lichen. Built for Nordic conditions, season after season.",8,14,Insulated Mug,Lichen,Lichen,pcs,1,1,0.036,false,2025-05-01,2021-10-22
1357,KEL-KIT-0043,6402026013578,Kelo Alpine Pro Insulated Mug Petrol,Reliable insulated mug from Kelo's Alpine Pro range. Petrol. A wholesale staple for outdoor retailers.,8,14,Insulated Mug,Petrol,Petrol,pcs,1,1,0.320,true,,2023-04-29
1358,KEL-KIT-0044,6402026013585,Kelo Lumi Gas Canister 230 g,"Kelo Lumi: a gas canister that balances weight, durability and price. 230 g. Retail-ready packaging.",8,14,Gas Canister,230 g,,pcs,1,1,0.304,true,,2022-04-27
1359,KEL-KIT-0045,6402026013592,Kelo Lumi Gas Canister 100 g,The Lumi gas canister by Kelo. 100 g. Popular with rental outfitters and clubs.,8,14,Gas Canister,100 g,,pcs,12,12,0.159,true,,2020-04-24
1360,KEL-KIT-0046,6402026013608,Kelo Lumi Gas Canister 450 g,"Kelo Lumi Gas Canister for camp kitchen. 450 g. Built for Nordic conditions, season after season.",8,14,Gas Canister,450 g,,pcs,1,1,0.341,true,,2020-05-05
1361,KEL-KIT-0047,6402026013615,Kelo Abisko Lite Gas Canister 450 g,Reliable gas canister from Kelo's Abisko Lite range. 450 g. A wholesale staple for outdoor retailers.,8,14,Gas Canister,450 g,,pcs,1,1,0.042,true,,2020-09-05
1362,KEL-KIT-0048,6402026013622,Kelo Abisko Lite Gas Canister 230 g,"Kelo Abisko Lite: a gas canister that balances weight, durability and price. 230 g. Retail-ready packaging.",8,14,Gas Canister,230 g,,pcs,12,12,0.064,true,,2021-10-19
1363,KEL-KIT-0049,6402026013639,Kelo Abisko Lite Gas Canister 100 g,The Abisko Lite gas canister by Kelo. 100 g. Popular with rental outfitters and clubs.,8,14,Gas Canister,100 g,,pcs,1,1,0.334,true,,2026-04-22
1364,KEL-KIT-0050,6402026013646,Kelo Vidda Plus Camp Stove Sand,"Kelo Vidda Plus Camp Stove for camp kitchen. Sand. Built for Nordic conditions, season after season.",8,14,Camp Stove,Sand,Sand,pcs,1,1,0.207,true,,2020-12-07
1365,KEL-KIT-0051,6402026013653,Kelo Vidda Plus Camp Stove Slate Grey,Reliable camp stove from Kelo's Vidda Plus range. Slate Grey. A wholesale staple for outdoor retailers.,8,14,Camp Stove,Slate Grey,Slate Grey,pcs,12,12,0.393,true,,2020-04-29
1366,KEL-KIT-0052,6402026013660,Kelo Vidda Plus Camp Stove Petrol,"Kelo Vidda Plus: a camp stove that balances weight, durability and price. Petrol. Retail-ready packaging.",8,14,Camp Stove,Petrol,Petrol,pcs,1,1,0.049,true,,2021-11-02
1367,BRE-KIT-0001,6402026013677,Brenner Abisko Water Bottle Sand,The Abisko water bottle by Brenner. Sand. Popular with rental outfitters and clubs.,8,15,Water Bottle,Sand,Sand,pcs,6,6,0.103,true,,2025-08-10
1368,BRE-KIT-0002,6402026013684,Brenner Lumi XT Camp Stove Petrol,"Brenner Lumi XT Camp Stove for camp kitchen. Petrol. Built for Nordic conditions, season after season.",8,15,Camp Stove,Petrol,Petrol,pcs,1,1,0.306,true,,2023-06-09
1369,BRE-KIT-0003,6402026013691,Brenner Lumi XT Camp Stove Lichen,Reliable camp stove from Brenner's Lumi XT range. Lichen. A wholesale staple for outdoor retailers.,8,15,Camp Stove,Lichen,Lichen,pcs,1,1,0.283,true,,2023-08-30
1370,BRE-KIT-0004,6402026013707,Brenner Lumi XT Camp Stove Slate Grey,"Brenner Lumi XT: a camp stove that balances weight, durability and price. Slate Grey. Retail-ready packaging.",8,15,Camp Stove,Slate Grey,Slate Grey,pcs,1,1,0.096,true,,2023-04-30
1371,BRE-KIT-0005,6402026013714,Brenner Åreskutan Eco Cookset Deep Teal,The Åreskutan Eco cookset by Brenner. Deep Teal. Popular with rental outfitters and clubs.,8,15,Cookset,Deep Teal,Deep Teal,pcs,1,1,0.238,true,,2019-06-27
1372,BRE-KIT-0006,6402026013721,Brenner Åreskutan Eco Cookset Graphite,"Brenner Åreskutan Eco Cookset for camp kitchen. Graphite. Built for Nordic conditions, season after season.",8,15,Cookset,Graphite,Graphite,pcs,1,1,0.448,true,,2020-05-15
1373,BRE-KIT-0007,6402026013738,Brenner Åreskutan Eco Cookset Black,Reliable cookset from Brenner's Åreskutan Eco range. Black. A wholesale staple for outdoor retailers.,8,15,Cookset,Black,Black,pcs,6,6,0.253,true,,2022-05-01
1374,BRE-KIT-0008,6402026013745,Brenner Åreskutan Eco Cookset Burnt Orange,"Brenner Åreskutan Eco: a cookset that balances weight, durability and price. Burnt Orange. Retail-ready packaging.",8,15,Cookset,Burnt Orange,Burnt Orange,pcs,1,1,0.275,true,,2024-06-02
1375,BRE-KIT-0009,6402026013752,Brenner Åreskutan Eco Cookset Moss Green,The Åreskutan Eco cookset by Brenner. Moss Green. Popular with rental outfitters and clubs.,8,15,Cookset,Moss Green,Moss Green,pcs,1,1,0.474,true,,2019-02-08
1376,BRE-KIT-0010,6402026013769,Brenner Ylläs Plus Insulated Mug Burnt Orange,"Brenner Ylläs Plus Insulated Mug for camp kitchen. Burnt Orange. Built for Nordic conditions, season after season.",8,15,Insulated Mug,Burnt Orange,Burnt Orange,pcs,1,1,0.184,true,,2019-04-23
1377,BRE-KIT-0011,6402026013776,Brenner Ylläs Plus Insulated Mug Midnight Blue,Reliable insulated mug from Brenner's Ylläs Plus range. Midnight Blue. A wholesale staple for outdoor retailers.,8,15,Insulated Mug,Midnight Blue,Midnight Blue,pcs,12,12,0.187,false,2022-09-24,2020-08-30
1378,BRE-KIT-0012,6402026013783,Brenner Nordic Cookset Graphite,"Brenner Nordic: a cookset that balances weight, durability and price. Graphite. Retail-ready packaging.",8,15,Cookset,Graphite,Graphite,pcs,12,12,0.183,true,,2021-01-05
1379,BRE-KIT-0013,6402026013790,Brenner Nordic Cookset Arctic White,The Nordic cookset by Brenner. Arctic White. Popular with rental outfitters and clubs.,8,15,Cookset,Arctic White,Arctic White,pcs,1,1,0.225,true,,2020-12-24
1380,BRE-KIT-0014,6402026013806,Brenner Nordic Cookset Ruby Red,"Brenner Nordic Cookset for camp kitchen. Ruby Red. Built for Nordic conditions, season after season.",8,15,Cookset,Ruby Red,Ruby Red,pcs,6,6,0.033,true,,2022-07-12
1381,BRE-KIT-0015,6402026013813,Brenner Alpine Water Filter Arctic White,Reliable water filter from Brenner's Alpine range. Arctic White. A wholesale staple for outdoor retailers.,8,15,Water Filter,Arctic White,Arctic White,pcs,1,1,0.450,true,,2020-07-04
1382,BRE-KIT-0016,6402026013820,Brenner Alpine Water Filter Lichen,"Brenner Alpine: a water filter that balances weight, durability and price. Lichen. Retail-ready packaging.",8,15,Water Filter,Lichen,Lichen,pcs,1,1,0.113,true,,2022-08-17
1383,BRE-KIT-0017,6402026013837,Brenner Alpine Water Filter Ruby Red,The Alpine water filter by Brenner. Ruby Red. Popular with rental outfitters and clubs.,8,15,Water Filter,Ruby Red,Ruby Red,pcs,1,1,0.342,true,,2022-06-17
1384,BRE-KIT-0018,6402026013844,Brenner Alpine Water Filter Graphite,"Brenner Alpine Water Filter for camp kitchen. Graphite. Built for Nordic conditions, season after season.",8,15,Water Filter,Graphite,Graphite,pcs,6,6,0.569,true,,2025-01-22
1385,BRE-KIT-0019,6402026013851,Brenner Alpine Water Filter Sand,Reliable water filter from Brenner's Alpine range. Sand. A wholesale staple for outdoor retailers.,8,15,Water Filter,Sand,Sand,pcs,6,6,0.170,true,,2021-09-05
1386,BRE-KIT-0020,6402026013868,Brenner Nordkapp 2.0 Insulated Mug Forest,"Brenner Nordkapp 2.0: a insulated mug that balances weight, durability and price. Forest. Retail-ready packaging.",8,15,Insulated Mug,Forest,Forest,pcs,6,6,0.238,true,,2023-10-12
1387,BRE-KIT-0021,6402026013875,Brenner Nordkapp 2.0 Insulated Mug Ochre,The Nordkapp 2.0 insulated mug by Brenner. Ochre. Popular with rental outfitters and clubs.,8,15,Insulated Mug,Ochre,Ochre,pcs,12,12,0.043,true,,2020-07-22
1388,BRE-KIT-0022,6402026013882,Brenner Varanger Lite Water Bottle Graphite,"Brenner Varanger Lite Water Bottle for camp kitchen. Graphite. Built for Nordic conditions, season after season.",8,15,Water Bottle,Graphite,Graphite,pcs,1,1,0.197,true,,2024-11-15
1389,BRE-KIT-0023,6402026013899,Brenner Skog Water Filter Deep Teal,Reliable water filter from Brenner's Skog range. Deep Teal. A wholesale staple for outdoor retailers.,8,15,Water Filter,Deep Teal,Deep Teal,pcs,12,12,0.571,true,,2019-11-17
1390,BRE-KIT-0024,6402026013905,Brenner Skog Water Filter Moss Green,"Brenner Skog: a water filter that balances weight, durability and price. Moss Green. Retail-ready packaging.",8,15,Water Filter,Moss Green,Moss Green,pcs,1,1,0.550,true,,2020-11-05
1391,BRE-KIT-0025,6402026013912,Brenner Skog Water Filter Black,The Skog water filter by Brenner. Black. Popular with rental outfitters and clubs.,8,15,Water Filter,Black,Black,pcs,6,6,0.138,true,,2022-06-20
1392,BRE-KIT-0026,6402026013929,Brenner Inari Titanium Spork,"Brenner Inari Titanium Spork for camp kitchen. Built for Nordic conditions, season after season.",8,15,Titanium Spork,,,pcs,1,1,0.077,true,,2023-08-24
1393,BRE-KIT-0027,6402026013936,Brenner Polar II Titanium Spork,Reliable titanium spork from Brenner's Polar II range. A wholesale staple for outdoor retailers.,8,15,Titanium Spork,,,pcs,1,1,0.018,true,,2021-08-03
1394,BRE-KIT-0028,6402026013943,Brenner Elv Gas Canister 450 g,"Brenner Elv: a gas canister that balances weight, durability and price. 450 g. Retail-ready packaging.",8,15,Gas Canister,450 g,,pcs,1,1,0.260,true,,2022-12-23
1395,BRE-KIT-0029,6402026013950,Brenner Elv Gas Canister 230 g,The Elv gas canister by Brenner. 230 g. Popular with rental outfitters and clubs.,8,15,Gas Canister,230 g,,pcs,1,1,0.041,true,,2021-06-07
1396,BRE-KIT-0030,6402026013967,Brenner Elv Gas Canister 100 g,"Brenner Elv Gas Canister for camp kitchen. 100 g. Built for Nordic conditions, season after season.",8,15,Gas Canister,100 g,,pcs,12,12,0.123,true,,2026-04-25
1397,BRE-KIT-0031,6402026013974,Brenner Ruska WP Titanium Spork,Reliable titanium spork from Brenner's Ruska WP range. A wholesale staple for outdoor retailers.,8,15,Titanium Spork,,,pcs,1,1,0.183,true,,2022-07-01
1398,BRE-KIT-0032,6402026013981,Brenner Arctic Water Bottle Ochre,"Brenner Arctic: a water bottle that balances weight, durability and price. Ochre. Retail-ready packaging.",8,15,Water Bottle,Ochre,Ochre,pcs,1,1,0.290,true,,2020-05-26
1399,BRE-KIT-0033,6402026013998,Brenner Arctic Water Bottle Forest,The Arctic water bottle by Brenner. Forest. Popular with rental outfitters and clubs.,8,15,Water Bottle,Forest,Forest,pcs,6,6,0.129,true,,2020-01-29
1400,BRE-KIT-0034,6402026014001,Brenner Nordic Pro Camp Stove Ochre,"Brenner Nordic Pro Camp Stove for camp kitchen. Ochre. Built for Nordic conditions, season after season.",8,15,Camp Stove,Ochre,Ochre,pcs,1,1,0.491,true,,2021-04-17
1401,BRE-KIT-0035,6402026014018,Brenner Nordic Pro Camp Stove Ruby Red,Reliable camp stove from Brenner's Nordic Pro range. Ruby Red. A wholesale staple for outdoor retailers.,8,15,Camp Stove,Ruby Red,Ruby Red,pcs,1,1,0.103,true,,2024-09-20
1402,BRE-KIT-0036,6402026014025,Brenner Nordic Pro Camp Stove Graphite,"Brenner Nordic Pro: a camp stove that balances weight, durability and price. Graphite. Retail-ready packaging.",8,15,Camp Stove,Graphite,Graphite,pcs,12,12,0.287,true,,2023-10-23
1403,BRE-KIT-0037,6402026014032,Brenner Nordic Pro Camp Stove Petrol,The Nordic Pro camp stove by Brenner. Petrol. Popular with rental outfitters and clubs.,8,15,Camp Stove,Petrol,Petrol,pcs,1,1,0.192,true,,2023-07-08
1404,BRE-KIT-0038,6402026014049,Brenner Kaldo 2.0 Water Bottle Graphite,"Brenner Kaldo 2.0 Water Bottle for camp kitchen. Graphite. Built for Nordic conditions, season after season.",8,15,Water Bottle,Graphite,Graphite,pcs,1,1,0.052,true,,2019-03-14
1405,BRE-KIT-0039,6402026014056,Brenner Kaldo 2.0 Water Bottle Ochre,Reliable water bottle from Brenner's Kaldo 2.0 range. Ochre. A wholesale staple for outdoor retailers.,8,15,Water Bottle,Ochre,Ochre,pcs,1,1,0.328,true,,2023-05-20
1406,BRE-KIT-0040,6402026014063,Brenner Ruska 2.0 Water Bottle Forest,"Brenner Ruska 2.0: a water bottle that balances weight, durability and price. Forest. Retail-ready packaging.",8,15,Water Bottle,Forest,Forest,pcs,6,6,0.165,true,,2022-09-28
1407,BRE-KIT-0041,6402026014070,Brenner Ruska 2.0 Water Bottle Ruby Red,The Ruska 2.0 water bottle by Brenner. Ruby Red. Popular with rental outfitters and clubs.,8,15,Water Bottle,Ruby Red,Ruby Red,pcs,6,6,0.248,true,,2020-03-23
1408,BRE-KIT-0042,6402026014087,Brenner Ruska 2.0 Water Bottle Lichen,"Brenner Ruska 2.0 Water Bottle for camp kitchen. Lichen. Built for Nordic conditions, season after season.",8,15,Water Bottle,Lichen,Lichen,pcs,1,1,0.121,true,,2022-06-12
1409,BRE-KIT-0043,6402026014094,Brenner Ruska 2.0 Water Bottle Ochre,Reliable water bottle from Brenner's Ruska 2.0 range. Ochre. A wholesale staple for outdoor retailers.,8,15,Water Bottle,Ochre,Ochre,pcs,12,12,0.025,true,,2021-09-16
1410,BRE-KIT-0044,6402026014100,Brenner Ruska 2.0 Water Bottle Graphite,"Brenner Ruska 2.0: a water bottle that balances weight, durability and price. Graphite. Retail-ready packaging.",8,15,Water Bottle,Graphite,Graphite,pcs,12,12,0.337,true,,2021-03-10
1411,BRE-KIT-0045,6402026014117,Brenner Helags II Water Bottle Ochre,The Helags II water bottle by Brenner. Ochre. Popular with rental outfitters and clubs.,8,15,Water Bottle,Ochre,Ochre,pcs,12,12,0.253,true,,2019-09-26
1412,BRE-KIT-0046,6402026014124,Brenner Varanger Cookset Deep Teal,"Brenner Varanger Cookset for camp kitchen. Deep Teal. Built for Nordic conditions, season after season.",8,15,Cookset,Deep Teal,Deep Teal,pcs,1,1,0.322,true,,2024-05-24
1413,BRE-KIT-0047,6402026014131,Brenner Polar Camp Stove Black,Reliable camp stove from Brenner's Polar range. Black. A wholesale staple for outdoor retailers.,8,15,Camp Stove,Black,Black,pcs,6,6,0.582,true,,2024-05-14
1414,BRE-KIT-0048,6402026014148,Brenner Polar Camp Stove Deep Teal,"Brenner Polar: a camp stove that balances weight, durability and price. Deep Teal. Retail-ready packaging.",8,15,Camp Stove,Deep Teal,Deep Teal,pcs,1,1,0.544,true,,2024-07-05
1415,BRE-KIT-0049,6402026014155,Brenner Polar Camp Stove Forest,The Polar camp stove by Brenner. Forest. Popular with rental outfitters and clubs.,8,15,Camp Stove,Forest,Forest,pcs,1,1,0.489,true,,2019-06-05
1416,BRE-KIT-0050,6402026014162,Brenner Halti Insulated Mug Petrol,"Brenner Halti Insulated Mug for camp kitchen. Petrol. Built for Nordic conditions, season after season.",8,15,Insulated Mug,Petrol,Petrol,pcs,6,6,0.161,true,,2025-11-15
1417,BRE-KIT-0051,6402026014179,Brenner Halti Insulated Mug Midnight Blue,Reliable insulated mug from Brenner's Halti range. Midnight Blue. A wholesale staple for outdoor retailers.,8,15,Insulated Mug,Midnight Blue,Midnight Blue,pcs,1,1,0.237,true,,2021-10-17
1418,BRE-KIT-0052,6402026014186,Brenner Inari 2.0 Water Bottle Forest,"Brenner Inari 2.0: a water bottle that balances weight, durability and price. Forest. Retail-ready packaging.",8,15,Water Bottle,Forest,Forest,pcs,1,1,0.080,true,,2024-09-11
1419,POL-NAV-0001,6402026014193,Polarlys Vinter XT Compass,The Vinter XT compass by Polarlys. Popular with rental outfitters and clubs.,9,16,Compass,,,pcs,1,1,0.033,true,,2024-01-19
1420,POL-NAV-0002,6402026014209,Polarlys Kungsleden Satellite Messenger,"Polarlys Kungsleden Satellite Messenger for navigation & electronics. Built for Nordic conditions, season after season.",9,16,Satellite Messenger,,,pcs,12,12,0.082,true,,2021-11-21
1421,POL-NAV-0003,6402026014216,Polarlys Halti Headlamp Arctic White,Reliable headlamp from Polarlys's Halti range. Arctic White. A wholesale staple for outdoor retailers.,9,16,Headlamp,Arctic White,Arctic White,pcs,12,12,0.152,true,,2021-02-02
1422,POL-NAV-0004,6402026014223,Polarlys Halti Headlamp Midnight Blue,"Polarlys Halti: a headlamp that balances weight, durability and price. Midnight Blue. Retail-ready packaging.",9,16,Headlamp,Midnight Blue,Midnight Blue,pcs,6,6,0.137,true,,2021-09-16
1423,POL-NAV-0005,6402026014230,Polarlys Halti Headlamp Moss Green,The Halti headlamp by Polarlys. Moss Green. Popular with rental outfitters and clubs.,9,16,Headlamp,Moss Green,Moss Green,pcs,6,6,0.168,true,,2022-03-03
1424,POL-NAV-0006,6402026014247,Polarlys Snøhetta Camp Lantern Graphite,"Polarlys Snøhetta Camp Lantern for navigation & electronics. Graphite. Built for Nordic conditions, season after season.",9,16,Camp Lantern,Graphite,Graphite,pcs,12,12,0.160,true,,2025-12-14
1425,POL-NAV-0007,6402026014254,Polarlys Snøhetta Camp Lantern Ruby Red,Reliable camp lantern from Polarlys's Snøhetta range. Ruby Red. A wholesale staple for outdoor retailers.,9,16,Camp Lantern,Ruby Red,Ruby Red,pcs,12,12,0.179,true,,2026-04-24
1426,POL-NAV-0008,6402026014261,Polarlys Snøhetta Camp Lantern Sunset Yellow,"Polarlys Snøhetta: a camp lantern that balances weight, durability and price. Sunset Yellow. Retail-ready packaging.",9,16,Camp Lantern,Sunset Yellow,Sunset Yellow,pcs,1,1,0.052,true,,2019-06-07
1427,POL-NAV-0009,6402026014278,Polarlys Snøhetta Camp Lantern Midnight Blue,The Snøhetta camp lantern by Polarlys. Midnight Blue. Popular with rental outfitters and clubs.,9,16,Camp Lantern,Midnight Blue,Midnight Blue,pcs,6,6,0.027,true,,2025-08-28
1428,POL-NAV-0010,6402026014285,Polarlys Nordic Plus Power Bank,"Polarlys Nordic Plus Power Bank for navigation & electronics. Built for Nordic conditions, season after season.",9,16,Power Bank,,,pcs,12,12,0.124,true,,2019-05-12
1429,POL-NAV-0011,6402026014292,Polarlys Rondane Handheld GPS,Reliable handheld gps from Polarlys's Rondane range. A wholesale staple for outdoor retailers.,9,16,Handheld GPS,,,pcs,12,12,0.145,true,,2021-09-13
1430,POL-NAV-0012,6402026014308,Polarlys Nuten Lite Headlamp Sunset Yellow,"Polarlys Nuten Lite: a headlamp that balances weight, durability and price. Sunset Yellow. Retail-ready packaging.",9,16,Headlamp,Sunset Yellow,Sunset Yellow,pcs,1,1,0.079,true,,2021-02-07
1431,POL-NAV-0013,6402026014315,Polarlys Nuten Lite Headlamp Burnt Orange,The Nuten Lite headlamp by Polarlys. Burnt Orange. Popular with rental outfitters and clubs.,9,16,Headlamp,Burnt Orange,Burnt Orange,pcs,1,1,0.064,false,2026-05-11,2025-07-16
1432,POL-NAV-0014,6402026014322,Polarlys Summit WP Camp Lantern Burnt Orange,"Polarlys Summit WP Camp Lantern for navigation & electronics. Burnt Orange. Built for Nordic conditions, season after season.",9,16,Camp Lantern,Burnt Orange,Burnt Orange,pcs,12,12,0.136,true,,2023-02-15
1433,POL-NAV-0015,6402026014339,Polarlys Summit WP Camp Lantern Deep Teal,Reliable camp lantern from Polarlys's Summit WP range. Deep Teal. A wholesale staple for outdoor retailers.,9,16,Camp Lantern,Deep Teal,Deep Teal,pcs,1,1,0.096,true,,2019-03-11
1434,POL-NAV-0016,6402026014346,Polarlys Summit WP Camp Lantern Sunset Yellow,"Polarlys Summit WP: a camp lantern that balances weight, durability and price. Sunset Yellow. Retail-ready packaging.",9,16,Camp Lantern,Sunset Yellow,Sunset Yellow,pcs,1,1,0.103,true,,2025-01-17
1435,POL-NAV-0017,6402026014353,Polarlys Tuuli 2.0 Headlamp Burnt Orange,The Tuuli 2.0 headlamp by Polarlys. Burnt Orange. Popular with rental outfitters and clubs.,9,16,Headlamp,Burnt Orange,Burnt Orange,pcs,1,1,0.139,true,,2022-09-25
1436,POL-NAV-0018,6402026014360,Polarlys Tuuli 2.0 Headlamp Midnight Blue,"Polarlys Tuuli 2.0 Headlamp for navigation & electronics. Midnight Blue. Built for Nordic conditions, season after season.",9,16,Headlamp,Midnight Blue,Midnight Blue,pcs,6,6,0.140,true,,2020-11-29
1437,POL-NAV-0019,6402026014377,Polarlys Halti Pro Compass,Reliable compass from Polarlys's Halti Pro range. A wholesale staple for outdoor retailers.,9,16,Compass,,,pcs,6,6,0.157,false,2021-08-13,2020-01-29
1438,POL-NAV-0020,6402026014384,Polarlys Storm Satellite Messenger,"Polarlys Storm: a satellite messenger that balances weight, durability and price. Retail-ready packaging.",9,16,Satellite Messenger,,,pcs,6,6,0.095,true,,2024-10-07
1439,POL-NAV-0021,6402026014391,Polarlys Kallio 2.0 Power Bank,The Kallio 2.0 power bank by Polarlys. Popular with rental outfitters and clubs.,9,16,Power Bank,,,pcs,1,1,0.150,true,,2023-10-24
1440,POL-NAV-0022,6402026014407,Polarlys Vidda Camp Lantern Lichen,"Polarlys Vidda Camp Lantern for navigation & electronics. Lichen. Built for Nordic conditions, season after season.",9,16,Camp Lantern,Lichen,Lichen,pcs,1,1,0.032,true,,2022-08-02
1441,POL-NAV-0023,6402026014414,Polarlys Vidda Camp Lantern Sand,Reliable camp lantern from Polarlys's Vidda range. Sand. A wholesale staple for outdoor retailers.,9,16,Camp Lantern,Sand,Sand,pcs,6,6,0.030,true,,2019-10-01
1442,POL-NAV-0024,6402026014421,Polarlys Vidda Camp Lantern Ochre,"Polarlys Vidda: a camp lantern that balances weight, durability and price. Ochre. Retail-ready packaging.",9,16,Camp Lantern,Ochre,Ochre,pcs,1,1,0.122,true,,2020-10-22
1443,POL-NAV-0025,6402026014438,Polarlys Senja WP Power Bank,The Senja WP power bank by Polarlys. Popular with rental outfitters and clubs.,9,16,Power Bank,,,pcs,6,6,0.054,true,,2022-03-28
1444,POL-NAV-0026,6402026014445,Polarlys Kungsleden Camp Lantern Deep Teal,"Polarlys Kungsleden Camp Lantern for navigation & electronics. Deep Teal. Built for Nordic conditions, season after season.",9,16,Camp Lantern,Deep Teal,Deep Teal,pcs,12,12,0.094,true,,2024-10-31
1445,POL-NAV-0027,6402026014452,Polarlys Kungsleden Camp Lantern Ruby Red,Reliable camp lantern from Polarlys's Kungsleden range. Ruby Red. A wholesale staple for outdoor retailers.,9,16,Camp Lantern,Ruby Red,Ruby Red,pcs,1,1,0.171,true,,2024-05-20
1446,POL-NAV-0028,6402026014469,Polarlys Kungsleden Camp Lantern Midnight Blue,"Polarlys Kungsleden: a camp lantern that balances weight, durability and price. Midnight Blue. Retail-ready packaging.",9,16,Camp Lantern,Midnight Blue,Midnight Blue,pcs,1,1,0.165,true,,2024-12-24
1447,POL-NAV-0029,6402026014476,Polarlys Kungsleden Camp Lantern Lichen,The Kungsleden camp lantern by Polarlys. Lichen. Popular with rental outfitters and clubs.,9,16,Camp Lantern,Lichen,Lichen,pcs,1,1,0.090,true,,2019-05-23
1448,POL-NAV-0030,6402026014483,Polarlys Halti Plus Camp Lantern Black,"Polarlys Halti Plus Camp Lantern for navigation & electronics. Black. Built for Nordic conditions, season after season.",9,16,Camp Lantern,Black,Black,pcs,6,6,0.025,true,,2021-09-28
1449,POL-NAV-0031,6402026014490,Polarlys Halti Plus Camp Lantern Ruby Red,Reliable camp lantern from Polarlys's Halti Plus range. Ruby Red. A wholesale staple for outdoor retailers.,9,16,Camp Lantern,Ruby Red,Ruby Red,pcs,1,1,0.045,true,,2023-05-17
1450,POL-NAV-0032,6402026014506,Polarlys Halti Plus Camp Lantern Deep Teal,"Polarlys Halti Plus: a camp lantern that balances weight, durability and price. Deep Teal. Retail-ready packaging.",9,16,Camp Lantern,Deep Teal,Deep Teal,pcs,1,1,0.131,true,,2023-02-13
1451,POL-NAV-0033,6402026014513,Polarlys Halti Plus Camp Lantern Ochre,The Halti Plus camp lantern by Polarlys. Ochre. Popular with rental outfitters and clubs.,9,16,Camp Lantern,Ochre,Ochre,pcs,1,1,0.164,true,,2021-08-31
1452,POL-NAV-0034,6402026014520,Polarlys Halti Plus Camp Lantern Petrol,"Polarlys Halti Plus Camp Lantern for navigation & electronics. Petrol. Built for Nordic conditions, season after season.",9,16,Camp Lantern,Petrol,Petrol,pcs,1,1,0.030,true,,2020-12-28
1453,POL-NAV-0035,6402026014537,Polarlys Hav Pro Compass,Reliable compass from Polarlys's Hav Pro range. A wholesale staple for outdoor retailers.,9,16,Compass,,,pcs,1,1,0.129,true,,2021-05-12
1454,POL-NAV-0036,6402026014544,Polarlys Lyngen XT Handheld GPS,"Polarlys Lyngen XT: a handheld gps that balances weight, durability and price. Retail-ready packaging.",9,16,Handheld GPS,,,pcs,1,1,0.243,true,,2021-08-08
1455,POL-NAV-0037,6402026014551,Polarlys Padjelanta Compass,The Padjelanta compass by Polarlys. Popular with rental outfitters and clubs.,9,16,Compass,,,pcs,1,1,0.173,true,,2020-11-05
1456,POL-NAV-0038,6402026014568,Polarlys Padjelanta WP Camp Lantern Ochre,"Polarlys Padjelanta WP Camp Lantern for navigation & electronics. Ochre. Built for Nordic conditions, season after season.",9,16,Camp Lantern,Ochre,Ochre,pcs,1,1,0.136,true,,2024-11-13
1457,KOM-NAV-0001,6402026014575,Kompass Hav Pro Handheld GPS,Reliable handheld gps from Kompass's Hav Pro range. A wholesale staple for outdoor retailers.,9,17,Handheld GPS,,,pcs,6,6,0.483,true,,2019-11-05
1458,KOM-NAV-0002,6402026014582,Kompass Fjord 2.0 Handheld GPS,"Kompass Fjord 2.0: a handheld gps that balances weight, durability and price. Retail-ready packaging.",9,17,Handheld GPS,,,pcs,1,1,0.231,true,,2025-08-05
1459,KOM-NAV-0003,6402026014599,Kompass Glacier Lite Power Bank,The Glacier Lite power bank by Kompass. Popular with rental outfitters and clubs.,9,17,Power Bank,,,pcs,1,1,0.054,true,,2019-07-08
1460,KOM-NAV-0004,6402026014605,Kompass Tuuli 2.0 Compass,"Kompass Tuuli 2.0 Compass for navigation & electronics. Built for Nordic conditions, season after season.",9,17,Compass,,,pcs,1,1,0.066,true,,2020-08-03
1461,KOM-NAV-0005,6402026014612,Kompass Tundra 2.0 Compass,Reliable compass from Kompass's Tundra 2.0 range. A wholesale staple for outdoor retailers.,9,17,Compass,,,pcs,1,1,0.164,true,,2021-01-05
1462,KOM-NAV-0006,6402026014629,Kompass Arctic XT Power Bank,"Kompass Arctic XT: a power bank that balances weight, durability and price. Retail-ready packaging.",9,17,Power Bank,,,pcs,1,1,0.126,true,,2021-10-22
1463,KOM-NAV-0007,6402026014636,Kompass Kallio II Handheld GPS,The Kallio II handheld gps by Kompass. Popular with rental outfitters and clubs.,9,17,Handheld GPS,,,pcs,1,1,0.428,true,,2024-12-28
1464,KOM-NAV-0008,6402026014643,Kompass Tind WP Power Bank,"Kompass Tind WP Power Bank for navigation & electronics. Built for Nordic conditions, season after season.",9,17,Power Bank,,,pcs,1,1,0.158,true,,2020-02-08
1465,KOM-NAV-0009,6402026014650,Kompass Glacier Eco Headlamp Burnt Orange,Reliable headlamp from Kompass's Glacier Eco range. Burnt Orange. A wholesale staple for outdoor retailers.,9,17,Headlamp,Burnt Orange,Burnt Orange,pcs,6,6,0.171,true,,2020-01-06
1466,KOM-NAV-0010,6402026014667,Kompass Glacier Eco Headlamp Forest,"Kompass Glacier Eco: a headlamp that balances weight, durability and price. Forest. Retail-ready packaging.",9,17,Headlamp,Forest,Forest,pcs,12,12,0.114,true,,2025-01-25
1467,KOM-NAV-0011,6402026014674,Kompass Glacier Eco Headlamp Ochre,The Glacier Eco headlamp by Kompass. Ochre. Popular with rental outfitters and clubs.,9,17,Headlamp,Ochre,Ochre,pcs,1,1,0.180,true,,2021-08-29
1468,KOM-NAV-0012,6402026014681,Kompass Summit 2.0 Power Bank,"Kompass Summit 2.0 Power Bank for navigation & electronics. Built for Nordic conditions, season after season.",9,17,Power Bank,,,pcs,1,1,0.062,true,,2023-02-18
1469,KOM-NAV-0013,6402026014698,Kompass Lyngen Pro Compass,Reliable compass from Kompass's Lyngen Pro range. A wholesale staple for outdoor retailers.,9,17,Compass,,,pcs,1,1,0.121,true,,2019-01-10
1470,KOM-NAV-0014,6402026014704,Kompass Lumi Power Bank,"Kompass Lumi: a power bank that balances weight, durability and price. Retail-ready packaging.",9,17,Power Bank,,,pcs,12,12,0.124,true,,2023-06-19
1471,KOM-NAV-0015,6402026014711,Kompass Sylarna Compass,The Sylarna compass by Kompass. Popular with rental outfitters and clubs.,9,17,Compass,,,pcs,1,1,0.170,true,,2020-11-19
1472,KOM-NAV-0016,6402026014728,Kompass Elv XT Satellite Messenger,"Kompass Elv XT Satellite Messenger for navigation & electronics. Built for Nordic conditions, season after season.",9,17,Satellite Messenger,,,pcs,1,1,0.316,true,,2022-05-14
1473,KOM-NAV-0017,6402026014735,Kompass Kungsleden Pro Camp Lantern Black,Reliable camp lantern from Kompass's Kungsleden Pro range. Black. A wholesale staple for outdoor retailers.,9,17,Camp Lantern,Black,Black,pcs,1,1,0.064,true,,2026-04-29
1474,KOM-NAV-0018,6402026014742,Kompass Kungsleden Pro Camp Lantern Ochre,"Kompass Kungsleden Pro: a camp lantern that balances weight, durability and price. Ochre. Retail-ready packaging.",9,17,Camp Lantern,Ochre,Ochre,pcs,12,12,0.019,true,,2025-03-23
1475,KOM-NAV-0019,6402026014759,Kompass Kungsleden Pro Camp Lantern Ruby Red,The Kungsleden Pro camp lantern by Kompass. Ruby Red. Popular with rental outfitters and clubs.,9,17,Camp Lantern,Ruby Red,Ruby Red,pcs,1,1,0.146,true,,2019-01-28
1476,KOM-NAV-0020,6402026014766,Kompass Tuuli XT Power Bank,"Kompass Tuuli XT Power Bank for navigation & electronics. Built for Nordic conditions, season after season.",9,17,Power Bank,,,pcs,6,6,0.092,true,,2026-02-27
1477,KOM-NAV-0021,6402026014773,Kompass Lumi Power Bank,Reliable power bank from Kompass's Lumi range. A wholesale staple for outdoor retailers.,9,17,Power Bank,,,pcs,1,1,0.056,true,,2021-05-06
1478,KOM-NAV-0022,6402026014780,Kompass Bre XT Camp Lantern Ruby Red,"Kompass Bre XT: a camp lantern that balances weight, durability and price. Ruby Red. Retail-ready packaging.",9,17,Camp Lantern,Ruby Red,Ruby Red,pcs,1,1,0.156,true,,2023-07-14
1479,KOM-NAV-0023,6402026014797,Kompass Bre XT Camp Lantern Petrol,The Bre XT camp lantern by Kompass. Petrol. Popular with rental outfitters and clubs.,9,17,Camp Lantern,Petrol,Petrol,pcs,6,6,0.166,true,,2023-12-31
1480,KOM-NAV-0024,6402026014803,Kompass Bre XT Camp Lantern Graphite,"Kompass Bre XT Camp Lantern for navigation & electronics. Graphite. Built for Nordic conditions, season after season.",9,17,Camp Lantern,Graphite,Graphite,pcs,1,1,0.119,true,,2024-01-06
1481,KOM-NAV-0025,6402026014810,Kompass Bre XT Camp Lantern Midnight Blue,Reliable camp lantern from Kompass's Bre XT range. Midnight Blue. A wholesale staple for outdoor retailers.,9,17,Camp Lantern,Midnight Blue,Midnight Blue,pcs,1,1,0.146,true,,2022-10-15
1482,KOM-NAV-0026,6402026014827,Kompass Bre Plus Compass,"Kompass Bre Plus: a compass that balances weight, durability and price. Retail-ready packaging.",9,17,Compass,,,pcs,1,1,0.110,true,,2026-04-08
1483,KOM-NAV-0027,6402026014834,Kompass Halti Handheld GPS,The Halti handheld gps by Kompass. Popular with rental outfitters and clubs.,9,17,Handheld GPS,,,pcs,12,12,0.079,false,2020-12-05,2019-09-05
1484,KOM-NAV-0028,6402026014841,Kompass Jotun Lite Compass,"Kompass Jotun Lite Compass for navigation & electronics. Built for Nordic conditions, season after season.",9,17,Compass,,,pcs,1,1,0.050,true,,2025-08-26
1485,KOM-NAV-0029,6402026014858,Kompass Senja II Handheld GPS,Reliable handheld gps from Kompass's Senja II range. A wholesale staple for outdoor retailers.,9,17,Handheld GPS,,,pcs,6,6,0.105,true,,2020-10-15
1486,KOM-NAV-0030,6402026014865,Kompass Hav 2.0 Camp Lantern Ochre,"Kompass Hav 2.0: a camp lantern that balances weight, durability and price. Ochre. Retail-ready packaging.",9,17,Camp Lantern,Ochre,Ochre,pcs,1,1,0.042,true,,2023-04-17
1487,KOM-NAV-0031,6402026014872,Kompass Hav 2.0 Camp Lantern Burnt Orange,The Hav 2.0 camp lantern by Kompass. Burnt Orange. Popular with rental outfitters and clubs.,9,17,Camp Lantern,Burnt Orange,Burnt Orange,pcs,1,1,0.025,true,,2020-12-02
1488,KOM-NAV-0032,6402026014889,Kompass Hav 2.0 Camp Lantern Deep Teal,"Kompass Hav 2.0 Camp Lantern for navigation & electronics. Deep Teal. Built for Nordic conditions, season after season.",9,17,Camp Lantern,Deep Teal,Deep Teal,pcs,1,1,0.078,false,2024-12-20,2022-09-02
1489,KOM-NAV-0033,6402026014896,Kompass Hav 2.0 Camp Lantern Slate Grey,Reliable camp lantern from Kompass's Hav 2.0 range. Slate Grey. A wholesale staple for outdoor retailers.,9,17,Camp Lantern,Slate Grey,Slate Grey,pcs,1,1,0.101,true,,2022-03-29
1490,KOM-NAV-0034,6402026014902,Kompass Padjelanta Plus Camp Lantern Sunset Yellow,"Kompass Padjelanta Plus: a camp lantern that balances weight, durability and price. Sunset Yellow. Retail-ready packaging.",9,17,Camp Lantern,Sunset Yellow,Sunset Yellow,pcs,1,1,0.069,true,,2024-02-18
1491,KOM-NAV-0035,6402026014919,Kompass Padjelanta Plus Camp Lantern Ruby Red,The Padjelanta Plus camp lantern by Kompass. Ruby Red. Popular with rental outfitters and clubs.,9,17,Camp Lantern,Ruby Red,Ruby Red,pcs,6,6,0.156,true,,2019-04-18
1492,KOM-NAV-0036,6402026014926,Kompass Padjelanta Plus Camp Lantern Forest,"Kompass Padjelanta Plus Camp Lantern for navigation & electronics. Forest. Built for Nordic conditions, season after season.",9,17,Camp Lantern,Forest,Forest,pcs,1,1,0.116,true,,2019-12-12
1493,KOM-NAV-0037,6402026014933,Kompass Padjelanta Plus Camp Lantern Black,Reliable camp lantern from Kompass's Padjelanta Plus range. Black. A wholesale staple for outdoor retailers.,9,17,Camp Lantern,Black,Black,pcs,6,6,0.017,true,,2021-09-30
1494,KOM-ACC-0001,6402026014940,Kompass Kebnekaise Pro Beanie Ruby Red,"Kompass Kebnekaise Pro: a beanie that balances weight, durability and price. Ruby Red. Retail-ready packaging.",14,17,Beanie,Ruby Red,Ruby Red,pcs,1,1,0.119,true,,2023-07-02
1495,KOM-ACC-0002,6402026014957,Kompass Kebnekaise Pro Beanie Graphite,The Kebnekaise Pro beanie by Kompass. Graphite. Popular with rental outfitters and clubs.,14,17,Beanie,Graphite,Graphite,pcs,12,12,0.011,true,,2025-04-20
1496,KOM-ACC-0003,6402026014964,Kompass Kebnekaise Pro Beanie Midnight Blue,"Kompass Kebnekaise Pro Beanie for accessories & maintenance. Midnight Blue. Built for Nordic conditions, season after season.",14,17,Beanie,Midnight Blue,Midnight Blue,pcs,12,12,0.018,true,,2023-08-29
1497,KOM-ACC-0004,6402026014971,Kompass Jotun II Seam Sealer,Reliable seam sealer from Kompass's Jotun II range. A wholesale staple for outdoor retailers.,14,17,Seam Sealer,,,pcs,1,1,0.122,true,,2021-02-27
1498,KOM-ACC-0005,6402026014988,Kompass Kilpis II Beanie Burnt Orange,"Kompass Kilpis II: a beanie that balances weight, durability and price. Burnt Orange. Retail-ready packaging.",14,17,Beanie,Burnt Orange,Burnt Orange,pcs,6,6,0.033,true,,2024-04-02
1499,KOM-ACC-0006,6402026014995,Kompass Kilpis II Beanie Lichen,The Kilpis II beanie by Kompass. Lichen. Popular with rental outfitters and clubs.,14,17,Beanie,Lichen,Lichen,pcs,1,1,0.112,true,,2025-11-23
1500,KOM-ACC-0007,6402026015008,Kompass Kilpis II Beanie Midnight Blue,"Kompass Kilpis II Beanie for accessories & maintenance. Midnight Blue. Built for Nordic conditions, season after season.",14,17,Beanie,Midnight Blue,Midnight Blue,pcs,6,6,0.150,true,,2023-08-11
1501,KOM-ACC-0008,6402026015015,Kompass Hav Map Case,Reliable map case from Kompass's Hav range. A wholesale staple for outdoor retailers.,14,17,Map Case,,,pcs,1,1,0.148,true,,2021-07-05
1502,KOM-ACC-0009,6402026015022,Kompass Vinter 2.0 Waterproofing Spray,"Kompass Vinter 2.0: a waterproofing spray that balances weight, durability and price. Retail-ready packaging.",14,17,Waterproofing Spray,,,pcs,6,6,0.094,true,,2019-11-02
1503,KOM-ACC-0010,6402026015039,Kompass Halti 2.0 First Aid Kit L Ochre,The Halti 2.0 first aid kit by Kompass. L / Ochre. Popular with rental outfitters and clubs.,14,17,First Aid Kit,L,Ochre,pcs,12,12,0.107,true,,2024-04-22
1504,KOM-ACC-0011,6402026015046,Kompass Halti 2.0 First Aid Kit XS Ochre,"Kompass Halti 2.0 First Aid Kit for accessories & maintenance. XS / Ochre. Built for Nordic conditions, season after season.",14,17,First Aid Kit,XS,Ochre,pcs,1,1,0.026,true,,2024-12-25
1505,KOM-ACC-0012,6402026015053,Kompass Halti 2.0 First Aid Kit S Ochre,Reliable first aid kit from Kompass's Halti 2.0 range. S / Ochre. A wholesale staple for outdoor retailers.,14,17,First Aid Kit,S,Ochre,pcs,1,1,0.126,true,,2026-04-12
1506,KOM-ACC-0013,6402026015060,Kompass Halti 2.0 First Aid Kit XXL Ochre,"Kompass Halti 2.0: a first aid kit that balances weight, durability and price. XXL / Ochre. Retail-ready packaging.",14,17,First Aid Kit,XXL,Ochre,pcs,6,6,0.045,true,,2025-05-07
1507,KOM-ACC-0014,6402026015077,Kompass Halti 2.0 First Aid Kit M Ochre,The Halti 2.0 first aid kit by Kompass. M / Ochre. Popular with rental outfitters and clubs.,14,17,First Aid Kit,M,Ochre,pcs,1,1,0.022,true,,2022-04-01
1508,KOM-ACC-0015,6402026015084,Kompass Kungsleden Pro Trekking Poles 170 cm Midnight Blue,"Kompass Kungsleden Pro Trekking Poles for accessories & maintenance. 170 cm / Midnight Blue. Built for Nordic conditions, season after season.",14,17,Trekking Poles,170 cm,Midnight Blue,pcs,1,1,0.319,true,,2025-02-15
1509,KOM-ACC-0016,6402026015091,Kompass Kungsleden Pro Trekking Poles 220 cm Midnight Blue,Reliable trekking poles from Kompass's Kungsleden Pro range. 220 cm / Midnight Blue. A wholesale staple for outdoor retailers.,14,17,Trekking Poles,220 cm,Midnight Blue,pcs,1,1,0.367,true,,2021-09-06
1510,KOM-ACC-0017,6402026015107,Kompass Kungsleden Pro Trekking Poles 210 cm Midnight Blue,"Kompass Kungsleden Pro: a trekking poles that balances weight, durability and price. 210 cm / Midnight Blue. Retail-ready packaging.",14,17,Trekking Poles,210 cm,Midnight Blue,pcs,1,1,0.436,true,,2022-10-12
1511,KOM-ACC-0018,6402026015114,Kompass Helags WP Liner Gloves XS Slate Grey,The Helags WP liner gloves by Kompass. XS / Slate Grey. Popular with rental outfitters and clubs.,14,17,Liner Gloves,XS,Slate Grey,pcs,1,1,0.150,true,,2024-03-06
1512,KOM-ACC-0019,6402026015121,Kompass Helags WP Liner Gloves M Slate Grey,"Kompass Helags WP Liner Gloves for accessories & maintenance. M / Slate Grey. Built for Nordic conditions, season after season.",14,17,Liner Gloves,M,Slate Grey,pcs,1,1,0.095,true,,2022-06-12
1513,KOM-ACC-0020,6402026015138,Kompass Helags WP Liner Gloves XXL Slate Grey,Reliable liner gloves from Kompass's Helags WP range. XXL / Slate Grey. A wholesale staple for outdoor retailers.,14,17,Liner Gloves,XXL,Slate Grey,pcs,12,12,0.085,true,,2020-01-18
1514,KOM-ACC-0021,6402026015145,Kompass Helags WP Liner Gloves L Slate Grey,"Kompass Helags WP: a liner gloves that balances weight, durability and price. L / Slate Grey. Retail-ready packaging.",14,17,Liner Gloves,L,Slate Grey,pcs,1,1,0.173,true,,2024-08-08
1515,KOM-ACC-0022,6402026015152,Kompass Helags WP Liner Gloves S Slate Grey,The Helags WP liner gloves by Kompass. S / Slate Grey. Popular with rental outfitters and clubs.,14,17,Liner Gloves,S,Slate Grey,pcs,1,1,0.134,true,,2026-04-15
1516,KOM-ACC-0023,6402026015169,Kompass Nuten XT Trekking Poles 210 cm Sand,"Kompass Nuten XT Trekking Poles for accessories & maintenance. 210 cm / Sand. Built for Nordic conditions, season after season.",14,17,Trekking Poles,210 cm,Sand,pcs,1,1,0.305,true,,2023-03-09
1517,KOM-ACC-0024,6402026015176,Kompass Nuten XT Trekking Poles 125 cm Sand,Reliable trekking poles from Kompass's Nuten XT range. 125 cm / Sand. A wholesale staple for outdoor retailers.,14,17,Trekking Poles,125 cm,Sand,pcs,1,1,0.229,true,,2021-12-17
1518,KOM-ACC-0025,6402026015183,Kompass Nuten XT Trekking Poles 105 cm Sand,"Kompass Nuten XT: a trekking poles that balances weight, durability and price. 105 cm / Sand. Retail-ready packaging.",14,17,Trekking Poles,105 cm,Sand,pcs,1,1,0.540,true,,2025-02-10
1519,KOM-ACC-0026,6402026015190,Kompass Myrsky WP Liner Gloves L Moss Green,The Myrsky WP liner gloves by Kompass. L / Moss Green. Popular with rental outfitters and clubs.,14,17,Liner Gloves,L,Moss Green,pcs,12,12,0.044,true,,2020-07-28
1520,KOM-ACC-0027,6402026015206,Kompass Myrsky WP Liner Gloves XXL Moss Green,"Kompass Myrsky WP Liner Gloves for accessories & maintenance. XXL / Moss Green. Built for Nordic conditions, season after season.",14,17,Liner Gloves,XXL,Moss Green,pcs,1,1,0.034,true,,2024-05-07
1521,KOM-ACC-0028,6402026015213,Kompass Myrsky WP Liner Gloves XS Moss Green,Reliable liner gloves from Kompass's Myrsky WP range. XS / Moss Green. A wholesale staple for outdoor retailers.,14,17,Liner Gloves,XS,Moss Green,pcs,1,1,0.166,true,,2025-01-15
1522,KOM-ACC-0029,6402026015220,Kompass Myrsky Waterproofing Spray,"Kompass Myrsky: a waterproofing spray that balances weight, durability and price. Retail-ready packaging.",14,17,Waterproofing Spray,,,pcs,1,1,0.092,true,,2024-03-01
1523,KOM-ACC-0030,6402026015237,Kompass Lyngen Lite Beanie Burnt Orange,The Lyngen Lite beanie by Kompass. Burnt Orange. Popular with rental outfitters and clubs.,14,17,Beanie,Burnt Orange,Burnt Orange,pcs,1,1,0.057,true,,2024-01-10
1524,KOM-ACC-0031,6402026015244,Kompass Lyngen Lite Beanie Ruby Red,"Kompass Lyngen Lite Beanie for accessories & maintenance. Ruby Red. Built for Nordic conditions, season after season.",14,17,Beanie,Ruby Red,Ruby Red,pcs,6,6,0.112,true,,2022-10-14
1525,KOM-ACC-0032,6402026015251,Kompass Lyngen Lite Beanie Graphite,Reliable beanie from Kompass's Lyngen Lite range. Graphite. A wholesale staple for outdoor retailers.,14,17,Beanie,Graphite,Graphite,pcs,1,1,0.039,true,,2024-01-14
1526,KOM-ACC-0033,6402026015268,Kompass Helags Pro Seam Sealer,"Kompass Helags Pro: a seam sealer that balances weight, durability and price. Retail-ready packaging.",14,17,Seam Sealer,,,pcs,12,12,0.067,true,,2023-06-10
1527,KOM-ACC-0034,6402026015275,Kompass Halti Seam Sealer,The Halti seam sealer by Kompass. Popular with rental outfitters and clubs.,14,17,Seam Sealer,,,pcs,6,6,0.144,true,,2023-08-03
1528,KOM-ACC-0035,6402026015282,Kompass Myrsky Waterproofing Spray,"Kompass Myrsky Waterproofing Spray for accessories & maintenance. Built for Nordic conditions, season after season.",14,17,Waterproofing Spray,,,pcs,1,1,0.097,true,,2023-12-28
1529,KOM-ACC-0036,6402026015299,Kompass Ylläs Trekking Poles 115 cm Burnt Orange,Reliable trekking poles from Kompass's Ylläs range. 115 cm / Burnt Orange. A wholesale staple for outdoor retailers.,14,17,Trekking Poles,115 cm,Burnt Orange,pcs,1,1,0.364,true,,2020-06-10
1530,KOM-ACC-0037,6402026015305,Kompass Ylläs Trekking Poles 180 cm Burnt Orange,"Kompass Ylläs: a trekking poles that balances weight, durability and price. 180 cm / Burnt Orange. Retail-ready packaging.",14,17,Trekking Poles,180 cm,Burnt Orange,pcs,6,6,0.481,true,,2025-07-01
1531,KOM-ACC-0038,6402026015312,Kompass Ylläs Trekking Poles 220 cm Burnt Orange,The Ylläs trekking poles by Kompass. 220 cm / Burnt Orange. Popular with rental outfitters and clubs.,14,17,Trekking Poles,220 cm,Burnt Orange,pcs,1,1,0.140,true,,2023-06-12
1532,KOM-ACC-0039,6402026015329,Kompass Ylläs Trekking Poles 135 cm Burnt Orange,"Kompass Ylläs Trekking Poles for accessories & maintenance. 135 cm / Burnt Orange. Built for Nordic conditions, season after season.",14,17,Trekking Poles,135 cm,Burnt Orange,pcs,1,1,0.479,true,,2020-12-27
1533,KOM-ACC-0040,6402026015336,Kompass Trail Lite Trekking Poles 210 cm Forest,Reliable trekking poles from Kompass's Trail Lite range. 210 cm / Forest. A wholesale staple for outdoor retailers.,14,17,Trekking Poles,210 cm,Forest,pcs,6,6,0.026,true,,2019-07-08
1534,KOM-ACC-0041,6402026015343,Kompass Trail Lite Trekking Poles 105 cm Forest,"Kompass Trail Lite: a trekking poles that balances weight, durability and price. 105 cm / Forest. Retail-ready packaging.",14,17,Trekking Poles,105 cm,Forest,pcs,1,1,0.064,true,,2020-06-30
1535,KOM-ACC-0042,6402026015350,Kompass Trail Lite Trekking Poles 170 cm Forest,The Trail Lite trekking poles by Kompass. 170 cm / Forest. Popular with rental outfitters and clubs.,14,17,Trekking Poles,170 cm,Forest,pcs,1,1,0.236,true,,2025-06-09
1536,KOM-ACC-0043,6402026015367,Kompass Trail Lite Trekking Poles 220 cm Forest,"Kompass Trail Lite Trekking Poles for accessories & maintenance. 220 cm / Forest. Built for Nordic conditions, season after season.",14,17,Trekking Poles,220 cm,Forest,pcs,1,1,0.247,true,,2025-08-06
1537,KOM-ACC-0044,6402026015374,Kompass Trail Lite Trekking Poles 180 cm Forest,Reliable trekking poles from Kompass's Trail Lite range. 180 cm / Forest. A wholesale staple for outdoor retailers.,14,17,Trekking Poles,180 cm,Forest,pcs,1,1,0.207,true,,2021-03-07
1538,KOM-ACC-0045,6402026015381,Kompass Rondane II Liner Gloves XXL Black,"Kompass Rondane II: a liner gloves that balances weight, durability and price. XXL / Black. Retail-ready packaging.",14,17,Liner Gloves,XXL,Black,pcs,1,1,0.101,true,,2021-01-14
1539,KOM-ACC-0046,6402026015398,Kompass Rondane II Liner Gloves XS Black,The Rondane II liner gloves by Kompass. XS / Black. Popular with rental outfitters and clubs.,14,17,Liner Gloves,XS,Black,pcs,1,1,0.099,true,,2022-09-26
1540,KOM-ACC-0047,6402026015404,Kompass Rondane II Liner Gloves S Black,"Kompass Rondane II Liner Gloves for accessories & maintenance. S / Black. Built for Nordic conditions, season after season.",14,17,Liner Gloves,S,Black,pcs,1,1,0.016,true,,2023-05-13
1541,KOM-ACC-0048,6402026015411,Kompass Trail Pro Waterproofing Spray,Reliable waterproofing spray from Kompass's Trail Pro range. A wholesale staple for outdoor retailers.,14,17,Waterproofing Spray,,,pcs,1,1,0.116,true,,2024-11-22
1542,KOM-ACC-0049,6402026015428,Kompass Senja Waterproofing Spray,"Kompass Senja: a waterproofing spray that balances weight, durability and price. Retail-ready packaging.",14,17,Waterproofing Spray,,,pcs,1,1,0.009,true,,2023-09-11
1543,KOM-ACC-0050,6402026015435,Kompass Helags II Beanie Graphite,The Helags II beanie by Kompass. Graphite. Popular with rental outfitters and clubs.,14,17,Beanie,Graphite,Graphite,pcs,12,12,0.043,true,,2025-08-20
1544,KOM-ACC-0051,6402026015442,Kompass Pallas Eco Liner Gloves XS Slate Grey,"Kompass Pallas Eco Liner Gloves for accessories & maintenance. XS / Slate Grey. Built for Nordic conditions, season after season.",14,17,Liner Gloves,XS,Slate Grey,pcs,12,12,0.101,true,,2019-11-10
1545,KOM-ACC-0052,6402026015459,Kompass Pallas Eco Liner Gloves XXL Slate Grey,Reliable liner gloves from Kompass's Pallas Eco range. XXL / Slate Grey. A wholesale staple for outdoor retailers.,14,17,Liner Gloves,XXL,Slate Grey,pcs,1,1,0.101,true,,2020-07-22
1546,ISB-WIN-0001,6402026015466,Isbre Tind II Ski Poles 220 cm Deep Teal,"Isbre Tind II: a ski poles that balances weight, durability and price. 220 cm / Deep Teal. Retail-ready packaging.",10,18,Ski Poles,220 cm,Deep Teal,pcs,12,12,0.790,true,,2025-05-21
1547,ISB-WIN-0002,6402026015473,Isbre Tind II Ski Poles 105 cm Deep Teal,The Tind II ski poles by Isbre. 105 cm / Deep Teal. Popular with rental outfitters and clubs.,10,18,Ski Poles,105 cm,Deep Teal,pcs,1,1,1.082,true,,2025-01-23
1548,ISB-WIN-0003,6402026015480,Isbre Tind II Ski Poles 180 cm Deep Teal,"Isbre Tind II Ski Poles for winter sports. 180 cm / Deep Teal. Built for Nordic conditions, season after season.",10,18,Ski Poles,180 cm,Deep Teal,pcs,1,1,0.739,true,,2022-09-04
1549,ISB-WIN-0004,6402026015497,Isbre Tind II Ski Poles 160 cm Deep Teal,Reliable ski poles from Isbre's Tind II range. 160 cm / Deep Teal. A wholesale staple for outdoor retailers.,10,18,Ski Poles,160 cm,Deep Teal,pcs,6,6,0.321,true,,2022-02-19
1550,ISB-WIN-0005,6402026015503,Isbre Tind II Ski Poles 170 cm Deep Teal,"Isbre Tind II: a ski poles that balances weight, durability and price. 170 cm / Deep Teal. Retail-ready packaging.",10,18,Ski Poles,170 cm,Deep Teal,pcs,12,12,0.312,true,,2024-03-03
1551,ISB-WIN-0006,6402026015510,Isbre Sarek 2.0 Avalanche Transceiver,The Sarek 2.0 avalanche transceiver by Isbre. Popular with rental outfitters and clubs.,10,18,Avalanche Transceiver,,,pcs,12,12,1.470,true,,2025-11-01
1552,ISB-WIN-0007,6402026015527,Isbre Tundra Pro Climbing Skins 170 cm Midnight Blue,"Isbre Tundra Pro Climbing Skins for winter sports. 170 cm / Midnight Blue. Built for Nordic conditions, season after season.",10,18,Climbing Skins,170 cm,Midnight Blue,pcs,12,12,0.593,true,,2022-09-13
1553,ISB-WIN-0008,6402026015534,Isbre Tundra Pro Climbing Skins 115 cm Midnight Blue,Reliable climbing skins from Isbre's Tundra Pro range. 115 cm / Midnight Blue. A wholesale staple for outdoor retailers.,10,18,Climbing Skins,115 cm,Midnight Blue,pcs,1,1,0.746,true,,2019-09-13
1554,ISB-WIN-0009,6402026015541,Isbre Tundra Pro Climbing Skins 210 cm Midnight Blue,"Isbre Tundra Pro: a climbing skins that balances weight, durability and price. 210 cm / Midnight Blue. Retail-ready packaging.",10,18,Climbing Skins,210 cm,Midnight Blue,pcs,6,6,0.427,true,,2023-06-01
1555,ISB-WIN-0010,6402026015558,Isbre Tundra Pro Climbing Skins 220 cm Midnight Blue,The Tundra Pro climbing skins by Isbre. 220 cm / Midnight Blue. Popular with rental outfitters and clubs.,10,18,Climbing Skins,220 cm,Midnight Blue,pcs,1,1,0.841,true,,2021-03-13
1556,ISB-WIN-0011,6402026015565,Isbre Tundra Pro Climbing Skins 180 cm Midnight Blue,"Isbre Tundra Pro Climbing Skins for winter sports. 180 cm / Midnight Blue. Built for Nordic conditions, season after season.",10,18,Climbing Skins,180 cm,Midnight Blue,pcs,1,1,0.771,true,,2024-03-10
1557,ISB-WIN-0012,6402026015572,Isbre Snøhetta WP Avalanche Probe,Reliable avalanche probe from Isbre's Snøhetta WP range. A wholesale staple for outdoor retailers.,10,18,Avalanche Probe,,,pcs,12,12,0.432,true,,2023-06-13
1558,ISB-WIN-0013,6402026015589,Isbre Nuten Avalanche Transceiver,"Isbre Nuten: a avalanche transceiver that balances weight, durability and price. Retail-ready packaging.",10,18,Avalanche Transceiver,,,pcs,1,1,0.583,true,,2020-10-10
1559,ISB-WIN-0014,6402026015596,Isbre Ylläs XT Climbing Skins 160 cm Petrol,The Ylläs XT climbing skins by Isbre. 160 cm / Petrol. Popular with rental outfitters and clubs.,10,18,Climbing Skins,160 cm,Petrol,pcs,6,6,0.104,true,,2021-11-28
1560,ISB-WIN-0015,6402026015602,Isbre Ylläs XT Climbing Skins 115 cm Petrol,"Isbre Ylläs XT Climbing Skins for winter sports. 115 cm / Petrol. Built for Nordic conditions, season after season.",10,18,Climbing Skins,115 cm,Petrol,pcs,6,6,0.993,false,2022-02-15,2021-07-04
1561,ISB-WIN-0016,6402026015619,Isbre Ylläs XT Climbing Skins 180 cm Petrol,Reliable climbing skins from Isbre's Ylläs XT range. 180 cm / Petrol. A wholesale staple for outdoor retailers.,10,18,Climbing Skins,180 cm,Petrol,pcs,1,1,0.418,true,,2019-06-13
1562,ISB-WIN-0017,6402026015626,Isbre Snøhetta Climbing Skins 180 cm Sand,"Isbre Snøhetta: a climbing skins that balances weight, durability and price. 180 cm / Sand. Retail-ready packaging.",10,18,Climbing Skins,180 cm,Sand,pcs,1,1,0.631,true,,2020-06-23
1563,ISB-WIN-0018,6402026015633,Isbre Snøhetta Climbing Skins 125 cm Sand,The Snøhetta climbing skins by Isbre. 125 cm / Sand. Popular with rental outfitters and clubs.,10,18,Climbing Skins,125 cm,Sand,pcs,1,1,0.775,true,,2022-08-01
1564,ISB-WIN-0019,6402026015640,Isbre Snøhetta Climbing Skins 135 cm Sand,"Isbre Snøhetta Climbing Skins for winter sports. 135 cm / Sand. Built for Nordic conditions, season after season.",10,18,Climbing Skins,135 cm,Sand,pcs,1,1,0.898,true,,2020-03-06
1565,ISB-WIN-0020,6402026015657,Isbre Snøhetta Climbing Skins 150 cm Sand,Reliable climbing skins from Isbre's Snøhetta range. 150 cm / Sand. A wholesale staple for outdoor retailers.,10,18,Climbing Skins,150 cm,Sand,pcs,6,6,0.127,false,2022-04-11,2020-04-08
1566,ISB-WIN-0021,6402026015664,Isbre Snøhetta Climbing Skins 210 cm Sand,"Isbre Snøhetta: a climbing skins that balances weight, durability and price. 210 cm / Sand. Retail-ready packaging.",10,18,Climbing Skins,210 cm,Sand,pcs,1,1,1.118,true,,2022-03-09
1567,ISB-WIN-0022,6402026015671,Isbre Tundra II Touring Ski 170 cm Deep Teal,The Tundra II touring ski by Isbre. 170 cm / Deep Teal. Popular with rental outfitters and clubs.,10,18,Touring Ski,170 cm,Deep Teal,pcs,12,12,3.531,true,,2026-01-21
1568,ISB-WIN-0023,6402026015688,Isbre Tundra II Touring Ski 210 cm Deep Teal,"Isbre Tundra II Touring Ski for winter sports. 210 cm / Deep Teal. Built for Nordic conditions, season after season.",10,18,Touring Ski,210 cm,Deep Teal,pcs,1,1,0.937,false,2025-10-15,2022-08-28
1569,ISB-WIN-0024,6402026015695,Isbre Tundra II Touring Ski 220 cm Deep Teal,Reliable touring ski from Isbre's Tundra II range. 220 cm / Deep Teal. A wholesale staple for outdoor retailers.,10,18,Touring Ski,220 cm,Deep Teal,pcs,6,6,3.186,true,,2025-06-06
1570,ISB-WIN-0025,6402026015701,Isbre Snøhetta Plus Snow Shovel Ochre,"Isbre Snøhetta Plus: a snow shovel that balances weight, durability and price. Ochre. Retail-ready packaging.",10,18,Snow Shovel,Ochre,Ochre,pcs,12,12,0.690,true,,2025-07-20
1571,ISB-WIN-0026,6402026015718,Isbre Snøhetta Plus Snow Shovel Moss Green,The Snøhetta Plus snow shovel by Isbre. Moss Green. Popular with rental outfitters and clubs.,10,18,Snow Shovel,Moss Green,Moss Green,pcs,6,6,0.339,true,,2020-02-17
1572,ISB-WIN-0027,6402026015725,Isbre Snøhetta Plus Snow Shovel Sand,"Isbre Snøhetta Plus Snow Shovel for winter sports. Sand. Built for Nordic conditions, season after season.",10,18,Snow Shovel,Sand,Sand,pcs,1,1,0.321,true,,2023-04-28
1573,ISB-WIN-0028,6402026015732,Isbre Inari Climbing Skins 135 cm Sunset Yellow,Reliable climbing skins from Isbre's Inari range. 135 cm / Sunset Yellow. A wholesale staple for outdoor retailers.,10,18,Climbing Skins,135 cm,Sunset Yellow,pcs,1,1,0.579,true,,2020-05-09
1574,ISB-WIN-0029,6402026015749,Isbre Inari Climbing Skins 105 cm Sunset Yellow,"Isbre Inari: a climbing skins that balances weight, durability and price. 105 cm / Sunset Yellow. Retail-ready packaging.",10,18,Climbing Skins,105 cm,Sunset Yellow,pcs,6,6,0.455,true,,2023-01-01
1575,ISB-WIN-0030,6402026015756,Isbre Inari Climbing Skins 150 cm Sunset Yellow,The Inari climbing skins by Isbre. 150 cm / Sunset Yellow. Popular with rental outfitters and clubs.,10,18,Climbing Skins,150 cm,Sunset Yellow,pcs,12,12,0.870,true,,2019-02-06
1576,ISB-WIN-0031,6402026015763,Isbre Fjord Avalanche Transceiver,"Isbre Fjord Avalanche Transceiver for winter sports. Built for Nordic conditions, season after season.",10,18,Avalanche Transceiver,,,pcs,12,12,1.981,true,,2022-10-30
1577,ISB-WIN-0032,6402026015770,Isbre Lyngen Eco Ski Goggles Forest,Reliable ski goggles from Isbre's Lyngen Eco range. Forest. A wholesale staple for outdoor retailers.,10,18,Ski Goggles,Forest,Forest,pcs,6,6,0.349,true,,2019-12-11
1578,ISB-WIN-0033,6402026015787,Isbre Lyngen Eco Ski Goggles Petrol,"Isbre Lyngen Eco: a ski goggles that balances weight, durability and price. Petrol. Retail-ready packaging.",10,18,Ski Goggles,Petrol,Petrol,pcs,6,6,0.203,true,,2020-11-15
1579,ISB-WIN-0034,6402026015794,Isbre Lyngen Eco Ski Goggles Sunset Yellow,The Lyngen Eco ski goggles by Isbre. Sunset Yellow. Popular with rental outfitters and clubs.,10,18,Ski Goggles,Sunset Yellow,Sunset Yellow,pcs,6,6,0.896,true,,2019-07-29
1580,ISB-WIN-0035,6402026015800,Isbre Lyngen Eco Ski Goggles Lichen,"Isbre Lyngen Eco Ski Goggles for winter sports. Lichen. Built for Nordic conditions, season after season.",10,18,Ski Goggles,Lichen,Lichen,pcs,12,12,0.546,true,,2023-09-24
1581,ISB-WIN-0036,6402026015817,Isbre Kilpis II Snowshoes L Burnt Orange,Reliable snowshoes from Isbre's Kilpis II range. L / Burnt Orange. A wholesale staple for outdoor retailers.,10,18,Snowshoes,L,Burnt Orange,pcs,1,1,1.181,true,,2019-10-25
1582,ISB-WIN-0037,6402026015824,Isbre Kilpis II Snowshoes S Burnt Orange,"Isbre Kilpis II: a snowshoes that balances weight, durability and price. S / Burnt Orange. Retail-ready packaging.",10,18,Snowshoes,S,Burnt Orange,pcs,1,1,1.018,true,,2024-12-10
1583,ISB-WIN-0038,6402026015831,Isbre Kilpis II Snowshoes XS Burnt Orange,The Kilpis II snowshoes by Isbre. XS / Burnt Orange. Popular with rental outfitters and clubs.,10,18,Snowshoes,XS,Burnt Orange,pcs,12,12,0.618,true,,2022-01-12
1584,ISB-WIN-0039,6402026015848,Isbre Snøhetta WP Ski Poles 220 cm Midnight Blue,"Isbre Snøhetta WP Ski Poles for winter sports. 220 cm / Midnight Blue. Built for Nordic conditions, season after season.",10,18,Ski Poles,220 cm,Midnight Blue,pcs,6,6,0.768,true,,2020-07-07
1585,ISB-WIN-0040,6402026015855,Isbre Snøhetta WP Ski Poles 160 cm Midnight Blue,Reliable ski poles from Isbre's Snøhetta WP range. 160 cm / Midnight Blue. A wholesale staple for outdoor retailers.,10,18,Ski Poles,160 cm,Midnight Blue,pcs,1,1,0.649,true,,2025-01-11
1586,ISB-WIN-0041,6402026015862,Isbre Snøhetta WP Ski Poles 105 cm Midnight Blue,"Isbre Snøhetta WP: a ski poles that balances weight, durability and price. 105 cm / Midnight Blue. Retail-ready packaging.",10,18,Ski Poles,105 cm,Midnight Blue,pcs,6,6,0.327,true,,2019-03-28
1587,ISB-WIN-0042,6402026015879,Isbre Sylarna II Snow Shovel Deep Teal,The Sylarna II snow shovel by Isbre. Deep Teal. Popular with rental outfitters and clubs.,10,18,Snow Shovel,Deep Teal,Deep Teal,pcs,12,12,0.670,true,,2022-12-01
1588,ISB-ACC-0001,6402026015886,Isbre Sarek Trekking Poles 125 cm Ruby Red,"Isbre Sarek Trekking Poles for accessories & maintenance. 125 cm / Ruby Red. Built for Nordic conditions, season after season.",14,18,Trekking Poles,125 cm,Ruby Red,pcs,1,1,0.321,true,,2024-09-07
1589,ISB-ACC-0002,6402026015893,Isbre Sarek Trekking Poles 115 cm Ruby Red,Reliable trekking poles from Isbre's Sarek range. 115 cm / Ruby Red. A wholesale staple for outdoor retailers.,14,18,Trekking Poles,115 cm,Ruby Red,pcs,1,1,0.374,true,,2023-01-07
1590,ISB-ACC-0003,6402026015909,Isbre Sarek Trekking Poles 160 cm Ruby Red,"Isbre Sarek: a trekking poles that balances weight, durability and price. 160 cm / Ruby Red. Retail-ready packaging.",14,18,Trekking Poles,160 cm,Ruby Red,pcs,12,12,0.130,true,,2023-03-15
1591,ISB-ACC-0004,6402026015916,Isbre Varanger II Beanie Lichen,The Varanger II beanie by Isbre. Lichen. Popular with rental outfitters and clubs.,14,18,Beanie,Lichen,Lichen,pcs,6,6,0.048,true,,2024-02-08
1592,ISB-ACC-0005,6402026015923,Isbre Varanger II Beanie Graphite,"Isbre Varanger II Beanie for accessories & maintenance. Graphite. Built for Nordic conditions, season after season.",14,18,Beanie,Graphite,Graphite,pcs,1,1,0.175,true,,2021-11-09
1593,ISB-ACC-0006,6402026015930,Isbre Nordkapp Liner Gloves XL Arctic White,Reliable liner gloves from Isbre's Nordkapp range. XL / Arctic White. A wholesale staple for outdoor retailers.,14,18,Liner Gloves,XL,Arctic White,pcs,1,1,0.014,true,,2019-10-13
1594,ISB-ACC-0007,6402026015947,Isbre Nordkapp Liner Gloves L Arctic White,"Isbre Nordkapp: a liner gloves that balances weight, durability and price. L / Arctic White. Retail-ready packaging.",14,18,Liner Gloves,L,Arctic White,pcs,1,1,0.109,false,2026-04-12,2023-03-25
1595,ISB-ACC-0008,6402026015954,Isbre Polar Repair Kit,The Polar repair kit by Isbre. Popular with rental outfitters and clubs.,14,18,Repair Kit,,,pcs,6,6,0.046,true,,2023-07-07
1596,ISB-ACC-0009,6402026015961,Isbre Tuuli WP Trekking Poles 160 cm Ochre,"Isbre Tuuli WP Trekking Poles for accessories & maintenance. 160 cm / Ochre. Built for Nordic conditions, season after season.",14,18,Trekking Poles,160 cm,Ochre,pcs,1,1,0.434,true,,2019-09-04
1597,ISB-ACC-0010,6402026015978,Isbre Tuuli WP Trekking Poles 150 cm Ochre,Reliable trekking poles from Isbre's Tuuli WP range. 150 cm / Ochre. A wholesale staple for outdoor retailers.,14,18,Trekking Poles,150 cm,Ochre,pcs,1,1,0.560,false,2024-06-06,2023-09-17
1598,ISB-ACC-0011,6402026015985,Isbre Tuuli WP Trekking Poles 115 cm Ochre,"Isbre Tuuli WP: a trekking poles that balances weight, durability and price. 115 cm / Ochre. Retail-ready packaging.",14,18,Trekking Poles,115 cm,Ochre,pcs,12,12,0.333,true,,2022-10-26
1599,ISB-ACC-0012,6402026015992,Isbre Tuuli WP Trekking Poles 220 cm Ochre,The Tuuli WP trekking poles by Isbre. 220 cm / Ochre. Popular with rental outfitters and clubs.,14,18,Trekking Poles,220 cm,Ochre,pcs,1,1,0.089,true,,2023-11-11
1600,ISB-ACC-0013,6402026016005,Isbre Tuuli WP Trekking Poles 135 cm Ochre,"Isbre Tuuli WP Trekking Poles for accessories & maintenance. 135 cm / Ochre. Built for Nordic conditions, season after season.",14,18,Trekking Poles,135 cm,Ochre,pcs,12,12,0.394,true,,2024-06-26
1601,ISB-ACC-0014,6402026016012,Isbre Ylläs 2.0 Liner Gloves XS Forest,Reliable liner gloves from Isbre's Ylläs 2.0 range. XS / Forest. A wholesale staple for outdoor retailers.,14,18,Liner Gloves,XS,Forest,pcs,1,1,0.032,true,,2022-04-20
1602,ISB-ACC-0015,6402026016029,Isbre Kaldo Pro Map Case,"Isbre Kaldo Pro: a map case that balances weight, durability and price. Retail-ready packaging.",14,18,Map Case,,,pcs,1,1,0.158,true,,2021-11-30
1603,ISB-ACC-0016,6402026016036,Isbre Storm Eco Neck Gaiter Deep Teal,The Storm Eco neck gaiter by Isbre. Deep Teal. Popular with rental outfitters and clubs.,14,18,Neck Gaiter,Deep Teal,Deep Teal,pcs,6,6,0.083,true,,2022-01-07
1604,ISB-ACC-0017,6402026016043,Isbre Storm Eco Neck Gaiter Petrol,"Isbre Storm Eco Neck Gaiter for accessories & maintenance. Petrol. Built for Nordic conditions, season after season.",14,18,Neck Gaiter,Petrol,Petrol,pcs,1,1,0.008,true,,2023-11-14
1605,ISB-ACC-0018,6402026016050,Isbre Storm Eco Neck Gaiter Lichen,Reliable neck gaiter from Isbre's Storm Eco range. Lichen. A wholesale staple for outdoor retailers.,14,18,Neck Gaiter,Lichen,Lichen,pcs,1,1,0.075,true,,2019-08-11
1606,ISB-ACC-0019,6402026016067,Isbre Fjord XT Map Case,"Isbre Fjord XT: a map case that balances weight, durability and price. Retail-ready packaging.",14,18,Map Case,,,pcs,1,1,0.110,true,,2025-03-11
1607,ISB-ACC-0020,6402026016074,Isbre Varanger XT Map Case,The Varanger XT map case by Isbre. Popular with rental outfitters and clubs.,14,18,Map Case,,,pcs,1,1,0.068,true,,2021-01-19
1608,ISB-ACC-0021,6402026016081,Isbre Varanger Neck Gaiter Black,"Isbre Varanger Neck Gaiter for accessories & maintenance. Black. Built for Nordic conditions, season after season.",14,18,Neck Gaiter,Black,Black,pcs,1,1,0.159,true,,2022-01-04
1609,ISB-ACC-0022,6402026016098,Isbre Varanger Neck Gaiter Burnt Orange,Reliable neck gaiter from Isbre's Varanger range. Burnt Orange. A wholesale staple for outdoor retailers.,14,18,Neck Gaiter,Burnt Orange,Burnt Orange,pcs,1,1,0.114,true,,2022-11-29
1610,ISB-ACC-0023,6402026016104,Isbre Varanger Neck Gaiter Slate Grey,"Isbre Varanger: a neck gaiter that balances weight, durability and price. Slate Grey. Retail-ready packaging.",14,18,Neck Gaiter,Slate Grey,Slate Grey,pcs,1,1,0.099,true,,2022-01-01
1611,ISB-ACC-0024,6402026016111,Isbre Varanger Neck Gaiter Ochre,The Varanger neck gaiter by Isbre. Ochre. Popular with rental outfitters and clubs.,14,18,Neck Gaiter,Ochre,Ochre,pcs,12,12,0.058,true,,2020-10-28
1612,ISB-ACC-0025,6402026016128,Isbre Varanger Neck Gaiter Arctic White,"Isbre Varanger Neck Gaiter for accessories & maintenance. Arctic White. Built for Nordic conditions, season after season.",14,18,Neck Gaiter,Arctic White,Arctic White,pcs,6,6,0.161,true,,2023-06-23
1613,ISB-ACC-0026,6402026016135,Isbre Kilpis Plus Liner Gloves XL Slate Grey,Reliable liner gloves from Isbre's Kilpis Plus range. XL / Slate Grey. A wholesale staple for outdoor retailers.,14,18,Liner Gloves,XL,Slate Grey,pcs,1,1,0.084,true,,2021-06-14
1614,ISB-ACC-0027,6402026016142,Isbre Nordic Seam Sealer,"Isbre Nordic: a seam sealer that balances weight, durability and price. Retail-ready packaging.",14,18,Seam Sealer,,,pcs,1,1,0.156,false,2020-02-20,2019-05-18
1615,ISB-ACC-0028,6402026016159,Isbre Kaamos Pro Seam Sealer,The Kaamos Pro seam sealer by Isbre. Popular with rental outfitters and clubs.,14,18,Seam Sealer,,,pcs,6,6,0.108,true,,2024-09-02
1616,ISB-ACC-0029,6402026016166,Isbre Padjelanta 2.0 Neck Gaiter Slate Grey,"Isbre Padjelanta 2.0 Neck Gaiter for accessories & maintenance. Slate Grey. Built for Nordic conditions, season after season.",14,18,Neck Gaiter,Slate Grey,Slate Grey,pcs,1,1,0.170,true,,2024-08-04
1617,ISB-ACC-0030,6402026016173,Isbre Padjelanta 2.0 Neck Gaiter Petrol,Reliable neck gaiter from Isbre's Padjelanta 2.0 range. Petrol. A wholesale staple for outdoor retailers.,14,18,Neck Gaiter,Petrol,Petrol,pcs,1,1,0.152,true,,2023-08-06
1618,ISB-ACC-0031,6402026016180,Isbre Padjelanta 2.0 Neck Gaiter Midnight Blue,"Isbre Padjelanta 2.0: a neck gaiter that balances weight, durability and price. Midnight Blue. Retail-ready packaging.",14,18,Neck Gaiter,Midnight Blue,Midnight Blue,pcs,12,12,0.085,false,2022-05-13,2019-01-02
1619,ISB-ACC-0032,6402026016197,Isbre Padjelanta 2.0 Neck Gaiter Sunset Yellow,The Padjelanta 2.0 neck gaiter by Isbre. Sunset Yellow. Popular with rental outfitters and clubs.,14,18,Neck Gaiter,Sunset Yellow,Sunset Yellow,pcs,6,6,0.097,true,,2024-10-29
1620,ISB-ACC-0033,6402026016203,Isbre Padjelanta 2.0 Neck Gaiter Burnt Orange,"Isbre Padjelanta 2.0 Neck Gaiter for accessories & maintenance. Burnt Orange. Built for Nordic conditions, season after season.",14,18,Neck Gaiter,Burnt Orange,Burnt Orange,pcs,1,1,0.070,true,,2021-03-30
1621,ISB-ACC-0034,6402026016210,Isbre Ylläs Eco Seam Sealer,Reliable seam sealer from Isbre's Ylläs Eco range. A wholesale staple for outdoor retailers.,14,18,Seam Sealer,,,pcs,1,1,0.101,true,,2023-01-24
1622,ISB-ACC-0035,6402026016227,Isbre Skog WP Repair Kit,"Isbre Skog WP: a repair kit that balances weight, durability and price. Retail-ready packaging.",14,18,Repair Kit,,,pcs,1,1,0.036,true,,2023-02-06
1623,ISB-ACC-0036,6402026016234,Isbre Lyngen Map Case,The Lyngen map case by Isbre. Popular with rental outfitters and clubs.,14,18,Map Case,,,pcs,1,1,0.041,false,2026-06-13,2025-02-25
1624,ISB-ACC-0037,6402026016241,Isbre Helags Pro Trekking Poles 125 cm Ruby Red,"Isbre Helags Pro Trekking Poles for accessories & maintenance. 125 cm / Ruby Red. Built for Nordic conditions, season after season.",14,18,Trekking Poles,125 cm,Ruby Red,pcs,1,1,0.423,true,,2020-11-17
1625,ISB-ACC-0038,6402026016258,Isbre Helags Pro Trekking Poles 105 cm Ruby Red,Reliable trekking poles from Isbre's Helags Pro range. 105 cm / Ruby Red. A wholesale staple for outdoor retailers.,14,18,Trekking Poles,105 cm,Ruby Red,pcs,12,12,0.087,true,,2024-05-29
1626,ISB-ACC-0039,6402026016265,Isbre Helags Pro Trekking Poles 180 cm Ruby Red,"Isbre Helags Pro: a trekking poles that balances weight, durability and price. 180 cm / Ruby Red. Retail-ready packaging.",14,18,Trekking Poles,180 cm,Ruby Red,pcs,1,1,0.135,true,,2023-03-07
1627,ISB-ACC-0040,6402026016272,Isbre Abisko XT Trekking Poles 125 cm Ochre,The Abisko XT trekking poles by Isbre. 125 cm / Ochre. Popular with rental outfitters and clubs.,14,18,Trekking Poles,125 cm,Ochre,pcs,1,1,0.317,true,,2020-01-27
1628,ISB-ACC-0041,6402026016289,Isbre Vidda 2.0 Seam Sealer,"Isbre Vidda 2.0 Seam Sealer for accessories & maintenance. Built for Nordic conditions, season after season.",14,18,Seam Sealer,,,pcs,6,6,0.013,true,,2025-09-16
1629,ISB-ACC-0042,6402026016296,Isbre Alpine Plus Waterproofing Spray,Reliable waterproofing spray from Isbre's Alpine Plus range. A wholesale staple for outdoor retailers.,14,18,Waterproofing Spray,,,pcs,6,6,0.028,true,,2021-04-17
1630,ISB-ACC-0043,6402026016302,Isbre Polar 2.0 Trekking Poles 220 cm Sand,"Isbre Polar 2.0: a trekking poles that balances weight, durability and price. 220 cm / Sand. Retail-ready packaging.",14,18,Trekking Poles,220 cm,Sand,pcs,1,1,0.413,true,,2025-11-26
1631,ISB-ACC-0044,6402026016319,Isbre Polar 2.0 Trekking Poles 135 cm Sand,The Polar 2.0 trekking poles by Isbre. 135 cm / Sand. Popular with rental outfitters and clubs.,14,18,Trekking Poles,135 cm,Sand,pcs,1,1,0.242,true,,2021-12-14
1632,ISB-ACC-0045,6402026016326,Isbre Polar 2.0 Trekking Poles 125 cm Sand,"Isbre Polar 2.0 Trekking Poles for accessories & maintenance. 125 cm / Sand. Built for Nordic conditions, season after season.",14,18,Trekking Poles,125 cm,Sand,pcs,6,6,0.132,true,,2024-03-01
1633,ISB-ACC-0046,6402026016333,Isbre Sylarna II Map Case,Reliable map case from Isbre's Sylarna II range. A wholesale staple for outdoor retailers.,14,18,Map Case,,,pcs,6,6,0.176,true,,2020-03-23
1634,ISB-ACC-0047,6402026016340,Isbre Glacier XT Trekking Poles 170 cm Sand,"Isbre Glacier XT: a trekking poles that balances weight, durability and price. 170 cm / Sand. Retail-ready packaging.",14,18,Trekking Poles,170 cm,Sand,pcs,12,12,0.485,true,,2020-05-07
1635,ISB-ACC-0048,6402026016357,Isbre Glacier XT Trekking Poles 105 cm Sand,The Glacier XT trekking poles by Isbre. 105 cm / Sand. Popular with rental outfitters and clubs.,14,18,Trekking Poles,105 cm,Sand,pcs,1,1,0.290,true,,2023-08-04
1636,ISB-ACC-0049,6402026016364,Isbre Glacier XT Trekking Poles 135 cm Sand,"Isbre Glacier XT Trekking Poles for accessories & maintenance. 135 cm / Sand. Built for Nordic conditions, season after season.",14,18,Trekking Poles,135 cm,Sand,pcs,1,1,0.415,true,,2022-06-17
1637,ISB-ACC-0050,6402026016371,Isbre Glacier XT Trekking Poles 125 cm Sand,Reliable trekking poles from Isbre's Glacier XT range. 125 cm / Sand. A wholesale staple for outdoor retailers.,14,18,Trekking Poles,125 cm,Sand,pcs,6,6,0.241,true,,2023-11-01
1638,ISB-ACC-0051,6402026016388,Isbre Glacier XT Trekking Poles 160 cm Sand,"Isbre Glacier XT: a trekking poles that balances weight, durability and price. 160 cm / Sand. Retail-ready packaging.",14,18,Trekking Poles,160 cm,Sand,pcs,6,6,0.243,true,,2022-06-27
1639,ISB-ACC-0052,6402026016395,Isbre Kaamos Eco Waterproofing Spray,The Kaamos Eco waterproofing spray by Isbre. Popular with rental outfitters and clubs.,14,18,Waterproofing Spray,,,pcs,6,6,0.034,true,,2021-05-25
1640,FJP-WTR-0001,6402026016401,Fjord Kaamos Eco Spray Skirt XXL Black,"Fjord Kaamos Eco Spray Skirt for water sports. XXL / Black. Built for Nordic conditions, season after season.",11,19,Spray Skirt,XXL,Black,pcs,1,1,2.808,false,2022-01-04,2020-10-30
1641,FJP-WTR-0002,6402026016418,Fjord Kaamos Eco Spray Skirt M Black,Reliable spray skirt from Fjord's Kaamos Eco range. M / Black. A wholesale staple for outdoor retailers.,11,19,Spray Skirt,M,Black,pcs,1,1,6.882,true,,2020-02-07
1642,FJP-WTR-0003,6402026016425,Fjord Summit II Buoyancy Aid L Ruby Red,"Fjord Summit II: a buoyancy aid that balances weight, durability and price. L / Ruby Red. Retail-ready packaging.",11,19,Buoyancy Aid,L,Ruby Red,pcs,6,6,4.052,true,,2025-02-02
1643,FJP-WTR-0004,6402026016432,Fjord Summit II Buoyancy Aid M Ruby Red,The Summit II buoyancy aid by Fjord. M / Ruby Red. Popular with rental outfitters and clubs.,11,19,Buoyancy Aid,M,Ruby Red,pcs,1,1,1.542,true,,2026-03-25
1644,FJP-WTR-0005,6402026016449,Fjord Summit II Buoyancy Aid XL Ruby Red,"Fjord Summit II Buoyancy Aid for water sports. XL / Ruby Red. Built for Nordic conditions, season after season.",11,19,Buoyancy Aid,XL,Ruby Red,pcs,1,1,6.637,true,,2020-09-12
1645,FJP-WTR-0006,6402026016456,Fjord Kaamos Plus Buoyancy Aid M Petrol,Reliable buoyancy aid from Fjord's Kaamos Plus range. M / Petrol. A wholesale staple for outdoor retailers.,11,19,Buoyancy Aid,M,Petrol,pcs,1,1,2.041,true,,2021-05-28
1646,FJP-WTR-0007,6402026016463,Fjord Kaamos Plus Buoyancy Aid XXL Petrol,"Fjord Kaamos Plus: a buoyancy aid that balances weight, durability and price. XXL / Petrol. Retail-ready packaging.",11,19,Buoyancy Aid,XXL,Petrol,pcs,1,1,4.716,true,,2024-12-27
1647,FJP-WTR-0008,6402026016470,Fjord Kaamos Plus Buoyancy Aid XL Petrol,The Kaamos Plus buoyancy aid by Fjord. XL / Petrol. Popular with rental outfitters and clubs.,11,19,Buoyancy Aid,XL,Petrol,pcs,1,1,0.311,true,,2022-07-08
1648,FJP-WTR-0009,6402026016487,Fjord Kaamos Plus Buoyancy Aid S Petrol,"Fjord Kaamos Plus Buoyancy Aid for water sports. S / Petrol. Built for Nordic conditions, season after season.",11,19,Buoyancy Aid,S,Petrol,pcs,1,1,2.388,true,,2025-03-14
1649,FJP-WTR-0010,6402026016494,Fjord Helags Lite Kayak Paddle 135 cm Ruby Red,Reliable kayak paddle from Fjord's Helags Lite range. 135 cm / Ruby Red. A wholesale staple for outdoor retailers.,11,19,Kayak Paddle,135 cm,Ruby Red,pcs,1,1,2.503,true,,2021-11-07
1650,FJP-WTR-0011,6402026016500,Fjord Boreal 2.0 Spray Skirt XXL Black,"Fjord Boreal 2.0: a spray skirt that balances weight, durability and price. XXL / Black. Retail-ready packaging.",11,19,Spray Skirt,XXL,Black,pcs,6,6,4.224,true,,2020-04-24
1651,FJP-WTR-0012,6402026016517,Fjord Vuori Touring Kayak Ochre,The Vuori touring kayak by Fjord. Ochre. Popular with rental outfitters and clubs.,11,19,Touring Kayak,Ochre,Ochre,pcs,6,6,16.479,false,2024-08-15,2022-09-18
1652,FJP-WTR-0013,6402026016524,Fjord Vuori Touring Kayak Arctic White,"Fjord Vuori Touring Kayak for water sports. Arctic White. Built for Nordic conditions, season after season.",11,19,Touring Kayak,Arctic White,Arctic White,pcs,12,12,11.431,true,,2021-01-24
1653,FJP-WTR-0014,6402026016531,Fjord Vuori Touring Kayak Black,Reliable touring kayak from Fjord's Vuori range. Black. A wholesale staple for outdoor retailers.,11,19,Touring Kayak,Black,Black,pcs,12,12,10.914,true,,2023-01-30
1654,FJP-WTR-0015,6402026016548,Fjord Vuori Touring Kayak Petrol,"Fjord Vuori: a touring kayak that balances weight, durability and price. Petrol. Retail-ready packaging.",11,19,Touring Kayak,Petrol,Petrol,pcs,1,1,23.041,true,,2021-05-25
1655,FJP-WTR-0016,6402026016555,Fjord Vuori Touring Kayak Ruby Red,The Vuori touring kayak by Fjord. Ruby Red. Popular with rental outfitters and clubs.,11,19,Touring Kayak,Ruby Red,Ruby Red,pcs,12,12,5.355,true,,2025-01-04
1656,FJP-WTR-0017,6402026016562,Fjord Padjelanta Lite Buoyancy Aid S Black,"Fjord Padjelanta Lite Buoyancy Aid for water sports. S / Black. Built for Nordic conditions, season after season.",11,19,Buoyancy Aid,S,Black,pcs,1,1,2.996,true,,2021-09-27
1657,FJP-WTR-0018,6402026016579,Fjord Padjelanta Lite Buoyancy Aid XS Black,Reliable buoyancy aid from Fjord's Padjelanta Lite range. XS / Black. A wholesale staple for outdoor retailers.,11,19,Buoyancy Aid,XS,Black,pcs,12,12,2.366,true,,2022-10-30
1658,FJP-WTR-0019,6402026016586,Fjord Padjelanta Lite Buoyancy Aid XL Black,"Fjord Padjelanta Lite: a buoyancy aid that balances weight, durability and price. XL / Black. Retail-ready packaging.",11,19,Buoyancy Aid,XL,Black,pcs,1,1,4.147,true,,2020-06-24
1659,FJP-WTR-0020,6402026016593,Fjord Tind II Dry Suit XXL Graphite,The Tind II dry suit by Fjord. XXL / Graphite. Popular with rental outfitters and clubs.,11,19,Dry Suit,XXL,Graphite,pcs,6,6,17.222,true,,2023-01-29
1660,FJP-WTR-0021,6402026016609,Fjord Alpine Plus SUP Board Ochre,"Fjord Alpine Plus SUP Board for water sports. Ochre. Built for Nordic conditions, season after season.",11,19,SUP Board,Ochre,Ochre,pcs,1,1,3.452,true,,2025-02-28
1661,FJP-WTR-0022,6402026016616,Fjord Alpine Plus SUP Board Sunset Yellow,Reliable sup board from Fjord's Alpine Plus range. Sunset Yellow. A wholesale staple for outdoor retailers.,11,19,SUP Board,Sunset Yellow,Sunset Yellow,pcs,6,6,6.911,true,,2025-10-27
1662,FJP-WTR-0023,6402026016623,Fjord Fjord WP Spray Skirt XXL Slate Grey,"Fjord Fjord WP: a spray skirt that balances weight, durability and price. XXL / Slate Grey. Retail-ready packaging.",11,19,Spray Skirt,XXL,Slate Grey,pcs,6,6,6.426,true,,2023-07-14
1663,FJP-WTR-0024,6402026016630,Fjord Fjord WP Spray Skirt M Slate Grey,The Fjord WP spray skirt by Fjord. M / Slate Grey. Popular with rental outfitters and clubs.,11,19,Spray Skirt,M,Slate Grey,pcs,1,1,1.783,true,,2024-11-13
1664,VEL-CYC-0001,6402026016647,Velo Rondane 2.0 Frame Bag 28L Forest,"Velo Rondane 2.0 Frame Bag for cycling & bikepacking. 28L / Forest. Built for Nordic conditions, season after season.",12,20,Frame Bag,28L,Forest,pcs,12,12,0.119,true,,2020-12-30
1665,VEL-CYC-0002,6402026016654,Velo Rondane 2.0 Frame Bag 8L Forest,Reliable frame bag from Velo's Rondane 2.0 range. 8L / Forest. A wholesale staple for outdoor retailers.,12,20,Frame Bag,8L,Forest,pcs,1,1,0.177,false,2025-10-19,2022-07-07
1666,VEL-CYC-0003,6402026016661,Velo Rondane 2.0 Frame Bag 22L Forest,"Velo Rondane 2.0: a frame bag that balances weight, durability and price. 22L / Forest. Retail-ready packaging.",12,20,Frame Bag,22L,Forest,pcs,12,12,0.306,true,,2023-06-09
1667,VEL-CYC-0004,6402026016678,Velo Rondane 2.0 Frame Bag 12L Forest,The Rondane 2.0 frame bag by Velo. 12L / Forest. Popular with rental outfitters and clubs.,12,20,Frame Bag,12L,Forest,pcs,12,12,0.852,false,2022-10-04,2021-08-29
1668,VEL-CYC-0005,6402026016685,Velo Rondane 2.0 Frame Bag 18L Forest,"Velo Rondane 2.0 Frame Bag for cycling & bikepacking. 18L / Forest. Built for Nordic conditions, season after season.",12,20,Frame Bag,18L,Forest,pcs,1,1,0.858,true,,2024-02-03
1669,VEL-CYC-0006,6402026016692,Velo Storm Plus Pannier Pair 22L Sunset Yellow,Reliable pannier pair from Velo's Storm Plus range. 22L / Sunset Yellow. A wholesale staple for outdoor retailers.,12,20,Pannier Pair,22L,Sunset Yellow,pcs,1,1,0.866,true,,2020-05-19
1670,VEL-CYC-0007,6402026016708,Velo Padjelanta Frame Bag 28L Midnight Blue,"Velo Padjelanta: a frame bag that balances weight, durability and price. 28L / Midnight Blue. Retail-ready packaging.",12,20,Frame Bag,28L,Midnight Blue,pcs,1,1,0.810,true,,2021-12-20
1671,VEL-CYC-0008,6402026016715,Velo Padjelanta Frame Bag 12L Midnight Blue,The Padjelanta frame bag by Velo. 12L / Midnight Blue. Popular with rental outfitters and clubs.,12,20,Frame Bag,12L,Midnight Blue,pcs,1,1,0.573,true,,2019-03-01
1672,VEL-CYC-0009,6402026016722,Velo Padjelanta Frame Bag 8L Midnight Blue,"Velo Padjelanta Frame Bag for cycling & bikepacking. 8L / Midnight Blue. Built for Nordic conditions, season after season.",12,20,Frame Bag,8L,Midnight Blue,pcs,6,6,0.088,true,,2019-08-01
1673,VEL-CYC-0010,6402026016739,Velo Senja Plus Bike Helmet L Ruby Red,Reliable bike helmet from Velo's Senja Plus range. L / Ruby Red. A wholesale staple for outdoor retailers.,12,20,Bike Helmet,L,Ruby Red,pcs,1,1,0.267,true,,2023-11-12
1674,VEL-CYC-0011,6402026016746,Velo Senja Plus Bike Helmet M Ruby Red,"Velo Senja Plus: a bike helmet that balances weight, durability and price. M / Ruby Red. Retail-ready packaging.",12,20,Bike Helmet,M,Ruby Red,pcs,1,1,0.308,false,2025-10-02,2024-08-26
1675,VEL-CYC-0012,6402026016753,Velo Senja Plus Bike Helmet XXL Ruby Red,The Senja Plus bike helmet by Velo. XXL / Ruby Red. Popular with rental outfitters and clubs.,12,20,Bike Helmet,XXL,Ruby Red,pcs,6,6,0.292,true,,2025-09-16
1676,VEL-CYC-0013,6402026016760,Velo Inari Handlebar Roll Midnight Blue,"Velo Inari Handlebar Roll for cycling & bikepacking. Midnight Blue. Built for Nordic conditions, season after season.",12,20,Handlebar Roll,Midnight Blue,Midnight Blue,pcs,1,1,0.631,true,,2024-01-01
1677,VEL-CYC-0014,6402026016777,Velo Inari Handlebar Roll Arctic White,Reliable handlebar roll from Velo's Inari range. Arctic White. A wholesale staple for outdoor retailers.,12,20,Handlebar Roll,Arctic White,Arctic White,pcs,12,12,0.739,true,,2025-11-09
1678,VEL-CYC-0015,6402026016784,Velo Inari Handlebar Roll Black,"Velo Inari: a handlebar roll that balances weight, durability and price. Black. Retail-ready packaging.",12,20,Handlebar Roll,Black,Black,pcs,1,1,0.547,true,,2023-04-29
1679,VEL-CYC-0016,6402026016791,Velo Inari Handlebar Roll Sand,The Inari handlebar roll by Velo. Sand. Popular with rental outfitters and clubs.,12,20,Handlebar Roll,Sand,Sand,pcs,1,1,0.466,true,,2022-03-30
1680,VEL-CYC-0017,6402026016807,Velo Senja Pro Pannier Pair 8L Slate Grey,"Velo Senja Pro Pannier Pair for cycling & bikepacking. 8L / Slate Grey. Built for Nordic conditions, season after season.",12,20,Pannier Pair,8L,Slate Grey,pcs,12,12,1.090,true,,2019-12-12
1681,VEL-CYC-0018,6402026016814,Velo Senja Pro Pannier Pair 22L Slate Grey,Reliable pannier pair from Velo's Senja Pro range. 22L / Slate Grey. A wholesale staple for outdoor retailers.,12,20,Pannier Pair,22L,Slate Grey,pcs,12,12,0.246,false,2026-08-08,2024-02-22
1682,VEL-CYC-0019,6402026016821,Velo Abisko Eco Pannier Pair 28L Lichen,"Velo Abisko Eco: a pannier pair that balances weight, durability and price. 28L / Lichen. Retail-ready packaging.",12,20,Pannier Pair,28L,Lichen,pcs,1,1,0.620,true,,2025-09-19
1683,VEL-CYC-0020,6402026016838,Velo Abisko Eco Pannier Pair 18L Lichen,The Abisko Eco pannier pair by Velo. 18L / Lichen. Popular with rental outfitters and clubs.,12,20,Pannier Pair,18L,Lichen,pcs,6,6,0.566,true,,2019-10-18
1684,VEL-CYC-0021,6402026016845,Velo Abisko Eco Pannier Pair 8L Lichen,"Velo Abisko Eco Pannier Pair for cycling & bikepacking. 8L / Lichen. Built for Nordic conditions, season after season.",12,20,Pannier Pair,8L,Lichen,pcs,1,1,0.763,true,,2019-12-23
1685,VEL-CYC-0022,6402026016852,Velo Abisko Eco Pannier Pair 22L Lichen,Reliable pannier pair from Velo's Abisko Eco range. 22L / Lichen. A wholesale staple for outdoor retailers.,12,20,Pannier Pair,22L,Lichen,pcs,6,6,1.183,true,,2025-12-09
1686,VEL-CYC-0023,6402026016869,Velo Abisko Eco Pannier Pair 12L Lichen,"Velo Abisko Eco: a pannier pair that balances weight, durability and price. 12L / Lichen. Retail-ready packaging.",12,20,Pannier Pair,12L,Lichen,pcs,1,1,0.676,true,,2025-10-03
1687,VEL-CYC-0024,6402026016876,Velo Inari WP Pannier Pair 18L Black,The Inari WP pannier pair by Velo. 18L / Black. Popular with rental outfitters and clubs.,12,20,Pannier Pair,18L,Black,pcs,1,1,1.203,false,2025-03-05,2022-09-24
1688,VEL-CYC-0025,6402026016883,Velo Inari WP Pannier Pair 12L Black,"Velo Inari WP Pannier Pair for cycling & bikepacking. 12L / Black. Built for Nordic conditions, season after season.",12,20,Pannier Pair,12L,Black,pcs,1,1,1.092,true,,2026-04-08
1689,VEL-CYC-0026,6402026016890,Velo Inari WP Pannier Pair 22L Black,Reliable pannier pair from Velo's Inari WP range. 22L / Black. A wholesale staple for outdoor retailers.,12,20,Pannier Pair,22L,Black,pcs,1,1,0.598,true,,2024-12-31
1690,VEL-CYC-0027,6402026016906,Velo Inari WP Pannier Pair 8L Black,"Velo Inari WP: a pannier pair that balances weight, durability and price. 8L / Black. Retail-ready packaging.",12,20,Pannier Pair,8L,Black,pcs,1,1,0.753,true,,2020-05-02
1691,VEL-CYC-0028,6402026016913,Velo Inari WP Pannier Pair 28L Black,The Inari WP pannier pair by Velo. 28L / Black. Popular with rental outfitters and clubs.,12,20,Pannier Pair,28L,Black,pcs,12,12,1.130,true,,2023-11-18
1692,STG-RUN-0001,6402026016920,Stig Kebnekaise Running Socks M Petrol,"Stig Kebnekaise Running Socks for trail running. M / Petrol. Built for Nordic conditions, season after season.",13,21,Running Socks,M,Petrol,pcs,12,12,0.090,true,,2024-10-13
1693,STG-RUN-0002,6402026016937,Stig Kebnekaise Running Socks XS Petrol,Reliable running socks from Stig's Kebnekaise range. XS / Petrol. A wholesale staple for outdoor retailers.,13,21,Running Socks,XS,Petrol,pcs,1,1,0.141,true,,2023-12-15
1694,STG-RUN-0003,6402026016944,Stig Kebnekaise Running Socks S Petrol,"Stig Kebnekaise: a running socks that balances weight, durability and price. S / Petrol. Retail-ready packaging.",13,21,Running Socks,S,Petrol,pcs,1,1,0.095,true,,2021-05-06
1695,STG-RUN-0004,6402026016951,Stig Kebnekaise Running Socks L Petrol,The Kebnekaise running socks by Stig. L / Petrol. Popular with rental outfitters and clubs.,13,21,Running Socks,L,Petrol,pcs,1,1,0.039,true,,2024-03-13
1696,STG-RUN-0005,6402026016968,Stig Elv Soft Flask,"Stig Elv Soft Flask for trail running. Built for Nordic conditions, season after season.",13,21,Soft Flask,,,pcs,12,12,0.049,true,,2019-03-17
1697,STG-RUN-0006,6402026016975,Stig Åreskutan II Trail Gaiters M Sunset Yellow,Reliable trail gaiters from Stig's Åreskutan II range. M / Sunset Yellow. A wholesale staple for outdoor retailers.,13,21,Trail Gaiters,M,Sunset Yellow,pcs,1,1,0.065,true,,2025-05-12
1698,STG-RUN-0007,6402026016982,Stig Åreskutan II Trail Gaiters S Sunset Yellow,"Stig Åreskutan II: a trail gaiters that balances weight, durability and price. S / Sunset Yellow. Retail-ready packaging.",13,21,Trail Gaiters,S,Sunset Yellow,pcs,12,12,0.074,true,,2025-10-05
1699,STG-RUN-0008,6402026016999,Stig Åreskutan II Trail Gaiters L Sunset Yellow,The Åreskutan II trail gaiters by Stig. L / Sunset Yellow. Popular with rental outfitters and clubs.,13,21,Trail Gaiters,L,Sunset Yellow,pcs,1,1,0.082,true,,2023-09-29
1700,STG-RUN-0009,6402026017002,Stig Åreskutan II Trail Gaiters XXL Sunset Yellow,"Stig Åreskutan II Trail Gaiters for trail running. XXL / Sunset Yellow. Built for Nordic conditions, season after season.",13,21,Trail Gaiters,XXL,Sunset Yellow,pcs,1,1,0.117,true,,2020-03-02
1701,STG-RUN-0010,6402026017019,Stig Åreskutan II Trail Gaiters XS Sunset Yellow,Reliable trail gaiters from Stig's Åreskutan II range. XS / Sunset Yellow. A wholesale staple for outdoor retailers.,13,21,Trail Gaiters,XS,Sunset Yellow,pcs,6,6,0.062,true,,2019-09-05
1702,STG-RUN-0011,6402026017026,Stig Sarek XT Trail Cap Midnight Blue,"Stig Sarek XT: a trail cap that balances weight, durability and price. Midnight Blue. Retail-ready packaging.",13,21,Trail Cap,Midnight Blue,Midnight Blue,pcs,12,12,0.048,true,,2022-02-04
1703,STG-RUN-0012,6402026017033,Stig Sarek XT Trail Cap Ruby Red,The Sarek XT trail cap by Stig. Ruby Red. Popular with rental outfitters and clubs.,13,21,Trail Cap,Ruby Red,Ruby Red,pcs,1,1,0.116,true,,2024-02-26
1704,STG-RUN-0013,6402026017040,Stig Sarek XT Trail Cap Burnt Orange,"Stig Sarek XT Trail Cap for trail running. Burnt Orange. Built for Nordic conditions, season after season.",13,21,Trail Cap,Burnt Orange,Burnt Orange,pcs,1,1,0.016,true,,2022-09-29
1705,STG-RUN-0014,6402026017057,Stig Sarek XT Trail Cap Sunset Yellow,Reliable trail cap from Stig's Sarek XT range. Sunset Yellow. A wholesale staple for outdoor retailers.,13,21,Trail Cap,Sunset Yellow,Sunset Yellow,pcs,1,1,0.058,true,,2019-02-05
1706,STG-RUN-0015,6402026017064,Stig Lyngen 2.0 Soft Flask,"Stig Lyngen 2.0: a soft flask that balances weight, durability and price. Retail-ready packaging.",13,21,Soft Flask,,,pcs,6,6,0.082,true,,2025-05-02
1707,STG-RUN-0016,6402026017071,Stig Ruska II Trail Cap Sand,The Ruska II trail cap by Stig. Sand. Popular with rental outfitters and clubs.,13,21,Trail Cap,Sand,Sand,pcs,12,12,0.034,true,,2019-11-23
1708,STG-RUN-0017,6402026017088,Stig Ruska II Trail Cap Midnight Blue,"Stig Ruska II Trail Cap for trail running. Midnight Blue. Built for Nordic conditions, season after season.",13,21,Trail Cap,Midnight Blue,Midnight Blue,pcs,1,1,0.096,true,,2019-01-05
1709,STG-RUN-0018,6402026017095,Stig Ruska II Trail Cap Moss Green,Reliable trail cap from Stig's Ruska II range. Moss Green. A wholesale staple for outdoor retailers.,13,21,Trail Cap,Moss Green,Moss Green,pcs,1,1,0.112,true,,2022-12-03
1710,STG-RUN-0019,6402026017101,Stig Arctic XT Trail Cap Ochre,"Stig Arctic XT: a trail cap that balances weight, durability and price. Ochre. Retail-ready packaging.",13,21,Trail Cap,Ochre,Ochre,pcs,1,1,0.080,true,,2022-05-26
1711,STG-RUN-0020,6402026017118,Stig Arctic XT Trail Cap Arctic White,The Arctic XT trail cap by Stig. Arctic White. Popular with rental outfitters and clubs.,13,21,Trail Cap,Arctic White,Arctic White,pcs,1,1,0.110,true,,2022-06-09
1712,STG-RUN-0021,6402026017125,Stig Arctic XT Trail Cap Forest,"Stig Arctic XT Trail Cap for trail running. Forest. Built for Nordic conditions, season after season.",13,21,Trail Cap,Forest,Forest,pcs,12,12,0.067,true,,2022-03-01
1713,STG-RUN-0022,6402026017132,Stig Vuori Running Vest 18L Arctic White,Reliable running vest from Stig's Vuori range. 18L / Arctic White. A wholesale staple for outdoor retailers.,13,21,Running Vest,18L,Arctic White,pcs,1,1,0.235,true,,2022-10-16
1714,STG-RUN-0023,6402026017149,Stig Vuori Running Vest 22L Arctic White,"Stig Vuori: a running vest that balances weight, durability and price. 22L / Arctic White. Retail-ready packaging.",13,21,Running Vest,22L,Arctic White,pcs,1,1,0.236,true,,2025-10-17
1715,STG-RUN-0024,6402026017156,Stig Vuori Running Vest 12L Arctic White,The Vuori running vest by Stig. 12L / Arctic White. Popular with rental outfitters and clubs.,13,21,Running Vest,12L,Arctic White,pcs,1,1,0.219,true,,2021-09-25
1716,STG-RUN-0025,6402026017163,Stig Vuori Running Vest 8L Arctic White,"Stig Vuori Running Vest for trail running. 8L / Arctic White. Built for Nordic conditions, season after season.",13,21,Running Vest,8L,Arctic White,pcs,1,1,0.082,true,,2025-06-24
1717,STG-RUN-0026,6402026017170,Stig Pallas 2.0 Trail Cap Forest,Reliable trail cap from Stig's Pallas 2.0 range. Forest. A wholesale staple for outdoor retailers.,13,21,Trail Cap,Forest,Forest,pcs,6,6,0.114,true,,2025-01-08
1718,STG-RUN-0027,6402026017187,Stig Pallas 2.0 Trail Cap Sunset Yellow,"Stig Pallas 2.0: a trail cap that balances weight, durability and price. Sunset Yellow. Retail-ready packaging.",13,21,Trail Cap,Sunset Yellow,Sunset Yellow,pcs,1,1,0.077,true,,2021-12-07
1719,STG-RUN-0028,6402026017194,Stig Pallas 2.0 Trail Cap Sand,The Pallas 2.0 trail cap by Stig. Sand. Popular with rental outfitters and clubs.,13,21,Trail Cap,Sand,Sand,pcs,12,12,0.022,true,,2026-02-23
1720,STG-RUN-0029,6402026017200,Stig Pallas 2.0 Trail Cap Graphite,"Stig Pallas 2.0 Trail Cap for trail running. Graphite. Built for Nordic conditions, season after season.",13,21,Trail Cap,Graphite,Graphite,pcs,1,1,0.113,true,,2021-08-18
1721,STG-RUN-0030,6402026017217,Stig Pallas 2.0 Trail Cap Burnt Orange,Reliable trail cap from Stig's Pallas 2.0 range. Burnt Orange. A wholesale staple for outdoor retailers.,13,21,Trail Cap,Burnt Orange,Burnt Orange,pcs,1,1,0.078,true,,2022-02-27
1722,STG-RUN-0031,6402026017224,Stig Rondane Lite Trail Gaiters XXL Ruby Red,"Stig Rondane Lite: a trail gaiters that balances weight, durability and price. XXL / Ruby Red. Retail-ready packaging.",13,21,Trail Gaiters,XXL,Ruby Red,pcs,1,1,0.056,true,,2023-09-11
1723,STG-RUN-0032,6402026017231,Stig Rondane Lite Trail Gaiters S Ruby Red,The Rondane Lite trail gaiters by Stig. S / Ruby Red. Popular with rental outfitters and clubs.,13,21,Trail Gaiters,S,Ruby Red,pcs,12,12,0.119,true,,2023-07-03
1724,STG-RUN-0033,6402026017248,Stig Rondane Lite Trail Gaiters XL Ruby Red,"Stig Rondane Lite Trail Gaiters for trail running. XL / Ruby Red. Built for Nordic conditions, season after season.",13,21,Trail Gaiters,XL,Ruby Red,pcs,6,6,0.135,true,,2023-11-12
1725,STG-FTW-0001,6402026017255,Stig Nuten 2.0 Approach Shoe EU 40 Forest,Reliable approach shoe from Stig's Nuten 2.0 range. EU 40 / Forest. A wholesale staple for outdoor retailers.,4,21,Approach Shoe,EU 40,Forest,pair,1,1,0.487,true,,2022-09-24
1726,STG-FTW-0002,6402026017262,Stig Nuten 2.0 Approach Shoe EU 43 Forest,"Stig Nuten 2.0: a approach shoe that balances weight, durability and price. EU 43 / Forest. Retail-ready packaging.",4,21,Approach Shoe,EU 43,Forest,pair,1,1,0.592,true,,2025-09-12
1727,STG-FTW-0003,6402026017279,Stig Nuten 2.0 Approach Shoe EU 46 Forest,The Nuten 2.0 approach shoe by Stig. EU 46 / Forest. Popular with rental outfitters and clubs.,4,21,Approach Shoe,EU 46,Forest,pair,1,1,0.910,true,,2021-05-18
1728,STG-FTW-0004,6402026017286,Stig Nuten 2.0 Approach Shoe EU 38 Forest,"Stig Nuten 2.0 Approach Shoe for footwear. EU 38 / Forest. Built for Nordic conditions, season after season.",4,21,Approach Shoe,EU 38,Forest,pair,6,6,0.434,true,,2026-01-18
1729,STG-FTW-0005,6402026017293,Stig Nuten 2.0 Approach Shoe EU 45 Forest,Reliable approach shoe from Stig's Nuten 2.0 range. EU 45 / Forest. A wholesale staple for outdoor retailers.,4,21,Approach Shoe,EU 45,Forest,pair,6,6,1.061,true,,2020-07-25
1730,STG-FTW-0006,6402026017309,Stig Snøhetta Lite Trail Shoe EU 41 Deep Teal,"Stig Snøhetta Lite: a trail shoe that balances weight, durability and price. EU 41 / Deep Teal. Retail-ready packaging.",4,21,Trail Shoe,EU 41,Deep Teal,pair,1,1,0.961,true,,2019-11-20
1731,STG-FTW-0007,6402026017316,Stig Snøhetta Lite Trail Shoe EU 43 Deep Teal,The Snøhetta Lite trail shoe by Stig. EU 43 / Deep Teal. Popular with rental outfitters and clubs.,4,21,Trail Shoe,EU 43,Deep Teal,pair,6,6,0.435,true,,2021-04-23
1732,STG-FTW-0008,6402026017323,Stig Pallas 2.0 Winter Boot EU 37 Petrol,"Stig Pallas 2.0 Winter Boot for footwear. EU 37 / Petrol. Built for Nordic conditions, season after season.",4,21,Winter Boot,EU 37,Petrol,pair,1,1,0.860,true,,2023-05-18
1733,STG-FTW-0009,6402026017330,Stig Pallas 2.0 Winter Boot EU 46 Petrol,Reliable winter boot from Stig's Pallas 2.0 range. EU 46 / Petrol. A wholesale staple for outdoor retailers.,4,21,Winter Boot,EU 46,Petrol,pair,1,1,1.712,true,,2020-06-13
1734,STG-FTW-0010,6402026017347,Stig Pallas 2.0 Winter Boot EU 39 Petrol,"Stig Pallas 2.0: a winter boot that balances weight, durability and price. EU 39 / Petrol. Retail-ready packaging.",4,21,Winter Boot,EU 39,Petrol,pair,1,1,0.734,true,,2025-07-06
1735,STG-FTW-0011,6402026017354,Stig Storm 2.0 Winter Boot EU 40 Petrol,The Storm 2.0 winter boot by Stig. EU 40 / Petrol. Popular with rental outfitters and clubs.,4,21,Winter Boot,EU 40,Petrol,pair,1,1,0.965,true,,2026-04-03
1736,STG-FTW-0012,6402026017361,Stig Storm 2.0 Winter Boot EU 45 Petrol,"Stig Storm 2.0 Winter Boot for footwear. EU 45 / Petrol. Built for Nordic conditions, season after season.",4,21,Winter Boot,EU 45,Petrol,pair,6,6,0.550,true,,2026-05-09
1737,STG-FTW-0013,6402026017378,Stig Storm 2.0 Winter Boot EU 39 Petrol,Reliable winter boot from Stig's Storm 2.0 range. EU 39 / Petrol. A wholesale staple for outdoor retailers.,4,21,Winter Boot,EU 39,Petrol,pair,6,6,1.484,true,,2025-02-23
1738,STG-FTW-0014,6402026017385,Stig Storm 2.0 Winter Boot EU 43 Petrol,"Stig Storm 2.0: a winter boot that balances weight, durability and price. EU 43 / Petrol. Retail-ready packaging.",4,21,Winter Boot,EU 43,Petrol,pair,6,6,1.521,true,,2024-02-24
1739,STG-FTW-0015,6402026017392,Stig Storm 2.0 Winter Boot EU 37 Petrol,The Storm 2.0 winter boot by Stig. EU 37 / Petrol. Popular with rental outfitters and clubs.,4,21,Winter Boot,EU 37,Petrol,pair,6,6,0.958,true,,2023-08-14
1740,STG-FTW-0016,6402026017408,Stig Tuuli WP Approach Shoe EU 45 Graphite,"Stig Tuuli WP Approach Shoe for footwear. EU 45 / Graphite. Built for Nordic conditions, season after season.",4,21,Approach Shoe,EU 45,Graphite,pair,6,6,0.702,true,,2025-05-08
1741,STG-FTW-0017,6402026017415,Stig Tuuli WP Approach Shoe EU 38 Graphite,Reliable approach shoe from Stig's Tuuli WP range. EU 38 / Graphite. A wholesale staple for outdoor retailers.,4,21,Approach Shoe,EU 38,Graphite,pair,1,1,0.936,true,,2023-05-19
1742,STG-FTW-0018,6402026017422,Stig Tuuli WP Approach Shoe EU 41 Graphite,"Stig Tuuli WP: a approach shoe that balances weight, durability and price. EU 41 / Graphite. Retail-ready packaging.",4,21,Approach Shoe,EU 41,Graphite,pair,6,6,0.998,true,,2023-10-14
1743,STG-FTW-0019,6402026017439,Stig Vinter Trail Shoe EU 42 Burnt Orange,The Vinter trail shoe by Stig. EU 42 / Burnt Orange. Popular with rental outfitters and clubs.,4,21,Trail Shoe,EU 42,Burnt Orange,pair,6,6,1.057,true,,2020-03-01
1744,STG-FTW-0020,6402026017446,Stig Vinter Trail Shoe EU 43 Burnt Orange,"Stig Vinter Trail Shoe for footwear. EU 43 / Burnt Orange. Built for Nordic conditions, season after season.",4,21,Trail Shoe,EU 43,Burnt Orange,pair,6,6,0.750,true,,2024-05-30
1745,STG-FTW-0021,6402026017453,Stig Vinter Trail Shoe EU 47 Burnt Orange,Reliable trail shoe from Stig's Vinter range. EU 47 / Burnt Orange. A wholesale staple for outdoor retailers.,4,21,Trail Shoe,EU 47,Burnt Orange,pair,6,6,0.772,true,,2025-09-08
1746,STG-FTW-0022,6402026017460,Stig Sarek Eco Approach Shoe EU 42 Ruby Red,"Stig Sarek Eco: a approach shoe that balances weight, durability and price. EU 42 / Ruby Red. Retail-ready packaging.",4,21,Approach Shoe,EU 42,Ruby Red,pair,1,1,0.402,true,,2019-12-06
1747,STG-FTW-0023,6402026017477,Stig Sarek Eco Approach Shoe EU 45 Ruby Red,The Sarek Eco approach shoe by Stig. EU 45 / Ruby Red. Popular with rental outfitters and clubs.,4,21,Approach Shoe,EU 45,Ruby Red,pair,6,6,1.171,true,,2024-03-12
1748,STG-FTW-0024,6402026017484,Stig Sarek Eco Approach Shoe EU 39 Ruby Red,"Stig Sarek Eco Approach Shoe for footwear. EU 39 / Ruby Red. Built for Nordic conditions, season after season.",4,21,Approach Shoe,EU 39,Ruby Red,pair,1,1,0.990,true,,2026-01-06
1749,STG-FTW-0025,6402026017491,Stig Kaldo 2.0 Approach Shoe EU 44 Sand,Reliable approach shoe from Stig's Kaldo 2.0 range. EU 44 / Sand. A wholesale staple for outdoor retailers.,4,21,Approach Shoe,EU 44,Sand,pair,6,6,0.920,true,,2019-01-14
1750,STG-FTW-0026,6402026017507,Stig Kaldo 2.0 Approach Shoe EU 47 Sand,"Stig Kaldo 2.0: a approach shoe that balances weight, durability and price. EU 47 / Sand. Retail-ready packaging.",4,21,Approach Shoe,EU 47,Sand,pair,6,6,0.555,true,,2024-07-14
1751,STG-FTW-0027,6402026017514,Stig Kaldo 2.0 Approach Shoe EU 37 Sand,The Kaldo 2.0 approach shoe by Stig. EU 37 / Sand. Popular with rental outfitters and clubs.,4,21,Approach Shoe,EU 37,Sand,pair,1,1,1.030,true,,2020-08-31
1752,STG-FTW-0028,6402026017521,Stig Kaldo 2.0 Approach Shoe EU 38 Sand,"Stig Kaldo 2.0 Approach Shoe for footwear. EU 38 / Sand. Built for Nordic conditions, season after season.",4,21,Approach Shoe,EU 38,Sand,pair,1,1,1.188,true,,2020-06-27
1753,STG-FTW-0029,6402026017538,Stig Kaldo 2.0 Approach Shoe EU 42 Sand,Reliable approach shoe from Stig's Kaldo 2.0 range. EU 42 / Sand. A wholesale staple for outdoor retailers.,4,21,Approach Shoe,EU 42,Sand,pair,1,1,0.751,true,,2026-02-19
1754,STG-FTW-0030,6402026017545,Stig Myrsky Winter Boot EU 47 Graphite,"Stig Myrsky: a winter boot that balances weight, durability and price. EU 47 / Graphite. Retail-ready packaging.",4,21,Winter Boot,EU 47,Graphite,pair,6,6,0.660,true,,2024-04-14
1755,STG-FTW-0031,6402026017552,Stig Myrsky Winter Boot EU 40 Graphite,The Myrsky winter boot by Stig. EU 40 / Graphite. Popular with rental outfitters and clubs.,4,21,Winter Boot,EU 40,Graphite,pair,1,1,1.529,true,,2024-08-27
1756,STG-FTW-0032,6402026017569,Stig Kilpis II Approach Shoe EU 45 Arctic White,"Stig Kilpis II Approach Shoe for footwear. EU 45 / Arctic White. Built for Nordic conditions, season after season.",4,21,Approach Shoe,EU 45,Arctic White,pair,6,6,0.688,true,,2022-08-29
1757,STG-FTW-0033,6402026017576,Stig Kilpis II Approach Shoe EU 42 Arctic White,Reliable approach shoe from Stig's Kilpis II range. EU 42 / Arctic White. A wholesale staple for outdoor retailers.,4,21,Approach Shoe,EU 42,Arctic White,pair,6,6,0.602,true,,2025-11-04
1758,STG-FTW-0034,6402026017583,Stig Kilpis II Approach Shoe EU 41 Arctic White,"Stig Kilpis II: a approach shoe that balances weight, durability and price. EU 41 / Arctic White. Retail-ready packaging.",4,21,Approach Shoe,EU 41,Arctic White,pair,1,1,0.687,true,,2025-07-11
1759,STG-FTW-0035,6402026017590,Stig Ridge II Winter Boot EU 45 Graphite,The Ridge II winter boot by Stig. EU 45 / Graphite. Popular with rental outfitters and clubs.,4,21,Winter Boot,EU 45,Graphite,pair,1,1,1.049,true,,2024-04-13
1760,STG-FTW-0036,6402026017606,Stig Ridge II Winter Boot EU 46 Graphite,"Stig Ridge II Winter Boot for footwear. EU 46 / Graphite. Built for Nordic conditions, season after season.",4,21,Winter Boot,EU 46,Graphite,pair,1,1,1.116,true,,2026-04-29
1761,STG-FTW-0037,6402026017613,Stig Ridge II Winter Boot EU 42 Graphite,Reliable winter boot from Stig's Ridge II range. EU 42 / Graphite. A wholesale staple for outdoor retailers.,4,21,Winter Boot,EU 42,Graphite,pair,6,6,1.566,true,,2025-03-12
1762,STG-FTW-0038,6402026017620,Stig Nordkapp Eco Approach Shoe EU 38 Ochre,"Stig Nordkapp Eco: a approach shoe that balances weight, durability and price. EU 38 / Ochre. Retail-ready packaging.",4,21,Approach Shoe,EU 38,Ochre,pair,1,1,0.886,true,,2025-01-14
1763,STG-FTW-0039,6402026017637,Stig Nordkapp Eco Approach Shoe EU 41 Ochre,The Nordkapp Eco approach shoe by Stig. EU 41 / Ochre. Popular with rental outfitters and clubs.,4,21,Approach Shoe,EU 41,Ochre,pair,6,6,0.906,true,,2024-07-21
1764,STG-FTW-0040,6402026017644,Stig Nordkapp Eco Approach Shoe EU 42 Ochre,"Stig Nordkapp Eco Approach Shoe for footwear. EU 42 / Ochre. Built for Nordic conditions, season after season.",4,21,Approach Shoe,EU 42,Ochre,pair,1,1,0.956,true,,2019-09-19
1765,STG-FTW-0041,6402026017651,Stig Nordkapp Eco Approach Shoe EU 46 Ochre,Reliable approach shoe from Stig's Nordkapp Eco range. EU 46 / Ochre. A wholesale staple for outdoor retailers.,4,21,Approach Shoe,EU 46,Ochre,pair,1,1,0.782,true,,2019-05-08
1766,STG-FTW-0042,6402026017668,Stig Nordkapp Eco Approach Shoe EU 37 Ochre,"Stig Nordkapp Eco: a approach shoe that balances weight, durability and price. EU 37 / Ochre. Retail-ready packaging.",4,21,Approach Shoe,EU 37,Ochre,pair,6,6,0.792,true,,2021-01-11
1767,STG-FTW-0043,6402026017675,Stig Fjord Lite Hiking Boot EU 47 Lichen,The Fjord Lite hiking boot by Stig. EU 47 / Lichen. Popular with rental outfitters and clubs.,4,21,Hiking Boot,EU 47,Lichen,pair,1,1,0.695,true,,2022-03-27
1768,STG-FTW-0044,6402026017682,Stig Fjord Lite Hiking Boot EU 43 Lichen,"Stig Fjord Lite Hiking Boot for footwear. EU 43 / Lichen. Built for Nordic conditions, season after season.",4,21,Hiking Boot,EU 43,Lichen,pair,6,6,1.416,true,,2026-03-21
1769,STG-FTW-0045,6402026017699,Stig Fjord Lite Hiking Boot EU 44 Lichen,Reliable hiking boot from Stig's Fjord Lite range. EU 44 / Lichen. A wholesale staple for outdoor retailers.,4,21,Hiking Boot,EU 44,Lichen,pair,6,6,0.799,true,,2019-10-14
1770,STG-FTW-0046,6402026017705,Stig Elv WP Hiking Boot EU 39 Deep Teal,"Stig Elv WP: a hiking boot that balances weight, durability and price. EU 39 / Deep Teal. Retail-ready packaging.",4,21,Hiking Boot,EU 39,Deep Teal,pair,1,1,1.287,true,,2025-03-26
1771,STG-FTW-0047,6402026017712,Stig Kallio II Hiking Boot EU 41 Ruby Red,The Kallio II hiking boot by Stig. EU 41 / Ruby Red. Popular with rental outfitters and clubs.,4,21,Hiking Boot,EU 41,Ruby Red,pair,1,1,1.284,true,,2019-05-19
1772,STG-FTW-0048,6402026017729,Stig Kallio II Hiking Boot EU 47 Ruby Red,"Stig Kallio II Hiking Boot for footwear. EU 47 / Ruby Red. Built for Nordic conditions, season after season.",4,21,Hiking Boot,EU 47,Ruby Red,pair,6,6,1.311,true,,2021-08-17
1773,STG-FTW-0049,6402026017736,Stig Kallio II Hiking Boot EU 42 Ruby Red,Reliable hiking boot from Stig's Kallio II range. EU 42 / Ruby Red. A wholesale staple for outdoor retailers.,4,21,Hiking Boot,EU 42,Ruby Red,pair,6,6,1.362,true,,2025-06-29
1774,STG-FTW-0050,6402026017743,Stig Kallio II Hiking Boot EU 38 Ruby Red,"Stig Kallio II: a hiking boot that balances weight, durability and price. EU 38 / Ruby Red. Retail-ready packaging.",4,21,Hiking Boot,EU 38,Ruby Red,pair,6,6,0.931,true,,2019-08-18
1775,STG-FTW-0051,6402026017750,Stig Padjelanta Pro Winter Boot EU 42 Ochre,The Padjelanta Pro winter boot by Stig. EU 42 / Ochre. Popular with rental outfitters and clubs.,4,21,Winter Boot,EU 42,Ochre,pair,1,1,0.676,true,,2023-05-22
1776,STG-FTW-0052,6402026017767,Stig Padjelanta Pro Winter Boot EU 44 Ochre,"Stig Padjelanta Pro Winter Boot for footwear. EU 44 / Ochre. Built for Nordic conditions, season after season.",4,21,Winter Boot,EU 44,Ochre,pair,1,1,0.600,true,,2024-06-07
1777,STG-FTW-0053,6402026017774,Stig Padjelanta Pro Winter Boot EU 37 Ochre,Reliable winter boot from Stig's Padjelanta Pro range. EU 37 / Ochre. A wholesale staple for outdoor retailers.,4,21,Winter Boot,EU 37,Ochre,pair,1,1,1.656,true,,2022-08-09
1778,STG-FTW-0054,6402026017781,Stig Padjelanta Pro Winter Boot EU 38 Ochre,"Stig Padjelanta Pro: a winter boot that balances weight, durability and price. EU 38 / Ochre. Retail-ready packaging.",4,21,Winter Boot,EU 38,Ochre,pair,6,6,1.589,true,,2021-05-06
1779,STG-FTW-0055,6402026017798,Stig Nordkapp Winter Boot EU 46 Burnt Orange,The Nordkapp winter boot by Stig. EU 46 / Burnt Orange. Popular with rental outfitters and clubs.,4,21,Winter Boot,EU 46,Burnt Orange,pair,1,1,1.230,true,,2025-07-25
1780,STG-FTW-0056,6402026017804,Stig Nordkapp Winter Boot EU 38 Burnt Orange,"Stig Nordkapp Winter Boot for footwear. EU 38 / Burnt Orange. Built for Nordic conditions, season after season.",4,21,Winter Boot,EU 38,Burnt Orange,pair,6,6,1.102,true,,2025-12-04
1781,STG-FTW-0057,6402026017811,Stig Sarek II Approach Shoe EU 43 Forest,Reliable approach shoe from Stig's Sarek II range. EU 43 / Forest. A wholesale staple for outdoor retailers.,4,21,Approach Shoe,EU 43,Forest,pair,6,6,0.534,true,,2022-12-18
1782,STG-FTW-0058,6402026017828,Stig Sarek II Approach Shoe EU 45 Forest,"Stig Sarek II: a approach shoe that balances weight, durability and price. EU 45 / Forest. Retail-ready packaging.",4,21,Approach Shoe,EU 45,Forest,pair,6,6,1.119,true,,2025-11-11
1783,STG-FTW-0059,6402026017835,Stig Sarek II Approach Shoe EU 38 Forest,The Sarek II approach shoe by Stig. EU 38 / Forest. Popular with rental outfitters and clubs.,4,21,Approach Shoe,EU 38,Forest,pair,1,1,0.643,true,,2023-04-07
1784,STG-FTW-0060,6402026017842,Stig Sarek II Approach Shoe EU 40 Forest,"Stig Sarek II Approach Shoe for footwear. EU 40 / Forest. Built for Nordic conditions, season after season.",4,21,Approach Shoe,EU 40,Forest,pair,6,6,0.818,true,,2019-11-08
1785,STG-FTW-0061,6402026017859,Stig Sarek II Approach Shoe EU 37 Forest,Reliable approach shoe from Stig's Sarek II range. EU 37 / Forest. A wholesale staple for outdoor retailers.,4,21,Approach Shoe,EU 37,Forest,pair,6,6,0.703,true,,2025-10-08
1786,STG-FTW-0062,6402026017866,Stig Jotun Pro Trail Shoe EU 39 Forest,"Stig Jotun Pro: a trail shoe that balances weight, durability and price. EU 39 / Forest. Retail-ready packaging.",4,21,Trail Shoe,EU 39,Forest,pair,1,1,0.635,true,,2020-05-02
1787,STG-FTW-0063,6402026017873,Stig Jotun Pro Trail Shoe EU 40 Forest,The Jotun Pro trail shoe by Stig. EU 40 / Forest. Popular with rental outfitters and clubs.,4,21,Trail Shoe,EU 40,Forest,pair,6,6,0.461,true,,2021-06-21
1788,STG-FTW-0064,6402026017880,Stig Jotun Pro Trail Shoe EU 45 Forest,"Stig Jotun Pro Trail Shoe for footwear. EU 45 / Forest. Built for Nordic conditions, season after season.",4,21,Trail Shoe,EU 45,Forest,pair,6,6,0.476,true,,2026-05-06
1789,STG-FTW-0065,6402026017897,Stig Arctic Winter Boot EU 40 Burnt Orange,Reliable winter boot from Stig's Arctic range. EU 40 / Burnt Orange. A wholesale staple for outdoor retailers.,4,21,Winter Boot,EU 40,Burnt Orange,pair,1,1,1.339,true,,2024-12-18
1790,STG-FTW-0066,6402026017903,Stig Arctic Winter Boot EU 39 Burnt Orange,"Stig Arctic: a winter boot that balances weight, durability and price. EU 39 / Burnt Orange. Retail-ready packaging.",4,21,Winter Boot,EU 39,Burnt Orange,pair,6,6,0.875,true,,2024-09-30
1791,MYR-SHL-0001,6402026017910,Myrsky Kallio Eco Hardshell Jacket M Sand,The Kallio Eco hardshell jacket by Myrsky. M / Sand. Popular with rental outfitters and clubs.,5,22,Hardshell Jacket,M,Sand,pcs,1,1,1.326,true,,2026-02-19
1792,MYR-SHL-0002,6402026017927,Myrsky Kallio Eco Hardshell Jacket L Sand,"Myrsky Kallio Eco Hardshell Jacket for shell & insulated apparel. L / Sand. Built for Nordic conditions, season after season.",5,22,Hardshell Jacket,L,Sand,pcs,12,12,1.095,true,,2021-10-02
1793,MYR-SHL-0003,6402026017934,Myrsky Kallio Eco Hardshell Jacket XL Sand,Reliable hardshell jacket from Myrsky's Kallio Eco range. XL / Sand. A wholesale staple for outdoor retailers.,5,22,Hardshell Jacket,XL,Sand,pcs,1,1,0.972,false,2023-08-13,2020-03-05
1794,MYR-SHL-0004,6402026017941,Myrsky Kallio Eco Hardshell Jacket XS Sand,"Myrsky Kallio Eco: a hardshell jacket that balances weight, durability and price. XS / Sand. Retail-ready packaging.",5,22,Hardshell Jacket,XS,Sand,pcs,1,1,1.175,true,,2021-08-02
1795,MYR-SHL-0005,6402026017958,Myrsky Nuten Plus Hardshell Jacket S Ruby Red,The Nuten Plus hardshell jacket by Myrsky. S / Ruby Red. Popular with rental outfitters and clubs.,5,22,Hardshell Jacket,S,Ruby Red,pcs,1,1,0.894,false,2025-06-07,2024-08-12
1796,MYR-SHL-0006,6402026017965,Myrsky Nuten Plus Hardshell Jacket XL Ruby Red,"Myrsky Nuten Plus Hardshell Jacket for shell & insulated apparel. XL / Ruby Red. Built for Nordic conditions, season after season.",5,22,Hardshell Jacket,XL,Ruby Red,pcs,1,1,0.637,true,,2024-09-07
1797,MYR-SHL-0007,6402026017972,Myrsky Nuten Plus Hardshell Jacket L Ruby Red,Reliable hardshell jacket from Myrsky's Nuten Plus range. L / Ruby Red. A wholesale staple for outdoor retailers.,5,22,Hardshell Jacket,L,Ruby Red,pcs,6,6,0.775,true,,2025-09-01
1798,MYR-SHL-0008,6402026017989,Myrsky Nuten Plus Hardshell Jacket XS Ruby Red,"Myrsky Nuten Plus: a hardshell jacket that balances weight, durability and price. XS / Ruby Red. Retail-ready packaging.",5,22,Hardshell Jacket,XS,Ruby Red,pcs,1,1,1.298,true,,2024-08-02
1799,MYR-SHL-0009,6402026017996,Myrsky Padjelanta Lite Down Vest S Moss Green,The Padjelanta Lite down vest by Myrsky. S / Moss Green. Popular with rental outfitters and clubs.,5,22,Down Vest,S,Moss Green,pcs,1,1,0.646,true,,2021-02-04
1800,MYR-SHL-0010,6402026018009,Myrsky Padjelanta Lite Down Vest XS Moss Green,"Myrsky Padjelanta Lite Down Vest for shell & insulated apparel. XS / Moss Green. Built for Nordic conditions, season after season.",5,22,Down Vest,XS,Moss Green,pcs,12,12,0.428,true,,2026-01-24
1801,MYR-SHL-0011,6402026018016,Myrsky Padjelanta Lite Down Vest XXL Moss Green,Reliable down vest from Myrsky's Padjelanta Lite range. XXL / Moss Green. A wholesale staple for outdoor retailers.,5,22,Down Vest,XXL,Moss Green,pcs,1,1,0.252,true,,2025-01-04
1802,MYR-SHL-0012,6402026018023,Myrsky Padjelanta Lite Down Vest XL Moss Green,"Myrsky Padjelanta Lite: a down vest that balances weight, durability and price. XL / Moss Green. Retail-ready packaging.",5,22,Down Vest,XL,Moss Green,pcs,1,1,0.365,true,,2021-11-27
1803,MYR-SHL-0013,6402026018030,Myrsky Padjelanta Lite Down Vest L Moss Green,The Padjelanta Lite down vest by Myrsky. L / Moss Green. Popular with rental outfitters and clubs.,5,22,Down Vest,L,Moss Green,pcs,1,1,0.657,true,,2021-08-15
1804,MYR-SHL-0014,6402026018047,Myrsky Boreal Insulated Jacket XXL Black,"Myrsky Boreal Insulated Jacket for shell & insulated apparel. XXL / Black. Built for Nordic conditions, season after season.",5,22,Insulated Jacket,XXL,Black,pcs,6,6,1.188,false,2021-03-24,2019-01-28
1805,MYR-SHL-0015,6402026018054,Myrsky Boreal Insulated Jacket L Black,Reliable insulated jacket from Myrsky's Boreal range. L / Black. A wholesale staple for outdoor retailers.,5,22,Insulated Jacket,L,Black,pcs,12,12,0.838,true,,2025-12-05
1806,MYR-SHL-0016,6402026018061,Myrsky Boreal Insulated Jacket S Black,"Myrsky Boreal: a insulated jacket that balances weight, durability and price. S / Black. Retail-ready packaging.",5,22,Insulated Jacket,S,Black,pcs,1,1,0.844,true,,2020-08-19
1807,MYR-SHL-0017,6402026018078,Myrsky Boreal Insulated Jacket M Black,The Boreal insulated jacket by Myrsky. M / Black. Popular with rental outfitters and clubs.,5,22,Insulated Jacket,M,Black,pcs,1,1,0.555,true,,2021-08-16
1808,MYR-SHL-0018,6402026018085,Myrsky Boreal Insulated Jacket XS Black,"Myrsky Boreal Insulated Jacket for shell & insulated apparel. XS / Black. Built for Nordic conditions, season after season.",5,22,Insulated Jacket,XS,Black,pcs,6,6,0.944,true,,2023-04-29
1809,MYR-SHL-0019,6402026018092,Myrsky Fjord 2.0 Hardshell Jacket XS Graphite,Reliable hardshell jacket from Myrsky's Fjord 2.0 range. XS / Graphite. A wholesale staple for outdoor retailers.,5,22,Hardshell Jacket,XS,Graphite,pcs,1,1,1.119,true,,2019-11-30
1810,MYR-SHL-0020,6402026018108,Myrsky Fjord 2.0 Hardshell Jacket L Graphite,"Myrsky Fjord 2.0: a hardshell jacket that balances weight, durability and price. L / Graphite. Retail-ready packaging.",5,22,Hardshell Jacket,L,Graphite,pcs,1,1,1.391,true,,2019-04-13
1811,MYR-SHL-0021,6402026018115,Myrsky Fjord 2.0 Hardshell Jacket XXL Graphite,The Fjord 2.0 hardshell jacket by Myrsky. XXL / Graphite. Popular with rental outfitters and clubs.,5,22,Hardshell Jacket,XXL,Graphite,pcs,1,1,0.779,false,2024-02-27,2020-08-15
1812,MYR-SHL-0022,6402026018122,Myrsky Fjord 2.0 Hardshell Jacket M Graphite,"Myrsky Fjord 2.0 Hardshell Jacket for shell & insulated apparel. M / Graphite. Built for Nordic conditions, season after season.",5,22,Hardshell Jacket,M,Graphite,pcs,1,1,0.769,true,,2021-01-10
1813,MYR-SHL-0023,6402026018139,Myrsky Fjord 2.0 Hardshell Jacket S Graphite,Reliable hardshell jacket from Myrsky's Fjord 2.0 range. S / Graphite. A wholesale staple for outdoor retailers.,5,22,Hardshell Jacket,S,Graphite,pcs,6,6,1.088,true,,2024-05-12
1814,MYR-SHL-0024,6402026018146,Myrsky Fjord II Hardshell Jacket XL Deep Teal,"Myrsky Fjord II: a hardshell jacket that balances weight, durability and price. XL / Deep Teal. Retail-ready packaging.",5,22,Hardshell Jacket,XL,Deep Teal,pcs,6,6,0.873,true,,2019-05-21
1815,MYR-SHL-0025,6402026018153,Myrsky Fjord II Hardshell Jacket M Deep Teal,The Fjord II hardshell jacket by Myrsky. M / Deep Teal. Popular with rental outfitters and clubs.,5,22,Hardshell Jacket,M,Deep Teal,pcs,1,1,0.891,true,,2024-04-03
1816,MYR-SHL-0026,6402026018160,Myrsky Fjord II Hardshell Jacket XXL Deep Teal,"Myrsky Fjord II Hardshell Jacket for shell & insulated apparel. XXL / Deep Teal. Built for Nordic conditions, season after season.",5,22,Hardshell Jacket,XXL,Deep Teal,pcs,1,1,0.632,true,,2023-04-03
1817,MYR-SHL-0027,6402026018177,Myrsky Fjord II Hardshell Jacket XS Deep Teal,Reliable hardshell jacket from Myrsky's Fjord II range. XS / Deep Teal. A wholesale staple for outdoor retailers.,5,22,Hardshell Jacket,XS,Deep Teal,pcs,1,1,1.244,true,,2026-02-06
1818,MYR-SHL-0028,6402026018184,Myrsky Storm Lite Hardshell Jacket XS Midnight Blue,"Myrsky Storm Lite: a hardshell jacket that balances weight, durability and price. XS / Midnight Blue. Retail-ready packaging.",5,22,Hardshell Jacket,XS,Midnight Blue,pcs,1,1,1.153,true,,2025-09-06
1819,MYR-SHL-0029,6402026018191,Myrsky Storm Lite Hardshell Jacket S Midnight Blue,The Storm Lite hardshell jacket by Myrsky. S / Midnight Blue. Popular with rental outfitters and clubs.,5,22,Hardshell Jacket,S,Midnight Blue,pcs,1,1,0.881,true,,2020-09-26
1820,MYR-SHL-0030,6402026018207,Myrsky Storm Lite Hardshell Jacket XXL Midnight Blue,"Myrsky Storm Lite Hardshell Jacket for shell & insulated apparel. XXL / Midnight Blue. Built for Nordic conditions, season after season.",5,22,Hardshell Jacket,XXL,Midnight Blue,pcs,1,1,0.749,true,,2023-01-11
1821,MYR-SHL-0031,6402026018214,Myrsky Tind WP Down Vest XL Ruby Red,Reliable down vest from Myrsky's Tind WP range. XL / Ruby Red. A wholesale staple for outdoor retailers.,5,22,Down Vest,XL,Ruby Red,pcs,1,1,0.357,false,2024-04-20,2023-08-23
1822,MYR-SHL-0032,6402026018221,Myrsky Tind WP Down Vest XXL Ruby Red,"Myrsky Tind WP: a down vest that balances weight, durability and price. XXL / Ruby Red. Retail-ready packaging.",5,22,Down Vest,XXL,Ruby Red,pcs,1,1,0.342,true,,2024-10-22
1823,MYR-SHL-0033,6402026018238,Myrsky Tind WP Down Vest L Ruby Red,The Tind WP down vest by Myrsky. L / Ruby Red. Popular with rental outfitters and clubs.,5,22,Down Vest,L,Ruby Red,pcs,1,1,0.592,true,,2022-09-27
1824,MYR-SHL-0034,6402026018245,Myrsky Polar Down Vest XS Deep Teal,"Myrsky Polar Down Vest for shell & insulated apparel. XS / Deep Teal. Built for Nordic conditions, season after season.",5,22,Down Vest,XS,Deep Teal,pcs,12,12,0.534,true,,2019-04-26
1825,MYR-SHL-0035,6402026018252,Myrsky Polar Down Vest M Deep Teal,Reliable down vest from Myrsky's Polar range. M / Deep Teal. A wholesale staple for outdoor retailers.,5,22,Down Vest,M,Deep Teal,pcs,1,1,0.482,true,,2021-05-10
1826,MYR-SHL-0036,6402026018269,Myrsky Polar Down Vest L Deep Teal,"Myrsky Polar: a down vest that balances weight, durability and price. L / Deep Teal. Retail-ready packaging.",5,22,Down Vest,L,Deep Teal,pcs,12,12,0.261,true,,2021-05-04
1827,MYR-SHL-0037,6402026018276,Myrsky Polar Down Vest XXL Deep Teal,The Polar down vest by Myrsky. XXL / Deep Teal. Popular with rental outfitters and clubs.,5,22,Down Vest,XXL,Deep Teal,pcs,1,1,0.438,true,,2021-07-30
1828,MYR-SHL-0038,6402026018283,Myrsky Ruska Eco Down Vest XL Petrol,"Myrsky Ruska Eco Down Vest for shell & insulated apparel. XL / Petrol. Built for Nordic conditions, season after season.",5,22,Down Vest,XL,Petrol,pcs,12,12,0.617,true,,2025-04-07
1829,MYR-SHL-0039,6402026018290,Myrsky Ruska Eco Down Vest L Petrol,Reliable down vest from Myrsky's Ruska Eco range. L / Petrol. A wholesale staple for outdoor retailers.,5,22,Down Vest,L,Petrol,pcs,1,1,0.400,true,,2025-12-30
1830,MYR-SHL-0040,6402026018306,Myrsky Myrsky WP Insulated Jacket M Burnt Orange,"Myrsky Myrsky WP: a insulated jacket that balances weight, durability and price. M / Burnt Orange. Retail-ready packaging.",5,22,Insulated Jacket,M,Burnt Orange,pcs,1,1,1.115,true,,2024-07-25
1831,MYR-SHL-0041,6402026018313,Myrsky Myrsky WP Insulated Jacket S Burnt Orange,The Myrsky WP insulated jacket by Myrsky. S / Burnt Orange. Popular with rental outfitters and clubs.,5,22,Insulated Jacket,S,Burnt Orange,pcs,1,1,0.398,true,,2024-06-15
1832,MYR-SHL-0042,6402026018320,Myrsky Myrsky WP Insulated Jacket XS Burnt Orange,"Myrsky Myrsky WP Insulated Jacket for shell & insulated apparel. XS / Burnt Orange. Built for Nordic conditions, season after season.",5,22,Insulated Jacket,XS,Burnt Orange,pcs,12,12,1.096,true,,2021-02-21
1833,MYR-SHL-0043,6402026018337,Myrsky Myrsky WP Insulated Jacket L Burnt Orange,Reliable insulated jacket from Myrsky's Myrsky WP range. L / Burnt Orange. A wholesale staple for outdoor retailers.,5,22,Insulated Jacket,L,Burnt Orange,pcs,1,1,1.193,false,2023-02-27,2019-09-23
1834,MYR-SHL-0044,6402026018344,Myrsky Senja II Softshell Jacket L Deep Teal,"Myrsky Senja II: a softshell jacket that balances weight, durability and price. L / Deep Teal. Retail-ready packaging.",5,22,Softshell Jacket,L,Deep Teal,pcs,6,6,0.488,true,,2023-06-20
1835,MYR-SHL-0045,6402026018351,Myrsky Senja II Softshell Jacket XS Deep Teal,The Senja II softshell jacket by Myrsky. XS / Deep Teal. Popular with rental outfitters and clubs.,5,22,Softshell Jacket,XS,Deep Teal,pcs,1,1,0.733,true,,2025-06-23
1836,MYR-SHL-0046,6402026018368,Myrsky Senja II Softshell Jacket XXL Deep Teal,"Myrsky Senja II Softshell Jacket for shell & insulated apparel. XXL / Deep Teal. Built for Nordic conditions, season after season.",5,22,Softshell Jacket,XXL,Deep Teal,pcs,1,1,0.741,true,,2022-05-15
1837,MYR-SHL-0047,6402026018375,Myrsky Senja II Softshell Jacket M Deep Teal,Reliable softshell jacket from Myrsky's Senja II range. M / Deep Teal. A wholesale staple for outdoor retailers.,5,22,Softshell Jacket,M,Deep Teal,pcs,1,1,0.435,true,,2019-05-12
1838,MYR-SHL-0048,6402026018382,Myrsky Tuuli Pro Softshell Jacket S Moss Green,"Myrsky Tuuli Pro: a softshell jacket that balances weight, durability and price. S / Moss Green. Retail-ready packaging.",5,22,Softshell Jacket,S,Moss Green,pcs,1,1,0.514,true,,2021-07-21
1839,MYR-SHL-0049,6402026018399,Myrsky Nordkapp WP Softshell Jacket XL Burnt Orange,The Nordkapp WP softshell jacket by Myrsky. XL / Burnt Orange. Popular with rental outfitters and clubs.,5,22,Softshell Jacket,XL,Burnt Orange,pcs,12,12,0.602,true,,2023-09-13
1840,MYR-SHL-0050,6402026018405,Myrsky Nordkapp WP Softshell Jacket M Burnt Orange,"Myrsky Nordkapp WP Softshell Jacket for shell & insulated apparel. M / Burnt Orange. Built for Nordic conditions, season after season.",5,22,Softshell Jacket,M,Burnt Orange,pcs,6,6,0.539,false,2021-01-23,2019-06-17
1841,MYR-SHL-0051,6402026018412,Myrsky Nordkapp WP Softshell Jacket XS Burnt Orange,Reliable softshell jacket from Myrsky's Nordkapp WP range. XS / Burnt Orange. A wholesale staple for outdoor retailers.,5,22,Softshell Jacket,XS,Burnt Orange,pcs,12,12,0.518,true,,2022-03-15
1842,MYR-SHL-0052,6402026018429,Myrsky Alpine Lite Hardshell Jacket L Moss Green,"Myrsky Alpine Lite: a hardshell jacket that balances weight, durability and price. L / Moss Green. Retail-ready packaging.",5,22,Hardshell Jacket,L,Moss Green,pcs,6,6,0.648,true,,2021-03-20
1843,MYR-SHL-0053,6402026018436,Myrsky Alpine Lite Hardshell Jacket M Moss Green,The Alpine Lite hardshell jacket by Myrsky. M / Moss Green. Popular with rental outfitters and clubs.,5,22,Hardshell Jacket,M,Moss Green,pcs,6,6,1.250,true,,2022-12-28
1844,MYR-SHL-0054,6402026018443,Myrsky Alpine Lite Hardshell Jacket XL Moss Green,"Myrsky Alpine Lite Hardshell Jacket for shell & insulated apparel. XL / Moss Green. Built for Nordic conditions, season after season.",5,22,Hardshell Jacket,XL,Moss Green,pcs,1,1,0.424,true,,2022-10-21
1845,MYR-SHL-0055,6402026018450,Myrsky Alpine Lite Hardshell Jacket S Moss Green,Reliable hardshell jacket from Myrsky's Alpine Lite range. S / Moss Green. A wholesale staple for outdoor retailers.,5,22,Hardshell Jacket,S,Moss Green,pcs,6,6,0.417,true,,2026-03-16
1846,MYR-SHL-0056,6402026018467,Myrsky Kebne Plus Down Vest S Sand,"Myrsky Kebne Plus: a down vest that balances weight, durability and price. S / Sand. Retail-ready packaging.",5,22,Down Vest,S,Sand,pcs,1,1,0.575,true,,2020-01-19
1847,MYR-SHL-0057,6402026018474,Myrsky Kebne Plus Down Vest M Sand,The Kebne Plus down vest by Myrsky. M / Sand. Popular with rental outfitters and clubs.,5,22,Down Vest,M,Sand,pcs,1,1,0.592,true,,2025-11-18
1848,MYR-SHL-0058,6402026018481,Myrsky Halti Plus Softshell Jacket L Midnight Blue,"Myrsky Halti Plus Softshell Jacket for shell & insulated apparel. L / Midnight Blue. Built for Nordic conditions, season after season.",5,22,Softshell Jacket,L,Midnight Blue,pcs,6,6,0.220,true,,2022-07-04
1849,MYR-SHL-0059,6402026018498,Myrsky Halti Plus Softshell Jacket M Midnight Blue,Reliable softshell jacket from Myrsky's Halti Plus range. M / Midnight Blue. A wholesale staple for outdoor retailers.,5,22,Softshell Jacket,M,Midnight Blue,pcs,1,1,0.691,true,,2022-12-31
1850,MYR-SHL-0060,6402026018504,Myrsky Halti Plus Softshell Jacket S Midnight Blue,"Myrsky Halti Plus: a softshell jacket that balances weight, durability and price. S / Midnight Blue. Retail-ready packaging.",5,22,Softshell Jacket,S,Midnight Blue,pcs,6,6,0.605,true,,2019-12-27
1851,MYR-SHL-0061,6402026018511,Myrsky Jotun II Rain Jacket M Midnight Blue,The Jotun II rain jacket by Myrsky. M / Midnight Blue. Popular with rental outfitters and clubs.,5,22,Rain Jacket,M,Midnight Blue,pcs,1,1,0.614,true,,2022-10-21
1852,BGT-PCK-0001,6402026018528,Bergtatt Lumi Pro Dry Bag 12L Deep Teal,"Bergtatt Lumi Pro Dry Bag for backpacks & bags. 12L / Deep Teal. Built for Nordic conditions, season after season.",3,23,Dry Bag,12L,Deep Teal,pcs,6,6,0.382,true,,2021-05-16
1853,BGT-PCK-0002,6402026018535,Bergtatt Lumi Pro Dry Bag 8L Deep Teal,Reliable dry bag from Bergtatt's Lumi Pro range. 8L / Deep Teal. A wholesale staple for outdoor retailers.,3,23,Dry Bag,8L,Deep Teal,pcs,6,6,0.478,true,,2019-01-21
1854,BGT-PCK-0003,6402026018542,Bergtatt Lumi Pro Dry Bag 22L Deep Teal,"Bergtatt Lumi Pro: a dry bag that balances weight, durability and price. 22L / Deep Teal. Retail-ready packaging.",3,23,Dry Bag,22L,Deep Teal,pcs,12,12,0.279,true,,2023-11-17
1855,BGT-PCK-0004,6402026018559,Bergtatt Vidda Pro Hip Pack Graphite,The Vidda Pro hip pack by Bergtatt. Graphite. Popular with rental outfitters and clubs.,3,23,Hip Pack,Graphite,Graphite,pcs,6,6,0.590,true,,2025-09-11
1856,BGT-PCK-0005,6402026018566,Bergtatt Vidda Pro Hip Pack Black,"Bergtatt Vidda Pro Hip Pack for backpacks & bags. Black. Built for Nordic conditions, season after season.",3,23,Hip Pack,Black,Black,pcs,1,1,0.610,true,,2020-12-05
1857,BGT-PCK-0006,6402026018573,Bergtatt Vidda Pro Hip Pack Burnt Orange,Reliable hip pack from Bergtatt's Vidda Pro range. Burnt Orange. A wholesale staple for outdoor retailers.,3,23,Hip Pack,Burnt Orange,Burnt Orange,pcs,1,1,0.306,true,,2022-11-27
1858,BGT-PCK-0007,6402026018580,Bergtatt Vidda Pro Hip Pack Petrol,"Bergtatt Vidda Pro: a hip pack that balances weight, durability and price. Petrol. Retail-ready packaging.",3,23,Hip Pack,Petrol,Petrol,pcs,6,6,0.401,true,,2021-12-02
1859,BGT-PCK-0008,6402026018597,Bergtatt Nuten Backpack 35L Moss Green,The Nuten backpack by Bergtatt. 35L / Moss Green. Popular with rental outfitters and clubs.,3,23,Backpack,35L,Moss Green,pcs,6,6,2.172,true,,2024-05-12
1860,BGT-PCK-0009,6402026018603,Bergtatt Nuten Backpack 75L Moss Green,"Bergtatt Nuten Backpack for backpacks & bags. 75L / Moss Green. Built for Nordic conditions, season after season.",3,23,Backpack,75L,Moss Green,pcs,1,1,2.515,true,,2021-08-09
1861,BGT-PCK-0010,6402026018610,Bergtatt Nuten Backpack 55L Moss Green,Reliable backpack from Bergtatt's Nuten range. 55L / Moss Green. A wholesale staple for outdoor retailers.,3,23,Backpack,55L,Moss Green,pcs,1,1,2.121,true,,2024-01-13
1862,BGT-PCK-0011,6402026018627,Bergtatt Boreal Daypack 22L Sunset Yellow,"Bergtatt Boreal: a daypack that balances weight, durability and price. 22L / Sunset Yellow. Retail-ready packaging.",3,23,Daypack,22L,Sunset Yellow,pcs,12,12,0.456,true,,2022-12-20
1863,BGT-PCK-0012,6402026018634,Bergtatt Boreal Daypack 8L Sunset Yellow,The Boreal daypack by Bergtatt. 8L / Sunset Yellow. Popular with rental outfitters and clubs.,3,23,Daypack,8L,Sunset Yellow,pcs,1,1,0.285,true,,2025-09-04
1864,BGT-PCK-0013,6402026018641,Bergtatt Boreal Daypack 28L Sunset Yellow,"Bergtatt Boreal Daypack for backpacks & bags. 28L / Sunset Yellow. Built for Nordic conditions, season after season.",3,23,Daypack,28L,Sunset Yellow,pcs,1,1,0.680,true,,2023-03-07
1865,BGT-PCK-0014,6402026018658,Bergtatt Boreal Daypack 18L Sunset Yellow,Reliable daypack from Bergtatt's Boreal range. 18L / Sunset Yellow. A wholesale staple for outdoor retailers.,3,23,Daypack,18L,Sunset Yellow,pcs,6,6,0.599,true,,2022-09-27
1866,BGT-PCK-0015,6402026018665,Bergtatt Boreal Daypack 12L Sunset Yellow,"Bergtatt Boreal: a daypack that balances weight, durability and price. 12L / Sunset Yellow. Retail-ready packaging.",3,23,Daypack,12L,Sunset Yellow,pcs,12,12,0.355,false,2024-09-17,2021-03-15
1867,BGT-PCK-0016,6402026018672,Bergtatt Kebne WP Duffel 90L Midnight Blue,The Kebne WP duffel by Bergtatt. 90L / Midnight Blue. Popular with rental outfitters and clubs.,3,23,Duffel,90L,Midnight Blue,pcs,1,1,1.203,true,,2024-12-13
1868,BGT-PCK-0017,6402026018689,Bergtatt Kebne WP Duffel 60L Midnight Blue,"Bergtatt Kebne WP Duffel for backpacks & bags. 60L / Midnight Blue. Built for Nordic conditions, season after season.",3,23,Duffel,60L,Midnight Blue,pcs,1,1,0.240,true,,2024-01-09
1869,BGT-PCK-0018,6402026018696,Bergtatt Kebne WP Duffel 120L Midnight Blue,Reliable duffel from Bergtatt's Kebne WP range. 120L / Midnight Blue. A wholesale staple for outdoor retailers.,3,23,Duffel,120L,Midnight Blue,pcs,1,1,0.786,true,,2022-04-25
1870,BGT-PCK-0019,6402026018702,Bergtatt Sarek XT Dry Bag 12L Sunset Yellow,"Bergtatt Sarek XT: a dry bag that balances weight, durability and price. 12L / Sunset Yellow. Retail-ready packaging.",3,23,Dry Bag,12L,Sunset Yellow,pcs,12,12,0.266,true,,2023-08-19
1871,BGT-PCK-0020,6402026018719,Bergtatt Sarek XT Dry Bag 18L Sunset Yellow,The Sarek XT dry bag by Bergtatt. 18L / Sunset Yellow. Popular with rental outfitters and clubs.,3,23,Dry Bag,18L,Sunset Yellow,pcs,12,12,0.091,true,,2023-09-28
1872,BGT-PCK-0021,6402026018726,Bergtatt Sarek XT Dry Bag 28L Sunset Yellow,"Bergtatt Sarek XT Dry Bag for backpacks & bags. 28L / Sunset Yellow. Built for Nordic conditions, season after season.",3,23,Dry Bag,28L,Sunset Yellow,pcs,6,6,0.548,true,,2020-07-30
1873,BGT-PCK-0022,6402026018733,Bergtatt Sarek XT Dry Bag 8L Sunset Yellow,Reliable dry bag from Bergtatt's Sarek XT range. 8L / Sunset Yellow. A wholesale staple for outdoor retailers.,3,23,Dry Bag,8L,Sunset Yellow,pcs,1,1,0.389,true,,2025-10-21
1874,BGT-PCK-0023,6402026018740,Bergtatt Bre Dry Bag 18L Sunset Yellow,"Bergtatt Bre: a dry bag that balances weight, durability and price. 18L / Sunset Yellow. Retail-ready packaging.",3,23,Dry Bag,18L,Sunset Yellow,pcs,1,1,0.315,true,,2025-09-05
1875,BGT-PCK-0024,6402026018757,Bergtatt Bre Dry Bag 12L Sunset Yellow,The Bre dry bag by Bergtatt. 12L / Sunset Yellow. Popular with rental outfitters and clubs.,3,23,Dry Bag,12L,Sunset Yellow,pcs,1,1,0.099,true,,2020-07-18
1876,BGT-PCK-0025,6402026018764,Bergtatt Bre Dry Bag 28L Sunset Yellow,"Bergtatt Bre Dry Bag for backpacks & bags. 28L / Sunset Yellow. Built for Nordic conditions, season after season.",3,23,Dry Bag,28L,Sunset Yellow,pcs,1,1,0.394,true,,2026-04-12
1877,BGT-PCK-0026,6402026018771,Bergtatt Lumi XT Hip Pack Moss Green,Reliable hip pack from Bergtatt's Lumi XT range. Moss Green. A wholesale staple for outdoor retailers.,3,23,Hip Pack,Moss Green,Moss Green,pcs,1,1,0.102,true,,2025-09-02
1878,BGT-PCK-0027,6402026018788,Bergtatt Lumi XT Hip Pack Sand,"Bergtatt Lumi XT: a hip pack that balances weight, durability and price. Sand. Retail-ready packaging.",3,23,Hip Pack,Sand,Sand,pcs,1,1,0.346,true,,2021-01-24
1879,BGT-PCK-0028,6402026018795,Bergtatt Lumi XT Hip Pack Lichen,The Lumi XT hip pack by Bergtatt. Lichen. Popular with rental outfitters and clubs.,3,23,Hip Pack,Lichen,Lichen,pcs,1,1,0.485,true,,2019-11-04
1880,BGT-PCK-0029,6402026018801,Bergtatt Boreal Backpack 35L Black,"Bergtatt Boreal Backpack for backpacks & bags. 35L / Black. Built for Nordic conditions, season after season.",3,23,Backpack,35L,Black,pcs,6,6,1.538,true,,2025-11-24
1881,BGT-PCK-0030,6402026018818,Bergtatt Ridge WP Dry Bag 12L Slate Grey,Reliable dry bag from Bergtatt's Ridge WP range. 12L / Slate Grey. A wholesale staple for outdoor retailers.,3,23,Dry Bag,12L,Slate Grey,pcs,1,1,0.539,true,,2022-08-07
1882,BGT-PCK-0031,6402026018825,Bergtatt Ridge WP Dry Bag 22L Slate Grey,"Bergtatt Ridge WP: a dry bag that balances weight, durability and price. 22L / Slate Grey. Retail-ready packaging.",3,23,Dry Bag,22L,Slate Grey,pcs,1,1,0.688,true,,2019-02-05
1883,BGT-PCK-0032,6402026018832,Bergtatt Ridge WP Dry Bag 8L Slate Grey,The Ridge WP dry bag by Bergtatt. 8L / Slate Grey. Popular with rental outfitters and clubs.,3,23,Dry Bag,8L,Slate Grey,pcs,6,6,0.444,true,,2024-07-14
1884,BGT-PCK-0033,6402026018849,Bergtatt Ruska WP Duffel 120L Black,"Bergtatt Ruska WP Duffel for backpacks & bags. 120L / Black. Built for Nordic conditions, season after season.",3,23,Duffel,120L,Black,pcs,12,12,0.947,true,,2021-03-26
1885,BGT-PCK-0034,6402026018856,Bergtatt Ruska WP Duffel 40L Black,Reliable duffel from Bergtatt's Ruska WP range. 40L / Black. A wholesale staple for outdoor retailers.,3,23,Duffel,40L,Black,pcs,12,12,0.692,true,,2021-05-18
1886,BGT-PCK-0035,6402026018863,Bergtatt Ruska WP Duffel 90L Black,"Bergtatt Ruska WP: a duffel that balances weight, durability and price. 90L / Black. Retail-ready packaging.",3,23,Duffel,90L,Black,pcs,1,1,1.415,true,,2021-04-07
1887,BGT-PCK-0036,6402026018870,Bergtatt Fjell Eco Duffel 90L Lichen,The Fjell Eco duffel by Bergtatt. 90L / Lichen. Popular with rental outfitters and clubs.,3,23,Duffel,90L,Lichen,pcs,6,6,1.053,true,,2023-11-08
1888,BGT-PCK-0037,6402026018887,Bergtatt Fjell Eco Duffel 60L Lichen,"Bergtatt Fjell Eco Duffel for backpacks & bags. 60L / Lichen. Built for Nordic conditions, season after season.",3,23,Duffel,60L,Lichen,pcs,6,6,0.309,true,,2020-05-19
1889,BGT-PCK-0038,6402026018894,Bergtatt Fjell Eco Duffel 40L Lichen,Reliable duffel from Bergtatt's Fjell Eco range. 40L / Lichen. A wholesale staple for outdoor retailers.,3,23,Duffel,40L,Lichen,pcs,1,1,0.822,true,,2025-01-15
1890,BGT-PCK-0039,6402026018900,Bergtatt Tind Dry Bag 28L Forest,"Bergtatt Tind: a dry bag that balances weight, durability and price. 28L / Forest. Retail-ready packaging.",3,23,Dry Bag,28L,Forest,pcs,1,1,0.130,true,,2025-05-22
1891,BGT-PCK-0040,6402026018917,Bergtatt Tind Dry Bag 8L Forest,The Tind dry bag by Bergtatt. 8L / Forest. Popular with rental outfitters and clubs.,3,23,Dry Bag,8L,Forest,pcs,1,1,0.476,true,,2024-01-31
1892,BGT-PCK-0041,6402026018924,Bergtatt Ultra Pro Hip Pack Graphite,"Bergtatt Ultra Pro Hip Pack for backpacks & bags. Graphite. Built for Nordic conditions, season after season.",3,23,Hip Pack,Graphite,Graphite,pcs,12,12,0.348,true,,2025-02-10
1893,BGT-PCK-0042,6402026018931,Bergtatt Kebnekaise Plus Dry Bag 18L Black,Reliable dry bag from Bergtatt's Kebnekaise Plus range. 18L / Black. A wholesale staple for outdoor retailers.,3,23,Dry Bag,18L,Black,pcs,1,1,0.565,true,,2019-12-11
1894,BGT-PCK-0043,6402026018948,Bergtatt Kebnekaise Plus Dry Bag 12L Black,"Bergtatt Kebnekaise Plus: a dry bag that balances weight, durability and price. 12L / Black. Retail-ready packaging.",3,23,Dry Bag,12L,Black,pcs,12,12,0.215,true,,2021-08-14
1895,BGT-PCK-0044,6402026018955,Bergtatt Kebnekaise Plus Dry Bag 8L Black,The Kebnekaise Plus dry bag by Bergtatt. 8L / Black. Popular with rental outfitters and clubs.,3,23,Dry Bag,8L,Black,pcs,1,1,0.684,true,,2023-10-17
1896,BGT-PCK-0045,6402026018962,Bergtatt Sarek Daypack 18L Moss Green,"Bergtatt Sarek Daypack for backpacks & bags. 18L / Moss Green. Built for Nordic conditions, season after season.",3,23,Daypack,18L,Moss Green,pcs,1,1,0.676,true,,2020-09-29
1897,BGT-PCK-0046,6402026018979,Bergtatt Sarek Daypack 22L Moss Green,Reliable daypack from Bergtatt's Sarek range. 22L / Moss Green. A wholesale staple for outdoor retailers.,3,23,Daypack,22L,Moss Green,pcs,12,12,0.401,false,2023-02-08,2020-06-12
1898,BGT-PCK-0047,6402026018986,Bergtatt Sarek Daypack 8L Moss Green,"Bergtatt Sarek: a daypack that balances weight, durability and price. 8L / Moss Green. Retail-ready packaging.",3,23,Daypack,8L,Moss Green,pcs,1,1,0.402,true,,2023-11-17
1899,BGT-PCK-0048,6402026018993,Bergtatt Tuuli WP Dry Bag 12L Sunset Yellow,The Tuuli WP dry bag by Bergtatt. 12L / Sunset Yellow. Popular with rental outfitters and clubs.,3,23,Dry Bag,12L,Sunset Yellow,pcs,6,6,0.423,true,,2025-05-11
1900,BGT-PCK-0049,6402026019006,Bergtatt Tuuli WP Dry Bag 8L Sunset Yellow,"Bergtatt Tuuli WP Dry Bag for backpacks & bags. 8L / Sunset Yellow. Built for Nordic conditions, season after season.",3,23,Dry Bag,8L,Sunset Yellow,pcs,6,6,0.652,true,,2024-05-04
1901,BGT-PCK-0050,6402026019013,Bergtatt Tuuli WP Dry Bag 28L Sunset Yellow,Reliable dry bag from Bergtatt's Tuuli WP range. 28L / Sunset Yellow. A wholesale staple for outdoor retailers.,3,23,Dry Bag,28L,Sunset Yellow,pcs,1,1,0.769,true,,2021-06-01
1902,BGT-PCK-0051,6402026019020,Bergtatt Storm Hip Pack Ochre,"Bergtatt Storm: a hip pack that balances weight, durability and price. Ochre. Retail-ready packaging.",3,23,Hip Pack,Ochre,Ochre,pcs,12,12,0.124,true,,2020-10-22
1903,BGT-PCK-0052,6402026019037,Bergtatt Storm Hip Pack Burnt Orange,The Storm hip pack by Bergtatt. Burnt Orange. Popular with rental outfitters and clubs.,3,23,Hip Pack,Burnt Orange,Burnt Orange,pcs,6,6,0.096,true,,2020-10-22
1904,BGT-PCK-0053,6402026019044,Bergtatt Storm Hip Pack Petrol,"Bergtatt Storm Hip Pack for backpacks & bags. Petrol. Built for Nordic conditions, season after season.",3,23,Hip Pack,Petrol,Petrol,pcs,1,1,0.745,true,,2021-10-22
1905,BGT-PCK-0054,6402026019051,Bergtatt Storm Hip Pack Slate Grey,Reliable hip pack from Bergtatt's Storm range. Slate Grey. A wholesale staple for outdoor retailers.,3,23,Hip Pack,Slate Grey,Slate Grey,pcs,6,6,0.391,true,,2023-02-03
1906,BGT-PCK-0055,6402026019068,Bergtatt Storm Hip Pack Sand,"Bergtatt Storm: a hip pack that balances weight, durability and price. Sand. Retail-ready packaging.",3,23,Hip Pack,Sand,Sand,pcs,12,12,0.336,true,,2023-07-14
1907,BGT-PCK-0056,6402026019075,Bergtatt Kaamos Daypack 18L Forest,The Kaamos daypack by Bergtatt. 18L / Forest. Popular with rental outfitters and clubs.,3,23,Daypack,18L,Forest,pcs,12,12,0.726,true,,2023-10-06
1908,BGT-PCK-0057,6402026019082,Bergtatt Kaamos Daypack 8L Forest,"Bergtatt Kaamos Daypack for backpacks & bags. 8L / Forest. Built for Nordic conditions, season after season.",3,23,Daypack,8L,Forest,pcs,12,12,0.411,true,,2025-05-28
1909,BGT-PCK-0058,6402026019099,Bergtatt Kaamos Daypack 28L Forest,Reliable daypack from Bergtatt's Kaamos range. 28L / Forest. A wholesale staple for outdoor retailers.,3,23,Daypack,28L,Forest,pcs,1,1,0.361,true,,2020-11-03
1910,BGT-PCK-0059,6402026019105,Bergtatt Kaamos Daypack 22L Forest,"Bergtatt Kaamos: a daypack that balances weight, durability and price. 22L / Forest. Retail-ready packaging.",3,23,Daypack,22L,Forest,pcs,6,6,0.304,true,,2019-11-08
1911,BGT-PCK-0060,6402026019112,Bergtatt Kaamos Daypack 12L Forest,The Kaamos daypack by Bergtatt. 12L / Forest. Popular with rental outfitters and clubs.,3,23,Daypack,12L,Forest,pcs,6,6,0.199,true,,2025-02-22
1912,BGT-PCK-0061,6402026019129,Bergtatt Lyngen II Dry Bag 22L Arctic White,"Bergtatt Lyngen II Dry Bag for backpacks & bags. 22L / Arctic White. Built for Nordic conditions, season after season.",3,23,Dry Bag,22L,Arctic White,pcs,1,1,0.177,true,,2022-12-23
1913,HYG-KIT-0001,6402026019136,Hygge Elv 2.0 Insulated Mug Slate Grey,Reliable insulated mug from Hygge's Elv 2.0 range. Slate Grey. A wholesale staple for outdoor retailers.,8,24,Insulated Mug,Slate Grey,Slate Grey,pcs,6,6,0.039,true,,2022-07-08
1914,HYG-KIT-0002,6402026019143,Hygge Elv 2.0 Insulated Mug Lichen,"Hygge Elv 2.0: a insulated mug that balances weight, durability and price. Lichen. Retail-ready packaging.",8,24,Insulated Mug,Lichen,Lichen,pcs,1,1,0.226,true,,2024-10-09
1915,HYG-KIT-0003,6402026019150,Hygge Elv 2.0 Insulated Mug Burnt Orange,The Elv 2.0 insulated mug by Hygge. Burnt Orange. Popular with rental outfitters and clubs.,8,24,Insulated Mug,Burnt Orange,Burnt Orange,pcs,1,1,0.253,true,,2023-11-28
1916,HYG-KIT-0004,6402026019167,Hygge Elv 2.0 Insulated Mug Graphite,"Hygge Elv 2.0 Insulated Mug for camp kitchen. Graphite. Built for Nordic conditions, season after season.",8,24,Insulated Mug,Graphite,Graphite,pcs,1,1,0.061,true,,2020-05-16
1917,HYG-KIT-0005,6402026019174,Hygge Vuori Lite Camp Stove Lichen,Reliable camp stove from Hygge's Vuori Lite range. Lichen. A wholesale staple for outdoor retailers.,8,24,Camp Stove,Lichen,Lichen,pcs,1,1,0.504,true,,2020-08-11
1918,HYG-KIT-0006,6402026019181,Hygge Vuori Lite Camp Stove Slate Grey,"Hygge Vuori Lite: a camp stove that balances weight, durability and price. Slate Grey. Retail-ready packaging.",8,24,Camp Stove,Slate Grey,Slate Grey,pcs,6,6,0.419,true,,2024-11-17
1919,HYG-KIT-0007,6402026019198,Hygge Vuori Lite Camp Stove Deep Teal,The Vuori Lite camp stove by Hygge. Deep Teal. Popular with rental outfitters and clubs.,8,24,Camp Stove,Deep Teal,Deep Teal,pcs,6,6,0.435,true,,2024-09-13
1920,HYG-KIT-0008,6402026019204,Hygge Tind Eco Insulated Mug Ruby Red,"Hygge Tind Eco Insulated Mug for camp kitchen. Ruby Red. Built for Nordic conditions, season after season.",8,24,Insulated Mug,Ruby Red,Ruby Red,pcs,1,1,0.345,true,,2020-02-10
1921,HYG-KIT-0009,6402026019211,Hygge Tind Eco Insulated Mug Petrol,Reliable insulated mug from Hygge's Tind Eco range. Petrol. A wholesale staple for outdoor retailers.,8,24,Insulated Mug,Petrol,Petrol,pcs,1,1,0.138,true,,2025-09-08
1922,HYG-KIT-0010,6402026019228,Hygge Tind Eco Insulated Mug Sunset Yellow,"Hygge Tind Eco: a insulated mug that balances weight, durability and price. Sunset Yellow. Retail-ready packaging.",8,24,Insulated Mug,Sunset Yellow,Sunset Yellow,pcs,6,6,0.083,true,,2019-05-25
1923,HYG-KIT-0011,6402026019235,Hygge Tind Eco Insulated Mug Graphite,The Tind Eco insulated mug by Hygge. Graphite. Popular with rental outfitters and clubs.,8,24,Insulated Mug,Graphite,Graphite,pcs,1,1,0.335,true,,2024-02-12
1924,HYG-KIT-0012,6402026019242,Hygge Abisko Gas Canister 100 g,"Hygge Abisko Gas Canister for camp kitchen. 100 g. Built for Nordic conditions, season after season.",8,24,Gas Canister,100 g,,pcs,6,6,0.200,true,,2022-10-19
1925,HYG-KIT-0013,6402026019259,Hygge Abisko Gas Canister 230 g,Reliable gas canister from Hygge's Abisko range. 230 g. A wholesale staple for outdoor retailers.,8,24,Gas Canister,230 g,,pcs,6,6,0.060,true,,2025-07-12
1926,HYG-KIT-0014,6402026019266,Hygge Abisko Gas Canister 450 g,"Hygge Abisko: a gas canister that balances weight, durability and price. 450 g. Retail-ready packaging.",8,24,Gas Canister,450 g,,pcs,1,1,0.241,true,,2021-09-22
1927,HYG-KIT-0015,6402026019273,Hygge Vidda II Water Bottle Graphite,The Vidda II water bottle by Hygge. Graphite. Popular with rental outfitters and clubs.,8,24,Water Bottle,Graphite,Graphite,pcs,12,12,0.039,true,,2025-10-16
1928,HYG-KIT-0016,6402026019280,Hygge Vidda II Water Bottle Ochre,"Hygge Vidda II Water Bottle for camp kitchen. Ochre. Built for Nordic conditions, season after season.",8,24,Water Bottle,Ochre,Ochre,pcs,1,1,0.281,true,,2026-04-20
1929,HYG-KIT-0017,6402026019297,Hygge Vidda II Water Bottle Sunset Yellow,Reliable water bottle from Hygge's Vidda II range. Sunset Yellow. A wholesale staple for outdoor retailers.,8,24,Water Bottle,Sunset Yellow,Sunset Yellow,pcs,1,1,0.280,true,,2024-07-10
1930,HYG-KIT-0018,6402026019303,Hygge Vidda II Water Bottle Midnight Blue,"Hygge Vidda II: a water bottle that balances weight, durability and price. Midnight Blue. Retail-ready packaging.",8,24,Water Bottle,Midnight Blue,Midnight Blue,pcs,1,1,0.052,true,,2023-10-12
1931,HYG-KIT-0019,6402026019310,Hygge Vidda II Water Bottle Sand,The Vidda II water bottle by Hygge. Sand. Popular with rental outfitters and clubs.,8,24,Water Bottle,Sand,Sand,pcs,1,1,0.308,true,,2024-09-24
1932,HYG-KIT-0020,6402026019327,Hygge Trail Water Bottle Ruby Red,"Hygge Trail Water Bottle for camp kitchen. Ruby Red. Built for Nordic conditions, season after season.",8,24,Water Bottle,Ruby Red,Ruby Red,pcs,1,1,0.257,true,,2021-12-15
1933,HYG-KIT-0021,6402026019334,Hygge Trail Water Bottle Moss Green,Reliable water bottle from Hygge's Trail range. Moss Green. A wholesale staple for outdoor retailers.,8,24,Water Bottle,Moss Green,Moss Green,pcs,1,1,0.285,true,,2025-11-25
1934,HYG-KIT-0022,6402026019341,Hygge Trail Water Bottle Arctic White,"Hygge Trail: a water bottle that balances weight, durability and price. Arctic White. Retail-ready packaging.",8,24,Water Bottle,Arctic White,Arctic White,pcs,6,6,0.329,true,,2019-05-19
1935,HYG-KIT-0023,6402026019358,Hygge Ridge Lite Insulated Mug Burnt Orange,The Ridge Lite insulated mug by Hygge. Burnt Orange. Popular with rental outfitters and clubs.,8,24,Insulated Mug,Burnt Orange,Burnt Orange,pcs,12,12,0.100,true,,2022-04-28
1936,HYG-KIT-0024,6402026019365,Hygge Ridge Lite Insulated Mug Sunset Yellow,"Hygge Ridge Lite Insulated Mug for camp kitchen. Sunset Yellow. Built for Nordic conditions, season after season.",8,24,Insulated Mug,Sunset Yellow,Sunset Yellow,pcs,1,1,0.066,true,,2023-03-18
1937,HYG-KIT-0025,6402026019372,Hygge Kungsleden II Camp Stove Arctic White,Reliable camp stove from Hygge's Kungsleden II range. Arctic White. A wholesale staple for outdoor retailers.,8,24,Camp Stove,Arctic White,Arctic White,pcs,1,1,0.570,true,,2025-05-12
1938,HYG-KIT-0026,6402026019389,Hygge Kungsleden II Camp Stove Burnt Orange,"Hygge Kungsleden II: a camp stove that balances weight, durability and price. Burnt Orange. Retail-ready packaging.",8,24,Camp Stove,Burnt Orange,Burnt Orange,pcs,1,1,0.207,true,,2024-09-17
1939,HYG-KIT-0027,6402026019396,Hygge Kungsleden II Camp Stove Forest,The Kungsleden II camp stove by Hygge. Forest. Popular with rental outfitters and clubs.,8,24,Camp Stove,Forest,Forest,pcs,1,1,0.037,true,,2025-10-18
1940,HYG-KIT-0028,6402026019402,Hygge Sylarna Plus Camp Stove Sunset Yellow,"Hygge Sylarna Plus Camp Stove for camp kitchen. Sunset Yellow. Built for Nordic conditions, season after season.",8,24,Camp Stove,Sunset Yellow,Sunset Yellow,pcs,6,6,0.663,true,,2024-01-24
1941,HYG-KIT-0029,6402026019419,Hygge Sylarna Plus Camp Stove Forest,Reliable camp stove from Hygge's Sylarna Plus range. Forest. A wholesale staple for outdoor retailers.,8,24,Camp Stove,Forest,Forest,pcs,6,6,0.576,true,,2020-06-13
1942,HYG-KIT-0030,6402026019426,Hygge Jotun Gas Canister 100 g,"Hygge Jotun: a gas canister that balances weight, durability and price. 100 g. Retail-ready packaging.",8,24,Gas Canister,100 g,,pcs,6,6,0.214,true,,2020-09-17
1943,HYG-KIT-0031,6402026019433,Hygge Jotun Gas Canister 230 g,The Jotun gas canister by Hygge. 230 g. Popular with rental outfitters and clubs.,8,24,Gas Canister,230 g,,pcs,1,1,0.042,true,,2025-12-05
1944,HYG-KIT-0032,6402026019440,Hygge Jotun Gas Canister 450 g,"Hygge Jotun Gas Canister for camp kitchen. 450 g. Built for Nordic conditions, season after season.",8,24,Gas Canister,450 g,,pcs,6,6,0.251,true,,2024-11-27
1945,HYG-KIT-0033,6402026019457,Hygge Nordic XT Gas Canister 230 g,Reliable gas canister from Hygge's Nordic XT range. 230 g. A wholesale staple for outdoor retailers.,8,24,Gas Canister,230 g,,pcs,12,12,0.122,true,,2019-02-28
1946,HYG-KIT-0034,6402026019464,Hygge Summit Plus Titanium Spork,"Hygge Summit Plus: a titanium spork that balances weight, durability and price. Retail-ready packaging.",8,24,Titanium Spork,,,pcs,1,1,0.238,true,,2025-11-22
1947,HYG-KIT-0035,6402026019471,Hygge Halti Lite Gas Canister 230 g,The Halti Lite gas canister by Hygge. 230 g. Popular with rental outfitters and clubs.,8,24,Gas Canister,230 g,,pcs,6,6,0.152,true,,2023-05-02
1948,HYG-KIT-0036,6402026019488,Hygge Halti Lite Gas Canister 100 g,"Hygge Halti Lite Gas Canister for camp kitchen. 100 g. Built for Nordic conditions, season after season.",8,24,Gas Canister,100 g,,pcs,6,6,0.267,true,,2023-01-04
1949,HYG-KIT-0037,6402026019495,Hygge Ridge Camp Stove Ochre,Reliable camp stove from Hygge's Ridge range. Ochre. A wholesale staple for outdoor retailers.,8,24,Camp Stove,Ochre,Ochre,pcs,6,6,0.580,true,,2021-12-09
1950,HYG-KIT-0038,6402026019501,Hygge Ridge Camp Stove Moss Green,"Hygge Ridge: a camp stove that balances weight, durability and price. Moss Green. Retail-ready packaging.",8,24,Camp Stove,Moss Green,Moss Green,pcs,12,12,0.611,true,,2023-11-27
1951,HYG-KIT-0039,6402026019518,Hygge Ridge Camp Stove Slate Grey,The Ridge camp stove by Hygge. Slate Grey. Popular with rental outfitters and clubs.,8,24,Camp Stove,Slate Grey,Slate Grey,pcs,1,1,0.339,true,,2022-09-08
1952,HYG-KIT-0040,6402026019525,Hygge Åreskutan WP Cookset Burnt Orange,"Hygge Åreskutan WP Cookset for camp kitchen. Burnt Orange. Built for Nordic conditions, season after season.",8,24,Cookset,Burnt Orange,Burnt Orange,pcs,6,6,0.033,true,,2023-07-31
1953,HYG-KIT-0041,6402026019532,Hygge Åreskutan WP Cookset Petrol,Reliable cookset from Hygge's Åreskutan WP range. Petrol. A wholesale staple for outdoor retailers.,8,24,Cookset,Petrol,Petrol,pcs,1,1,0.313,true,,2021-12-02
1954,HYG-KIT-0042,6402026019549,Hygge Åreskutan WP Cookset Deep Teal,"Hygge Åreskutan WP: a cookset that balances weight, durability and price. Deep Teal. Retail-ready packaging.",8,24,Cookset,Deep Teal,Deep Teal,pcs,6,6,0.038,true,,2024-10-02
1955,HYG-KIT-0043,6402026019556,Hygge Åreskutan WP Cookset Forest,The Åreskutan WP cookset by Hygge. Forest. Popular with rental outfitters and clubs.,8,24,Cookset,Forest,Forest,pcs,1,1,0.357,true,,2021-10-10
1956,HYG-KIT-0044,6402026019563,Hygge Åreskutan WP Cookset Ruby Red,"Hygge Åreskutan WP Cookset for camp kitchen. Ruby Red. Built for Nordic conditions, season after season.",8,24,Cookset,Ruby Red,Ruby Red,pcs,1,1,0.277,true,,2019-02-14
1957,HYG-KIT-0045,6402026019570,Hygge Trail Water Filter Graphite,Reliable water filter from Hygge's Trail range. Graphite. A wholesale staple for outdoor retailers.,8,24,Water Filter,Graphite,Graphite,pcs,12,12,0.586,true,,2024-10-21
1958,HYG-KIT-0046,6402026019587,Hygge Trail Water Filter Moss Green,"Hygge Trail: a water filter that balances weight, durability and price. Moss Green. Retail-ready packaging.",8,24,Water Filter,Moss Green,Moss Green,pcs,1,1,0.067,true,,2026-04-11
1959,HYG-KIT-0047,6402026019594,Hygge Trail Water Filter Slate Grey,The Trail water filter by Hygge. Slate Grey. Popular with rental outfitters and clubs.,8,24,Water Filter,Slate Grey,Slate Grey,pcs,6,6,0.216,true,,2019-02-15
1960,HYG-KIT-0048,6402026019600,Hygge Ruska Lite Camp Stove Moss Green,"Hygge Ruska Lite Camp Stove for camp kitchen. Moss Green. Built for Nordic conditions, season after season.",8,24,Camp Stove,Moss Green,Moss Green,pcs,12,12,0.331,true,,2023-02-04
1961,HYG-KIT-0049,6402026019617,Hygge Ruska Lite Camp Stove Sand,Reliable camp stove from Hygge's Ruska Lite range. Sand. A wholesale staple for outdoor retailers.,8,24,Camp Stove,Sand,Sand,pcs,1,1,0.279,false,2022-05-11,2019-12-02
1962,HYG-KIT-0050,6402026019624,Hygge Pallas Eco Camp Stove Sand,"Hygge Pallas Eco: a camp stove that balances weight, durability and price. Sand. Retail-ready packaging.",8,24,Camp Stove,Sand,Sand,pcs,1,1,0.499,true,,2022-08-08
1963,HYG-KIT-0051,6402026019631,Hygge Pallas Eco Camp Stove Petrol,The Pallas Eco camp stove by Hygge. Petrol. Popular with rental outfitters and clubs.,8,24,Camp Stove,Petrol,Petrol,pcs,6,6,0.390,true,,2024-04-06
1964,HYG-KIT-0052,6402026019648,Hygge Ruska Cookset Burnt Orange,"Hygge Ruska Cookset for camp kitchen. Burnt Orange. Built for Nordic conditions, season after season.",8,24,Cookset,Burnt Orange,Burnt Orange,pcs,1,1,0.360,true,,2019-12-22
1965,HYG-SLP-0001,6402026019655,Hygge Sarek Sleeping Mat Arctic White,Reliable sleeping mat from Hygge's Sarek range. Arctic White. A wholesale staple for outdoor retailers.,2,24,Sleeping Mat,Arctic White,Arctic White,pcs,12,12,0.942,true,,2023-06-12
1966,HYG-SLP-0002,6402026019662,Hygge Sarek Sleeping Mat Petrol,"Hygge Sarek: a sleeping mat that balances weight, durability and price. Petrol. Retail-ready packaging.",2,24,Sleeping Mat,Petrol,Petrol,pcs,1,1,1.053,true,,2020-08-10
1967,HYG-SLP-0003,6402026019679,Hygge Sarek Sleeping Mat Sand,The Sarek sleeping mat by Hygge. Sand. Popular with rental outfitters and clubs.,2,24,Sleeping Mat,Sand,Sand,pcs,12,12,0.386,true,,2023-02-06
1968,HYG-SLP-0004,6402026019686,Hygge Nordkapp Insulated Mat Burnt Orange,"Hygge Nordkapp Insulated Mat for sleeping bags & mats. Burnt Orange. Built for Nordic conditions, season after season.",2,24,Insulated Mat,Burnt Orange,Burnt Orange,pcs,1,1,1.584,true,,2019-05-05
1969,HYG-SLP-0005,6402026019693,Hygge Nordkapp Insulated Mat Sunset Yellow,Reliable insulated mat from Hygge's Nordkapp range. Sunset Yellow. A wholesale staple for outdoor retailers.,2,24,Insulated Mat,Sunset Yellow,Sunset Yellow,pcs,1,1,0.466,true,,2024-01-18
1970,HYG-SLP-0006,6402026019709,Hygge Lumi Pro Bag Liner Graphite,"Hygge Lumi Pro: a bag liner that balances weight, durability and price. Graphite. Retail-ready packaging.",2,24,Bag Liner,Graphite,Graphite,pcs,1,1,0.215,true,,2019-11-20
1971,HYG-SLP-0007,6402026019716,Hygge Lumi Pro Bag Liner Burnt Orange,The Lumi Pro bag liner by Hygge. Burnt Orange. Popular with rental outfitters and clubs.,2,24,Bag Liner,Burnt Orange,Burnt Orange,pcs,12,12,0.643,true,,2024-11-18
1972,HYG-SLP-0008,6402026019723,Hygge Lumi Pro Bag Liner Sand,"Hygge Lumi Pro Bag Liner for sleeping bags & mats. Sand. Built for Nordic conditions, season after season.",2,24,Bag Liner,Sand,Sand,pcs,1,1,0.546,true,,2025-12-01
1973,HYG-SLP-0009,6402026019730,Hygge Lumi Pro Bag Liner Arctic White,Reliable bag liner from Hygge's Lumi Pro range. Arctic White. A wholesale staple for outdoor retailers.,2,24,Bag Liner,Arctic White,Arctic White,pcs,1,1,0.256,true,,2025-01-22
1974,HYG-SLP-0010,6402026019747,Hygge Lumi Synthetic Sleeping Bag -5°C Black,"Hygge Lumi: a synthetic sleeping bag that balances weight, durability and price. -5°C / Black. Retail-ready packaging.",2,24,Synthetic Sleeping Bag,-5°C,Black,pcs,1,1,0.710,true,,2024-11-09
1975,HYG-SLP-0011,6402026019754,Hygge Lumi Synthetic Sleeping Bag 0°C Black,The Lumi synthetic sleeping bag by Hygge. 0°C / Black. Popular with rental outfitters and clubs.,2,24,Synthetic Sleeping Bag,0°C,Black,pcs,1,1,1.173,true,,2024-04-25
1976,HYG-SLP-0012,6402026019761,Hygge Nuten Down Sleeping Bag +5°C Sunset Yellow,"Hygge Nuten Down Sleeping Bag for sleeping bags & mats. +5°C / Sunset Yellow. Built for Nordic conditions, season after season.",2,24,Down Sleeping Bag,+5°C,Sunset Yellow,pcs,1,1,2.448,true,,2025-06-11
1977,HYG-SLP-0013,6402026019778,Hygge Nuten Down Sleeping Bag 0°C Sunset Yellow,Reliable down sleeping bag from Hygge's Nuten range. 0°C / Sunset Yellow. A wholesale staple for outdoor retailers.,2,24,Down Sleeping Bag,0°C,Sunset Yellow,pcs,12,12,2.117,true,,2020-01-24
1978,HYG-SLP-0014,6402026019785,Hygge Kebne XT Camp Pillow Burnt Orange,"Hygge Kebne XT: a camp pillow that balances weight, durability and price. Burnt Orange. Retail-ready packaging.",2,24,Camp Pillow,Burnt Orange,Burnt Orange,pcs,12,12,0.641,true,,2021-04-09
1979,HYG-SLP-0015,6402026019792,Hygge Kebne XT Camp Pillow Sand,The Kebne XT camp pillow by Hygge. Sand. Popular with rental outfitters and clubs.,2,24,Camp Pillow,Sand,Sand,pcs,1,1,0.261,true,,2024-11-29
1980,HYG-SLP-0016,6402026019808,Hygge Kebne XT Camp Pillow Arctic White,"Hygge Kebne XT Camp Pillow for sleeping bags & mats. Arctic White. Built for Nordic conditions, season after season.",2,24,Camp Pillow,Arctic White,Arctic White,pcs,12,12,0.434,true,,2024-07-04
1981,HYG-SLP-0017,6402026019815,Hygge Tundra Down Sleeping Bag 0°C Sand,Reliable down sleeping bag from Hygge's Tundra range. 0°C / Sand. A wholesale staple for outdoor retailers.,2,24,Down Sleeping Bag,0°C,Sand,pcs,12,12,1.493,true,,2021-11-04
1982,HYG-SLP-0018,6402026019822,Hygge Tundra Down Sleeping Bag +5°C Sand,"Hygge Tundra: a down sleeping bag that balances weight, durability and price. +5°C / Sand. Retail-ready packaging.",2,24,Down Sleeping Bag,+5°C,Sand,pcs,12,12,1.930,false,2024-11-03,2022-08-27
1983,HYG-SLP-0019,6402026019839,Hygge Tundra Down Sleeping Bag -5°C Sand,The Tundra down sleeping bag by Hygge. -5°C / Sand. Popular with rental outfitters and clubs.,2,24,Down Sleeping Bag,-5°C,Sand,pcs,6,6,1.763,true,,2023-10-03
1984,HYG-SLP-0020,6402026019846,Hygge Fjell Lite Synthetic Sleeping Bag -10°C Burnt Orange,"Hygge Fjell Lite Synthetic Sleeping Bag for sleeping bags & mats. -10°C / Burnt Orange. Built for Nordic conditions, season after season.",2,24,Synthetic Sleeping Bag,-10°C,Burnt Orange,pcs,1,1,0.506,true,,2020-08-28
1985,HYG-SLP-0021,6402026019853,Hygge Fjell Lite Synthetic Sleeping Bag +5°C Burnt Orange,Reliable synthetic sleeping bag from Hygge's Fjell Lite range. +5°C / Burnt Orange. A wholesale staple for outdoor retailers.,2,24,Synthetic Sleeping Bag,+5°C,Burnt Orange,pcs,12,12,1.510,true,,2020-12-18
1986,HYG-SLP-0022,6402026019860,Hygge Fjell Lite Synthetic Sleeping Bag -20°C Burnt Orange,"Hygge Fjell Lite: a synthetic sleeping bag that balances weight, durability and price. -20°C / Burnt Orange. Retail-ready packaging.",2,24,Synthetic Sleeping Bag,-20°C,Burnt Orange,pcs,6,6,1.739,true,,2025-04-21
1987,HYG-SLP-0023,6402026019877,Hygge Alpine XT Down Sleeping Bag 0°C Arctic White,The Alpine XT down sleeping bag by Hygge. 0°C / Arctic White. Popular with rental outfitters and clubs.,2,24,Down Sleeping Bag,0°C,Arctic White,pcs,1,1,1.270,true,,2020-04-04
1988,HYG-SLP-0024,6402026019884,Hygge Alpine XT Down Sleeping Bag -5°C Arctic White,"Hygge Alpine XT Down Sleeping Bag for sleeping bags & mats. -5°C / Arctic White. Built for Nordic conditions, season after season.",2,24,Down Sleeping Bag,-5°C,Arctic White,pcs,1,1,2.246,true,,2026-03-07
1989,HYG-SLP-0025,6402026019891,Hygge Vuori Sleeping Mat Ruby Red,Reliable sleeping mat from Hygge's Vuori range. Ruby Red. A wholesale staple for outdoor retailers.,2,24,Sleeping Mat,Ruby Red,Ruby Red,pcs,1,1,0.456,true,,2019-10-26
1990,HYG-SLP-0026,6402026019907,Hygge Vuori Sleeping Mat Sunset Yellow,"Hygge Vuori: a sleeping mat that balances weight, durability and price. Sunset Yellow. Retail-ready packaging.",2,24,Sleeping Mat,Sunset Yellow,Sunset Yellow,pcs,6,6,0.241,true,,2020-06-21
1991,HYG-SLP-0027,6402026019914,Hygge Vuori Sleeping Mat Black,The Vuori sleeping mat by Hygge. Black. Popular with rental outfitters and clubs.,2,24,Sleeping Mat,Black,Black,pcs,1,1,0.858,true,,2020-07-14
1992,HYG-SLP-0028,6402026019921,Hygge Vuori Sleeping Mat Sand,"Hygge Vuori Sleeping Mat for sleeping bags & mats. Sand. Built for Nordic conditions, season after season.",2,24,Sleeping Mat,Sand,Sand,pcs,1,1,0.910,true,,2023-11-18
1993,HYG-SLP-0029,6402026019938,Hygge Ruska Pro Sleeping Mat Lichen,Reliable sleeping mat from Hygge's Ruska Pro range. Lichen. A wholesale staple for outdoor retailers.,2,24,Sleeping Mat,Lichen,Lichen,pcs,1,1,1.084,true,,2022-11-08
1994,HYG-SLP-0030,6402026019945,Hygge Ruska Pro Sleeping Mat Sunset Yellow,"Hygge Ruska Pro: a sleeping mat that balances weight, durability and price. Sunset Yellow. Retail-ready packaging.",2,24,Sleeping Mat,Sunset Yellow,Sunset Yellow,pcs,1,1,0.351,true,,2021-02-19
1995,HYG-SLP-0031,6402026019952,Hygge Helags Camp Pillow Graphite,The Helags camp pillow by Hygge. Graphite. Popular with rental outfitters and clubs.,2,24,Camp Pillow,Graphite,Graphite,pcs,6,6,0.597,true,,2019-11-17
1996,HYG-SLP-0032,6402026019969,Hygge Helags Camp Pillow Midnight Blue,"Hygge Helags Camp Pillow for sleeping bags & mats. Midnight Blue. Built for Nordic conditions, season after season.",2,24,Camp Pillow,Midnight Blue,Midnight Blue,pcs,12,12,0.645,true,,2022-02-25
1997,HYG-SLP-0033,6402026019976,Hygge Padjelanta Plus Bag Liner Ochre,Reliable bag liner from Hygge's Padjelanta Plus range. Ochre. A wholesale staple for outdoor retailers.,2,24,Bag Liner,Ochre,Ochre,pcs,6,6,0.150,true,,2019-05-10
1998,HYG-SLP-0034,6402026019983,Hygge Padjelanta Plus Bag Liner Lichen,"Hygge Padjelanta Plus: a bag liner that balances weight, durability and price. Lichen. Retail-ready packaging.",2,24,Bag Liner,Lichen,Lichen,pcs,1,1,0.147,true,,2019-06-25
1999,HYG-SLP-0035,6402026019990,Hygge Padjelanta Plus Bag Liner Deep Teal,The Padjelanta Plus bag liner by Hygge. Deep Teal. Popular with rental outfitters and clubs.,2,24,Bag Liner,Deep Teal,Deep Teal,pcs,1,1,0.238,true,,2022-12-29
2000,HYG-SLP-0036,6402026020002,Hygge Arctic WP Synthetic Sleeping Bag 0°C Lichen,"Hygge Arctic WP Synthetic Sleeping Bag for sleeping bags & mats. 0°C / Lichen. Built for Nordic conditions, season after season.",2,24,Synthetic Sleeping Bag,0°C,Lichen,pcs,12,12,0.741,true,,2022-03-12
2001,HYG-SLP-0037,6402026020019,Hygge Arctic WP Synthetic Sleeping Bag -20°C Lichen,Reliable synthetic sleeping bag from Hygge's Arctic WP range. -20°C / Lichen. A wholesale staple for outdoor retailers.,2,24,Synthetic Sleeping Bag,-20°C,Lichen,pcs,1,1,1.587,true,,2025-07-31
2002,HYG-SLP-0038,6402026020026,Hygge Arctic WP Synthetic Sleeping Bag -10°C Lichen,"Hygge Arctic WP: a synthetic sleeping bag that balances weight, durability and price. -10°C / Lichen. Retail-ready packaging.",2,24,Synthetic Sleeping Bag,-10°C,Lichen,pcs,1,1,1.468,true,,2022-05-09
2003,HYG-SLP-0039,6402026020033,Hygge Arctic WP Synthetic Sleeping Bag -5°C Lichen,The Arctic WP synthetic sleeping bag by Hygge. -5°C / Lichen. Popular with rental outfitters and clubs.,2,24,Synthetic Sleeping Bag,-5°C,Lichen,pcs,1,1,0.518,true,,2019-10-26
2004,HYG-SLP-0040,6402026020040,Hygge Arctic WP Synthetic Sleeping Bag +5°C Lichen,"Hygge Arctic WP Synthetic Sleeping Bag for sleeping bags & mats. +5°C / Lichen. Built for Nordic conditions, season after season.",2,24,Synthetic Sleeping Bag,+5°C,Lichen,pcs,1,1,1.700,true,,2022-01-01
2005,HYG-SLP-0041,6402026020057,Hygge Hav II Sleeping Mat Midnight Blue,Reliable sleeping mat from Hygge's Hav II range. Midnight Blue. A wholesale staple for outdoor retailers.,2,24,Sleeping Mat,Midnight Blue,Midnight Blue,pcs,1,1,0.616,true,,2025-01-05
2006,HYG-SLP-0042,6402026020064,Hygge Hav II Sleeping Mat Ruby Red,"Hygge Hav II: a sleeping mat that balances weight, durability and price. Ruby Red. Retail-ready packaging.",2,24,Sleeping Mat,Ruby Red,Ruby Red,pcs,1,1,0.373,true,,2019-03-10
2007,HYG-SLP-0043,6402026020071,Hygge Hav II Sleeping Mat Ochre,The Hav II sleeping mat by Hygge. Ochre. Popular with rental outfitters and clubs.,2,24,Sleeping Mat,Ochre,Ochre,pcs,6,6,0.878,true,,2026-01-25
2008,HYG-SLP-0044,6402026020088,Hygge Hav II Sleeping Mat Burnt Orange,"Hygge Hav II Sleeping Mat for sleeping bags & mats. Burnt Orange. Built for Nordic conditions, season after season.",2,24,Sleeping Mat,Burnt Orange,Burnt Orange,pcs,12,12,1.127,true,,2019-08-09
2009,HYG-SLP-0045,6402026020095,Hygge Summit WP Down Sleeping Bag 0°C Lichen,Reliable down sleeping bag from Hygge's Summit WP range. 0°C / Lichen. A wholesale staple for outdoor retailers.,2,24,Down Sleeping Bag,0°C,Lichen,pcs,1,1,0.900,true,,2026-03-24
2010,HYG-SLP-0046,6402026020101,Hygge Summit WP Down Sleeping Bag +5°C Lichen,"Hygge Summit WP: a down sleeping bag that balances weight, durability and price. +5°C / Lichen. Retail-ready packaging.",2,24,Down Sleeping Bag,+5°C,Lichen,pcs,1,1,1.366,true,,2019-03-21
2011,HYG-SLP-0047,6402026020118,Hygge Summit WP Down Sleeping Bag -20°C Lichen,The Summit WP down sleeping bag by Hygge. -20°C / Lichen. Popular with rental outfitters and clubs.,2,24,Down Sleeping Bag,-20°C,Lichen,pcs,6,6,0.848,true,,2019-10-31
2012,HYG-TNT-0001,6402026020125,Hygge Lyngen Pro Bivy Petrol,"Hygge Lyngen Pro Bivy for tents & shelters. Petrol. Built for Nordic conditions, season after season.",1,24,Bivy,Petrol,Petrol,pcs,1,1,1.799,true,,2021-10-08
2013,HYG-TNT-0002,6402026020132,Hygge Lyngen Pro Bivy Burnt Orange,Reliable bivy from Hygge's Lyngen Pro range. Burnt Orange. A wholesale staple for outdoor retailers.,1,24,Bivy,Burnt Orange,Burnt Orange,pcs,6,6,3.006,true,,2019-09-03
2014,HYG-TNT-0003,6402026020149,Hygge Lyngen Pro Bivy Forest,"Hygge Lyngen Pro: a bivy that balances weight, durability and price. Forest. Retail-ready packaging.",1,24,Bivy,Forest,Forest,pcs,1,1,2.689,true,,2020-12-21
2015,HYG-TNT-0004,6402026020156,Hygge Ylläs II Tunnel Tent 2P Sunset Yellow,The Ylläs II tunnel tent by Hygge. 2P / Sunset Yellow. Popular with rental outfitters and clubs.,1,24,Tunnel Tent,2P,Sunset Yellow,pcs,6,6,1.721,true,,2021-05-20
2016,HYG-TNT-0005,6402026020163,Hygge Fjell Plus Tent 3P Black,"Hygge Fjell Plus Tent for tents & shelters. 3P / Black. Built for Nordic conditions, season after season.",1,24,Tent,3P,Black,pcs,1,1,1.266,true,,2024-09-23
2017,HYG-TNT-0006,6402026020170,Hygge Vinter Lite Bivy Sunset Yellow,Reliable bivy from Hygge's Vinter Lite range. Sunset Yellow. A wholesale staple for outdoor retailers.,1,24,Bivy,Sunset Yellow,Sunset Yellow,pcs,1,1,3.151,false,2024-02-13,2021-02-18
2018,HYG-TNT-0007,6402026020187,Hygge Ridge Bivy Lichen,"Hygge Ridge: a bivy that balances weight, durability and price. Lichen. Retail-ready packaging.",1,24,Bivy,Lichen,Lichen,pcs,12,12,3.102,true,,2019-04-19
2019,HYG-TNT-0008,6402026020194,Hygge Senja Tent 3P Sunset Yellow,The Senja tent by Hygge. 3P / Sunset Yellow. Popular with rental outfitters and clubs.,1,24,Tent,3P,Sunset Yellow,pcs,1,1,1.526,true,,2021-11-30
2020,HYG-TNT-0009,6402026020200,Hygge Senja Tent 2P Sunset Yellow,"Hygge Senja Tent for tents & shelters. 2P / Sunset Yellow. Built for Nordic conditions, season after season.",1,24,Tent,2P,Sunset Yellow,pcs,6,6,4.995,true,,2021-10-18
2021,HYG-TNT-0010,6402026020217,Hygge Fjell Footprint 2P Sand,Reliable footprint from Hygge's Fjell range. 2P / Sand. A wholesale staple for outdoor retailers.,1,24,Footprint,2P,Sand,pcs,1,1,0.952,true,,2022-12-12
2022,HYG-TNT-0011,6402026020224,Hygge Fjell Footprint 1P Sand,"Hygge Fjell: a footprint that balances weight, durability and price. 1P / Sand. Retail-ready packaging.",1,24,Footprint,1P,Sand,pcs,1,1,1.198,true,,2025-03-28
2023,HYG-TNT-0012,6402026020231,Hygge Fjell Footprint 4P Sand,The Fjell footprint by Hygge. 4P / Sand. Popular with rental outfitters and clubs.,1,24,Footprint,4P,Sand,pcs,12,12,1.204,true,,2020-12-03
2024,HYG-TNT-0013,6402026020248,Hygge Fjell Footprint 3P Sand,"Hygge Fjell Footprint for tents & shelters. 3P / Sand. Built for Nordic conditions, season after season.",1,24,Footprint,3P,Sand,pcs,1,1,1.519,true,,2021-08-16
2025,HYG-TNT-0014,6402026020255,Hygge Saana 2.0 Tunnel Tent 1P Graphite,Reliable tunnel tent from Hygge's Saana 2.0 range. 1P / Graphite. A wholesale staple for outdoor retailers.,1,24,Tunnel Tent,1P,Graphite,pcs,1,1,7.465,true,,2023-02-06
2026,HYG-TNT-0015,6402026020262,Hygge Saana 2.0 Tunnel Tent 3P Graphite,"Hygge Saana 2.0: a tunnel tent that balances weight, durability and price. 3P / Graphite. Retail-ready packaging.",1,24,Tunnel Tent,3P,Graphite,pcs,1,1,3.622,true,,2019-03-10
2027,HYG-TNT-0016,6402026020279,Hygge Kilpis II Tent 3P Moss Green,The Kilpis II tent by Hygge. 3P / Moss Green. Popular with rental outfitters and clubs.,1,24,Tent,3P,Moss Green,pcs,1,1,6.126,true,,2024-06-07
2028,HYG-TNT-0017,6402026020286,Hygge Jotun Pro Footprint 2P Sand,"Hygge Jotun Pro Footprint for tents & shelters. 2P / Sand. Built for Nordic conditions, season after season.",1,24,Footprint,2P,Sand,pcs,12,12,1.010,true,,2022-12-03
2029,HYG-TNT-0018,6402026020293,Hygge Jotun Pro Footprint 3P Sand,Reliable footprint from Hygge's Jotun Pro range. 3P / Sand. A wholesale staple for outdoor retailers.,1,24,Footprint,3P,Sand,pcs,1,1,1.744,true,,2021-06-02
2030,HYG-TNT-0019,6402026020309,Hygge Jotun Pro Footprint 1P Sand,"Hygge Jotun Pro: a footprint that balances weight, durability and price. 1P / Sand. Retail-ready packaging.",1,24,Footprint,1P,Sand,pcs,6,6,1.439,true,,2022-06-06
2031,HYG-TNT-0020,6402026020316,Hygge Jotun Pro Footprint 4P Sand,The Jotun Pro footprint by Hygge. 4P / Sand. Popular with rental outfitters and clubs.,1,24,Footprint,4P,Sand,pcs,1,1,1.503,true,,2020-08-27
2032,HYG-TNT-0021,6402026020323,Hygge Ultra Pro Tarp Arctic White,"Hygge Ultra Pro Tarp for tents & shelters. Arctic White. Built for Nordic conditions, season after season.",1,24,Tarp,Arctic White,Arctic White,pcs,12,12,1.378,true,,2022-08-31
2033,HYG-TNT-0022,6402026020330,Hygge Ultra Pro Tarp Black,Reliable tarp from Hygge's Ultra Pro range. Black. A wholesale staple for outdoor retailers.,1,24,Tarp,Black,Black,pcs,1,1,0.639,false,2023-04-19,2021-10-08
2034,HYG-TNT-0023,6402026020347,Hygge Ultra Pro Tarp Graphite,"Hygge Ultra Pro: a tarp that balances weight, durability and price. Graphite. Retail-ready packaging.",1,24,Tarp,Graphite,Graphite,pcs,6,6,1.522,true,,2024-04-07
2035,HYG-TNT-0024,6402026020354,Hygge Nuten XT Tarp Black,The Nuten XT tarp by Hygge. Black. Popular with rental outfitters and clubs.,1,24,Tarp,Black,Black,pcs,12,12,1.791,true,,2020-01-08
2036,HYG-TNT-0025,6402026020361,Hygge Nuten XT Tarp Ruby Red,"Hygge Nuten XT Tarp for tents & shelters. Ruby Red. Built for Nordic conditions, season after season.",1,24,Tarp,Ruby Red,Ruby Red,pcs,12,12,1.574,false,2023-03-14,2021-02-25
2037,HYG-TNT-0026,6402026020378,Hygge Nuten XT Tarp Forest,Reliable tarp from Hygge's Nuten XT range. Forest. A wholesale staple for outdoor retailers.,1,24,Tarp,Forest,Forest,pcs,1,1,1.304,true,,2024-12-23
2038,HYG-TNT-0027,6402026020385,Hygge Vidda Bivy Black,"Hygge Vidda: a bivy that balances weight, durability and price. Black. Retail-ready packaging.",1,24,Bivy,Black,Black,pcs,12,12,1.822,true,,2023-12-19
2039,HYG-TNT-0028,6402026020392,Hygge Vidda Bivy Lichen,The Vidda bivy by Hygge. Lichen. Popular with rental outfitters and clubs.,1,24,Bivy,Lichen,Lichen,pcs,1,1,2.212,true,,2022-04-16
2040,HYG-TNT-0029,6402026020408,Hygge Vidda Bivy Slate Grey,"Hygge Vidda Bivy for tents & shelters. Slate Grey. Built for Nordic conditions, season after season.",1,24,Bivy,Slate Grey,Slate Grey,pcs,1,1,1.583,true,,2025-08-11
2041,HYG-TNT-0030,6402026020415,Hygge Ridge Lite Tent 2P Black,Reliable tent from Hygge's Ridge Lite range. 2P / Black. A wholesale staple for outdoor retailers.,1,24,Tent,2P,Black,pcs,1,1,1.350,true,,2023-04-15
2042,HYG-TNT-0031,6402026020422,Hygge Ridge Lite Tent 4P Black,"Hygge Ridge Lite: a tent that balances weight, durability and price. 4P / Black. Retail-ready packaging.",1,24,Tent,4P,Black,pcs,1,1,5.403,true,,2020-09-20
2043,HYG-TNT-0032,6402026020439,Hygge Ridge Lite Tent 3P Black,The Ridge Lite tent by Hygge. 3P / Black. Popular with rental outfitters and clubs.,1,24,Tent,3P,Black,pcs,12,12,6.227,true,,2022-11-03
2044,HYG-TNT-0033,6402026020446,Hygge Ridge Lite Tent 1P Black,"Hygge Ridge Lite Tent for tents & shelters. 1P / Black. Built for Nordic conditions, season after season.",1,24,Tent,1P,Black,pcs,1,1,2.795,false,2020-11-07,2019-10-17
2045,HYG-TNT-0034,6402026020453,Hygge Glacier XT Footprint 1P Moss Green,Reliable footprint from Hygge's Glacier XT range. 1P / Moss Green. A wholesale staple for outdoor retailers.,1,24,Footprint,1P,Moss Green,pcs,12,12,1.325,true,,2021-04-28
2046,HYG-TNT-0035,6402026020460,Hygge Glacier XT Footprint 4P Moss Green,"Hygge Glacier XT: a footprint that balances weight, durability and price. 4P / Moss Green. Retail-ready packaging.",1,24,Footprint,4P,Moss Green,pcs,12,12,0.895,true,,2020-04-16
2047,HYG-TNT-0036,6402026020477,Hygge Arctic XT Tarp Graphite,The Arctic XT tarp by Hygge. Graphite. Popular with rental outfitters and clubs.,1,24,Tarp,Graphite,Graphite,pcs,1,1,1.764,true,,2020-09-28
2048,HYG-TNT-0037,6402026020484,Hygge Arctic XT Tarp Ruby Red,"Hygge Arctic XT Tarp for tents & shelters. Ruby Red. Built for Nordic conditions, season after season.",1,24,Tarp,Ruby Red,Ruby Red,pcs,1,1,1.529,true,,2020-12-24
2049,HYG-TNT-0038,6402026020491,Hygge Tind Bivy Moss Green,Reliable bivy from Hygge's Tind range. Moss Green. A wholesale staple for outdoor retailers.,1,24,Bivy,Moss Green,Moss Green,pcs,1,1,1.622,true,,2026-03-09
2050,HYG-TNT-0039,6402026020507,Hygge Tind Bivy Slate Grey,"Hygge Tind: a bivy that balances weight, durability and price. Slate Grey. Retail-ready packaging.",1,24,Bivy,Slate Grey,Slate Grey,pcs,1,1,2.500,true,,2021-06-20
2051,HYG-TNT-0040,6402026020514,Hygge Tind Bivy Burnt Orange,The Tind bivy by Hygge. Burnt Orange. Popular with rental outfitters and clubs.,1,24,Bivy,Burnt Orange,Burnt Orange,pcs,1,1,1.352,true,,2024-04-15
2052,HYG-TNT-0041,6402026020521,Hygge Lumi Tunnel Tent 3P Arctic White,"Hygge Lumi Tunnel Tent for tents & shelters. 3P / Arctic White. Built for Nordic conditions, season after season.",1,24,Tunnel Tent,3P,Arctic White,pcs,1,1,5.428,true,,2022-01-19
2053,HYG-TNT-0042,6402026020538,Hygge Lumi Tunnel Tent 2P Arctic White,Reliable tunnel tent from Hygge's Lumi range. 2P / Arctic White. A wholesale staple for outdoor retailers.,1,24,Tunnel Tent,2P,Arctic White,pcs,1,1,5.974,true,,2024-10-17
2054,HYG-TNT-0043,6402026020545,Hygge Lumi Tunnel Tent 1P Arctic White,"Hygge Lumi: a tunnel tent that balances weight, durability and price. 1P / Arctic White. Retail-ready packaging.",1,24,Tunnel Tent,1P,Arctic White,pcs,12,12,1.925,true,,2024-08-13
2055,HYG-TNT-0044,6402026020552,Hygge Lumi Tunnel Tent 4P Arctic White,The Lumi tunnel tent by Hygge. 4P / Arctic White. Popular with rental outfitters and clubs.,1,24,Tunnel Tent,4P,Arctic White,pcs,1,1,8.144,true,,2024-04-11
2056,HYG-TNT-0045,6402026020569,Hygge Summit Eco Tunnel Tent 1P Forest,"Hygge Summit Eco Tunnel Tent for tents & shelters. 1P / Forest. Built for Nordic conditions, season after season.",1,24,Tunnel Tent,1P,Forest,pcs,1,1,2.054,false,2025-11-29,2023-07-25
2057,HYG-TNT-0046,6402026020576,Hygge Summit Eco Tunnel Tent 4P Forest,Reliable tunnel tent from Hygge's Summit Eco range. 4P / Forest. A wholesale staple for outdoor retailers.,1,24,Tunnel Tent,4P,Forest,pcs,1,1,2.249,true,,2022-12-11
2058,HYG-TNT-0047,6402026020583,Hygge Summit Eco Tunnel Tent 2P Forest,"Hygge Summit Eco: a tunnel tent that balances weight, durability and price. 2P / Forest. Retail-ready packaging.",1,24,Tunnel Tent,2P,Forest,pcs,6,6,5.193,true,,2023-11-08
2059,TAI-BAS-0001,6402026020590,Taiga Fjell Pro Hiking Socks 2-pack XS Petrol,The Fjell Pro hiking socks 2-pack by Taiga. XS / Petrol. Popular with rental outfitters and clubs.,6,25,Hiking Socks 2-pack,XS,Petrol,pcs,6,6,0.114,true,,2023-03-29
2060,TAI-BAS-0002,6402026020606,Taiga Fjell Pro Hiking Socks 2-pack XL Petrol,"Taiga Fjell Pro Hiking Socks 2-pack for base & mid layers. XL / Petrol. Built for Nordic conditions, season after season.",6,25,Hiking Socks 2-pack,XL,Petrol,pcs,6,6,0.173,true,,2022-12-02
2061,TAI-BAS-0003,6402026020613,Taiga Skog XT Fleece Jacket S Ochre,Reliable fleece jacket from Taiga's Skog XT range. S / Ochre. A wholesale staple for outdoor retailers.,6,25,Fleece Jacket,S,Ochre,pcs,1,1,0.259,true,,2021-12-23
2062,TAI-BAS-0004,6402026020620,Taiga Skog XT Fleece Jacket M Ochre,"Taiga Skog XT: a fleece jacket that balances weight, durability and price. M / Ochre. Retail-ready packaging.",6,25,Fleece Jacket,M,Ochre,pcs,6,6,0.210,true,,2020-02-03
2063,TAI-BAS-0005,6402026020637,Taiga Skog XT Fleece Jacket L Ochre,The Skog XT fleece jacket by Taiga. L / Ochre. Popular with rental outfitters and clubs.,6,25,Fleece Jacket,L,Ochre,pcs,1,1,0.329,true,,2019-02-21
2064,TAI-BAS-0006,6402026020644,Taiga Skog XT Fleece Jacket XL Ochre,"Taiga Skog XT Fleece Jacket for base & mid layers. XL / Ochre. Built for Nordic conditions, season after season.",6,25,Fleece Jacket,XL,Ochre,pcs,1,1,0.381,true,,2022-01-23
2065,TAI-BAS-0007,6402026020651,Taiga Skog XT Fleece Jacket XS Ochre,Reliable fleece jacket from Taiga's Skog XT range. XS / Ochre. A wholesale staple for outdoor retailers.,6,25,Fleece Jacket,XS,Ochre,pcs,1,1,0.373,true,,2019-04-20
2066,TAI-BAS-0008,6402026020668,Taiga Nordkapp Pro Hiking Socks 2-pack XXL Black,"Taiga Nordkapp Pro: a hiking socks 2-pack that balances weight, durability and price. XXL / Black. Retail-ready packaging.",6,25,Hiking Socks 2-pack,XXL,Black,pcs,1,1,0.099,true,,2022-03-16
2067,TAI-BAS-0009,6402026020675,Taiga Nordkapp Pro Hiking Socks 2-pack XL Black,The Nordkapp Pro hiking socks 2-pack by Taiga. XL / Black. Popular with rental outfitters and clubs.,6,25,Hiking Socks 2-pack,XL,Black,pcs,1,1,0.085,true,,2020-04-10
2068,TAI-BAS-0010,6402026020682,Taiga Nordkapp Pro Hiking Socks 2-pack S Black,"Taiga Nordkapp Pro Hiking Socks 2-pack for base & mid layers. S / Black. Built for Nordic conditions, season after season.",6,25,Hiking Socks 2-pack,S,Black,pcs,1,1,0.121,true,,2023-02-15
2069,TAI-BAS-0011,6402026020699,Taiga Nordkapp Pro Hiking Socks 2-pack M Black,Reliable hiking socks 2-pack from Taiga's Nordkapp Pro range. M / Black. A wholesale staple for outdoor retailers.,6,25,Hiking Socks 2-pack,M,Black,pcs,6,6,0.156,true,,2023-05-01
2070,TAI-BAS-0012,6402026020705,Taiga Nordkapp Pro Hiking Socks 2-pack L Black,"Taiga Nordkapp Pro: a hiking socks 2-pack that balances weight, durability and price. L / Black. Retail-ready packaging.",6,25,Hiking Socks 2-pack,L,Black,pcs,6,6,0.050,true,,2021-11-23
2071,TAI-BAS-0013,6402026020712,Taiga Kaamos Fleece Jacket XS Moss Green,The Kaamos fleece jacket by Taiga. XS / Moss Green. Popular with rental outfitters and clubs.,6,25,Fleece Jacket,XS,Moss Green,pcs,1,1,0.160,false,2022-06-17,2021-08-30
2072,TAI-BAS-0014,6402026020729,Taiga Kaamos Fleece Jacket L Moss Green,"Taiga Kaamos Fleece Jacket for base & mid layers. L / Moss Green. Built for Nordic conditions, season after season.",6,25,Fleece Jacket,L,Moss Green,pcs,1,1,0.235,true,,2020-01-19
2073,TAI-BAS-0015,6402026020736,Taiga Kaamos Fleece Jacket XXL Moss Green,Reliable fleece jacket from Taiga's Kaamos range. XXL / Moss Green. A wholesale staple for outdoor retailers.,6,25,Fleece Jacket,XXL,Moss Green,pcs,1,1,0.388,true,,2019-09-29
2074,TAI-BAS-0016,6402026020743,Taiga Senja 2.0 Merino Base Layer Top XXL Petrol,"Taiga Senja 2.0: a merino base layer top that balances weight, durability and price. XXL / Petrol. Retail-ready packaging.",6,25,Merino Base Layer Top,XXL,Petrol,pcs,1,1,0.179,true,,2020-11-07
2075,TAI-BAS-0017,6402026020750,Taiga Senja 2.0 Merino Base Layer Top XL Petrol,The Senja 2.0 merino base layer top by Taiga. XL / Petrol. Popular with rental outfitters and clubs.,6,25,Merino Base Layer Top,XL,Petrol,pcs,6,6,0.374,true,,2022-11-29
2076,TAI-BAS-0018,6402026020767,Taiga Senja 2.0 Merino Base Layer Top L Petrol,"Taiga Senja 2.0 Merino Base Layer Top for base & mid layers. L / Petrol. Built for Nordic conditions, season after season.",6,25,Merino Base Layer Top,L,Petrol,pcs,1,1,0.218,true,,2020-08-01
2077,TAI-BAS-0019,6402026020774,Taiga Senja 2.0 Merino Base Layer Top XS Petrol,Reliable merino base layer top from Taiga's Senja 2.0 range. XS / Petrol. A wholesale staple for outdoor retailers.,6,25,Merino Base Layer Top,XS,Petrol,pcs,12,12,0.394,true,,2020-01-08
2078,TAI-BAS-0020,6402026020781,Taiga Myrsky Eco Hiking Shorts L Lichen,"Taiga Myrsky Eco: a hiking shorts that balances weight, durability and price. L / Lichen. Retail-ready packaging.",6,25,Hiking Shorts,L,Lichen,pcs,12,12,0.098,true,,2022-03-07
2079,TAI-BAS-0021,6402026020798,Taiga Myrsky Eco Hiking Shorts XXL Lichen,The Myrsky Eco hiking shorts by Taiga. XXL / Lichen. Popular with rental outfitters and clubs.,6,25,Hiking Shorts,XXL,Lichen,pcs,12,12,0.087,true,,2023-12-04
2080,TAI-BAS-0022,6402026020804,Taiga Myrsky Eco Hiking Shorts M Lichen,"Taiga Myrsky Eco Hiking Shorts for base & mid layers. M / Lichen. Built for Nordic conditions, season after season.",6,25,Hiking Shorts,M,Lichen,pcs,12,12,0.094,true,,2024-09-08
2081,TAI-BAS-0023,6402026020811,Taiga Myrsky Eco Hiking Shorts XS Lichen,Reliable hiking shorts from Taiga's Myrsky Eco range. XS / Lichen. A wholesale staple for outdoor retailers.,6,25,Hiking Shorts,XS,Lichen,pcs,1,1,0.227,true,,2024-08-07
2082,TAI-BAS-0024,6402026020828,Taiga Myrsky Eco Hiking Shorts S Lichen,"Taiga Myrsky Eco: a hiking shorts that balances weight, durability and price. S / Lichen. Retail-ready packaging.",6,25,Hiking Shorts,S,Lichen,pcs,1,1,0.105,true,,2024-04-30
2083,TAI-BAS-0025,6402026020835,Taiga Rondane XT Hiking Trousers S Forest,The Rondane XT hiking trousers by Taiga. S / Forest. Popular with rental outfitters and clubs.,6,25,Hiking Trousers,S,Forest,pcs,12,12,0.309,true,,2025-02-25
2084,TAI-BAS-0026,6402026020842,Taiga Rondane XT Hiking Trousers XS Forest,"Taiga Rondane XT Hiking Trousers for base & mid layers. XS / Forest. Built for Nordic conditions, season after season.",6,25,Hiking Trousers,XS,Forest,pcs,1,1,0.229,true,,2020-01-19
2085,TAI-BAS-0027,6402026020859,Taiga Rondane XT Hiking Trousers XL Forest,Reliable hiking trousers from Taiga's Rondane XT range. XL / Forest. A wholesale staple for outdoor retailers.,6,25,Hiking Trousers,XL,Forest,pcs,12,12,0.136,false,2022-05-05,2020-12-09
2086,TAI-BAS-0028,6402026020866,Taiga Rondane XT Hiking Trousers L Forest,"Taiga Rondane XT: a hiking trousers that balances weight, durability and price. L / Forest. Retail-ready packaging.",6,25,Hiking Trousers,L,Forest,pcs,1,1,0.349,false,2023-04-29,2019-10-06
2087,TAI-BAS-0029,6402026020873,Taiga Rondane XT Hiking Trousers M Forest,The Rondane XT hiking trousers by Taiga. M / Forest. Popular with rental outfitters and clubs.,6,25,Hiking Trousers,M,Forest,pcs,1,1,0.198,true,,2019-01-09
2088,TAI-BAS-0030,6402026020880,Taiga Storm Fleece Jacket S Sunset Yellow,"Taiga Storm Fleece Jacket for base & mid layers. S / Sunset Yellow. Built for Nordic conditions, season after season.",6,25,Fleece Jacket,S,Sunset Yellow,pcs,12,12,0.382,true,,2019-07-18
2089,TAI-BAS-0031,6402026020897,Taiga Storm Fleece Jacket XXL Sunset Yellow,Reliable fleece jacket from Taiga's Storm range. XXL / Sunset Yellow. A wholesale staple for outdoor retailers.,6,25,Fleece Jacket,XXL,Sunset Yellow,pcs,1,1,0.230,true,,2022-03-26
2090,TAI-BAS-0032,6402026020903,Taiga Boreal Hiking Socks 2-pack XXL Deep Teal,"Taiga Boreal: a hiking socks 2-pack that balances weight, durability and price. XXL / Deep Teal. Retail-ready packaging.",6,25,Hiking Socks 2-pack,XXL,Deep Teal,pcs,1,1,0.047,true,,2025-10-14
2091,TAI-BAS-0033,6402026020910,Taiga Boreal Hiking Socks 2-pack S Deep Teal,The Boreal hiking socks 2-pack by Taiga. S / Deep Teal. Popular with rental outfitters and clubs.,6,25,Hiking Socks 2-pack,S,Deep Teal,pcs,12,12,0.122,true,,2021-01-20
2092,TAI-BAS-0034,6402026020927,Taiga Boreal Hiking Socks 2-pack XS Deep Teal,"Taiga Boreal Hiking Socks 2-pack for base & mid layers. XS / Deep Teal. Built for Nordic conditions, season after season.",6,25,Hiking Socks 2-pack,XS,Deep Teal,pcs,1,1,0.101,true,,2026-04-15
2093,TAI-BAS-0035,6402026020934,Taiga Helags XT Fleece Jacket XXL Graphite,Reliable fleece jacket from Taiga's Helags XT range. XXL / Graphite. A wholesale staple for outdoor retailers.,6,25,Fleece Jacket,XXL,Graphite,pcs,1,1,0.136,true,,2023-05-13
2094,TAI-BAS-0036,6402026020941,Taiga Helags XT Fleece Jacket L Graphite,"Taiga Helags XT: a fleece jacket that balances weight, durability and price. L / Graphite. Retail-ready packaging.",6,25,Fleece Jacket,L,Graphite,pcs,6,6,0.287,true,,2020-09-16
2095,TAI-BAS-0037,6402026020958,Taiga Helags XT Fleece Jacket XS Graphite,The Helags XT fleece jacket by Taiga. XS / Graphite. Popular with rental outfitters and clubs.,6,25,Fleece Jacket,XS,Graphite,pcs,1,1,0.303,true,,2022-08-08
2096,TAI-BAS-0038,6402026020965,Taiga Nuten Merino Base Layer Bottom L Petrol,"Taiga Nuten Merino Base Layer Bottom for base & mid layers. L / Petrol. Built for Nordic conditions, season after season.",6,25,Merino Base Layer Bottom,L,Petrol,pcs,1,1,0.254,true,,2025-09-21
2097,TAI-BAS-0039,6402026020972,Taiga Sylarna II Fleece Jacket L Ruby Red,Reliable fleece jacket from Taiga's Sylarna II range. L / Ruby Red. A wholesale staple for outdoor retailers.,6,25,Fleece Jacket,L,Ruby Red,pcs,1,1,0.247,true,,2024-08-06
2098,TAI-BAS-0040,6402026020989,Taiga Sylarna II Fleece Jacket XL Ruby Red,"Taiga Sylarna II: a fleece jacket that balances weight, durability and price. XL / Ruby Red. Retail-ready packaging.",6,25,Fleece Jacket,XL,Ruby Red,pcs,1,1,0.169,true,,2020-03-20
2099,TAI-BAS-0041,6402026020996,Taiga Sylarna II Fleece Jacket S Ruby Red,The Sylarna II fleece jacket by Taiga. S / Ruby Red. Popular with rental outfitters and clubs.,6,25,Fleece Jacket,S,Ruby Red,pcs,6,6,0.299,true,,2025-02-10
2100,TAI-BAS-0042,6402026021009,Taiga Sylarna Eco Hiking Trousers M Arctic White,"Taiga Sylarna Eco Hiking Trousers for base & mid layers. M / Arctic White. Built for Nordic conditions, season after season.",6,25,Hiking Trousers,M,Arctic White,pcs,1,1,0.288,true,,2022-04-15
2101,TAI-BAS-0043,6402026021016,Taiga Sylarna Eco Hiking Trousers XXL Arctic White,Reliable hiking trousers from Taiga's Sylarna Eco range. XXL / Arctic White. A wholesale staple for outdoor retailers.,6,25,Hiking Trousers,XXL,Arctic White,pcs,1,1,0.515,true,,2026-03-08
2102,TAI-BAS-0044,6402026021023,Taiga Sylarna Eco Hiking Trousers L Arctic White,"Taiga Sylarna Eco: a hiking trousers that balances weight, durability and price. L / Arctic White. Retail-ready packaging.",6,25,Hiking Trousers,L,Arctic White,pcs,12,12,0.333,true,,2024-11-28
2103,TAI-BAS-0045,6402026021030,Taiga Ruska Pro Hiking Shorts XS Lichen,The Ruska Pro hiking shorts by Taiga. XS / Lichen. Popular with rental outfitters and clubs.,6,25,Hiking Shorts,XS,Lichen,pcs,1,1,0.203,true,,2025-05-31
2104,TAI-BAS-0046,6402026021047,Taiga Ruska Pro Hiking Shorts S Lichen,"Taiga Ruska Pro Hiking Shorts for base & mid layers. S / Lichen. Built for Nordic conditions, season after season.",6,25,Hiking Shorts,S,Lichen,pcs,12,12,0.093,true,,2021-09-09
2105,TAI-BAS-0047,6402026021054,Taiga Ruska Pro Hiking Shorts XL Lichen,Reliable hiking shorts from Taiga's Ruska Pro range. XL / Lichen. A wholesale staple for outdoor retailers.,6,25,Hiking Shorts,XL,Lichen,pcs,6,6,0.117,true,,2019-05-14
2106,TAI-BAS-0048,6402026021061,Taiga Ruska Pro Hiking Shorts L Lichen,"Taiga Ruska Pro: a hiking shorts that balances weight, durability and price. L / Lichen. Retail-ready packaging.",6,25,Hiking Shorts,L,Lichen,pcs,6,6,0.212,true,,2022-02-08
2107,TAI-BAS-0049,6402026021078,Taiga Fjell II Fleece Jacket XXL Graphite,The Fjell II fleece jacket by Taiga. XXL / Graphite. Popular with rental outfitters and clubs.,6,25,Fleece Jacket,XXL,Graphite,pcs,12,12,0.194,true,,2024-01-28
2108,TAI-BAS-0050,6402026021085,Taiga Ruska Pro Hiking Trousers XL Midnight Blue,"Taiga Ruska Pro Hiking Trousers for base & mid layers. XL / Midnight Blue. Built for Nordic conditions, season after season.",6,25,Hiking Trousers,XL,Midnight Blue,pcs,12,12,0.522,true,,2020-09-28
2109,TAI-BAS-0051,6402026021092,Taiga Ruska Pro Hiking Trousers XS Midnight Blue,Reliable hiking trousers from Taiga's Ruska Pro range. XS / Midnight Blue. A wholesale staple for outdoor retailers.,6,25,Hiking Trousers,XS,Midnight Blue,pcs,12,12,0.225,true,,2024-03-08
2110,TAI-BAS-0052,6402026021108,Taiga Ruska Pro Hiking Trousers L Midnight Blue,"Taiga Ruska Pro: a hiking trousers that balances weight, durability and price. L / Midnight Blue. Retail-ready packaging.",6,25,Hiking Trousers,L,Midnight Blue,pcs,12,12,0.474,true,,2024-06-08
2111,TAI-BAS-0053,6402026021115,Taiga Ruska Pro Hiking Trousers M Midnight Blue,The Ruska Pro hiking trousers by Taiga. M / Midnight Blue. Popular with rental outfitters and clubs.,6,25,Hiking Trousers,M,Midnight Blue,pcs,1,1,0.454,true,,2023-03-23
2112,TAI-BAS-0054,6402026021122,Taiga Sarek Fleece Jacket XS Forest,"Taiga Sarek Fleece Jacket for base & mid layers. XS / Forest. Built for Nordic conditions, season after season.",6,25,Fleece Jacket,XS,Forest,pcs,1,1,0.376,true,,2019-11-29
2113,TAI-BAS-0055,6402026021139,Taiga Sarek Fleece Jacket L Forest,Reliable fleece jacket from Taiga's Sarek range. L / Forest. A wholesale staple for outdoor retailers.,6,25,Fleece Jacket,L,Forest,pcs,1,1,0.446,true,,2021-09-12
2114,TAI-BAS-0056,6402026021146,Taiga Sarek Fleece Jacket XL Forest,"Taiga Sarek: a fleece jacket that balances weight, durability and price. XL / Forest. Retail-ready packaging.",6,25,Fleece Jacket,XL,Forest,pcs,6,6,0.253,true,,2022-01-17
2115,ALV-TNT-0001,6402026021153,Älv Kebnekaise XT Footprint 3P Arctic White,The Kebnekaise XT footprint by Älv. 3P / Arctic White. Popular with rental outfitters and clubs.,1,26,Footprint,3P,Arctic White,pcs,1,1,1.075,true,,2021-06-29
2116,ALV-TNT-0002,6402026021160,Älv Kebnekaise XT Footprint 2P Arctic White,"Älv Kebnekaise XT Footprint for tents & shelters. 2P / Arctic White. Built for Nordic conditions, season after season.",1,26,Footprint,2P,Arctic White,pcs,1,1,0.318,true,,2022-08-19
2117,ALV-TNT-0003,6402026021177,Älv Kebnekaise XT Footprint 1P Arctic White,Reliable footprint from Älv's Kebnekaise XT range. 1P / Arctic White. A wholesale staple for outdoor retailers.,1,26,Footprint,1P,Arctic White,pcs,6,6,0.818,true,,2026-03-07
2118,ALV-TNT-0004,6402026021184,Älv Tundra Tent 3P Sunset Yellow,"Älv Tundra: a tent that balances weight, durability and price. 3P / Sunset Yellow. Retail-ready packaging.",1,26,Tent,3P,Sunset Yellow,pcs,1,1,6.112,true,,2024-05-25
2119,ALV-TNT-0005,6402026021191,Älv Tundra Tent 2P Sunset Yellow,The Tundra tent by Älv. 2P / Sunset Yellow. Popular with rental outfitters and clubs.,1,26,Tent,2P,Sunset Yellow,pcs,1,1,1.312,true,,2019-04-18
2120,ALV-TNT-0006,6402026021207,Älv Tundra Tent 1P Sunset Yellow,"Älv Tundra Tent for tents & shelters. 1P / Sunset Yellow. Built for Nordic conditions, season after season.",1,26,Tent,1P,Sunset Yellow,pcs,12,12,2.338,false,2023-06-22,2022-02-18
2121,ALV-TNT-0007,6402026021214,Älv Tundra Tent 4P Sunset Yellow,Reliable tent from Älv's Tundra range. 4P / Sunset Yellow. A wholesale staple for outdoor retailers.,1,26,Tent,4P,Sunset Yellow,pcs,1,1,1.783,true,,2025-09-28
2122,ALV-TNT-0008,6402026021221,Älv Kebnekaise Eco Bivy Ruby Red,"Älv Kebnekaise Eco: a bivy that balances weight, durability and price. Ruby Red. Retail-ready packaging.",1,26,Bivy,Ruby Red,Ruby Red,pcs,12,12,1.689,true,,2020-08-06
2123,ALV-TNT-0009,6402026021238,Älv Hav XT Footprint 1P Lichen,The Hav XT footprint by Älv. 1P / Lichen. Popular with rental outfitters and clubs.,1,26,Footprint,1P,Lichen,pcs,1,1,1.399,true,,2020-04-20
2124,ALV-TNT-0010,6402026021245,Älv Hav XT Footprint 4P Lichen,"Älv Hav XT Footprint for tents & shelters. 4P / Lichen. Built for Nordic conditions, season after season.",1,26,Footprint,4P,Lichen,pcs,6,6,1.950,true,,2025-03-29
2125,ALV-TNT-0011,6402026021252,Älv Hav XT Footprint 3P Lichen,Reliable footprint from Älv's Hav XT range. 3P / Lichen. A wholesale staple for outdoor retailers.,1,26,Footprint,3P,Lichen,pcs,1,1,1.790,true,,2026-04-03
2126,ALV-TNT-0012,6402026021269,Älv Varanger Pro Tarp Ochre,"Älv Varanger Pro: a tarp that balances weight, durability and price. Ochre. Retail-ready packaging.",1,26,Tarp,Ochre,Ochre,pcs,1,1,0.571,true,,2022-10-29
2127,ALV-TNT-0013,6402026021276,Älv Varanger Pro Tarp Ruby Red,The Varanger Pro tarp by Älv. Ruby Red. Popular with rental outfitters and clubs.,1,26,Tarp,Ruby Red,Ruby Red,pcs,12,12,0.768,true,,2019-03-06
2128,ALV-TNT-0014,6402026021283,Älv Varanger Pro Tarp Midnight Blue,"Älv Varanger Pro Tarp for tents & shelters. Midnight Blue. Built for Nordic conditions, season after season.",1,26,Tarp,Midnight Blue,Midnight Blue,pcs,6,6,0.683,true,,2022-11-02
2129,ALV-TNT-0015,6402026021290,Älv Varanger Pro Tarp Slate Grey,Reliable tarp from Älv's Varanger Pro range. Slate Grey. A wholesale staple for outdoor retailers.,1,26,Tarp,Slate Grey,Slate Grey,pcs,12,12,2.022,true,,2022-02-06
2130,ALV-TNT-0016,6402026021306,Älv Varanger Pro Tarp Forest,"Älv Varanger Pro: a tarp that balances weight, durability and price. Forest. Retail-ready packaging.",1,26,Tarp,Forest,Forest,pcs,6,6,1.587,false,2023-10-30,2021-11-12
2131,ALV-TNT-0017,6402026021313,Älv Saana XT Footprint 3P Lichen,The Saana XT footprint by Älv. 3P / Lichen. Popular with rental outfitters and clubs.,1,26,Footprint,3P,Lichen,pcs,12,12,0.319,true,,2020-05-30
2132,ALV-TNT-0018,6402026021320,Älv Saana XT Footprint 1P Lichen,"Älv Saana XT Footprint for tents & shelters. 1P / Lichen. Built for Nordic conditions, season after season.",1,26,Footprint,1P,Lichen,pcs,1,1,0.983,true,,2026-02-20
2133,ALV-TNT-0019,6402026021337,Älv Saana XT Footprint 2P Lichen,Reliable footprint from Älv's Saana XT range. 2P / Lichen. A wholesale staple for outdoor retailers.,1,26,Footprint,2P,Lichen,pcs,12,12,0.515,true,,2023-11-24
2134,ALV-TNT-0020,6402026021344,Älv Pallas Footprint 1P Graphite,"Älv Pallas: a footprint that balances weight, durability and price. 1P / Graphite. Retail-ready packaging.",1,26,Footprint,1P,Graphite,pcs,6,6,1.014,true,,2023-04-12
2135,ALV-TNT-0021,6402026021351,Älv Pallas Footprint 2P Graphite,The Pallas footprint by Älv. 2P / Graphite. Popular with rental outfitters and clubs.,1,26,Footprint,2P,Graphite,pcs,6,6,1.430,true,,2024-08-15
2136,ALV-TNT-0022,6402026021368,Älv Pallas Footprint 4P Graphite,"Älv Pallas Footprint for tents & shelters. 4P / Graphite. Built for Nordic conditions, season after season.",1,26,Footprint,4P,Graphite,pcs,1,1,0.702,true,,2020-09-15
2137,ALV-TNT-0023,6402026021375,Älv Ultra Footprint 1P Moss Green,Reliable footprint from Älv's Ultra range. 1P / Moss Green. A wholesale staple for outdoor retailers.,1,26,Footprint,1P,Moss Green,pcs,6,6,1.705,true,,2026-04-17
2138,ALV-TNT-0024,6402026021382,Älv Ultra Footprint 4P Moss Green,"Älv Ultra: a footprint that balances weight, durability and price. 4P / Moss Green. Retail-ready packaging.",1,26,Footprint,4P,Moss Green,pcs,1,1,0.921,true,,2019-09-29
2139,ALV-TNT-0025,6402026021399,Älv Ultra Footprint 3P Moss Green,The Ultra footprint by Älv. 3P / Moss Green. Popular with rental outfitters and clubs.,1,26,Footprint,3P,Moss Green,pcs,6,6,1.703,true,,2024-03-31
2140,ALV-TNT-0026,6402026021405,Älv Polar 2.0 Tent 1P Midnight Blue,"Älv Polar 2.0 Tent for tents & shelters. 1P / Midnight Blue. Built for Nordic conditions, season after season.",1,26,Tent,1P,Midnight Blue,pcs,12,12,4.386,true,,2020-03-17
2141,ALV-TNT-0027,6402026021412,Älv Polar 2.0 Tent 3P Midnight Blue,Reliable tent from Älv's Polar 2.0 range. 3P / Midnight Blue. A wholesale staple for outdoor retailers.,1,26,Tent,3P,Midnight Blue,pcs,1,1,1.957,true,,2025-01-17
2142,ALV-TNT-0028,6402026021429,Älv Polar 2.0 Tent 2P Midnight Blue,"Älv Polar 2.0: a tent that balances weight, durability and price. 2P / Midnight Blue. Retail-ready packaging.",1,26,Tent,2P,Midnight Blue,pcs,6,6,3.286,true,,2022-09-16
2143,ALV-TNT-0029,6402026021436,Älv Polar 2.0 Tent 4P Midnight Blue,The Polar 2.0 tent by Älv. 4P / Midnight Blue. Popular with rental outfitters and clubs.,1,26,Tent,4P,Midnight Blue,pcs,1,1,2.266,true,,2025-10-26
2144,ALV-TNT-0030,6402026021443,Älv Elv XT Tunnel Tent 4P Ruby Red,"Älv Elv XT Tunnel Tent for tents & shelters. 4P / Ruby Red. Built for Nordic conditions, season after season.",1,26,Tunnel Tent,4P,Ruby Red,pcs,1,1,3.411,true,,2022-05-20
2145,ALV-TNT-0031,6402026021450,Älv Elv XT Tunnel Tent 2P Ruby Red,Reliable tunnel tent from Älv's Elv XT range. 2P / Ruby Red. A wholesale staple for outdoor retailers.,1,26,Tunnel Tent,2P,Ruby Red,pcs,1,1,6.534,true,,2024-10-06
2146,ALV-TNT-0032,6402026021467,Älv Elv XT Tunnel Tent 1P Ruby Red,"Älv Elv XT: a tunnel tent that balances weight, durability and price. 1P / Ruby Red. Retail-ready packaging.",1,26,Tunnel Tent,1P,Ruby Red,pcs,1,1,6.890,true,,2024-07-09
2147,ALV-TNT-0033,6402026021474,Älv Elv XT Tunnel Tent 3P Ruby Red,The Elv XT tunnel tent by Älv. 3P / Ruby Red. Popular with rental outfitters and clubs.,1,26,Tunnel Tent,3P,Ruby Red,pcs,1,1,5.167,true,,2023-11-05
2148,ALV-TNT-0034,6402026021481,Älv Helags Footprint 4P Slate Grey,"Älv Helags Footprint for tents & shelters. 4P / Slate Grey. Built for Nordic conditions, season after season.",1,26,Footprint,4P,Slate Grey,pcs,12,12,0.734,true,,2023-10-27
2149,ALV-TNT-0035,6402026021498,Älv Helags Footprint 3P Slate Grey,Reliable footprint from Älv's Helags range. 3P / Slate Grey. A wholesale staple for outdoor retailers.,1,26,Footprint,3P,Slate Grey,pcs,6,6,1.578,true,,2021-06-29
2150,ALV-TNT-0036,6402026021504,Älv Helags Footprint 1P Slate Grey,"Älv Helags: a footprint that balances weight, durability and price. 1P / Slate Grey. Retail-ready packaging.",1,26,Footprint,1P,Slate Grey,pcs,1,1,1.561,true,,2024-04-18
2151,ALV-TNT-0037,6402026021511,Älv Ruska Tunnel Tent 4P Burnt Orange,The Ruska tunnel tent by Älv. 4P / Burnt Orange. Popular with rental outfitters and clubs.,1,26,Tunnel Tent,4P,Burnt Orange,pcs,1,1,5.602,true,,2020-10-06
2152,ALV-TNT-0038,6402026021528,Älv Ruska Tunnel Tent 1P Burnt Orange,"Älv Ruska Tunnel Tent for tents & shelters. 1P / Burnt Orange. Built for Nordic conditions, season after season.",1,26,Tunnel Tent,1P,Burnt Orange,pcs,12,12,4.575,true,,2023-08-29
2153,ALV-TNT-0039,6402026021535,Älv Ruska Tunnel Tent 3P Burnt Orange,Reliable tunnel tent from Älv's Ruska range. 3P / Burnt Orange. A wholesale staple for outdoor retailers.,1,26,Tunnel Tent,3P,Burnt Orange,pcs,1,1,1.279,true,,2025-04-07
2154,ALV-TNT-0040,6402026021542,Älv Ruska Tunnel Tent 2P Burnt Orange,"Älv Ruska: a tunnel tent that balances weight, durability and price. 2P / Burnt Orange. Retail-ready packaging.",1,26,Tunnel Tent,2P,Burnt Orange,pcs,1,1,4.693,true,,2019-09-16
2155,ALV-TNT-0041,6402026021559,Älv Summit Tarp Sunset Yellow,The Summit tarp by Älv. Sunset Yellow. Popular with rental outfitters and clubs.,1,26,Tarp,Sunset Yellow,Sunset Yellow,pcs,1,1,0.624,true,,2025-02-26
2156,ALV-TNT-0042,6402026021566,Älv Summit Tarp Arctic White,"Älv Summit Tarp for tents & shelters. Arctic White. Built for Nordic conditions, season after season.",1,26,Tarp,Arctic White,Arctic White,pcs,1,1,1.470,true,,2025-10-05
2157,ALV-TNT-0043,6402026021573,Älv Summit Tarp Petrol,Reliable tarp from Älv's Summit range. Petrol. A wholesale staple for outdoor retailers.,1,26,Tarp,Petrol,Petrol,pcs,6,6,1.607,true,,2023-03-28
2158,ALV-TNT-0044,6402026021580,Älv Arctic Pro Footprint 1P Deep Teal,"Älv Arctic Pro: a footprint that balances weight, durability and price. 1P / Deep Teal. Retail-ready packaging.",1,26,Footprint,1P,Deep Teal,pcs,6,6,1.001,true,,2020-03-13
2159,ALV-TNT-0045,6402026021597,Älv Arctic Pro Footprint 3P Deep Teal,The Arctic Pro footprint by Älv. 3P / Deep Teal. Popular with rental outfitters and clubs.,1,26,Footprint,3P,Deep Teal,pcs,1,1,0.500,true,,2025-12-09
2160,ALV-TNT-0046,6402026021603,Älv Arctic Pro Footprint 2P Deep Teal,"Älv Arctic Pro Footprint for tents & shelters. 2P / Deep Teal. Built for Nordic conditions, season after season.",1,26,Footprint,2P,Deep Teal,pcs,1,1,0.321,true,,2021-06-28
2161,ALV-TNT-0047,6402026021610,Älv Sylarna II Tarp Forest,Reliable tarp from Älv's Sylarna II range. Forest. A wholesale staple for outdoor retailers.,1,26,Tarp,Forest,Forest,pcs,12,12,1.476,true,,2025-11-26
2162,ALV-PCK-0001,6402026021627,Älv Boreal Plus Backpack 65L Slate Grey,"Älv Boreal Plus: a backpack that balances weight, durability and price. 65L / Slate Grey. Retail-ready packaging.",3,26,Backpack,65L,Slate Grey,pcs,6,6,2.559,true,,2021-10-10
2163,ALV-PCK-0002,6402026021634,Älv Boreal Plus Backpack 75L Slate Grey,The Boreal Plus backpack by Älv. 75L / Slate Grey. Popular with rental outfitters and clubs.,3,26,Backpack,75L,Slate Grey,pcs,1,1,0.966,true,,2024-11-17
2164,ALV-PCK-0003,6402026021641,Älv Boreal Plus Backpack 55L Slate Grey,"Älv Boreal Plus Backpack for backpacks & bags. 55L / Slate Grey. Built for Nordic conditions, season after season.",3,26,Backpack,55L,Slate Grey,pcs,1,1,2.514,true,,2019-08-12
2165,ALV-PCK-0004,6402026021658,Älv Boreal Plus Backpack 35L Slate Grey,Reliable backpack from Älv's Boreal Plus range. 35L / Slate Grey. A wholesale staple for outdoor retailers.,3,26,Backpack,35L,Slate Grey,pcs,1,1,0.932,false,2024-09-19,2022-05-20
2166,ALV-PCK-0005,6402026021665,Älv Jotun Plus Backpack 35L Forest,"Älv Jotun Plus: a backpack that balances weight, durability and price. 35L / Forest. Retail-ready packaging.",3,26,Backpack,35L,Forest,pcs,12,12,1.745,true,,2023-01-20
2167,ALV-PCK-0006,6402026021672,Älv Jotun Plus Backpack 65L Forest,The Jotun Plus backpack by Älv. 65L / Forest. Popular with rental outfitters and clubs.,3,26,Backpack,65L,Forest,pcs,1,1,0.940,true,,2024-11-29
2168,ALV-PCK-0007,6402026021689,Älv Jotun Plus Backpack 45L Forest,"Älv Jotun Plus Backpack for backpacks & bags. 45L / Forest. Built for Nordic conditions, season after season.",3,26,Backpack,45L,Forest,pcs,1,1,2.462,true,,2025-11-29
2169,ALV-PCK-0008,6402026021696,Älv Alpine Dry Bag 22L Sunset Yellow,Reliable dry bag from Älv's Alpine range. 22L / Sunset Yellow. A wholesale staple for outdoor retailers.,3,26,Dry Bag,22L,Sunset Yellow,pcs,1,1,0.296,true,,2022-12-23
2170,ALV-PCK-0009,6402026021702,Älv Alpine Dry Bag 8L Sunset Yellow,"Älv Alpine: a dry bag that balances weight, durability and price. 8L / Sunset Yellow. Retail-ready packaging.",3,26,Dry Bag,8L,Sunset Yellow,pcs,1,1,0.622,true,,2026-01-08
2171,ALV-PCK-0010,6402026021719,Älv Storm Pro Daypack 22L Sunset Yellow,The Storm Pro daypack by Älv. 22L / Sunset Yellow. Popular with rental outfitters and clubs.,3,26,Daypack,22L,Sunset Yellow,pcs,1,1,0.441,true,,2023-02-14
2172,ALV-PCK-0011,6402026021726,Älv Storm Pro Daypack 28L Sunset Yellow,"Älv Storm Pro Daypack for backpacks & bags. 28L / Sunset Yellow. Built for Nordic conditions, season after season.",3,26,Daypack,28L,Sunset Yellow,pcs,1,1,0.218,false,2021-11-09,2020-03-15
2173,ALV-PCK-0012,6402026021733,Älv Storm Pro Daypack 8L Sunset Yellow,Reliable daypack from Älv's Storm Pro range. 8L / Sunset Yellow. A wholesale staple for outdoor retailers.,3,26,Daypack,8L,Sunset Yellow,pcs,12,12,0.788,true,,2021-11-29
2174,ALV-PCK-0013,6402026021740,Älv Kilpis Plus Duffel 60L Forest,"Älv Kilpis Plus: a duffel that balances weight, durability and price. 60L / Forest. Retail-ready packaging.",3,26,Duffel,60L,Forest,pcs,1,1,0.296,true,,2026-04-06
2175,ALV-PCK-0014,6402026021757,Älv Kilpis Plus Duffel 40L Forest,The Kilpis Plus duffel by Älv. 40L / Forest. Popular with rental outfitters and clubs.,3,26,Duffel,40L,Forest,pcs,1,1,0.891,true,,2024-09-21
2176,ALV-PCK-0015,6402026021764,Älv Kilpis Plus Duffel 120L Forest,"Älv Kilpis Plus Duffel for backpacks & bags. 120L / Forest. Built for Nordic conditions, season after season.",3,26,Duffel,120L,Forest,pcs,1,1,1.315,true,,2023-08-27
2177,ALV-PCK-0016,6402026021771,Älv Sylarna II Backpack 75L Ochre,Reliable backpack from Älv's Sylarna II range. 75L / Ochre. A wholesale staple for outdoor retailers.,3,26,Backpack,75L,Ochre,pcs,1,1,0.456,true,,2021-07-11
2178,ALV-PCK-0017,6402026021788,Älv Sylarna II Backpack 45L Ochre,"Älv Sylarna II: a backpack that balances weight, durability and price. 45L / Ochre. Retail-ready packaging.",3,26,Backpack,45L,Ochre,pcs,12,12,1.321,true,,2026-03-03
2179,ALV-PCK-0018,6402026021795,Älv Sylarna II Backpack 65L Ochre,The Sylarna II backpack by Älv. 65L / Ochre. Popular with rental outfitters and clubs.,3,26,Backpack,65L,Ochre,pcs,6,6,1.281,true,,2019-07-03
2180,ALV-PCK-0019,6402026021801,Älv Sylarna II Backpack 35L Ochre,"Älv Sylarna II Backpack for backpacks & bags. 35L / Ochre. Built for Nordic conditions, season after season.",3,26,Backpack,35L,Ochre,pcs,1,1,0.890,true,,2025-06-19
2181,ALV-PCK-0020,6402026021818,Älv Sylarna II Backpack 55L Ochre,Reliable backpack from Älv's Sylarna II range. 55L / Ochre. A wholesale staple for outdoor retailers.,3,26,Backpack,55L,Ochre,pcs,1,1,1.979,true,,2023-12-15
2182,ALV-PCK-0021,6402026021825,Älv Sylarna XT Daypack 12L Midnight Blue,"Älv Sylarna XT: a daypack that balances weight, durability and price. 12L / Midnight Blue. Retail-ready packaging.",3,26,Daypack,12L,Midnight Blue,pcs,1,1,0.801,true,,2020-12-16
2183,ALV-PCK-0022,6402026021832,Älv Bre II Duffel 60L Deep Teal,The Bre II duffel by Älv. 60L / Deep Teal. Popular with rental outfitters and clubs.,3,26,Duffel,60L,Deep Teal,pcs,12,12,1.048,true,,2022-03-03
2184,ALV-PCK-0023,6402026021849,Älv Bre II Duffel 120L Deep Teal,"Älv Bre II Duffel for backpacks & bags. 120L / Deep Teal. Built for Nordic conditions, season after season.",3,26,Duffel,120L,Deep Teal,pcs,1,1,0.675,true,,2025-01-13
2185,ALV-PCK-0024,6402026021856,Älv Bre II Duffel 40L Deep Teal,Reliable duffel from Älv's Bre II range. 40L / Deep Teal. A wholesale staple for outdoor retailers.,3,26,Duffel,40L,Deep Teal,pcs,6,6,0.593,true,,2021-11-30
2186,ALV-PCK-0025,6402026021863,Älv Tind Daypack 18L Midnight Blue,"Älv Tind: a daypack that balances weight, durability and price. 18L / Midnight Blue. Retail-ready packaging.",3,26,Daypack,18L,Midnight Blue,pcs,1,1,1.025,true,,2024-04-13
2187,ALV-PCK-0026,6402026021870,Älv Tind Daypack 22L Midnight Blue,The Tind daypack by Älv. 22L / Midnight Blue. Popular with rental outfitters and clubs.,3,26,Daypack,22L,Midnight Blue,pcs,6,6,0.888,true,,2022-04-04
2188,ALV-PCK-0027,6402026021887,Älv Tind Daypack 8L Midnight Blue,"Älv Tind Daypack for backpacks & bags. 8L / Midnight Blue. Built for Nordic conditions, season after season.",3,26,Daypack,8L,Midnight Blue,pcs,1,1,0.836,true,,2021-06-21
2189,ALV-PCK-0028,6402026021894,Älv Ultra 2.0 Duffel 90L Ruby Red,Reliable duffel from Älv's Ultra 2.0 range. 90L / Ruby Red. A wholesale staple for outdoor retailers.,3,26,Duffel,90L,Ruby Red,pcs,6,6,0.840,true,,2020-03-19
2190,ALV-PCK-0029,6402026021900,Älv Ultra 2.0 Duffel 40L Ruby Red,"Älv Ultra 2.0: a duffel that balances weight, durability and price. 40L / Ruby Red. Retail-ready packaging.",3,26,Duffel,40L,Ruby Red,pcs,1,1,1.194,true,,2025-07-02
2191,ALV-PCK-0030,6402026021917,Älv Ultra 2.0 Duffel 120L Ruby Red,The Ultra 2.0 duffel by Älv. 120L / Ruby Red. Popular with rental outfitters and clubs.,3,26,Duffel,120L,Ruby Red,pcs,12,12,0.410,false,2022-02-11,2020-10-07
2192,ALV-PCK-0031,6402026021924,Älv Lyngen Lite Daypack 12L Lichen,"Älv Lyngen Lite Daypack for backpacks & bags. 12L / Lichen. Built for Nordic conditions, season after season.",3,26,Daypack,12L,Lichen,pcs,1,1,0.260,true,,2021-03-01
2193,ALV-PCK-0032,6402026021931,Älv Lyngen Lite Daypack 28L Lichen,Reliable daypack from Älv's Lyngen Lite range. 28L / Lichen. A wholesale staple for outdoor retailers.,3,26,Daypack,28L,Lichen,pcs,1,1,0.330,true,,2021-01-02
2194,ALV-PCK-0033,6402026021948,Älv Lyngen Lite Daypack 8L Lichen,"Älv Lyngen Lite: a daypack that balances weight, durability and price. 8L / Lichen. Retail-ready packaging.",3,26,Daypack,8L,Lichen,pcs,1,1,0.372,true,,2019-11-22
2195,ALV-PCK-0034,6402026021955,Älv Lyngen Lite Daypack 18L Lichen,The Lyngen Lite daypack by Älv. 18L / Lichen. Popular with rental outfitters and clubs.,3,26,Daypack,18L,Lichen,pcs,1,1,0.660,true,,2019-11-09
2196,ALV-PCK-0035,6402026021962,Älv Lyngen Lite Daypack 22L Lichen,"Älv Lyngen Lite Daypack for backpacks & bags. 22L / Lichen. Built for Nordic conditions, season after season.",3,26,Daypack,22L,Lichen,pcs,12,12,1.153,true,,2019-12-25
2197,ALV-PCK-0036,6402026021979,Älv Lumi Backpack 45L Midnight Blue,Reliable backpack from Älv's Lumi range. 45L / Midnight Blue. A wholesale staple for outdoor retailers.,3,26,Backpack,45L,Midnight Blue,pcs,1,1,2.182,true,,2019-03-14
2198,ALV-PCK-0037,6402026021986,Älv Lumi Backpack 55L Midnight Blue,"Älv Lumi: a backpack that balances weight, durability and price. 55L / Midnight Blue. Retail-ready packaging.",3,26,Backpack,55L,Midnight Blue,pcs,1,1,1.034,true,,2021-12-13
2199,ALV-PCK-0038,6402026021993,Älv Lumi Backpack 65L Midnight Blue,The Lumi backpack by Älv. 65L / Midnight Blue. Popular with rental outfitters and clubs.,3,26,Backpack,65L,Midnight Blue,pcs,1,1,2.501,true,,2024-10-13
2200,ALV-PCK-0039,6402026022006,Älv Lumi Backpack 75L Midnight Blue,"Älv Lumi Backpack for backpacks & bags. 75L / Midnight Blue. Built for Nordic conditions, season after season.",3,26,Backpack,75L,Midnight Blue,pcs,1,1,0.972,true,,2020-04-08
2201,ALV-PCK-0040,6402026022013,Älv Glacier XT Dry Bag 28L Moss Green,Reliable dry bag from Älv's Glacier XT range. 28L / Moss Green. A wholesale staple for outdoor retailers.,3,26,Dry Bag,28L,Moss Green,pcs,1,1,0.167,true,,2022-09-23
2202,ALV-PCK-0041,6402026022020,Älv Vuori Daypack 18L Graphite,"Älv Vuori: a daypack that balances weight, durability and price. 18L / Graphite. Retail-ready packaging.",3,26,Daypack,18L,Graphite,pcs,1,1,0.462,true,,2022-11-04
2203,ALV-PCK-0042,6402026022037,Älv Vuori Daypack 12L Graphite,The Vuori daypack by Älv. 12L / Graphite. Popular with rental outfitters and clubs.,3,26,Daypack,12L,Graphite,pcs,1,1,0.663,true,,2020-09-29
2204,ALV-PCK-0043,6402026022044,Älv Vuori Daypack 8L Graphite,"Älv Vuori Daypack for backpacks & bags. 8L / Graphite. Built for Nordic conditions, season after season.",3,26,Daypack,8L,Graphite,pcs,1,1,0.148,true,,2023-12-01
2205,ALV-PCK-0044,6402026022051,Älv Vuori Daypack 22L Graphite,Reliable daypack from Älv's Vuori range. 22L / Graphite. A wholesale staple for outdoor retailers.,3,26,Daypack,22L,Graphite,pcs,1,1,1.156,true,,2025-09-09
2206,ALV-PCK-0045,6402026022068,Älv Vuori Daypack 28L Graphite,"Älv Vuori: a daypack that balances weight, durability and price. 28L / Graphite. Retail-ready packaging.",3,26,Daypack,28L,Graphite,pcs,6,6,0.469,true,,2021-11-10
2207,ALV-PCK-0046,6402026022075,Älv Trail Hip Pack Sand,The Trail hip pack by Älv. Sand. Popular with rental outfitters and clubs.,3,26,Hip Pack,Sand,Sand,pcs,12,12,0.170,true,,2019-02-02
2208,ALV-PCK-0047,6402026022082,Älv Trail Hip Pack Midnight Blue,"Älv Trail Hip Pack for backpacks & bags. Midnight Blue. Built for Nordic conditions, season after season.",3,26,Hip Pack,Midnight Blue,Midnight Blue,pcs,6,6,0.226,true,,2020-02-14
2209,ALV-PCK-0048,6402026022099,Älv Trail Hip Pack Graphite,Reliable hip pack from Älv's Trail range. Graphite. A wholesale staple for outdoor retailers.,3,26,Hip Pack,Graphite,Graphite,pcs,1,1,0.382,true,,2023-10-13
2210,ALV-PCK-0049,6402026022105,Älv Trail Hip Pack Slate Grey,"Älv Trail: a hip pack that balances weight, durability and price. Slate Grey. Retail-ready packaging.",3,26,Hip Pack,Slate Grey,Slate Grey,pcs,1,1,0.168,true,,2019-05-08
2211,ALV-PCK-0050,6402026022112,Älv Trail Hip Pack Deep Teal,The Trail hip pack by Älv. Deep Teal. Popular with rental outfitters and clubs.,3,26,Hip Pack,Deep Teal,Deep Teal,pcs,1,1,0.265,true,,2024-03-20
2212,ALV-PCK-0051,6402026022129,Älv Ylläs Eco Duffel 90L Ruby Red,"Älv Ylläs Eco Duffel for backpacks & bags. 90L / Ruby Red. Built for Nordic conditions, season after season.",3,26,Duffel,90L,Ruby Red,pcs,1,1,0.812,true,,2020-01-11
2213,ALV-PCK-0052,6402026022136,Älv Ylläs Eco Duffel 40L Ruby Red,Reliable duffel from Älv's Ylläs Eco range. 40L / Ruby Red. A wholesale staple for outdoor retailers.,3,26,Duffel,40L,Ruby Red,pcs,1,1,1.442,true,,2022-10-19
2214,ALV-PCK-0053,6402026022143,Älv Ylläs Eco Duffel 60L Ruby Red,"Älv Ylläs Eco: a duffel that balances weight, durability and price. 60L / Ruby Red. Retail-ready packaging.",3,26,Duffel,60L,Ruby Red,pcs,1,1,0.683,true,,2024-10-16
2215,ALV-PCK-0054,6402026022150,Älv Padjelanta WP Hip Pack Deep Teal,The Padjelanta WP hip pack by Älv. Deep Teal. Popular with rental outfitters and clubs.,3,26,Hip Pack,Deep Teal,Deep Teal,pcs,1,1,0.273,true,,2019-02-07
2216,ALV-PCK-0055,6402026022167,Älv Padjelanta WP Hip Pack Midnight Blue,"Älv Padjelanta WP Hip Pack for backpacks & bags. Midnight Blue. Built for Nordic conditions, season after season.",3,26,Hip Pack,Midnight Blue,Midnight Blue,pcs,12,12,0.632,true,,2024-04-13
2217,ALV-PCK-0056,6402026022174,Älv Padjelanta WP Hip Pack Sunset Yellow,Reliable hip pack from Älv's Padjelanta WP range. Sunset Yellow. A wholesale staple for outdoor retailers.,3,26,Hip Pack,Sunset Yellow,Sunset Yellow,pcs,12,12,0.417,true,,2021-09-10
2218,ALV-PCK-0057,6402026022181,Älv Padjelanta WP Hip Pack Petrol,"Älv Padjelanta WP: a hip pack that balances weight, durability and price. Petrol. Retail-ready packaging.",3,26,Hip Pack,Petrol,Petrol,pcs,1,1,0.204,true,,2022-10-13
2219,ALV-PCK-0058,6402026022198,Älv Saana 2.0 Duffel 90L Sunset Yellow,The Saana 2.0 duffel by Älv. 90L / Sunset Yellow. Popular with rental outfitters and clubs.,3,26,Duffel,90L,Sunset Yellow,pcs,12,12,1.169,true,,2019-07-09
2220,ALV-PCK-0059,6402026022204,Älv Saana 2.0 Duffel 40L Sunset Yellow,"Älv Saana 2.0 Duffel for backpacks & bags. 40L / Sunset Yellow. Built for Nordic conditions, season after season.",3,26,Duffel,40L,Sunset Yellow,pcs,1,1,1.225,true,,2023-04-03
2221,ALV-PCK-0060,6402026022211,Älv Saana 2.0 Duffel 60L Sunset Yellow,Reliable duffel from Älv's Saana 2.0 range. 60L / Sunset Yellow. A wholesale staple for outdoor retailers.,3,26,Duffel,60L,Sunset Yellow,pcs,1,1,0.765,true,,2024-08-08
2222,ALV-PCK-0061,6402026022228,Älv Saana 2.0 Duffel 120L Sunset Yellow,"Älv Saana 2.0: a duffel that balances weight, durability and price. 120L / Sunset Yellow. Retail-ready packaging.",3,26,Duffel,120L,Sunset Yellow,pcs,6,6,0.727,true,,2019-11-15
2223,ALV-KIT-0001,6402026022235,Älv Summit 2.0 Water Filter Moss Green,The Summit 2.0 water filter by Älv. Moss Green. Popular with rental outfitters and clubs.,8,26,Water Filter,Moss Green,Moss Green,pcs,12,12,0.480,true,,2022-09-27
2224,ALV-KIT-0002,6402026022242,Älv Summit 2.0 Water Filter Burnt Orange,"Älv Summit 2.0 Water Filter for camp kitchen. Burnt Orange. Built for Nordic conditions, season after season.",8,26,Water Filter,Burnt Orange,Burnt Orange,pcs,1,1,0.384,true,,2024-09-30
2225,ALV-KIT-0003,6402026022259,Älv Summit 2.0 Water Filter Forest,Reliable water filter from Älv's Summit 2.0 range. Forest. A wholesale staple for outdoor retailers.,8,26,Water Filter,Forest,Forest,pcs,1,1,0.240,true,,2020-05-15
2226,ALV-KIT-0004,6402026022266,Älv Saana II Gas Canister 100 g,"Älv Saana II: a gas canister that balances weight, durability and price. 100 g. Retail-ready packaging.",8,26,Gas Canister,100 g,,pcs,6,6,0.318,true,,2019-12-21
2227,ALV-KIT-0005,6402026022273,Älv Saana II Gas Canister 230 g,The Saana II gas canister by Älv. 230 g. Popular with rental outfitters and clubs.,8,26,Gas Canister,230 g,,pcs,1,1,0.031,true,,2024-10-09
2228,ALV-KIT-0006,6402026022280,Älv Elv XT Water Bottle Sunset Yellow,"Älv Elv XT Water Bottle for camp kitchen. Sunset Yellow. Built for Nordic conditions, season after season.",8,26,Water Bottle,Sunset Yellow,Sunset Yellow,pcs,1,1,0.111,true,,2021-10-21
2229,ALV-KIT-0007,6402026022297,Älv Elv XT Water Bottle Moss Green,Reliable water bottle from Älv's Elv XT range. Moss Green. A wholesale staple for outdoor retailers.,8,26,Water Bottle,Moss Green,Moss Green,pcs,1,1,0.333,true,,2022-08-06
2230,ALV-KIT-0008,6402026022303,Älv Elv XT Water Bottle Deep Teal,"Älv Elv XT: a water bottle that balances weight, durability and price. Deep Teal. Retail-ready packaging.",8,26,Water Bottle,Deep Teal,Deep Teal,pcs,6,6,0.185,true,,2026-04-08
2231,ALV-KIT-0009,6402026022310,Älv Elv XT Water Bottle Petrol,The Elv XT water bottle by Älv. Petrol. Popular with rental outfitters and clubs.,8,26,Water Bottle,Petrol,Petrol,pcs,1,1,0.039,true,,2019-05-26
2232,ALV-KIT-0010,6402026022327,Älv Lyngen 2.0 Cookset Petrol,"Älv Lyngen 2.0 Cookset for camp kitchen. Petrol. Built for Nordic conditions, season after season.",8,26,Cookset,Petrol,Petrol,pcs,1,1,0.428,true,,2020-10-22
2233,ALV-KIT-0011,6402026022334,Älv Lyngen 2.0 Cookset Burnt Orange,Reliable cookset from Älv's Lyngen 2.0 range. Burnt Orange. A wholesale staple for outdoor retailers.,8,26,Cookset,Burnt Orange,Burnt Orange,pcs,1,1,0.425,true,,2025-02-01
2234,ALV-KIT-0012,6402026022341,Älv Lyngen 2.0 Cookset Ochre,"Älv Lyngen 2.0: a cookset that balances weight, durability and price. Ochre. Retail-ready packaging.",8,26,Cookset,Ochre,Ochre,pcs,12,12,0.110,true,,2022-01-21
2235,ALV-KIT-0013,6402026022358,Älv Storm Pro Cookset Petrol,The Storm Pro cookset by Älv. Petrol. Popular with rental outfitters and clubs.,8,26,Cookset,Petrol,Petrol,pcs,12,12,0.348,true,,2019-08-26
2236,ALV-KIT-0014,6402026022365,Älv Storm Pro Cookset Sand,"Älv Storm Pro Cookset for camp kitchen. Sand. Built for Nordic conditions, season after season.",8,26,Cookset,Sand,Sand,pcs,1,1,0.300,true,,2019-10-31
2237,ALV-KIT-0015,6402026022372,Älv Varanger WP Water Bottle Slate Grey,Reliable water bottle from Älv's Varanger WP range. Slate Grey. A wholesale staple for outdoor retailers.,8,26,Water Bottle,Slate Grey,Slate Grey,pcs,1,1,0.164,true,,2019-02-22
2238,ALV-KIT-0016,6402026022389,Älv Varanger WP Water Bottle Deep Teal,"Älv Varanger WP: a water bottle that balances weight, durability and price. Deep Teal. Retail-ready packaging.",8,26,Water Bottle,Deep Teal,Deep Teal,pcs,12,12,0.265,false,2021-11-29,2019-03-27
2239,ALV-KIT-0017,6402026022396,Älv Varanger WP Water Bottle Moss Green,The Varanger WP water bottle by Älv. Moss Green. Popular with rental outfitters and clubs.,8,26,Water Bottle,Moss Green,Moss Green,pcs,1,1,0.322,true,,2026-01-26
2240,ALV-KIT-0018,6402026022402,Älv Varanger WP Water Bottle Ochre,"Älv Varanger WP Water Bottle for camp kitchen. Ochre. Built for Nordic conditions, season after season.",8,26,Water Bottle,Ochre,Ochre,pcs,6,6,0.316,true,,2020-02-03
2241,ALV-KIT-0019,6402026022419,Älv Sylarna WP Titanium Spork,Reliable titanium spork from Älv's Sylarna WP range. A wholesale staple for outdoor retailers.,8,26,Titanium Spork,,,pcs,1,1,0.177,true,,2023-01-23
2242,ALV-KIT-0020,6402026022426,Älv Ridge Cookset Graphite,"Älv Ridge: a cookset that balances weight, durability and price. Graphite. Retail-ready packaging.",8,26,Cookset,Graphite,Graphite,pcs,6,6,0.428,true,,2023-12-29
2243,ALV-KIT-0021,6402026022433,Älv Ridge Cookset Ruby Red,The Ridge cookset by Älv. Ruby Red. Popular with rental outfitters and clubs.,8,26,Cookset,Ruby Red,Ruby Red,pcs,6,6,0.188,true,,2022-10-27
2244,ALV-KIT-0022,6402026022440,Älv Inari II Camp Stove Arctic White,"Älv Inari II Camp Stove for camp kitchen. Arctic White. Built for Nordic conditions, season after season.",8,26,Camp Stove,Arctic White,Arctic White,pcs,12,12,0.393,true,,2026-01-24
2245,ALV-KIT-0023,6402026022457,Älv Inari II Camp Stove Burnt Orange,Reliable camp stove from Älv's Inari II range. Burnt Orange. A wholesale staple for outdoor retailers.,8,26,Camp Stove,Burnt Orange,Burnt Orange,pcs,6,6,0.034,true,,2024-10-25
2246,ALV-KIT-0024,6402026022464,Älv Boreal XT Water Filter Moss Green,"Älv Boreal XT: a water filter that balances weight, durability and price. Moss Green. Retail-ready packaging.",8,26,Water Filter,Moss Green,Moss Green,pcs,1,1,0.331,true,,2023-09-08
2247,ALV-KIT-0025,6402026022471,Älv Rondane Lite Cookset Ruby Red,The Rondane Lite cookset by Älv. Ruby Red. Popular with rental outfitters and clubs.,8,26,Cookset,Ruby Red,Ruby Red,pcs,1,1,0.309,true,,2021-11-23
2248,ALV-KIT-0026,6402026022488,Älv Rondane Lite Cookset Petrol,"Älv Rondane Lite Cookset for camp kitchen. Petrol. Built for Nordic conditions, season after season.",8,26,Cookset,Petrol,Petrol,pcs,6,6,0.356,true,,2022-06-12
2249,ALV-KIT-0027,6402026022495,Älv Hav 2.0 Gas Canister 100 g,Reliable gas canister from Älv's Hav 2.0 range. 100 g. A wholesale staple for outdoor retailers.,8,26,Gas Canister,100 g,,pcs,12,12,0.075,true,,2019-08-13
2250,ALV-KIT-0028,6402026022501,Älv Fjord II Water Bottle Lichen,"Älv Fjord II: a water bottle that balances weight, durability and price. Lichen. Retail-ready packaging.",8,26,Water Bottle,Lichen,Lichen,pcs,1,1,0.084,true,,2021-10-23
2251,ALV-KIT-0029,6402026022518,Älv Fjord II Water Bottle Petrol,The Fjord II water bottle by Älv. Petrol. Popular with rental outfitters and clubs.,8,26,Water Bottle,Petrol,Petrol,pcs,1,1,0.148,true,,2025-12-28
2252,ALV-KIT-0030,6402026022525,Älv Fjord II Water Bottle Sand,"Älv Fjord II Water Bottle for camp kitchen. Sand. Built for Nordic conditions, season after season.",8,26,Water Bottle,Sand,Sand,pcs,1,1,0.350,true,,2022-04-04
2253,ALV-KIT-0031,6402026022532,Älv Summit Eco Cookset Forest,Reliable cookset from Älv's Summit Eco range. Forest. A wholesale staple for outdoor retailers.,8,26,Cookset,Forest,Forest,pcs,1,1,0.154,true,,2025-07-10
2254,ALV-KIT-0032,6402026022549,Älv Summit Eco Cookset Graphite,"Älv Summit Eco: a cookset that balances weight, durability and price. Graphite. Retail-ready packaging.",8,26,Cookset,Graphite,Graphite,pcs,1,1,0.319,true,,2020-02-15
2255,ALV-KIT-0033,6402026022556,Älv Summit Eco Cookset Lichen,The Summit Eco cookset by Älv. Lichen. Popular with rental outfitters and clubs.,8,26,Cookset,Lichen,Lichen,pcs,1,1,0.163,true,,2019-10-19
2256,ALV-KIT-0034,6402026022563,Älv Fjell Lite Water Filter Forest,"Älv Fjell Lite Water Filter for camp kitchen. Forest. Built for Nordic conditions, season after season.",8,26,Water Filter,Forest,Forest,pcs,1,1,0.173,true,,2024-07-05
2257,ALV-KIT-0035,6402026022570,Älv Fjell Lite Water Filter Lichen,Reliable water filter from Älv's Fjell Lite range. Lichen. A wholesale staple for outdoor retailers.,8,26,Water Filter,Lichen,Lichen,pcs,1,1,0.450,true,,2025-09-25
2258,ALV-KIT-0036,6402026022587,Älv Lumi 2.0 Gas Canister 450 g,"Älv Lumi 2.0: a gas canister that balances weight, durability and price. 450 g. Retail-ready packaging.",8,26,Gas Canister,450 g,,pcs,1,1,0.059,true,,2021-01-31
2259,ALV-KIT-0037,6402026022594,Älv Lumi 2.0 Gas Canister 100 g,The Lumi 2.0 gas canister by Älv. 100 g. Popular with rental outfitters and clubs.,8,26,Gas Canister,100 g,,pcs,12,12,0.033,true,,2024-07-09
2260,ALV-KIT-0038,6402026022600,Älv Lumi 2.0 Gas Canister 230 g,"Älv Lumi 2.0 Gas Canister for camp kitchen. 230 g. Built for Nordic conditions, season after season.",8,26,Gas Canister,230 g,,pcs,12,12,0.194,true,,2024-04-05
2261,ALV-KIT-0039,6402026022617,Älv Vidda 2.0 Gas Canister 450 g,Reliable gas canister from Älv's Vidda 2.0 range. 450 g. A wholesale staple for outdoor retailers.,8,26,Gas Canister,450 g,,pcs,12,12,0.045,true,,2023-10-11
2262,ALV-KIT-0040,6402026022624,Älv Vidda 2.0 Gas Canister 100 g,"Älv Vidda 2.0: a gas canister that balances weight, durability and price. 100 g. Retail-ready packaging.",8,26,Gas Canister,100 g,,pcs,1,1,0.279,true,,2026-04-09
2263,ALV-KIT-0041,6402026022631,Älv Vidda 2.0 Gas Canister 230 g,The Vidda 2.0 gas canister by Älv. 230 g. Popular with rental outfitters and clubs.,8,26,Gas Canister,230 g,,pcs,1,1,0.319,true,,2020-07-03
2264,ALV-KIT-0042,6402026022648,Älv Fjell Water Filter Deep Teal,"Älv Fjell Water Filter for camp kitchen. Deep Teal. Built for Nordic conditions, season after season.",8,26,Water Filter,Deep Teal,Deep Teal,pcs,12,12,0.397,true,,2024-07-08
2265,ALV-KIT-0043,6402026022655,Älv Fjell Water Filter Sunset Yellow,Reliable water filter from Älv's Fjell range. Sunset Yellow. A wholesale staple for outdoor retailers.,8,26,Water Filter,Sunset Yellow,Sunset Yellow,pcs,12,12,0.490,true,,2020-03-03
2266,ALV-KIT-0044,6402026022662,Älv Fjell Water Filter Petrol,"Älv Fjell: a water filter that balances weight, durability and price. Petrol. Retail-ready packaging.",8,26,Water Filter,Petrol,Petrol,pcs,1,1,0.268,true,,2022-08-13
2267,ALV-KIT-0045,6402026022679,Älv Abisko Insulated Mug Forest,The Abisko insulated mug by Älv. Forest. Popular with rental outfitters and clubs.,8,26,Insulated Mug,Forest,Forest,pcs,12,12,0.117,true,,2025-11-25
2268,ALV-KIT-0046,6402026022686,Älv Abisko Insulated Mug Graphite,"Älv Abisko Insulated Mug for camp kitchen. Graphite. Built for Nordic conditions, season after season.",8,26,Insulated Mug,Graphite,Graphite,pcs,1,1,0.329,true,,2026-04-12
2269,ALV-KIT-0047,6402026022693,Älv Abisko Insulated Mug Moss Green,Reliable insulated mug from Älv's Abisko range. Moss Green. A wholesale staple for outdoor retailers.,8,26,Insulated Mug,Moss Green,Moss Green,pcs,1,1,0.306,true,,2022-03-15
2270,ALV-KIT-0048,6402026022709,Älv Kilpis XT Gas Canister 100 g,"Älv Kilpis XT: a gas canister that balances weight, durability and price. 100 g. Retail-ready packaging.",8,26,Gas Canister,100 g,,pcs,6,6,0.225,true,,2022-03-05
2271,ALV-KIT-0049,6402026022716,Älv Ruska Eco Insulated Mug Forest,The Ruska Eco insulated mug by Älv. Forest. Popular with rental outfitters and clubs.,8,26,Insulated Mug,Forest,Forest,pcs,12,12,0.193,true,,2020-01-03
2272,ALV-KIT-0050,6402026022723,Älv Ruska Eco Insulated Mug Slate Grey,"Älv Ruska Eco Insulated Mug for camp kitchen. Slate Grey. Built for Nordic conditions, season after season.",8,26,Insulated Mug,Slate Grey,Slate Grey,pcs,12,12,0.057,true,,2021-02-13
2273,ALV-KIT-0051,6402026022730,Älv Kaamos II Insulated Mug Moss Green,Reliable insulated mug from Älv's Kaamos II range. Moss Green. A wholesale staple for outdoor retailers.,8,26,Insulated Mug,Moss Green,Moss Green,pcs,12,12,0.063,true,,2023-10-31
2274,ALV-KIT-0052,6402026022747,Älv Kaamos II Insulated Mug Black,"Älv Kaamos II: a insulated mug that balances weight, durability and price. Black. Retail-ready packaging.",8,26,Insulated Mug,Black,Black,pcs,1,1,0.152,true,,2025-10-23
2275,SAR-CLB-0001,6402026022754,Sarek Kaldo Quickdraw 6-pack Deep Teal,The Kaldo quickdraw 6-pack by Sarek. Deep Teal. Popular with rental outfitters and clubs.,7,27,Quickdraw 6-pack,Deep Teal,Deep Teal,pcs,1,1,0.917,true,,2025-12-17
2276,SAR-CLB-0002,6402026022761,Sarek Kaldo Quickdraw 6-pack Ochre,"Sarek Kaldo Quickdraw 6-pack for climbing. Ochre. Built for Nordic conditions, season after season.",7,27,Quickdraw 6-pack,Ochre,Ochre,pcs,6,6,1.834,true,,2025-06-27
2277,SAR-CLB-0003,6402026022778,Sarek Kaldo Quickdraw 6-pack Ruby Red,Reliable quickdraw 6-pack from Sarek's Kaldo range. Ruby Red. A wholesale staple for outdoor retailers.,7,27,Quickdraw 6-pack,Ruby Red,Ruby Red,pcs,12,12,0.113,true,,2022-05-02
2278,SAR-CLB-0004,6402026022785,Sarek Fjord WP Belay Device Ruby Red,"Sarek Fjord WP: a belay device that balances weight, durability and price. Ruby Red. Retail-ready packaging.",7,27,Belay Device,Ruby Red,Ruby Red,pcs,1,1,0.108,true,,2026-02-05
2279,SAR-CLB-0005,6402026022792,Sarek Ylläs Quickdraw 6-pack Slate Grey,The Ylläs quickdraw 6-pack by Sarek. Slate Grey. Popular with rental outfitters and clubs.,7,27,Quickdraw 6-pack,Slate Grey,Slate Grey,pcs,1,1,0.784,true,,2021-12-09
2280,SAR-CLB-0006,6402026022808,Sarek Ylläs Quickdraw 6-pack Ruby Red,"Sarek Ylläs Quickdraw 6-pack for climbing. Ruby Red. Built for Nordic conditions, season after season.",7,27,Quickdraw 6-pack,Ruby Red,Ruby Red,pcs,1,1,2.130,true,,2022-07-27
2281,SAR-CLB-0007,6402026022815,Sarek Ylläs Quickdraw 6-pack Black,Reliable quickdraw 6-pack from Sarek's Ylläs range. Black. A wholesale staple for outdoor retailers.,7,27,Quickdraw 6-pack,Black,Black,pcs,1,1,1.434,true,,2026-02-01
2282,SAR-CLB-0008,6402026022822,Sarek Ylläs Quickdraw 6-pack Arctic White,"Sarek Ylläs: a quickdraw 6-pack that balances weight, durability and price. Arctic White. Retail-ready packaging.",7,27,Quickdraw 6-pack,Arctic White,Arctic White,pcs,1,1,1.218,true,,2021-05-20
2283,SAR-CLB-0009,6402026022839,Sarek Elv Lite Belay Device Lichen,The Elv Lite belay device by Sarek. Lichen. Popular with rental outfitters and clubs.,7,27,Belay Device,Lichen,Lichen,pcs,1,1,1.120,true,,2021-07-26
2284,SAR-CLB-0010,6402026022846,Sarek Elv Lite Belay Device Graphite,"Sarek Elv Lite Belay Device for climbing. Graphite. Built for Nordic conditions, season after season.",7,27,Belay Device,Graphite,Graphite,pcs,1,1,0.022,true,,2023-07-09
2285,SAR-CLB-0011,6402026022853,Sarek Nordic Eco Climbing Helmet L Petrol,Reliable climbing helmet from Sarek's Nordic Eco range. L / Petrol. A wholesale staple for outdoor retailers.,7,27,Climbing Helmet,L,Petrol,pcs,12,12,0.398,true,,2019-09-11
2286,SAR-CLB-0012,6402026022860,Sarek Nordic Eco Climbing Helmet XS Petrol,"Sarek Nordic Eco: a climbing helmet that balances weight, durability and price. XS / Petrol. Retail-ready packaging.",7,27,Climbing Helmet,XS,Petrol,pcs,1,1,0.512,true,,2019-10-14
2287,SAR-CLB-0013,6402026022877,Sarek Nordic Eco Climbing Helmet M Petrol,The Nordic Eco climbing helmet by Sarek. M / Petrol. Popular with rental outfitters and clubs.,7,27,Climbing Helmet,M,Petrol,pcs,12,12,0.736,true,,2021-03-20
2288,SAR-CLB-0014,6402026022884,Sarek Nordic Eco Climbing Helmet XXL Petrol,"Sarek Nordic Eco Climbing Helmet for climbing. XXL / Petrol. Built for Nordic conditions, season after season.",7,27,Climbing Helmet,XXL,Petrol,pcs,1,1,1.178,true,,2021-07-30
2289,SAR-CLB-0015,6402026022891,Sarek Nordic Eco Climbing Helmet XL Petrol,Reliable climbing helmet from Sarek's Nordic Eco range. XL / Petrol. A wholesale staple for outdoor retailers.,7,27,Climbing Helmet,XL,Petrol,pcs,12,12,1.298,true,,2023-05-26
2290,SAR-CLB-0016,6402026022907,Sarek Kebne Eco Belay Device Ruby Red,"Sarek Kebne Eco: a belay device that balances weight, durability and price. Ruby Red. Retail-ready packaging.",7,27,Belay Device,Ruby Red,Ruby Red,pcs,6,6,0.985,true,,2024-01-11
2291,SAR-CLB-0017,6402026022914,Sarek Kebne Eco Belay Device Black,The Kebne Eco belay device by Sarek. Black. Popular with rental outfitters and clubs.,7,27,Belay Device,Black,Black,pcs,6,6,1.085,true,,2022-11-23
2292,SAR-CLB-0018,6402026022921,Sarek Skog WP Quickdraw 6-pack Graphite,"Sarek Skog WP Quickdraw 6-pack for climbing. Graphite. Built for Nordic conditions, season after season.",7,27,Quickdraw 6-pack,Graphite,Graphite,pcs,1,1,1.407,true,,2021-04-25
2293,SAR-CLB-0019,6402026022938,Sarek Skog WP Quickdraw 6-pack Burnt Orange,Reliable quickdraw 6-pack from Sarek's Skog WP range. Burnt Orange. A wholesale staple for outdoor retailers.,7,27,Quickdraw 6-pack,Burnt Orange,Burnt Orange,pcs,1,1,1.202,true,,2019-08-25
2294,SAR-CLB-0020,6402026022945,Sarek Skog WP Quickdraw 6-pack Slate Grey,"Sarek Skog WP: a quickdraw 6-pack that balances weight, durability and price. Slate Grey. Retail-ready packaging.",7,27,Quickdraw 6-pack,Slate Grey,Slate Grey,pcs,1,1,2.166,true,,2024-08-27
2295,SAR-CLB-0021,6402026022952,Sarek Kungsleden Harness XXL Graphite,The Kungsleden harness by Sarek. XXL / Graphite. Popular with rental outfitters and clubs.,7,27,Harness,XXL,Graphite,pcs,12,12,2.053,true,,2022-03-25
2296,SAR-CLB-0022,6402026022969,Sarek Kungsleden Harness XS Graphite,"Sarek Kungsleden Harness for climbing. XS / Graphite. Built for Nordic conditions, season after season.",7,27,Harness,XS,Graphite,pcs,6,6,2.499,true,,2020-02-19
2297,SAR-CLB-0023,6402026022976,Sarek Kungsleden Harness M Graphite,Reliable harness from Sarek's Kungsleden range. M / Graphite. A wholesale staple for outdoor retailers.,7,27,Harness,M,Graphite,pcs,1,1,2.469,true,,2022-10-28
2298,SAR-CLB-0024,6402026022983,Sarek Kaamos WP Locking Carabiner Ochre,"Sarek Kaamos WP: a locking carabiner that balances weight, durability and price. Ochre. Retail-ready packaging.",7,27,Locking Carabiner,Ochre,Ochre,pcs,1,1,0.909,true,,2021-04-26
2299,SAR-CLB-0025,6402026022990,Sarek Kaamos WP Locking Carabiner Burnt Orange,The Kaamos WP locking carabiner by Sarek. Burnt Orange. Popular with rental outfitters and clubs.,7,27,Locking Carabiner,Burnt Orange,Burnt Orange,pcs,1,1,0.440,true,,2025-07-20
2300,SAR-CLB-0026,6402026023003,Sarek Kaamos WP Locking Carabiner Lichen,"Sarek Kaamos WP Locking Carabiner for climbing. Lichen. Built for Nordic conditions, season after season.",7,27,Locking Carabiner,Lichen,Lichen,pcs,1,1,0.205,true,,2023-12-07
2301,SAR-CLB-0027,6402026023010,Sarek Senja Locking Carabiner Black,Reliable locking carabiner from Sarek's Senja range. Black. A wholesale staple for outdoor retailers.,7,27,Locking Carabiner,Black,Black,pcs,6,6,0.799,true,,2026-03-19
2302,SAR-CLB-0028,6402026023027,Sarek Senja Locking Carabiner Deep Teal,"Sarek Senja: a locking carabiner that balances weight, durability and price. Deep Teal. Retail-ready packaging.",7,27,Locking Carabiner,Deep Teal,Deep Teal,pcs,12,12,1.150,true,,2023-02-07
2303,SAR-ACC-0001,6402026023034,Sarek Padjelanta Seam Sealer,The Padjelanta seam sealer by Sarek. Popular with rental outfitters and clubs.,14,27,Seam Sealer,,,pcs,12,12,0.008,true,,2021-01-10
2304,SAR-ACC-0002,6402026023041,Sarek Hav WP First Aid Kit XXL Burnt Orange,"Sarek Hav WP First Aid Kit for accessories & maintenance. XXL / Burnt Orange. Built for Nordic conditions, season after season.",14,27,First Aid Kit,XXL,Burnt Orange,pcs,1,1,0.018,true,,2023-11-04
2305,SAR-ACC-0003,6402026023058,Sarek Hav WP First Aid Kit XS Burnt Orange,Reliable first aid kit from Sarek's Hav WP range. XS / Burnt Orange. A wholesale staple for outdoor retailers.,14,27,First Aid Kit,XS,Burnt Orange,pcs,1,1,0.147,true,,2025-04-05
2306,SAR-ACC-0004,6402026023065,Sarek Lyngen Plus Beanie Lichen,"Sarek Lyngen Plus: a beanie that balances weight, durability and price. Lichen. Retail-ready packaging.",14,27,Beanie,Lichen,Lichen,pcs,1,1,0.018,true,,2026-03-02
2307,SAR-ACC-0005,6402026023072,Sarek Lyngen Plus Beanie Deep Teal,The Lyngen Plus beanie by Sarek. Deep Teal. Popular with rental outfitters and clubs.,14,27,Beanie,Deep Teal,Deep Teal,pcs,1,1,0.075,true,,2025-12-08
2308,SAR-ACC-0006,6402026023089,Sarek Lyngen Plus Beanie Sunset Yellow,"Sarek Lyngen Plus Beanie for accessories & maintenance. Sunset Yellow. Built for Nordic conditions, season after season.",14,27,Beanie,Sunset Yellow,Sunset Yellow,pcs,12,12,0.009,true,,2025-07-25
2309,SAR-ACC-0007,6402026023096,Sarek Lyngen Plus Beanie Ochre,Reliable beanie from Sarek's Lyngen Plus range. Ochre. A wholesale staple for outdoor retailers.,14,27,Beanie,Ochre,Ochre,pcs,1,1,0.161,true,,2021-03-21
2310,SAR-ACC-0008,6402026023102,Sarek Lyngen Plus Beanie Burnt Orange,"Sarek Lyngen Plus: a beanie that balances weight, durability and price. Burnt Orange. Retail-ready packaging.",14,27,Beanie,Burnt Orange,Burnt Orange,pcs,6,6,0.020,true,,2020-02-14
2311,SAR-ACC-0009,6402026023119,Sarek Ridge Plus Trekking Poles 105 cm Burnt Orange,The Ridge Plus trekking poles by Sarek. 105 cm / Burnt Orange. Popular with rental outfitters and clubs.,14,27,Trekking Poles,105 cm,Burnt Orange,pcs,1,1,0.170,true,,2024-05-09
2312,SAR-ACC-0010,6402026023126,Sarek Ridge Plus Trekking Poles 150 cm Burnt Orange,"Sarek Ridge Plus Trekking Poles for accessories & maintenance. 150 cm / Burnt Orange. Built for Nordic conditions, season after season.",14,27,Trekking Poles,150 cm,Burnt Orange,pcs,1,1,0.104,true,,2025-10-03
2313,SAR-ACC-0011,6402026023133,Sarek Ridge Plus Trekking Poles 170 cm Burnt Orange,Reliable trekking poles from Sarek's Ridge Plus range. 170 cm / Burnt Orange. A wholesale staple for outdoor retailers.,14,27,Trekking Poles,170 cm,Burnt Orange,pcs,6,6,0.084,true,,2021-02-15
2314,SAR-ACC-0012,6402026023140,Sarek Ridge Plus Trekking Poles 160 cm Burnt Orange,"Sarek Ridge Plus: a trekking poles that balances weight, durability and price. 160 cm / Burnt Orange. Retail-ready packaging.",14,27,Trekking Poles,160 cm,Burnt Orange,pcs,1,1,0.079,true,,2024-12-20
2315,SAR-ACC-0013,6402026023157,Sarek Ridge Plus Trekking Poles 115 cm Burnt Orange,The Ridge Plus trekking poles by Sarek. 115 cm / Burnt Orange. Popular with rental outfitters and clubs.,14,27,Trekking Poles,115 cm,Burnt Orange,pcs,12,12,0.413,true,,2021-01-05
2316,SAR-ACC-0014,6402026023164,Sarek Polar Trekking Poles 150 cm Slate Grey,"Sarek Polar Trekking Poles for accessories & maintenance. 150 cm / Slate Grey. Built for Nordic conditions, season after season.",14,27,Trekking Poles,150 cm,Slate Grey,pcs,6,6,0.223,true,,2025-01-20
2317,SAR-ACC-0015,6402026023171,Sarek Polar Trekking Poles 180 cm Slate Grey,Reliable trekking poles from Sarek's Polar range. 180 cm / Slate Grey. A wholesale staple for outdoor retailers.,14,27,Trekking Poles,180 cm,Slate Grey,pcs,1,1,0.563,true,,2021-02-19
2318,SAR-ACC-0016,6402026023188,Sarek Polar Trekking Poles 115 cm Slate Grey,"Sarek Polar: a trekking poles that balances weight, durability and price. 115 cm / Slate Grey. Retail-ready packaging.",14,27,Trekking Poles,115 cm,Slate Grey,pcs,1,1,0.401,true,,2026-02-23
2319,SAR-ACC-0017,6402026023195,Sarek Polar Trekking Poles 160 cm Slate Grey,The Polar trekking poles by Sarek. 160 cm / Slate Grey. Popular with rental outfitters and clubs.,14,27,Trekking Poles,160 cm,Slate Grey,pcs,12,12,0.424,true,,2024-04-01
2320,SAR-ACC-0018,6402026023201,Sarek Polar Trekking Poles 125 cm Slate Grey,"Sarek Polar Trekking Poles for accessories & maintenance. 125 cm / Slate Grey. Built for Nordic conditions, season after season.",14,27,Trekking Poles,125 cm,Slate Grey,pcs,1,1,0.056,true,,2025-05-05
2321,SAR-ACC-0019,6402026023218,Sarek Vinter 2.0 Beanie Sand,Reliable beanie from Sarek's Vinter 2.0 range. Sand. A wholesale staple for outdoor retailers.,14,27,Beanie,Sand,Sand,pcs,1,1,0.032,true,,2023-07-21
2322,SAR-ACC-0020,6402026023225,Sarek Vinter 2.0 Beanie Ochre,"Sarek Vinter 2.0: a beanie that balances weight, durability and price. Ochre. Retail-ready packaging.",14,27,Beanie,Ochre,Ochre,pcs,1,1,0.037,true,,2023-05-13
2323,SAR-ACC-0021,6402026023232,Sarek Vinter 2.0 Beanie Sunset Yellow,The Vinter 2.0 beanie by Sarek. Sunset Yellow. Popular with rental outfitters and clubs.,14,27,Beanie,Sunset Yellow,Sunset Yellow,pcs,1,1,0.160,true,,2026-03-03
2324,SAR-ACC-0022,6402026023249,Sarek Hav Repair Kit,"Sarek Hav Repair Kit for accessories & maintenance. Built for Nordic conditions, season after season.",14,27,Repair Kit,,,pcs,12,12,0.161,true,,2020-02-13
2325,SAR-ACC-0023,6402026023256,Sarek Ultra Pro Neck Gaiter Burnt Orange,Reliable neck gaiter from Sarek's Ultra Pro range. Burnt Orange. A wholesale staple for outdoor retailers.,14,27,Neck Gaiter,Burnt Orange,Burnt Orange,pcs,12,12,0.132,true,,2025-02-25
2326,SAR-ACC-0024,6402026023263,Sarek Ultra Pro Neck Gaiter Moss Green,"Sarek Ultra Pro: a neck gaiter that balances weight, durability and price. Moss Green. Retail-ready packaging.",14,27,Neck Gaiter,Moss Green,Moss Green,pcs,1,1,0.063,true,,2022-06-17
2327,SAR-ACC-0025,6402026023270,Sarek Nuten Lite Neck Gaiter Graphite,The Nuten Lite neck gaiter by Sarek. Graphite. Popular with rental outfitters and clubs.,14,27,Neck Gaiter,Graphite,Graphite,pcs,12,12,0.051,true,,2023-06-19
2328,SAR-ACC-0026,6402026023287,Sarek Nuten Lite Neck Gaiter Slate Grey,"Sarek Nuten Lite Neck Gaiter for accessories & maintenance. Slate Grey. Built for Nordic conditions, season after season.",14,27,Neck Gaiter,Slate Grey,Slate Grey,pcs,12,12,0.145,true,,2021-03-06
2329,SAR-ACC-0027,6402026023294,Sarek Kebne Pro Repair Kit,Reliable repair kit from Sarek's Kebne Pro range. A wholesale staple for outdoor retailers.,14,27,Repair Kit,,,pcs,12,12,0.159,true,,2020-10-31
2330,SAR-ACC-0028,6402026023300,Sarek Boreal Map Case,"Sarek Boreal: a map case that balances weight, durability and price. Retail-ready packaging.",14,27,Map Case,,,pcs,1,1,0.041,true,,2022-11-22
2331,SAR-ACC-0029,6402026023317,Sarek Elv II Repair Kit,The Elv II repair kit by Sarek. Popular with rental outfitters and clubs.,14,27,Repair Kit,,,pcs,1,1,0.096,true,,2024-03-14
2332,SAR-ACC-0030,6402026023324,Sarek Hav Seam Sealer,"Sarek Hav Seam Sealer for accessories & maintenance. Built for Nordic conditions, season after season.",14,27,Seam Sealer,,,pcs,6,6,0.143,true,,2024-12-04
2333,SAR-ACC-0031,6402026023331,Sarek Abisko 2.0 Seam Sealer,Reliable seam sealer from Sarek's Abisko 2.0 range. A wholesale staple for outdoor retailers.,14,27,Seam Sealer,,,pcs,12,12,0.093,true,,2026-04-22
2334,SAR-ACC-0032,6402026023348,Sarek Fjord Pro Beanie Sunset Yellow,"Sarek Fjord Pro: a beanie that balances weight, durability and price. Sunset Yellow. Retail-ready packaging.",14,27,Beanie,Sunset Yellow,Sunset Yellow,pcs,1,1,0.142,true,,2026-01-13
2335,SAR-ACC-0033,6402026023355,Sarek Fjord Pro Beanie Moss Green,The Fjord Pro beanie by Sarek. Moss Green. Popular with rental outfitters and clubs.,14,27,Beanie,Moss Green,Moss Green,pcs,1,1,0.065,true,,2022-12-06
2336,SAR-ACC-0034,6402026023362,Sarek Fjord Pro Beanie Ochre,"Sarek Fjord Pro Beanie for accessories & maintenance. Ochre. Built for Nordic conditions, season after season.",14,27,Beanie,Ochre,Ochre,pcs,1,1,0.121,true,,2025-05-31
2337,SAR-ACC-0035,6402026023379,Sarek Fjord Pro Beanie Lichen,Reliable beanie from Sarek's Fjord Pro range. Lichen. A wholesale staple for outdoor retailers.,14,27,Beanie,Lichen,Lichen,pcs,1,1,0.124,true,,2021-12-03
2338,SAR-ACC-0036,6402026023386,Sarek Fjord Pro Beanie Black,"Sarek Fjord Pro: a beanie that balances weight, durability and price. Black. Retail-ready packaging.",14,27,Beanie,Black,Black,pcs,1,1,0.125,true,,2023-05-11
2339,SAR-ACC-0037,6402026023393,Sarek Abisko Plus Liner Gloves M Midnight Blue,The Abisko Plus liner gloves by Sarek. M / Midnight Blue. Popular with rental outfitters and clubs.,14,27,Liner Gloves,M,Midnight Blue,pcs,1,1,0.020,true,,2024-12-06
2340,SAR-ACC-0038,6402026023409,Sarek Myrsky 2.0 Trekking Poles 210 cm Deep Teal,"Sarek Myrsky 2.0 Trekking Poles for accessories & maintenance. 210 cm / Deep Teal. Built for Nordic conditions, season after season.",14,27,Trekking Poles,210 cm,Deep Teal,pcs,1,1,0.046,true,,2023-10-05
2341,SAR-ACC-0039,6402026023416,Sarek Myrsky 2.0 Trekking Poles 105 cm Deep Teal,Reliable trekking poles from Sarek's Myrsky 2.0 range. 105 cm / Deep Teal. A wholesale staple for outdoor retailers.,14,27,Trekking Poles,105 cm,Deep Teal,pcs,1,1,0.070,true,,2022-05-02
2342,SAR-ACC-0040,6402026023423,Sarek Myrsky 2.0 Trekking Poles 160 cm Deep Teal,"Sarek Myrsky 2.0: a trekking poles that balances weight, durability and price. 160 cm / Deep Teal. Retail-ready packaging.",14,27,Trekking Poles,160 cm,Deep Teal,pcs,1,1,0.358,true,,2022-07-16
2343,SAR-ACC-0041,6402026023430,Sarek Pallas First Aid Kit XS Ochre,The Pallas first aid kit by Sarek. XS / Ochre. Popular with rental outfitters and clubs.,14,27,First Aid Kit,XS,Ochre,pcs,1,1,0.098,true,,2021-04-26
2344,SAR-ACC-0042,6402026023447,Sarek Arctic 2.0 Beanie Ochre,"Sarek Arctic 2.0 Beanie for accessories & maintenance. Ochre. Built for Nordic conditions, season after season.",14,27,Beanie,Ochre,Ochre,pcs,6,6,0.110,true,,2022-11-28
2345,SAR-ACC-0043,6402026023454,Sarek Skog 2.0 Repair Kit,Reliable repair kit from Sarek's Skog 2.0 range. A wholesale staple for outdoor retailers.,14,27,Repair Kit,,,pcs,1,1,0.117,true,,2020-02-04
2346,SAR-ACC-0044,6402026023461,Sarek Tuuli Plus Liner Gloves L Ruby Red,"Sarek Tuuli Plus: a liner gloves that balances weight, durability and price. L / Ruby Red. Retail-ready packaging.",14,27,Liner Gloves,L,Ruby Red,pcs,1,1,0.166,true,,2025-08-26
2347,SAR-ACC-0045,6402026023478,Sarek Tuuli Plus Liner Gloves S Ruby Red,The Tuuli Plus liner gloves by Sarek. S / Ruby Red. Popular with rental outfitters and clubs.,14,27,Liner Gloves,S,Ruby Red,pcs,1,1,0.011,true,,2024-11-26
2348,SAR-ACC-0046,6402026023485,Sarek Tuuli Plus Liner Gloves XXL Ruby Red,"Sarek Tuuli Plus Liner Gloves for accessories & maintenance. XXL / Ruby Red. Built for Nordic conditions, season after season.",14,27,Liner Gloves,XXL,Ruby Red,pcs,12,12,0.034,true,,2019-11-02
2349,SAR-ACC-0047,6402026023492,Sarek Myrsky Trekking Poles 220 cm Lichen,Reliable trekking poles from Sarek's Myrsky range. 220 cm / Lichen. A wholesale staple for outdoor retailers.,14,27,Trekking Poles,220 cm,Lichen,pcs,1,1,0.488,true,,2020-03-09
2350,SAR-ACC-0048,6402026023508,Sarek Myrsky Trekking Poles 105 cm Lichen,"Sarek Myrsky: a trekking poles that balances weight, durability and price. 105 cm / Lichen. Retail-ready packaging.",14,27,Trekking Poles,105 cm,Lichen,pcs,1,1,0.216,true,,2024-01-01
2351,SAR-ACC-0049,6402026023515,Sarek Myrsky Trekking Poles 135 cm Lichen,The Myrsky trekking poles by Sarek. 135 cm / Lichen. Popular with rental outfitters and clubs.,14,27,Trekking Poles,135 cm,Lichen,pcs,1,1,0.136,true,,2021-12-05
2352,SAR-ACC-0050,6402026023522,Sarek Fjord XT Liner Gloves XS Ochre,"Sarek Fjord XT Liner Gloves for accessories & maintenance. XS / Ochre. Built for Nordic conditions, season after season.",14,27,Liner Gloves,XS,Ochre,pcs,1,1,0.120,true,,2019-12-08
2353,SAR-ACC-0051,6402026023539,Sarek Kilpis Pro Liner Gloves L Midnight Blue,Reliable liner gloves from Sarek's Kilpis Pro range. L / Midnight Blue. A wholesale staple for outdoor retailers.,14,27,Liner Gloves,L,Midnight Blue,pcs,12,12,0.035,true,,2021-07-19
2354,SAR-ACC-0052,6402026023546,Sarek Hav Map Case,"Sarek Hav: a map case that balances weight, durability and price. Retail-ready packaging.",14,27,Map Case,,,pcs,1,1,0.028,true,,2024-10-01
2355,KIA-WIN-0001,6402026023553,Kiruna Alpine Climbing Skins 170 cm Burnt Orange,The Alpine climbing skins by Kiruna. 170 cm / Burnt Orange. Popular with rental outfitters and clubs.,10,28,Climbing Skins,170 cm,Burnt Orange,pcs,12,12,1.110,true,,2025-02-28
2356,KIA-WIN-0002,6402026023560,Kiruna Alpine Climbing Skins 160 cm Burnt Orange,"Kiruna Alpine Climbing Skins for winter sports. 160 cm / Burnt Orange. Built for Nordic conditions, season after season.",10,28,Climbing Skins,160 cm,Burnt Orange,pcs,12,12,0.336,true,,2021-10-03
2357,KIA-WIN-0003,6402026023577,Kiruna Alpine Climbing Skins 150 cm Burnt Orange,Reliable climbing skins from Kiruna's Alpine range. 150 cm / Burnt Orange. A wholesale staple for outdoor retailers.,10,28,Climbing Skins,150 cm,Burnt Orange,pcs,12,12,0.664,true,,2025-12-28
2358,KIA-WIN-0004,6402026023584,Kiruna Skog Snow Shovel Sunset Yellow,"Kiruna Skog: a snow shovel that balances weight, durability and price. Sunset Yellow. Retail-ready packaging.",10,28,Snow Shovel,Sunset Yellow,Sunset Yellow,pcs,1,1,1.086,true,,2026-05-05
2359,KIA-WIN-0005,6402026023591,Kiruna Skog Snow Shovel Deep Teal,The Skog snow shovel by Kiruna. Deep Teal. Popular with rental outfitters and clubs.,10,28,Snow Shovel,Deep Teal,Deep Teal,pcs,1,1,0.089,false,2022-09-02,2019-04-14
2360,KIA-WIN-0006,6402026023607,Kiruna Skog Snow Shovel Midnight Blue,"Kiruna Skog Snow Shovel for winter sports. Midnight Blue. Built for Nordic conditions, season after season.",10,28,Snow Shovel,Midnight Blue,Midnight Blue,pcs,6,6,0.622,true,,2024-01-31
2361,KIA-WIN-0007,6402026023614,Kiruna Skog Snow Shovel Slate Grey,Reliable snow shovel from Kiruna's Skog range. Slate Grey. A wholesale staple for outdoor retailers.,10,28,Snow Shovel,Slate Grey,Slate Grey,pcs,1,1,1.117,true,,2022-02-07
2362,KIA-WIN-0008,6402026023621,Kiruna Skog II Ski Goggles Petrol,"Kiruna Skog II: a ski goggles that balances weight, durability and price. Petrol. Retail-ready packaging.",10,28,Ski Goggles,Petrol,Petrol,pcs,6,6,0.275,true,,2019-10-23
2363,KIA-WIN-0009,6402026023638,Kiruna Skog II Ski Goggles Ochre,The Skog II ski goggles by Kiruna. Ochre. Popular with rental outfitters and clubs.,10,28,Ski Goggles,Ochre,Ochre,pcs,6,6,0.760,true,,2019-06-06
2364,KIA-WIN-0010,6402026023645,Kiruna Skog II Ski Goggles Forest,"Kiruna Skog II Ski Goggles for winter sports. Forest. Built for Nordic conditions, season after season.",10,28,Ski Goggles,Forest,Forest,pcs,1,1,0.727,true,,2025-10-02
2365,KIA-WIN-0011,6402026023652,Kiruna Ylläs Ski Goggles Slate Grey,Reliable ski goggles from Kiruna's Ylläs range. Slate Grey. A wholesale staple for outdoor retailers.,10,28,Ski Goggles,Slate Grey,Slate Grey,pcs,1,1,1.042,true,,2020-04-01
2366,KIA-WIN-0012,6402026023669,Kiruna Ylläs Ski Goggles Ruby Red,"Kiruna Ylläs: a ski goggles that balances weight, durability and price. Ruby Red. Retail-ready packaging.",10,28,Ski Goggles,Ruby Red,Ruby Red,pcs,6,6,0.865,true,,2025-04-09
2367,KIA-WIN-0013,6402026023676,Kiruna Ylläs Ski Goggles Burnt Orange,The Ylläs ski goggles by Kiruna. Burnt Orange. Popular with rental outfitters and clubs.,10,28,Ski Goggles,Burnt Orange,Burnt Orange,pcs,1,1,1.012,true,,2020-11-18
2368,KIA-WIN-0014,6402026023683,Kiruna Myrsky 2.0 Snowshoes XS Arctic White,"Kiruna Myrsky 2.0 Snowshoes for winter sports. XS / Arctic White. Built for Nordic conditions, season after season.",10,28,Snowshoes,XS,Arctic White,pcs,6,6,1.058,true,,2021-03-07
2369,KIA-WIN-0015,6402026023690,Kiruna Myrsky 2.0 Snowshoes L Arctic White,Reliable snowshoes from Kiruna's Myrsky 2.0 range. L / Arctic White. A wholesale staple for outdoor retailers.,10,28,Snowshoes,L,Arctic White,pcs,6,6,0.500,true,,2022-04-06
2370,KIA-WIN-0016,6402026023706,Kiruna Varanger XT Touring Ski 150 cm Deep Teal,"Kiruna Varanger XT: a touring ski that balances weight, durability and price. 150 cm / Deep Teal. Retail-ready packaging.",10,28,Touring Ski,150 cm,Deep Teal,pcs,12,12,3.305,true,,2022-07-20
2371,KIA-WIN-0017,6402026023713,Kiruna Varanger XT Touring Ski 115 cm Deep Teal,The Varanger XT touring ski by Kiruna. 115 cm / Deep Teal. Popular with rental outfitters and clubs.,10,28,Touring Ski,115 cm,Deep Teal,pcs,6,6,2.917,true,,2021-05-04
2372,KIA-WIN-0018,6402026023720,Kiruna Vidda II Touring Ski 180 cm Midnight Blue,"Kiruna Vidda II Touring Ski for winter sports. 180 cm / Midnight Blue. Built for Nordic conditions, season after season.",10,28,Touring Ski,180 cm,Midnight Blue,pcs,12,12,3.765,true,,2025-08-10
2373,KIA-WIN-0019,6402026023737,Kiruna Vidda II Touring Ski 115 cm Midnight Blue,Reliable touring ski from Kiruna's Vidda II range. 115 cm / Midnight Blue. A wholesale staple for outdoor retailers.,10,28,Touring Ski,115 cm,Midnight Blue,pcs,6,6,3.025,true,,2024-06-04
2374,KIA-WIN-0020,6402026023744,Kiruna Vidda II Touring Ski 210 cm Midnight Blue,"Kiruna Vidda II: a touring ski that balances weight, durability and price. 210 cm / Midnight Blue. Retail-ready packaging.",10,28,Touring Ski,210 cm,Midnight Blue,pcs,1,1,2.070,true,,2019-05-04
2375,KIA-WIN-0021,6402026023751,Kiruna Lyngen Pro Avalanche Transceiver,The Lyngen Pro avalanche transceiver by Kiruna. Popular with rental outfitters and clubs.,10,28,Avalanche Transceiver,,,pcs,1,1,0.378,true,,2024-06-09
2376,KIA-WIN-0022,6402026023768,Kiruna Jotun Lite Ski Poles 125 cm Sunset Yellow,"Kiruna Jotun Lite Ski Poles for winter sports. 125 cm / Sunset Yellow. Built for Nordic conditions, season after season.",10,28,Ski Poles,125 cm,Sunset Yellow,pcs,1,1,0.332,true,,2024-06-21
2377,KIA-WIN-0023,6402026023775,Kiruna Jotun Lite Ski Poles 220 cm Sunset Yellow,Reliable ski poles from Kiruna's Jotun Lite range. 220 cm / Sunset Yellow. A wholesale staple for outdoor retailers.,10,28,Ski Poles,220 cm,Sunset Yellow,pcs,1,1,0.871,true,,2024-03-19
2378,KIA-WIN-0024,6402026023782,Kiruna Tuuli Ski Goggles Slate Grey,"Kiruna Tuuli: a ski goggles that balances weight, durability and price. Slate Grey. Retail-ready packaging.",10,28,Ski Goggles,Slate Grey,Slate Grey,pcs,12,12,0.112,true,,2021-07-25
2379,KIA-WIN-0025,6402026023799,Kiruna Tuuli Ski Goggles Graphite,The Tuuli ski goggles by Kiruna. Graphite. Popular with rental outfitters and clubs.,10,28,Ski Goggles,Graphite,Graphite,pcs,1,1,0.517,true,,2025-09-10
2380,KIA-WIN-0026,6402026023805,Kiruna Tuuli Ski Goggles Ochre,"Kiruna Tuuli Ski Goggles for winter sports. Ochre. Built for Nordic conditions, season after season.",10,28,Ski Goggles,Ochre,Ochre,pcs,6,6,0.474,true,,2024-02-20
2381,KIA-WIN-0027,6402026023812,Kiruna Inari Plus Snow Shovel Graphite,Reliable snow shovel from Kiruna's Inari Plus range. Graphite. A wholesale staple for outdoor retailers.,10,28,Snow Shovel,Graphite,Graphite,pcs,1,1,0.559,true,,2025-04-16
2382,KIA-WIN-0028,6402026023829,Kiruna Inari Plus Snow Shovel Slate Grey,"Kiruna Inari Plus: a snow shovel that balances weight, durability and price. Slate Grey. Retail-ready packaging.",10,28,Snow Shovel,Slate Grey,Slate Grey,pcs,12,12,0.547,true,,2023-01-17
2383,KIA-WIN-0029,6402026023836,Kiruna Kilpis Eco Ski Poles 170 cm Moss Green,The Kilpis Eco ski poles by Kiruna. 170 cm / Moss Green. Popular with rental outfitters and clubs.,10,28,Ski Poles,170 cm,Moss Green,pcs,1,1,0.849,true,,2023-02-01
2384,KIA-WIN-0030,6402026023843,Kiruna Kilpis Eco Ski Poles 135 cm Moss Green,"Kiruna Kilpis Eco Ski Poles for winter sports. 135 cm / Moss Green. Built for Nordic conditions, season after season.",10,28,Ski Poles,135 cm,Moss Green,pcs,1,1,0.251,true,,2020-12-08
2385,KIA-WIN-0031,6402026023850,Kiruna Kilpis Eco Ski Poles 105 cm Moss Green,Reliable ski poles from Kiruna's Kilpis Eco range. 105 cm / Moss Green. A wholesale staple for outdoor retailers.,10,28,Ski Poles,105 cm,Moss Green,pcs,1,1,0.503,true,,2020-08-05
2386,KIA-WIN-0032,6402026023867,Kiruna Jotun Plus Ski Goggles Ruby Red,"Kiruna Jotun Plus: a ski goggles that balances weight, durability and price. Ruby Red. Retail-ready packaging.",10,28,Ski Goggles,Ruby Red,Ruby Red,pcs,1,1,0.323,true,,2024-06-10
2387,KIA-WIN-0033,6402026023874,Kiruna Jotun Plus Ski Goggles Sunset Yellow,The Jotun Plus ski goggles by Kiruna. Sunset Yellow. Popular with rental outfitters and clubs.,10,28,Ski Goggles,Sunset Yellow,Sunset Yellow,pcs,1,1,1.039,true,,2019-06-01
2388,KIA-WIN-0034,6402026023881,Kiruna Jotun Plus Ski Goggles Lichen,"Kiruna Jotun Plus Ski Goggles for winter sports. Lichen. Built for Nordic conditions, season after season.",10,28,Ski Goggles,Lichen,Lichen,pcs,12,12,0.388,true,,2024-11-02
2389,KIA-WIN-0035,6402026023898,Kiruna Jotun Plus Ski Goggles Petrol,Reliable ski goggles from Kiruna's Jotun Plus range. Petrol. A wholesale staple for outdoor retailers.,10,28,Ski Goggles,Petrol,Petrol,pcs,6,6,1.109,true,,2025-04-12
2390,KIA-WIN-0036,6402026023904,Kiruna Jotun Plus Ski Goggles Black,"Kiruna Jotun Plus: a ski goggles that balances weight, durability and price. Black. Retail-ready packaging.",10,28,Ski Goggles,Black,Black,pcs,1,1,0.415,true,,2025-06-17
2391,KIA-WIN-0037,6402026023911,Kiruna Kallio Touring Ski 180 cm Lichen,The Kallio touring ski by Kiruna. 180 cm / Lichen. Popular with rental outfitters and clubs.,10,28,Touring Ski,180 cm,Lichen,pcs,6,6,2.798,false,2024-07-19,2023-08-30
2392,KIA-WIN-0038,6402026023928,Kiruna Kallio Touring Ski 105 cm Lichen,"Kiruna Kallio Touring Ski for winter sports. 105 cm / Lichen. Built for Nordic conditions, season after season.",10,28,Touring Ski,105 cm,Lichen,pcs,12,12,0.319,true,,2025-11-28
2393,KIA-WIN-0039,6402026023935,Kiruna Kallio Touring Ski 115 cm Lichen,Reliable touring ski from Kiruna's Kallio range. 115 cm / Lichen. A wholesale staple for outdoor retailers.,10,28,Touring Ski,115 cm,Lichen,pcs,6,6,2.301,true,,2024-01-23
2394,KIA-WIN-0040,6402026023942,Kiruna Kallio Touring Ski 170 cm Lichen,"Kiruna Kallio: a touring ski that balances weight, durability and price. 170 cm / Lichen. Retail-ready packaging.",10,28,Touring Ski,170 cm,Lichen,pcs,6,6,1.059,true,,2019-02-13
2395,KIA-WIN-0041,6402026023959,Kiruna Kallio Touring Ski 135 cm Lichen,The Kallio touring ski by Kiruna. 135 cm / Lichen. Popular with rental outfitters and clubs.,10,28,Touring Ski,135 cm,Lichen,pcs,1,1,2.010,false,2025-03-18,2021-10-17
2396,KIA-WIN-0042,6402026023966,Kiruna Padjelanta Eco Snowshoes XS Midnight Blue,"Kiruna Padjelanta Eco Snowshoes for winter sports. XS / Midnight Blue. Built for Nordic conditions, season after season.",10,28,Snowshoes,XS,Midnight Blue,pcs,1,1,1.061,true,,2022-08-29
2397,KIA-WIN-0043,6402026023973,Kiruna Padjelanta Eco Snowshoes XXL Midnight Blue,Reliable snowshoes from Kiruna's Padjelanta Eco range. XXL / Midnight Blue. A wholesale staple for outdoor retailers.,10,28,Snowshoes,XXL,Midnight Blue,pcs,12,12,0.343,true,,2022-01-23
2398,KIA-CLB-0001,6402026023980,Kiruna Pallas Harness XS Petrol,"Kiruna Pallas: a harness that balances weight, durability and price. XS / Petrol. Retail-ready packaging.",7,28,Harness,XS,Petrol,pcs,1,1,0.455,true,,2026-02-28
2399,KIA-CLB-0002,6402026023997,Kiruna Pallas Harness L Petrol,The Pallas harness by Kiruna. L / Petrol. Popular with rental outfitters and clubs.,7,28,Harness,L,Petrol,pcs,12,12,2.427,true,,2025-05-23
2400,KIA-CLB-0003,6402026024000,Kiruna Pallas Harness S Petrol,"Kiruna Pallas Harness for climbing. S / Petrol. Built for Nordic conditions, season after season.",7,28,Harness,S,Petrol,pcs,12,12,0.216,true,,2022-12-18
2401,KIA-CLB-0004,6402026024017,Kiruna Pallas Harness XL Petrol,Reliable harness from Kiruna's Pallas range. XL / Petrol. A wholesale staple for outdoor retailers.,7,28,Harness,XL,Petrol,pcs,12,12,2.128,true,,2020-05-11
2402,KIA-CLB-0005,6402026024024,Kiruna Kaldo Quickdraw 6-pack Lichen,"Kiruna Kaldo: a quickdraw 6-pack that balances weight, durability and price. Lichen. Retail-ready packaging.",7,28,Quickdraw 6-pack,Lichen,Lichen,pcs,6,6,0.094,true,,2024-11-23
2403,KIA-CLB-0006,6402026024031,Kiruna Kaldo Quickdraw 6-pack Moss Green,The Kaldo quickdraw 6-pack by Kiruna. Moss Green. Popular with rental outfitters and clubs.,7,28,Quickdraw 6-pack,Moss Green,Moss Green,pcs,1,1,0.740,true,,2019-07-05
2404,KIA-CLB-0007,6402026024048,Kiruna Kaldo Quickdraw 6-pack Midnight Blue,"Kiruna Kaldo Quickdraw 6-pack for climbing. Midnight Blue. Built for Nordic conditions, season after season.",7,28,Quickdraw 6-pack,Midnight Blue,Midnight Blue,pcs,1,1,1.916,true,,2019-03-03
2405,KIA-CLB-0008,6402026024055,Kiruna Kaamos 2.0 Climbing Helmet M Ruby Red,Reliable climbing helmet from Kiruna's Kaamos 2.0 range. M / Ruby Red. A wholesale staple for outdoor retailers.,7,28,Climbing Helmet,M,Ruby Red,pcs,6,6,0.458,true,,2024-01-22
2406,KIA-CLB-0009,6402026024062,Kiruna Elv Chalk Bag Slate Grey,"Kiruna Elv: a chalk bag that balances weight, durability and price. Slate Grey. Retail-ready packaging.",7,28,Chalk Bag,Slate Grey,Slate Grey,pcs,12,12,1.293,true,,2025-11-21
2407,KIA-CLB-0010,6402026024079,Kiruna Vuori Dynamic Rope 9.8 mm 70 m,The Vuori dynamic rope by Kiruna. 9.8 mm 70 m. Popular with rental outfitters and clubs.,7,28,Dynamic Rope,9.8 mm 70 m,,pcs,1,1,0.484,true,,2020-03-09
2408,KIA-CLB-0011,6402026024086,Kiruna Vuori Dynamic Rope 9.5 mm 60 m,"Kiruna Vuori Dynamic Rope for climbing. 9.5 mm 60 m. Built for Nordic conditions, season after season.",7,28,Dynamic Rope,9.5 mm 60 m,,pcs,1,1,1.998,true,,2023-10-19
2409,KIA-CLB-0012,6402026024093,Kiruna Tuuli Lite Chalk Bag Burnt Orange,Reliable chalk bag from Kiruna's Tuuli Lite range. Burnt Orange. A wholesale staple for outdoor retailers.,7,28,Chalk Bag,Burnt Orange,Burnt Orange,pcs,1,1,0.096,true,,2019-01-02
2410,KIA-CLB-0013,6402026024109,Kiruna Tuuli Lite Chalk Bag Sand,"Kiruna Tuuli Lite: a chalk bag that balances weight, durability and price. Sand. Retail-ready packaging.",7,28,Chalk Bag,Sand,Sand,pcs,6,6,1.220,true,,2020-01-17
2411,KIA-CLB-0014,6402026024116,Kiruna Fjord Plus Climbing Helmet XL Graphite,The Fjord Plus climbing helmet by Kiruna. XL / Graphite. Popular with rental outfitters and clubs.,7,28,Climbing Helmet,XL,Graphite,pcs,1,1,1.022,true,,2019-12-30
2412,KIA-CLB-0015,6402026024123,Kiruna Pallas Pro Quickdraw 6-pack Midnight Blue,"Kiruna Pallas Pro Quickdraw 6-pack for climbing. Midnight Blue. Built for Nordic conditions, season after season.",7,28,Quickdraw 6-pack,Midnight Blue,Midnight Blue,pcs,1,1,0.160,true,,2021-02-11
2413,KIA-CLB-0016,6402026024130,Kiruna Pallas Pro Quickdraw 6-pack Ochre,Reliable quickdraw 6-pack from Kiruna's Pallas Pro range. Ochre. A wholesale staple for outdoor retailers.,7,28,Quickdraw 6-pack,Ochre,Ochre,pcs,1,1,1.511,true,,2023-08-04
2414,KIA-CLB-0017,6402026024147,Kiruna Pallas Pro Quickdraw 6-pack Forest,"Kiruna Pallas Pro: a quickdraw 6-pack that balances weight, durability and price. Forest. Retail-ready packaging.",7,28,Quickdraw 6-pack,Forest,Forest,pcs,1,1,0.845,true,,2020-03-28
2415,KIA-CLB-0018,6402026024154,Kiruna Kilpis XT Climbing Helmet XS Ruby Red,The Kilpis XT climbing helmet by Kiruna. XS / Ruby Red. Popular with rental outfitters and clubs.,7,28,Climbing Helmet,XS,Ruby Red,pcs,12,12,1.806,true,,2024-11-03
2416,KIA-CLB-0019,6402026024161,Kiruna Kilpis XT Climbing Helmet XL Ruby Red,"Kiruna Kilpis XT Climbing Helmet for climbing. XL / Ruby Red. Built for Nordic conditions, season after season.",7,28,Climbing Helmet,XL,Ruby Red,pcs,12,12,0.165,true,,2025-02-11
2417,KIA-CLB-0020,6402026024178,Kiruna Nordic XT Harness XS Sunset Yellow,Reliable harness from Kiruna's Nordic XT range. XS / Sunset Yellow. A wholesale staple for outdoor retailers.,7,28,Harness,XS,Sunset Yellow,pcs,12,12,1.830,true,,2022-06-27
2418,KIA-CLB-0021,6402026024185,Kiruna Nordic XT Harness M Sunset Yellow,"Kiruna Nordic XT: a harness that balances weight, durability and price. M / Sunset Yellow. Retail-ready packaging.",7,28,Harness,M,Sunset Yellow,pcs,12,12,0.782,true,,2024-04-07
2419,KIA-CLB-0022,6402026024192,Kiruna Nordic XT Harness S Sunset Yellow,The Nordic XT harness by Kiruna. S / Sunset Yellow. Popular with rental outfitters and clubs.,7,28,Harness,S,Sunset Yellow,pcs,1,1,0.310,true,,2024-02-09
2420,KIA-CLB-0023,6402026024208,Kiruna Kebnekaise Pro Chalk Bag Moss Green,"Kiruna Kebnekaise Pro Chalk Bag for climbing. Moss Green. Built for Nordic conditions, season after season.",7,28,Chalk Bag,Moss Green,Moss Green,pcs,1,1,0.855,true,,2022-02-27
2421,KIA-CLB-0024,6402026024215,Kiruna Bre Climbing Helmet XL Moss Green,Reliable climbing helmet from Kiruna's Bre range. XL / Moss Green. A wholesale staple for outdoor retailers.,7,28,Climbing Helmet,XL,Moss Green,pcs,1,1,0.030,true,,2024-03-24
2422,KIA-CLB-0025,6402026024222,Kiruna Bre Climbing Helmet M Moss Green,"Kiruna Bre: a climbing helmet that balances weight, durability and price. M / Moss Green. Retail-ready packaging.",7,28,Climbing Helmet,M,Moss Green,pcs,1,1,1.813,true,,2019-07-20
2423,KIA-CLB-0026,6402026024239,Kiruna Åreskutan 2.0 Climbing Helmet XS Ruby Red,The Åreskutan 2.0 climbing helmet by Kiruna. XS / Ruby Red. Popular with rental outfitters and clubs.,7,28,Climbing Helmet,XS,Ruby Red,pcs,6,6,1.867,true,,2021-07-29
2424,KIA-CLB-0027,6402026024246,Kiruna Åreskutan 2.0 Climbing Helmet L Ruby Red,"Kiruna Åreskutan 2.0 Climbing Helmet for climbing. L / Ruby Red. Built for Nordic conditions, season after season.",7,28,Climbing Helmet,L,Ruby Red,pcs,12,12,0.880,true,,2024-03-03
2425,KIA-CLB-0028,6402026024253,Kiruna Åreskutan 2.0 Climbing Helmet XXL Ruby Red,Reliable climbing helmet from Kiruna's Åreskutan 2.0 range. XXL / Ruby Red. A wholesale staple for outdoor retailers.,7,28,Climbing Helmet,XXL,Ruby Red,pcs,12,12,0.183,true,,2019-04-24
2426,RON-SLP-0001,6402026024260,Rondane Boreal 2.0 Bag Liner Ochre,"Rondane Boreal 2.0: a bag liner that balances weight, durability and price. Ochre. Retail-ready packaging.",2,29,Bag Liner,Ochre,Ochre,pcs,1,1,0.596,true,,2020-08-25
2427,RON-SLP-0002,6402026024277,Rondane Storm II Insulated Mat Ruby Red,The Storm II insulated mat by Rondane. Ruby Red. Popular with rental outfitters and clubs.,2,29,Insulated Mat,Ruby Red,Ruby Red,pcs,1,1,1.518,true,,2022-12-20
2428,RON-SLP-0003,6402026024284,Rondane Storm II Insulated Mat Deep Teal,"Rondane Storm II Insulated Mat for sleeping bags & mats. Deep Teal. Built for Nordic conditions, season after season.",2,29,Insulated Mat,Deep Teal,Deep Teal,pcs,12,12,1.626,false,2023-07-01,2020-09-30
2429,RON-SLP-0004,6402026024291,Rondane Storm II Insulated Mat Sand,Reliable insulated mat from Rondane's Storm II range. Sand. A wholesale staple for outdoor retailers.,2,29,Insulated Mat,Sand,Sand,pcs,12,12,0.799,true,,2024-12-17
2430,RON-SLP-0005,6402026024307,Rondane Storm II Insulated Mat Sunset Yellow,"Rondane Storm II: a insulated mat that balances weight, durability and price. Sunset Yellow. Retail-ready packaging.",2,29,Insulated Mat,Sunset Yellow,Sunset Yellow,pcs,6,6,0.675,true,,2025-01-21
2431,RON-SLP-0006,6402026024314,Rondane Storm II Insulated Mat Moss Green,The Storm II insulated mat by Rondane. Moss Green. Popular with rental outfitters and clubs.,2,29,Insulated Mat,Moss Green,Moss Green,pcs,6,6,0.510,true,,2020-11-14
2432,RON-SLP-0007,6402026024321,Rondane Inari Pro Camp Pillow Slate Grey,"Rondane Inari Pro Camp Pillow for sleeping bags & mats. Slate Grey. Built for Nordic conditions, season after season.",2,29,Camp Pillow,Slate Grey,Slate Grey,pcs,6,6,0.443,true,,2025-10-16
2433,RON-SLP-0008,6402026024338,Rondane Inari Pro Camp Pillow Midnight Blue,Reliable camp pillow from Rondane's Inari Pro range. Midnight Blue. A wholesale staple for outdoor retailers.,2,29,Camp Pillow,Midnight Blue,Midnight Blue,pcs,1,1,0.181,true,,2021-03-13
2434,RON-SLP-0009,6402026024345,Rondane Ylläs Synthetic Sleeping Bag +5°C Forest,"Rondane Ylläs: a synthetic sleeping bag that balances weight, durability and price. +5°C / Forest. Retail-ready packaging.",2,29,Synthetic Sleeping Bag,+5°C,Forest,pcs,1,1,0.431,true,,2019-04-24
2435,RON-SLP-0010,6402026024352,Rondane Ylläs Synthetic Sleeping Bag -5°C Forest,The Ylläs synthetic sleeping bag by Rondane. -5°C / Forest. Popular with rental outfitters and clubs.,2,29,Synthetic Sleeping Bag,-5°C,Forest,pcs,1,1,1.044,true,,2025-07-21
2436,RON-SLP-0011,6402026024369,Rondane Ylläs Synthetic Sleeping Bag -20°C Forest,"Rondane Ylläs Synthetic Sleeping Bag for sleeping bags & mats. -20°C / Forest. Built for Nordic conditions, season after season.",2,29,Synthetic Sleeping Bag,-20°C,Forest,pcs,1,1,0.484,true,,2024-07-10
2437,RON-SLP-0012,6402026024376,Rondane Ultra Bag Liner Arctic White,Reliable bag liner from Rondane's Ultra range. Arctic White. A wholesale staple for outdoor retailers.,2,29,Bag Liner,Arctic White,Arctic White,pcs,1,1,0.147,true,,2023-07-28
2438,RON-SLP-0013,6402026024383,Rondane Ultra Bag Liner Petrol,"Rondane Ultra: a bag liner that balances weight, durability and price. Petrol. Retail-ready packaging.",2,29,Bag Liner,Petrol,Petrol,pcs,1,1,0.501,true,,2020-08-10
2439,RON-SLP-0014,6402026024390,Rondane Trail Eco Camp Pillow Slate Grey,The Trail Eco camp pillow by Rondane. Slate Grey. Popular with rental outfitters and clubs.,2,29,Camp Pillow,Slate Grey,Slate Grey,pcs,1,1,0.390,true,,2020-01-04
2440,RON-SLP-0015,6402026024406,Rondane Trail Eco Camp Pillow Sunset Yellow,"Rondane Trail Eco Camp Pillow for sleeping bags & mats. Sunset Yellow. Built for Nordic conditions, season after season.",2,29,Camp Pillow,Sunset Yellow,Sunset Yellow,pcs,1,1,0.455,true,,2020-02-04
2441,RON-SLP-0016,6402026024413,Rondane Trail Eco Camp Pillow Burnt Orange,Reliable camp pillow from Rondane's Trail Eco range. Burnt Orange. A wholesale staple for outdoor retailers.,2,29,Camp Pillow,Burnt Orange,Burnt Orange,pcs,1,1,0.524,true,,2020-08-07
2442,RON-SLP-0017,6402026024420,Rondane Trail Eco Camp Pillow Graphite,"Rondane Trail Eco: a camp pillow that balances weight, durability and price. Graphite. Retail-ready packaging.",2,29,Camp Pillow,Graphite,Graphite,pcs,1,1,0.522,true,,2022-06-13
2443,RON-SLP-0018,6402026024437,Rondane Trail Eco Camp Pillow Forest,The Trail Eco camp pillow by Rondane. Forest. Popular with rental outfitters and clubs.,2,29,Camp Pillow,Forest,Forest,pcs,1,1,0.263,true,,2021-09-04
2444,RON-SLP-0019,6402026024444,Rondane Lumi Lite Camp Pillow Graphite,"Rondane Lumi Lite Camp Pillow for sleeping bags & mats. Graphite. Built for Nordic conditions, season after season.",2,29,Camp Pillow,Graphite,Graphite,pcs,1,1,0.630,true,,2022-02-23
2445,RON-SLP-0020,6402026024451,Rondane Lumi Lite Camp Pillow Deep Teal,Reliable camp pillow from Rondane's Lumi Lite range. Deep Teal. A wholesale staple for outdoor retailers.,2,29,Camp Pillow,Deep Teal,Deep Teal,pcs,1,1,0.464,true,,2023-05-30
2446,RON-SLP-0021,6402026024468,Rondane Elv Down Sleeping Bag 0°C Ruby Red,"Rondane Elv: a down sleeping bag that balances weight, durability and price. 0°C / Ruby Red. Retail-ready packaging.",2,29,Down Sleeping Bag,0°C,Ruby Red,pcs,12,12,0.893,true,,2025-04-05
2447,RON-SLP-0022,6402026024475,Rondane Elv Down Sleeping Bag -20°C Ruby Red,The Elv down sleeping bag by Rondane. -20°C / Ruby Red. Popular with rental outfitters and clubs.,2,29,Down Sleeping Bag,-20°C,Ruby Red,pcs,12,12,2.116,true,,2023-05-02
2448,RON-SLP-0023,6402026024482,Rondane Elv Down Sleeping Bag +5°C Ruby Red,"Rondane Elv Down Sleeping Bag for sleeping bags & mats. +5°C / Ruby Red. Built for Nordic conditions, season after season.",2,29,Down Sleeping Bag,+5°C,Ruby Red,pcs,6,6,0.763,true,,2024-08-04
2449,RON-SLP-0024,6402026024499,Rondane Elv Down Sleeping Bag -10°C Ruby Red,Reliable down sleeping bag from Rondane's Elv range. -10°C / Ruby Red. A wholesale staple for outdoor retailers.,2,29,Down Sleeping Bag,-10°C,Ruby Red,pcs,6,6,0.536,true,,2025-12-31
2450,RON-SLP-0025,6402026024505,Rondane Elv Down Sleeping Bag -5°C Ruby Red,"Rondane Elv: a down sleeping bag that balances weight, durability and price. -5°C / Ruby Red. Retail-ready packaging.",2,29,Down Sleeping Bag,-5°C,Ruby Red,pcs,12,12,0.880,true,,2022-01-31
2451,RON-SLP-0026,6402026024512,Rondane Sylarna Pro Synthetic Sleeping Bag -10°C Moss Green,The Sylarna Pro synthetic sleeping bag by Rondane. -10°C / Moss Green. Popular with rental outfitters and clubs.,2,29,Synthetic Sleeping Bag,-10°C,Moss Green,pcs,12,12,0.907,true,,2020-01-24
2452,RON-SLP-0027,6402026024529,Rondane Sylarna Pro Synthetic Sleeping Bag -20°C Moss Green,"Rondane Sylarna Pro Synthetic Sleeping Bag for sleeping bags & mats. -20°C / Moss Green. Built for Nordic conditions, season after season.",2,29,Synthetic Sleeping Bag,-20°C,Moss Green,pcs,1,1,1.704,false,2022-12-12,2020-09-07
2453,RON-SLP-0028,6402026024536,Rondane Boreal WP Insulated Mat Petrol,Reliable insulated mat from Rondane's Boreal WP range. Petrol. A wholesale staple for outdoor retailers.,2,29,Insulated Mat,Petrol,Petrol,pcs,1,1,0.763,true,,2023-05-19
2454,RON-SLP-0029,6402026024543,Rondane Boreal WP Insulated Mat Sand,"Rondane Boreal WP: a insulated mat that balances weight, durability and price. Sand. Retail-ready packaging.",2,29,Insulated Mat,Sand,Sand,pcs,12,12,1.057,true,,2019-08-27
2455,RON-SLP-0030,6402026024550,Rondane Boreal WP Insulated Mat Ochre,The Boreal WP insulated mat by Rondane. Ochre. Popular with rental outfitters and clubs.,2,29,Insulated Mat,Ochre,Ochre,pcs,1,1,0.380,true,,2020-11-02
2456,RON-SLP-0031,6402026024567,Rondane Kungsleden Camp Pillow Lichen,"Rondane Kungsleden Camp Pillow for sleeping bags & mats. Lichen. Built for Nordic conditions, season after season.",2,29,Camp Pillow,Lichen,Lichen,pcs,1,1,0.312,true,,2021-10-15
2457,RON-SLP-0032,6402026024574,Rondane Kungsleden Camp Pillow Deep Teal,Reliable camp pillow from Rondane's Kungsleden range. Deep Teal. A wholesale staple for outdoor retailers.,2,29,Camp Pillow,Deep Teal,Deep Teal,pcs,1,1,0.136,true,,2020-11-24
2458,RON-SLP-0033,6402026024581,Rondane Kungsleden Camp Pillow Arctic White,"Rondane Kungsleden: a camp pillow that balances weight, durability and price. Arctic White. Retail-ready packaging.",2,29,Camp Pillow,Arctic White,Arctic White,pcs,6,6,0.494,true,,2019-07-05
2459,RON-SLP-0034,6402026024598,Rondane Kungsleden Camp Pillow Ochre,The Kungsleden camp pillow by Rondane. Ochre. Popular with rental outfitters and clubs.,2,29,Camp Pillow,Ochre,Ochre,pcs,6,6,0.321,true,,2021-04-17
2460,RON-SLP-0035,6402026024604,Rondane Kungsleden Camp Pillow Forest,"Rondane Kungsleden Camp Pillow for sleeping bags & mats. Forest. Built for Nordic conditions, season after season.",2,29,Camp Pillow,Forest,Forest,pcs,1,1,0.420,true,,2020-07-30
2461,RON-SLP-0036,6402026024611,Rondane Saana Down Sleeping Bag -20°C Moss Green,Reliable down sleeping bag from Rondane's Saana range. -20°C / Moss Green. A wholesale staple for outdoor retailers.,2,29,Down Sleeping Bag,-20°C,Moss Green,pcs,1,1,0.720,true,,2021-10-01
2462,RON-SLP-0037,6402026024628,Rondane Saana Down Sleeping Bag -5°C Moss Green,"Rondane Saana: a down sleeping bag that balances weight, durability and price. -5°C / Moss Green. Retail-ready packaging.",2,29,Down Sleeping Bag,-5°C,Moss Green,pcs,6,6,0.812,true,,2025-01-06
2463,RON-SLP-0038,6402026024635,Rondane Saana Down Sleeping Bag 0°C Moss Green,The Saana down sleeping bag by Rondane. 0°C / Moss Green. Popular with rental outfitters and clubs.,2,29,Down Sleeping Bag,0°C,Moss Green,pcs,12,12,1.226,true,,2022-04-26
2464,RON-SLP-0039,6402026024642,Rondane Saana Down Sleeping Bag -10°C Moss Green,"Rondane Saana Down Sleeping Bag for sleeping bags & mats. -10°C / Moss Green. Built for Nordic conditions, season after season.",2,29,Down Sleeping Bag,-10°C,Moss Green,pcs,12,12,0.702,true,,2022-07-31
2465,RON-SLP-0040,6402026024659,Rondane Abisko Bag Liner Moss Green,Reliable bag liner from Rondane's Abisko range. Moss Green. A wholesale staple for outdoor retailers.,2,29,Bag Liner,Moss Green,Moss Green,pcs,12,12,0.626,true,,2020-12-25
2466,RON-SLP-0041,6402026024666,Rondane Abisko Bag Liner Sand,"Rondane Abisko: a bag liner that balances weight, durability and price. Sand. Retail-ready packaging.",2,29,Bag Liner,Sand,Sand,pcs,1,1,0.643,true,,2025-07-04
2467,RON-SLP-0042,6402026024673,Rondane Abisko Bag Liner Graphite,The Abisko bag liner by Rondane. Graphite. Popular with rental outfitters and clubs.,2,29,Bag Liner,Graphite,Graphite,pcs,6,6,0.368,true,,2019-10-16
2468,RON-SLP-0043,6402026024680,Rondane Polar Synthetic Sleeping Bag -20°C Slate Grey,"Rondane Polar Synthetic Sleeping Bag for sleeping bags & mats. -20°C / Slate Grey. Built for Nordic conditions, season after season.",2,29,Synthetic Sleeping Bag,-20°C,Slate Grey,pcs,6,6,1.587,true,,2020-09-26
2469,RON-SLP-0044,6402026024697,Rondane Summit Eco Camp Pillow Lichen,Reliable camp pillow from Rondane's Summit Eco range. Lichen. A wholesale staple for outdoor retailers.,2,29,Camp Pillow,Lichen,Lichen,pcs,1,1,0.182,true,,2022-04-05
2470,RON-SLP-0045,6402026024703,Rondane Summit Eco Camp Pillow Graphite,"Rondane Summit Eco: a camp pillow that balances weight, durability and price. Graphite. Retail-ready packaging.",2,29,Camp Pillow,Graphite,Graphite,pcs,1,1,0.403,true,,2021-05-22
2471,RON-SLP-0046,6402026024710,Rondane Summit Eco Camp Pillow Ochre,The Summit Eco camp pillow by Rondane. Ochre. Popular with rental outfitters and clubs.,2,29,Camp Pillow,Ochre,Ochre,pcs,1,1,0.293,true,,2019-05-19
2472,RON-SLP-0047,6402026024727,Rondane Summit Eco Camp Pillow Deep Teal,"Rondane Summit Eco Camp Pillow for sleeping bags & mats. Deep Teal. Built for Nordic conditions, season after season.",2,29,Camp Pillow,Deep Teal,Deep Teal,pcs,1,1,0.550,true,,2021-09-01
2473,SAI-WTR-0001,6402026024734,Saimaa Hav WP SUP Board Moss Green,Reliable sup board from Saimaa's Hav WP range. Moss Green. A wholesale staple for outdoor retailers.,11,30,SUP Board,Moss Green,Moss Green,pcs,1,1,13.646,true,,2022-02-10
2474,SAI-WTR-0002,6402026024741,Saimaa Hav WP SUP Board Ruby Red,"Saimaa Hav WP: a sup board that balances weight, durability and price. Ruby Red. Retail-ready packaging.",11,30,SUP Board,Ruby Red,Ruby Red,pcs,1,1,4.142,true,,2023-05-13
2475,SAI-WTR-0003,6402026024758,Saimaa Hav WP SUP Board Sand,The Hav WP sup board by Saimaa. Sand. Popular with rental outfitters and clubs.,11,30,SUP Board,Sand,Sand,pcs,6,6,15.475,true,,2019-01-01
2476,SAI-WTR-0004,6402026024765,Saimaa Storm 2.0 Buoyancy Aid L Ruby Red,"Saimaa Storm 2.0 Buoyancy Aid for water sports. L / Ruby Red. Built for Nordic conditions, season after season.",11,30,Buoyancy Aid,L,Ruby Red,pcs,1,1,4.627,true,,2022-03-22
2477,SAI-WTR-0005,6402026024772,Saimaa Storm 2.0 Buoyancy Aid S Ruby Red,Reliable buoyancy aid from Saimaa's Storm 2.0 range. S / Ruby Red. A wholesale staple for outdoor retailers.,11,30,Buoyancy Aid,S,Ruby Red,pcs,6,6,4.346,true,,2026-02-19
2478,SAI-WTR-0006,6402026024789,Saimaa Trail Eco Buoyancy Aid L Slate Grey,"Saimaa Trail Eco: a buoyancy aid that balances weight, durability and price. L / Slate Grey. Retail-ready packaging.",11,30,Buoyancy Aid,L,Slate Grey,pcs,12,12,1.200,true,,2020-12-16
2479,SAI-WTR-0007,6402026024796,Saimaa Trail Eco Buoyancy Aid XS Slate Grey,The Trail Eco buoyancy aid by Saimaa. XS / Slate Grey. Popular with rental outfitters and clubs.,11,30,Buoyancy Aid,XS,Slate Grey,pcs,1,1,1.895,true,,2024-05-31
2480,SAI-WTR-0008,6402026024802,Saimaa Trail Eco Buoyancy Aid XL Slate Grey,"Saimaa Trail Eco Buoyancy Aid for water sports. XL / Slate Grey. Built for Nordic conditions, season after season.",11,30,Buoyancy Aid,XL,Slate Grey,pcs,12,12,0.810,true,,2019-08-18
2481,SAI-WTR-0009,6402026024819,Saimaa Halti Plus Buoyancy Aid L Midnight Blue,Reliable buoyancy aid from Saimaa's Halti Plus range. L / Midnight Blue. A wholesale staple for outdoor retailers.,11,30,Buoyancy Aid,L,Midnight Blue,pcs,12,12,3.100,false,2022-08-13,2019-06-12
2482,SAI-WTR-0010,6402026024826,Saimaa Trail II Kayak Paddle 210 cm Lichen,"Saimaa Trail II: a kayak paddle that balances weight, durability and price. 210 cm / Lichen. Retail-ready packaging.",11,30,Kayak Paddle,210 cm,Lichen,pcs,1,1,1.532,true,,2021-01-20
2483,SAI-WTR-0011,6402026024833,Saimaa Trail II Kayak Paddle 135 cm Lichen,The Trail II kayak paddle by Saimaa. 135 cm / Lichen. Popular with rental outfitters and clubs.,11,30,Kayak Paddle,135 cm,Lichen,pcs,6,6,0.745,true,,2025-08-25
2484,SAI-WTR-0012,6402026024840,Saimaa Trail II Kayak Paddle 220 cm Lichen,"Saimaa Trail II Kayak Paddle for water sports. 220 cm / Lichen. Built for Nordic conditions, season after season.",11,30,Kayak Paddle,220 cm,Lichen,pcs,6,6,4.469,true,,2023-07-31
2485,SAI-WTR-0013,6402026024857,Saimaa Rondane Spray Skirt L Forest,Reliable spray skirt from Saimaa's Rondane range. L / Forest. A wholesale staple for outdoor retailers.,11,30,Spray Skirt,L,Forest,pcs,1,1,2.421,true,,2024-03-30
2486,SAI-WTR-0014,6402026024864,Saimaa Rondane Spray Skirt S Forest,"Saimaa Rondane: a spray skirt that balances weight, durability and price. S / Forest. Retail-ready packaging.",11,30,Spray Skirt,S,Forest,pcs,12,12,2.474,true,,2025-08-05
2487,SAI-WTR-0015,6402026024871,Saimaa Kallio XT Buoyancy Aid XL Burnt Orange,The Kallio XT buoyancy aid by Saimaa. XL / Burnt Orange. Popular with rental outfitters and clubs.,11,30,Buoyancy Aid,XL,Burnt Orange,pcs,1,1,5.004,true,,2025-06-21
2488,SAI-WTR-0016,6402026024888,Saimaa Kallio XT Buoyancy Aid XS Burnt Orange,"Saimaa Kallio XT Buoyancy Aid for water sports. XS / Burnt Orange. Built for Nordic conditions, season after season.",11,30,Buoyancy Aid,XS,Burnt Orange,pcs,6,6,1.186,true,,2023-06-14
2489,SAI-WTR-0017,6402026024895,Saimaa Varanger 2.0 Spray Skirt XL Graphite,Reliable spray skirt from Saimaa's Varanger 2.0 range. XL / Graphite. A wholesale staple for outdoor retailers.,11,30,Spray Skirt,XL,Graphite,pcs,12,12,6.765,true,,2022-04-11
2490,SAI-WTR-0018,6402026024901,Saimaa Varanger 2.0 Spray Skirt S Graphite,"Saimaa Varanger 2.0: a spray skirt that balances weight, durability and price. S / Graphite. Retail-ready packaging.",11,30,Spray Skirt,S,Graphite,pcs,1,1,2.035,true,,2020-01-12
2491,SAI-WTR-0019,6402026024918,Saimaa Polar 2.0 Buoyancy Aid M Forest,The Polar 2.0 buoyancy aid by Saimaa. M / Forest. Popular with rental outfitters and clubs.,11,30,Buoyancy Aid,M,Forest,pcs,1,1,4.435,true,,2024-03-03
2492,SAI-WTR-0020,6402026024925,Saimaa Polar 2.0 Buoyancy Aid S Forest,"Saimaa Polar 2.0 Buoyancy Aid for water sports. S / Forest. Built for Nordic conditions, season after season.",11,30,Buoyancy Aid,S,Forest,pcs,1,1,5.587,true,,2026-02-25
2493,SAI-WTR-0021,6402026024932,Saimaa Polar 2.0 Buoyancy Aid XS Forest,Reliable buoyancy aid from Saimaa's Polar 2.0 range. XS / Forest. A wholesale staple for outdoor retailers.,11,30,Buoyancy Aid,XS,Forest,pcs,12,12,4.882,true,,2024-07-12
2494,SAI-WTR-0022,6402026024949,Saimaa Polar 2.0 Buoyancy Aid XXL Forest,"Saimaa Polar 2.0: a buoyancy aid that balances weight, durability and price. XXL / Forest. Retail-ready packaging.",11,30,Buoyancy Aid,XXL,Forest,pcs,6,6,0.234,true,,2025-04-20
2495,SAI-WTR-0023,6402026024956,Saimaa Polar 2.0 Buoyancy Aid L Forest,The Polar 2.0 buoyancy aid by Saimaa. L / Forest. Popular with rental outfitters and clubs.,11,30,Buoyancy Aid,L,Forest,pcs,1,1,5.828,true,,2021-11-17
2496,SAI-ACC-0001,6402026024963,Saimaa Nordkapp Beanie Black,"Saimaa Nordkapp Beanie for accessories & maintenance. Black. Built for Nordic conditions, season after season.",14,30,Beanie,Black,Black,pcs,6,6,0.146,true,,2019-01-17
2497,SAI-ACC-0002,6402026024970,Saimaa Nordkapp Beanie Petrol,Reliable beanie from Saimaa's Nordkapp range. Petrol. A wholesale staple for outdoor retailers.,14,30,Beanie,Petrol,Petrol,pcs,1,1,0.109,true,,2022-04-26
2498,SAI-ACC-0003,6402026024987,Saimaa Nordkapp Beanie Slate Grey,"Saimaa Nordkapp: a beanie that balances weight, durability and price. Slate Grey. Retail-ready packaging.",14,30,Beanie,Slate Grey,Slate Grey,pcs,1,1,0.149,true,,2024-02-26
2499,SAI-ACC-0004,6402026024994,Saimaa Kallio Waterproofing Spray,The Kallio waterproofing spray by Saimaa. Popular with rental outfitters and clubs.,14,30,Waterproofing Spray,,,pcs,6,6,0.170,true,,2021-02-08
2500,SAI-ACC-0005,6402026025007,Saimaa Ruska Seam Sealer,"Saimaa Ruska Seam Sealer for accessories & maintenance. Built for Nordic conditions, season after season.",14,30,Seam Sealer,,,pcs,1,1,0.152,true,,2025-02-23
2501,SAI-ACC-0006,6402026025014,Saimaa Lyngen Neck Gaiter Deep Teal,Reliable neck gaiter from Saimaa's Lyngen range. Deep Teal. A wholesale staple for outdoor retailers.,14,30,Neck Gaiter,Deep Teal,Deep Teal,pcs,1,1,0.130,true,,2024-08-24
2502,SAI-ACC-0007,6402026025021,Saimaa Tind 2.0 Trekking Poles 150 cm Black,"Saimaa Tind 2.0: a trekking poles that balances weight, durability and price. 150 cm / Black. Retail-ready packaging.",14,30,Trekking Poles,150 cm,Black,pcs,6,6,0.145,true,,2023-01-12
2503,SAI-ACC-0008,6402026025038,Saimaa Tind 2.0 Trekking Poles 125 cm Black,The Tind 2.0 trekking poles by Saimaa. 125 cm / Black. Popular with rental outfitters and clubs.,14,30,Trekking Poles,125 cm,Black,pcs,1,1,0.195,true,,2022-08-18
2504,SAI-ACC-0009,6402026025045,Saimaa Fjord XT Seam Sealer,"Saimaa Fjord XT Seam Sealer for accessories & maintenance. Built for Nordic conditions, season after season.",14,30,Seam Sealer,,,pcs,12,12,0.108,true,,2023-02-23
2505,SAI-ACC-0010,6402026025052,Saimaa Trail Plus Trekking Poles 180 cm Slate Grey,Reliable trekking poles from Saimaa's Trail Plus range. 180 cm / Slate Grey. A wholesale staple for outdoor retailers.,14,30,Trekking Poles,180 cm,Slate Grey,pcs,1,1,0.517,true,,2021-02-10
2506,SAI-ACC-0011,6402026025069,Saimaa Lumi First Aid Kit M Sand,"Saimaa Lumi: a first aid kit that balances weight, durability and price. M / Sand. Retail-ready packaging.",14,30,First Aid Kit,M,Sand,pcs,1,1,0.136,true,,2020-10-16
2507,SAI-ACC-0012,6402026025076,Saimaa Lumi First Aid Kit XL Sand,The Lumi first aid kit by Saimaa. XL / Sand. Popular with rental outfitters and clubs.,14,30,First Aid Kit,XL,Sand,pcs,1,1,0.116,true,,2019-10-26
2508,SAI-ACC-0013,6402026025083,Saimaa Rondane 2.0 Trekking Poles 210 cm Ruby Red,"Saimaa Rondane 2.0 Trekking Poles for accessories & maintenance. 210 cm / Ruby Red. Built for Nordic conditions, season after season.",14,30,Trekking Poles,210 cm,Ruby Red,pcs,1,1,0.398,true,,2022-02-13
2509,SAI-ACC-0014,6402026025090,Saimaa Rondane 2.0 Trekking Poles 160 cm Ruby Red,Reliable trekking poles from Saimaa's Rondane 2.0 range. 160 cm / Ruby Red. A wholesale staple for outdoor retailers.,14,30,Trekking Poles,160 cm,Ruby Red,pcs,6,6,0.281,true,,2023-09-17
2510,SAI-ACC-0015,6402026025106,Saimaa Rondane 2.0 Trekking Poles 135 cm Ruby Red,"Saimaa Rondane 2.0: a trekking poles that balances weight, durability and price. 135 cm / Ruby Red. Retail-ready packaging.",14,30,Trekking Poles,135 cm,Ruby Red,pcs,6,6,0.047,true,,2024-08-25
2511,SAI-ACC-0016,6402026025113,Saimaa Rondane 2.0 Trekking Poles 125 cm Ruby Red,The Rondane 2.0 trekking poles by Saimaa. 125 cm / Ruby Red. Popular with rental outfitters and clubs.,14,30,Trekking Poles,125 cm,Ruby Red,pcs,1,1,0.311,true,,2019-03-11
2512,SAI-ACC-0017,6402026025120,Saimaa Rondane 2.0 Trekking Poles 150 cm Ruby Red,"Saimaa Rondane 2.0 Trekking Poles for accessories & maintenance. 150 cm / Ruby Red. Built for Nordic conditions, season after season.",14,30,Trekking Poles,150 cm,Ruby Red,pcs,1,1,0.034,true,,2019-12-29
2513,SAI-ACC-0018,6402026025137,Saimaa Skog II Map Case,Reliable map case from Saimaa's Skog II range. A wholesale staple for outdoor retailers.,14,30,Map Case,,,pcs,1,1,0.149,true,,2024-12-15
2514,SAI-ACC-0019,6402026025144,Saimaa Fjord Beanie Sunset Yellow,"Saimaa Fjord: a beanie that balances weight, durability and price. Sunset Yellow. Retail-ready packaging.",14,30,Beanie,Sunset Yellow,Sunset Yellow,pcs,6,6,0.031,true,,2021-02-25
2515,SAI-ACC-0020,6402026025151,Saimaa Fjord Beanie Ruby Red,The Fjord beanie by Saimaa. Ruby Red. Popular with rental outfitters and clubs.,14,30,Beanie,Ruby Red,Ruby Red,pcs,6,6,0.063,true,,2019-08-02
2516,SAI-ACC-0021,6402026025168,Saimaa Fjord Beanie Ochre,"Saimaa Fjord Beanie for accessories & maintenance. Ochre. Built for Nordic conditions, season after season.",14,30,Beanie,Ochre,Ochre,pcs,1,1,0.059,true,,2024-01-28
2517,SAI-ACC-0022,6402026025175,Saimaa Fjord Beanie Midnight Blue,Reliable beanie from Saimaa's Fjord range. Midnight Blue. A wholesale staple for outdoor retailers.,14,30,Beanie,Midnight Blue,Midnight Blue,pcs,1,1,0.121,true,,2021-02-15
2518,SAI-ACC-0023,6402026025182,Saimaa Fjord Beanie Moss Green,"Saimaa Fjord: a beanie that balances weight, durability and price. Moss Green. Retail-ready packaging.",14,30,Beanie,Moss Green,Moss Green,pcs,1,1,0.130,true,,2020-08-30
2519,SAI-ACC-0024,6402026025199,Saimaa Summit Lite Neck Gaiter Forest,The Summit Lite neck gaiter by Saimaa. Forest. Popular with rental outfitters and clubs.,14,30,Neck Gaiter,Forest,Forest,pcs,1,1,0.140,true,,2020-05-01
2520,SAI-ACC-0025,6402026025205,Saimaa Ultra Pro Liner Gloves XXL Moss Green,"Saimaa Ultra Pro Liner Gloves for accessories & maintenance. XXL / Moss Green. Built for Nordic conditions, season after season.",14,30,Liner Gloves,XXL,Moss Green,pcs,1,1,0.032,true,,2019-05-16
2521,SAI-ACC-0026,6402026025212,Saimaa Ultra Pro Liner Gloves XS Moss Green,Reliable liner gloves from Saimaa's Ultra Pro range. XS / Moss Green. A wholesale staple for outdoor retailers.,14,30,Liner Gloves,XS,Moss Green,pcs,12,12,0.022,true,,2025-12-19
2522,SAI-ACC-0027,6402026025229,Saimaa Inari Repair Kit,"Saimaa Inari: a repair kit that balances weight, durability and price. Retail-ready packaging.",14,30,Repair Kit,,,pcs,6,6,0.136,true,,2020-11-08
2523,SAI-ACC-0028,6402026025236,Saimaa Lyngen II Neck Gaiter Lichen,The Lyngen II neck gaiter by Saimaa. Lichen. Popular with rental outfitters and clubs.,14,30,Neck Gaiter,Lichen,Lichen,pcs,1,1,0.087,true,,2025-02-04
2524,SAI-ACC-0029,6402026025243,Saimaa Lyngen II Neck Gaiter Slate Grey,"Saimaa Lyngen II Neck Gaiter for accessories & maintenance. Slate Grey. Built for Nordic conditions, season after season.",14,30,Neck Gaiter,Slate Grey,Slate Grey,pcs,1,1,0.025,true,,2024-12-02
2525,SAI-ACC-0030,6402026025250,Saimaa Fjord II Repair Kit,Reliable repair kit from Saimaa's Fjord II range. A wholesale staple for outdoor retailers.,14,30,Repair Kit,,,pcs,1,1,0.173,true,,2021-05-23
2526,SAI-ACC-0031,6402026025267,Saimaa Polar Pro Map Case,"Saimaa Polar Pro: a map case that balances weight, durability and price. Retail-ready packaging.",14,30,Map Case,,,pcs,1,1,0.017,true,,2020-09-29
2527,SAI-ACC-0032,6402026025274,Saimaa Myrsky WP Map Case,The Myrsky WP map case by Saimaa. Popular with rental outfitters and clubs.,14,30,Map Case,,,pcs,1,1,0.070,true,,2022-07-18
2528,SAI-ACC-0033,6402026025281,Saimaa Inari Beanie Midnight Blue,"Saimaa Inari Beanie for accessories & maintenance. Midnight Blue. Built for Nordic conditions, season after season.",14,30,Beanie,Midnight Blue,Midnight Blue,pcs,6,6,0.143,false,2025-02-02,2023-11-16
2529,SAI-ACC-0034,6402026025298,Saimaa Elv Lite Map Case,Reliable map case from Saimaa's Elv Lite range. A wholesale staple for outdoor retailers.,14,30,Map Case,,,pcs,1,1,0.107,true,,2024-05-29
2530,SAI-ACC-0035,6402026025304,Saimaa Nordic XT Neck Gaiter Sunset Yellow,"Saimaa Nordic XT: a neck gaiter that balances weight, durability and price. Sunset Yellow. Retail-ready packaging.",14,30,Neck Gaiter,Sunset Yellow,Sunset Yellow,pcs,1,1,0.046,true,,2019-08-17
2531,SAI-ACC-0036,6402026025311,Saimaa Nordic XT Neck Gaiter Burnt Orange,The Nordic XT neck gaiter by Saimaa. Burnt Orange. Popular with rental outfitters and clubs.,14,30,Neck Gaiter,Burnt Orange,Burnt Orange,pcs,12,12,0.095,true,,2019-10-06
2532,SAI-ACC-0037,6402026025328,Saimaa Nordic XT Neck Gaiter Black,"Saimaa Nordic XT Neck Gaiter for accessories & maintenance. Black. Built for Nordic conditions, season after season.",14,30,Neck Gaiter,Black,Black,pcs,6,6,0.148,true,,2026-03-08
2533,SAI-ACC-0038,6402026025335,Saimaa Åreskutan Eco Seam Sealer,Reliable seam sealer from Saimaa's Åreskutan Eco range. A wholesale staple for outdoor retailers.,14,30,Seam Sealer,,,pcs,1,1,0.007,true,,2023-06-09
2534,SAI-ACC-0039,6402026025342,Saimaa Pallas Lite Repair Kit,"Saimaa Pallas Lite: a repair kit that balances weight, durability and price. Retail-ready packaging.",14,30,Repair Kit,,,pcs,12,12,0.067,true,,2022-12-13
2535,SAI-ACC-0040,6402026025359,Saimaa Nordkapp Pro Liner Gloves L Ochre,The Nordkapp Pro liner gloves by Saimaa. L / Ochre. Popular with rental outfitters and clubs.,14,30,Liner Gloves,L,Ochre,pcs,1,1,0.007,true,,2019-01-05
2536,SAI-ACC-0041,6402026025366,Saimaa Ruska Eco Beanie Sand,"Saimaa Ruska Eco Beanie for accessories & maintenance. Sand. Built for Nordic conditions, season after season.",14,30,Beanie,Sand,Sand,pcs,12,12,0.015,true,,2020-02-24
2537,SAI-ACC-0042,6402026025373,Saimaa Abisko WP Trekking Poles 115 cm Arctic White,Reliable trekking poles from Saimaa's Abisko WP range. 115 cm / Arctic White. A wholesale staple for outdoor retailers.,14,30,Trekking Poles,115 cm,Arctic White,pcs,1,1,0.420,true,,2022-01-26
2538,SAI-ACC-0043,6402026025380,Saimaa Abisko WP Trekking Poles 125 cm Arctic White,"Saimaa Abisko WP: a trekking poles that balances weight, durability and price. 125 cm / Arctic White. Retail-ready packaging.",14,30,Trekking Poles,125 cm,Arctic White,pcs,1,1,0.440,true,,2024-08-25
2539,SAI-ACC-0044,6402026025397,Saimaa Tind Pro First Aid Kit XXL Midnight Blue,The Tind Pro first aid kit by Saimaa. XXL / Midnight Blue. Popular with rental outfitters and clubs.,14,30,First Aid Kit,XXL,Midnight Blue,pcs,1,1,0.133,true,,2023-10-19
2540,SAI-ACC-0045,6402026025403,Saimaa Tind Pro First Aid Kit XS Midnight Blue,"Saimaa Tind Pro First Aid Kit for accessories & maintenance. XS / Midnight Blue. Built for Nordic conditions, season after season.",14,30,First Aid Kit,XS,Midnight Blue,pcs,1,1,0.063,true,,2019-03-14
2541,SAI-ACC-0046,6402026025410,Saimaa Tind Pro First Aid Kit M Midnight Blue,Reliable first aid kit from Saimaa's Tind Pro range. M / Midnight Blue. A wholesale staple for outdoor retailers.,14,30,First Aid Kit,M,Midnight Blue,pcs,1,1,0.172,true,,2025-11-18
2542,SAI-ACC-0047,6402026025427,Saimaa Tind Pro First Aid Kit L Midnight Blue,"Saimaa Tind Pro: a first aid kit that balances weight, durability and price. L / Midnight Blue. Retail-ready packaging.",14,30,First Aid Kit,L,Midnight Blue,pcs,1,1,0.033,true,,2022-07-15
2543,SAI-ACC-0048,6402026025434,Saimaa Tind Pro First Aid Kit XL Midnight Blue,The Tind Pro first aid kit by Saimaa. XL / Midnight Blue. Popular with rental outfitters and clubs.,14,30,First Aid Kit,XL,Midnight Blue,pcs,1,1,0.022,true,,2019-02-15
2544,SAI-ACC-0049,6402026025441,Saimaa Boreal XT Neck Gaiter Sand,"Saimaa Boreal XT Neck Gaiter for accessories & maintenance. Sand. Built for Nordic conditions, season after season.",14,30,Neck Gaiter,Sand,Sand,pcs,6,6,0.163,true,,2024-11-21
2545,SAI-ACC-0050,6402026025458,Saimaa Boreal XT Neck Gaiter Burnt Orange,Reliable neck gaiter from Saimaa's Boreal XT range. Burnt Orange. A wholesale staple for outdoor retailers.,14,30,Neck Gaiter,Burnt Orange,Burnt Orange,pcs,1,1,0.072,true,,2024-11-15
2546,SAI-ACC-0051,6402026025465,Saimaa Boreal XT Neck Gaiter Arctic White,"Saimaa Boreal XT: a neck gaiter that balances weight, durability and price. Arctic White. Retail-ready packaging.",14,30,Neck Gaiter,Arctic White,Arctic White,pcs,6,6,0.040,true,,2025-04-24
2547,SAI-ACC-0052,6402026025472,Saimaa Pallas Waterproofing Spray,The Pallas waterproofing spray by Saimaa. Popular with rental outfitters and clubs.,14,30,Waterproofing Spray,,,pcs,12,12,0.114,true,,2020-02-16
2548,PEH-SHL-0001,6402026025489,Peak Ylläs Plus Softshell Jacket XL Ochre,"Peak Ylläs Plus Softshell Jacket for shell & insulated apparel. XL / Ochre. Built for Nordic conditions, season after season.",5,31,Softshell Jacket,XL,Ochre,pcs,1,1,0.400,true,,2023-04-19
2549,PEH-SHL-0002,6402026025496,Peak Ylläs Plus Softshell Jacket XXL Ochre,Reliable softshell jacket from Peak's Ylläs Plus range. XXL / Ochre. A wholesale staple for outdoor retailers.,5,31,Softshell Jacket,XXL,Ochre,pcs,12,12,0.312,true,,2026-04-06
2550,PEH-SHL-0003,6402026025502,Peak Kebnekaise Hardshell Jacket XXL Ruby Red,"Peak Kebnekaise: a hardshell jacket that balances weight, durability and price. XXL / Ruby Red. Retail-ready packaging.",5,31,Hardshell Jacket,XXL,Ruby Red,pcs,1,1,0.800,true,,2026-01-09
2551,PEH-SHL-0004,6402026025519,Peak Kebnekaise Hardshell Jacket S Ruby Red,The Kebnekaise hardshell jacket by Peak. S / Ruby Red. Popular with rental outfitters and clubs.,5,31,Hardshell Jacket,S,Ruby Red,pcs,1,1,0.802,true,,2019-12-09
2552,PEH-SHL-0005,6402026025526,Peak Kebnekaise Hardshell Jacket M Ruby Red,"Peak Kebnekaise Hardshell Jacket for shell & insulated apparel. M / Ruby Red. Built for Nordic conditions, season after season.",5,31,Hardshell Jacket,M,Ruby Red,pcs,1,1,1.189,true,,2023-12-05
2553,PEH-SHL-0006,6402026025533,Peak Tundra Softshell Jacket XXL Sunset Yellow,Reliable softshell jacket from Peak's Tundra range. XXL / Sunset Yellow. A wholesale staple for outdoor retailers.,5,31,Softshell Jacket,XXL,Sunset Yellow,pcs,1,1,0.740,true,,2024-01-29
2554,PEH-SHL-0007,6402026025540,Peak Tundra Softshell Jacket L Sunset Yellow,"Peak Tundra: a softshell jacket that balances weight, durability and price. L / Sunset Yellow. Retail-ready packaging.",5,31,Softshell Jacket,L,Sunset Yellow,pcs,1,1,0.769,true,,2020-06-28
2555,PEH-SHL-0008,6402026025557,Peak Tundra Softshell Jacket S Sunset Yellow,The Tundra softshell jacket by Peak. S / Sunset Yellow. Popular with rental outfitters and clubs.,5,31,Softshell Jacket,S,Sunset Yellow,pcs,1,1,0.355,true,,2023-04-04
2556,PEH-SHL-0009,6402026025564,Peak Lyngen WP Rain Jacket M Ruby Red,"Peak Lyngen WP Rain Jacket for shell & insulated apparel. M / Ruby Red. Built for Nordic conditions, season after season.",5,31,Rain Jacket,M,Ruby Red,pcs,1,1,0.292,true,,2021-10-24
2557,PEH-SHL-0010,6402026025571,Peak Lyngen WP Rain Jacket XXL Ruby Red,Reliable rain jacket from Peak's Lyngen WP range. XXL / Ruby Red. A wholesale staple for outdoor retailers.,5,31,Rain Jacket,XXL,Ruby Red,pcs,1,1,0.420,true,,2024-03-30
2558,PEH-SHL-0011,6402026025588,Peak Lyngen WP Rain Jacket XS Ruby Red,"Peak Lyngen WP: a rain jacket that balances weight, durability and price. XS / Ruby Red. Retail-ready packaging.",5,31,Rain Jacket,XS,Ruby Red,pcs,1,1,0.718,true,,2025-03-08
2559,PEH-SHL-0012,6402026025595,Peak Bre Insulated Jacket XL Sand,The Bre insulated jacket by Peak. XL / Sand. Popular with rental outfitters and clubs.,5,31,Insulated Jacket,XL,Sand,pcs,12,12,0.835,true,,2026-04-05
2560,PEH-SHL-0013,6402026025601,Peak Fjord Rain Jacket XL Moss Green,"Peak Fjord Rain Jacket for shell & insulated apparel. XL / Moss Green. Built for Nordic conditions, season after season.",5,31,Rain Jacket,XL,Moss Green,pcs,1,1,0.824,true,,2019-02-22
2561,PEH-SHL-0014,6402026025618,Peak Fjord Rain Jacket L Moss Green,Reliable rain jacket from Peak's Fjord range. L / Moss Green. A wholesale staple for outdoor retailers.,5,31,Rain Jacket,L,Moss Green,pcs,1,1,0.741,true,,2019-11-16
2562,PEH-SHL-0015,6402026025625,Peak Fjord Rain Jacket XXL Moss Green,"Peak Fjord: a rain jacket that balances weight, durability and price. XXL / Moss Green. Retail-ready packaging.",5,31,Rain Jacket,XXL,Moss Green,pcs,12,12,0.437,true,,2022-01-14
2563,PEH-SHL-0016,6402026025632,Peak Fjord Rain Jacket M Moss Green,The Fjord rain jacket by Peak. M / Moss Green. Popular with rental outfitters and clubs.,5,31,Rain Jacket,M,Moss Green,pcs,1,1,0.457,true,,2023-02-14
2564,PEH-SHL-0017,6402026025649,Peak Fjord Rain Jacket XS Moss Green,"Peak Fjord Rain Jacket for shell & insulated apparel. XS / Moss Green. Built for Nordic conditions, season after season.",5,31,Rain Jacket,XS,Moss Green,pcs,1,1,0.647,true,,2019-12-07
2565,PEH-SHL-0018,6402026025656,Peak Halti Shell Trousers XS Midnight Blue,Reliable shell trousers from Peak's Halti range. XS / Midnight Blue. A wholesale staple for outdoor retailers.,5,31,Shell Trousers,XS,Midnight Blue,pcs,1,1,0.426,true,,2022-03-10
2566,PEH-SHL-0019,6402026025663,Peak Halti Shell Trousers S Midnight Blue,"Peak Halti: a shell trousers that balances weight, durability and price. S / Midnight Blue. Retail-ready packaging.",5,31,Shell Trousers,S,Midnight Blue,pcs,1,1,0.298,true,,2023-12-15
2567,PEH-SHL-0020,6402026025670,Peak Halti Shell Trousers XXL Midnight Blue,The Halti shell trousers by Peak. XXL / Midnight Blue. Popular with rental outfitters and clubs.,5,31,Shell Trousers,XXL,Midnight Blue,pcs,1,1,0.376,true,,2024-04-30
2568,PEH-SHL-0021,6402026025687,Peak Halti Shell Trousers M Midnight Blue,"Peak Halti Shell Trousers for shell & insulated apparel. M / Midnight Blue. Built for Nordic conditions, season after season.",5,31,Shell Trousers,M,Midnight Blue,pcs,1,1,0.461,true,,2023-07-01
2569,PEH-SHL-0022,6402026025694,Peak Halti Shell Trousers XL Midnight Blue,Reliable shell trousers from Peak's Halti range. XL / Midnight Blue. A wholesale staple for outdoor retailers.,5,31,Shell Trousers,XL,Midnight Blue,pcs,1,1,0.488,true,,2020-01-04
2570,PEH-SHL-0023,6402026025700,Peak Bre XT Insulated Jacket XL Ochre,"Peak Bre XT: a insulated jacket that balances weight, durability and price. XL / Ochre. Retail-ready packaging.",5,31,Insulated Jacket,XL,Ochre,pcs,12,12,1.202,true,,2020-07-29
2571,PEH-SHL-0024,6402026025717,Peak Bre XT Insulated Jacket S Ochre,The Bre XT insulated jacket by Peak. S / Ochre. Popular with rental outfitters and clubs.,5,31,Insulated Jacket,S,Ochre,pcs,1,1,0.431,true,,2020-03-03
2572,PEH-SHL-0025,6402026025724,Peak Bre XT Insulated Jacket M Ochre,"Peak Bre XT Insulated Jacket for shell & insulated apparel. M / Ochre. Built for Nordic conditions, season after season.",5,31,Insulated Jacket,M,Ochre,pcs,12,12,0.822,true,,2022-05-18
2573,PEH-SHL-0026,6402026025731,Peak Bre XT Insulated Jacket XXL Ochre,Reliable insulated jacket from Peak's Bre XT range. XXL / Ochre. A wholesale staple for outdoor retailers.,5,31,Insulated Jacket,XXL,Ochre,pcs,12,12,0.510,true,,2021-06-11
2574,PEH-SHL-0027,6402026025748,Peak Bre XT Insulated Jacket L Ochre,"Peak Bre XT: a insulated jacket that balances weight, durability and price. L / Ochre. Retail-ready packaging.",5,31,Insulated Jacket,L,Ochre,pcs,1,1,1.173,true,,2025-08-24
2575,PEH-SHL-0028,6402026025755,Peak Kaldo XT Insulated Jacket XS Sunset Yellow,The Kaldo XT insulated jacket by Peak. XS / Sunset Yellow. Popular with rental outfitters and clubs.,5,31,Insulated Jacket,XS,Sunset Yellow,pcs,6,6,0.394,true,,2025-03-16
2576,PEH-SHL-0029,6402026025762,Peak Åreskutan XT Rain Jacket XS Midnight Blue,"Peak Åreskutan XT Rain Jacket for shell & insulated apparel. XS / Midnight Blue. Built for Nordic conditions, season after season.",5,31,Rain Jacket,XS,Midnight Blue,pcs,1,1,0.683,true,,2026-01-12
2577,PEH-SHL-0030,6402026025779,Peak Åreskutan XT Rain Jacket M Midnight Blue,Reliable rain jacket from Peak's Åreskutan XT range. M / Midnight Blue. A wholesale staple for outdoor retailers.,5,31,Rain Jacket,M,Midnight Blue,pcs,6,6,0.411,true,,2025-12-16
2578,PEH-SHL-0031,6402026025786,Peak Åreskutan XT Rain Jacket XXL Midnight Blue,"Peak Åreskutan XT: a rain jacket that balances weight, durability and price. XXL / Midnight Blue. Retail-ready packaging.",5,31,Rain Jacket,XXL,Midnight Blue,pcs,1,1,0.699,true,,2020-07-04
2579,PEH-SHL-0032,6402026025793,Peak Åreskutan XT Rain Jacket XL Midnight Blue,The Åreskutan XT rain jacket by Peak. XL / Midnight Blue. Popular with rental outfitters and clubs.,5,31,Rain Jacket,XL,Midnight Blue,pcs,1,1,0.514,true,,2019-09-26
2580,PEH-SHL-0033,6402026025809,Peak Åreskutan XT Rain Jacket S Midnight Blue,"Peak Åreskutan XT Rain Jacket for shell & insulated apparel. S / Midnight Blue. Built for Nordic conditions, season after season.",5,31,Rain Jacket,S,Midnight Blue,pcs,6,6,0.837,true,,2026-01-04
2581,PEH-SHL-0034,6402026025816,Peak Varanger Hardshell Jacket S Sunset Yellow,Reliable hardshell jacket from Peak's Varanger range. S / Sunset Yellow. A wholesale staple for outdoor retailers.,5,31,Hardshell Jacket,S,Sunset Yellow,pcs,1,1,1.360,true,,2022-03-31
2582,PEH-SHL-0035,6402026025823,Peak Varanger Hardshell Jacket XL Sunset Yellow,"Peak Varanger: a hardshell jacket that balances weight, durability and price. XL / Sunset Yellow. Retail-ready packaging.",5,31,Hardshell Jacket,XL,Sunset Yellow,pcs,1,1,0.850,true,,2019-04-29
2583,PEH-SHL-0036,6402026025830,Peak Varanger Hardshell Jacket XXL Sunset Yellow,The Varanger hardshell jacket by Peak. XXL / Sunset Yellow. Popular with rental outfitters and clubs.,5,31,Hardshell Jacket,XXL,Sunset Yellow,pcs,1,1,0.624,true,,2021-05-04
2584,PEH-SHL-0037,6402026025847,Peak Ultra Pro Hardshell Jacket XXL Deep Teal,"Peak Ultra Pro Hardshell Jacket for shell & insulated apparel. XXL / Deep Teal. Built for Nordic conditions, season after season.",5,31,Hardshell Jacket,XXL,Deep Teal,pcs,12,12,0.774,true,,2021-08-19
2585,PEH-SHL-0038,6402026025854,Peak Ultra Pro Hardshell Jacket M Deep Teal,Reliable hardshell jacket from Peak's Ultra Pro range. M / Deep Teal. A wholesale staple for outdoor retailers.,5,31,Hardshell Jacket,M,Deep Teal,pcs,1,1,1.173,true,,2021-01-16
2586,PEH-SHL-0039,6402026025861,Peak Ultra Pro Hardshell Jacket XL Deep Teal,"Peak Ultra Pro: a hardshell jacket that balances weight, durability and price. XL / Deep Teal. Retail-ready packaging.",5,31,Hardshell Jacket,XL,Deep Teal,pcs,1,1,0.456,true,,2024-11-21
2587,PEH-SHL-0040,6402026025878,Peak Ultra Pro Hardshell Jacket XS Deep Teal,The Ultra Pro hardshell jacket by Peak. XS / Deep Teal. Popular with rental outfitters and clubs.,5,31,Hardshell Jacket,XS,Deep Teal,pcs,1,1,0.610,true,,2020-03-02
2588,PEH-SHL-0041,6402026025885,Peak Ultra Pro Hardshell Jacket L Deep Teal,"Peak Ultra Pro Hardshell Jacket for shell & insulated apparel. L / Deep Teal. Built for Nordic conditions, season after season.",5,31,Hardshell Jacket,L,Deep Teal,pcs,12,12,0.399,true,,2024-04-20
2589,PEH-SHL-0042,6402026025892,Peak Sarek II Softshell Jacket XL Sand,Reliable softshell jacket from Peak's Sarek II range. XL / Sand. A wholesale staple for outdoor retailers.,5,31,Softshell Jacket,XL,Sand,pcs,1,1,0.264,true,,2022-08-05
2590,PEH-SHL-0043,6402026025908,Peak Kebne WP Insulated Jacket XL Graphite,"Peak Kebne WP: a insulated jacket that balances weight, durability and price. XL / Graphite. Retail-ready packaging.",5,31,Insulated Jacket,XL,Graphite,pcs,12,12,1.185,true,,2025-05-06
2591,PEH-SHL-0044,6402026025915,Peak Kebne WP Insulated Jacket XS Graphite,The Kebne WP insulated jacket by Peak. XS / Graphite. Popular with rental outfitters and clubs.,5,31,Insulated Jacket,XS,Graphite,pcs,12,12,1.072,true,,2026-04-10
2592,PEH-SHL-0045,6402026025922,Peak Kebne WP Insulated Jacket M Graphite,"Peak Kebne WP Insulated Jacket for shell & insulated apparel. M / Graphite. Built for Nordic conditions, season after season.",5,31,Insulated Jacket,M,Graphite,pcs,12,12,0.955,true,,2019-02-05
2593,PEH-SHL-0046,6402026025939,Peak Kebne WP Insulated Jacket L Graphite,Reliable insulated jacket from Peak's Kebne WP range. L / Graphite. A wholesale staple for outdoor retailers.,5,31,Insulated Jacket,L,Graphite,pcs,1,1,0.484,true,,2025-03-08
2594,PEH-SHL-0047,6402026025946,Peak Pallas Lite Down Vest S Petrol,"Peak Pallas Lite: a down vest that balances weight, durability and price. S / Petrol. Retail-ready packaging.",5,31,Down Vest,S,Petrol,pcs,12,12,0.346,true,,2021-03-30
2595,PEH-SHL-0048,6402026025953,Peak Ruska XT Rain Jacket S Petrol,The Ruska XT rain jacket by Peak. S / Petrol. Popular with rental outfitters and clubs.,5,31,Rain Jacket,S,Petrol,pcs,1,1,0.581,true,,2019-07-10
2596,PEH-SHL-0049,6402026025960,Peak Ruska XT Rain Jacket XS Petrol,"Peak Ruska XT Rain Jacket for shell & insulated apparel. XS / Petrol. Built for Nordic conditions, season after season.",5,31,Rain Jacket,XS,Petrol,pcs,12,12,0.546,true,,2021-05-07
2597,PEH-SHL-0050,6402026025977,Peak Ruska XT Rain Jacket XXL Petrol,Reliable rain jacket from Peak's Ruska XT range. XXL / Petrol. A wholesale staple for outdoor retailers.,5,31,Rain Jacket,XXL,Petrol,pcs,1,1,0.324,true,,2021-05-14
2598,PEH-SHL-0051,6402026025984,Peak Kaldo Plus Shell Trousers S Deep Teal,"Peak Kaldo Plus: a shell trousers that balances weight, durability and price. S / Deep Teal. Retail-ready packaging.",5,31,Shell Trousers,S,Deep Teal,pcs,6,6,0.399,true,,2024-12-31
2599,PEH-SHL-0052,6402026025991,Peak Kaldo Plus Shell Trousers XXL Deep Teal,The Kaldo Plus shell trousers by Peak. XXL / Deep Teal. Popular with rental outfitters and clubs.,5,31,Shell Trousers,XXL,Deep Teal,pcs,12,12,0.694,true,,2025-10-31
2600,PEH-SHL-0053,6402026026004,Peak Ultra Pro Shell Trousers L Slate Grey,"Peak Ultra Pro Shell Trousers for shell & insulated apparel. L / Slate Grey. Built for Nordic conditions, season after season.",5,31,Shell Trousers,L,Slate Grey,pcs,1,1,0.496,true,,2022-12-24
2601,PEH-SHL-0054,6402026026011,Peak Varanger Eco Insulated Jacket M Slate Grey,Reliable insulated jacket from Peak's Varanger Eco range. M / Slate Grey. A wholesale staple for outdoor retailers.,5,31,Insulated Jacket,M,Slate Grey,pcs,1,1,1.059,true,,2023-12-16
2602,PEH-SHL-0055,6402026026028,Peak Varanger Eco Insulated Jacket XS Slate Grey,"Peak Varanger Eco: a insulated jacket that balances weight, durability and price. XS / Slate Grey. Retail-ready packaging.",5,31,Insulated Jacket,XS,Slate Grey,pcs,6,6,0.537,true,,2026-02-23
2603,PEH-SHL-0056,6402026026035,Peak Varanger Eco Insulated Jacket L Slate Grey,The Varanger Eco insulated jacket by Peak. L / Slate Grey. Popular with rental outfitters and clubs.,5,31,Insulated Jacket,L,Slate Grey,pcs,12,12,0.419,true,,2022-08-18
2604,PEH-SHL-0057,6402026026042,Peak Varanger Eco Insulated Jacket S Slate Grey,"Peak Varanger Eco Insulated Jacket for shell & insulated apparel. S / Slate Grey. Built for Nordic conditions, season after season.",5,31,Insulated Jacket,S,Slate Grey,pcs,6,6,0.846,true,,2020-03-23
2605,PEH-SHL-0058,6402026026059,Peak Boreal XT Down Vest S Arctic White,Reliable down vest from Peak's Boreal XT range. S / Arctic White. A wholesale staple for outdoor retailers.,5,31,Down Vest,S,Arctic White,pcs,12,12,0.602,true,,2026-03-22
2606,PEH-SHL-0059,6402026026066,Peak Boreal XT Down Vest XXL Arctic White,"Peak Boreal XT: a down vest that balances weight, durability and price. XXL / Arctic White. Retail-ready packaging.",5,31,Down Vest,XXL,Arctic White,pcs,1,1,0.350,true,,2022-07-12
2607,PEH-SHL-0060,6402026026073,Peak Boreal XT Down Vest L Arctic White,The Boreal XT down vest by Peak. L / Arctic White. Popular with rental outfitters and clubs.,5,31,Down Vest,L,Arctic White,pcs,1,1,0.438,true,,2020-12-21
2608,PEH-SHL-0061,6402026026080,Peak Rondane Lite Softshell Jacket XS Black,"Peak Rondane Lite Softshell Jacket for shell & insulated apparel. XS / Black. Built for Nordic conditions, season after season.",5,31,Softshell Jacket,XS,Black,pcs,1,1,0.760,true,,2021-06-06
2609,PEH-FTW-0001,6402026026097,Peak Inari WP Winter Boot EU 39 Burnt Orange,Reliable winter boot from Peak's Inari WP range. EU 39 / Burnt Orange. A wholesale staple for outdoor retailers.,4,31,Winter Boot,EU 39,Burnt Orange,pair,1,1,1.003,true,,2021-12-26
2610,PEH-FTW-0002,6402026026103,Peak Inari WP Winter Boot EU 46 Burnt Orange,"Peak Inari WP: a winter boot that balances weight, durability and price. EU 46 / Burnt Orange. Retail-ready packaging.",4,31,Winter Boot,EU 46,Burnt Orange,pair,6,6,1.702,true,,2019-08-28
2611,PEH-FTW-0003,6402026026110,Peak Inari WP Winter Boot EU 44 Burnt Orange,The Inari WP winter boot by Peak. EU 44 / Burnt Orange. Popular with rental outfitters and clubs.,4,31,Winter Boot,EU 44,Burnt Orange,pair,1,1,1.282,true,,2020-11-04
2612,PEH-FTW-0004,6402026026127,Peak Inari WP Winter Boot EU 40 Burnt Orange,"Peak Inari WP Winter Boot for footwear. EU 40 / Burnt Orange. Built for Nordic conditions, season after season.",4,31,Winter Boot,EU 40,Burnt Orange,pair,1,1,0.555,true,,2022-05-10
2613,PEH-FTW-0005,6402026026134,Peak Inari WP Winter Boot EU 37 Burnt Orange,Reliable winter boot from Peak's Inari WP range. EU 37 / Burnt Orange. A wholesale staple for outdoor retailers.,4,31,Winter Boot,EU 37,Burnt Orange,pair,1,1,1.585,true,,2019-09-02
2614,PEH-FTW-0006,6402026026141,Peak Skog XT Approach Shoe EU 38 Ochre,"Peak Skog XT: a approach shoe that balances weight, durability and price. EU 38 / Ochre. Retail-ready packaging.",4,31,Approach Shoe,EU 38,Ochre,pair,1,1,0.898,true,,2022-11-11
2615,PEH-FTW-0007,6402026026158,Peak Nordkapp Pro Hiking Sandal EU 42 Moss Green,The Nordkapp Pro hiking sandal by Peak. EU 42 / Moss Green. Popular with rental outfitters and clubs.,4,31,Hiking Sandal,EU 42,Moss Green,pair,1,1,0.571,true,,2023-07-05
2616,PEH-FTW-0008,6402026026165,Peak Nordkapp Pro Hiking Sandal EU 47 Moss Green,"Peak Nordkapp Pro Hiking Sandal for footwear. EU 47 / Moss Green. Built for Nordic conditions, season after season.",4,31,Hiking Sandal,EU 47,Moss Green,pair,6,6,0.471,true,,2022-08-20
2617,PEH-FTW-0009,6402026026172,Peak Arctic XT Winter Boot EU 40 Lichen,Reliable winter boot from Peak's Arctic XT range. EU 40 / Lichen. A wholesale staple for outdoor retailers.,4,31,Winter Boot,EU 40,Lichen,pair,1,1,0.667,true,,2020-05-25
2618,PEH-FTW-0010,6402026026189,Peak Arctic XT Winter Boot EU 38 Lichen,"Peak Arctic XT: a winter boot that balances weight, durability and price. EU 38 / Lichen. Retail-ready packaging.",4,31,Winter Boot,EU 38,Lichen,pair,6,6,0.689,true,,2020-09-29
2619,PEH-FTW-0011,6402026026196,Peak Arctic XT Winter Boot EU 39 Lichen,The Arctic XT winter boot by Peak. EU 39 / Lichen. Popular with rental outfitters and clubs.,4,31,Winter Boot,EU 39,Lichen,pair,6,6,1.228,true,,2021-12-16
2620,PEH-FTW-0012,6402026026202,Peak Arctic XT Winter Boot EU 46 Lichen,"Peak Arctic XT Winter Boot for footwear. EU 46 / Lichen. Built for Nordic conditions, season after season.",4,31,Winter Boot,EU 46,Lichen,pair,6,6,1.712,true,,2023-07-08
2621,PEH-FTW-0013,6402026026219,Peak Arctic Plus Approach Shoe EU 44 Ochre,Reliable approach shoe from Peak's Arctic Plus range. EU 44 / Ochre. A wholesale staple for outdoor retailers.,4,31,Approach Shoe,EU 44,Ochre,pair,6,6,1.057,true,,2020-01-13
2622,PEH-FTW-0014,6402026026226,Peak Arctic Plus Approach Shoe EU 47 Ochre,"Peak Arctic Plus: a approach shoe that balances weight, durability and price. EU 47 / Ochre. Retail-ready packaging.",4,31,Approach Shoe,EU 47,Ochre,pair,1,1,0.442,true,,2020-02-27
2623,PEH-FTW-0015,6402026026233,Peak Arctic Plus Approach Shoe EU 41 Ochre,The Arctic Plus approach shoe by Peak. EU 41 / Ochre. Popular with rental outfitters and clubs.,4,31,Approach Shoe,EU 41,Ochre,pair,6,6,0.431,true,,2020-01-07
2624,PEH-FTW-0016,6402026026240,Peak Inari 2.0 Trail Shoe EU 42 Ruby Red,"Peak Inari 2.0 Trail Shoe for footwear. EU 42 / Ruby Red. Built for Nordic conditions, season after season.",4,31,Trail Shoe,EU 42,Ruby Red,pair,6,6,0.697,true,,2021-12-28
2625,PEH-FTW-0017,6402026026257,Peak Inari 2.0 Trail Shoe EU 44 Ruby Red,Reliable trail shoe from Peak's Inari 2.0 range. EU 44 / Ruby Red. A wholesale staple for outdoor retailers.,4,31,Trail Shoe,EU 44,Ruby Red,pair,6,6,0.967,true,,2021-10-01
2626,PEH-FTW-0018,6402026026264,Peak Inari 2.0 Trail Shoe EU 47 Ruby Red,"Peak Inari 2.0: a trail shoe that balances weight, durability and price. EU 47 / Ruby Red. Retail-ready packaging.",4,31,Trail Shoe,EU 47,Ruby Red,pair,1,1,1.110,true,,2025-09-02
2627,PEH-FTW-0019,6402026026271,Peak Inari 2.0 Trail Shoe EU 46 Ruby Red,The Inari 2.0 trail shoe by Peak. EU 46 / Ruby Red. Popular with rental outfitters and clubs.,4,31,Trail Shoe,EU 46,Ruby Red,pair,6,6,0.821,true,,2021-07-19
2628,PEH-FTW-0020,6402026026288,Peak Kaamos Pro Hiking Sandal EU 39 Slate Grey,"Peak Kaamos Pro Hiking Sandal for footwear. EU 39 / Slate Grey. Built for Nordic conditions, season after season.",4,31,Hiking Sandal,EU 39,Slate Grey,pair,6,6,0.636,true,,2021-09-08
2629,PEH-FTW-0021,6402026026295,Peak Kaamos Pro Hiking Sandal EU 37 Slate Grey,Reliable hiking sandal from Peak's Kaamos Pro range. EU 37 / Slate Grey. A wholesale staple for outdoor retailers.,4,31,Hiking Sandal,EU 37,Slate Grey,pair,1,1,0.270,true,,2020-01-04
2630,PEH-FTW-0022,6402026026301,Peak Kaamos Pro Hiking Sandal EU 46 Slate Grey,"Peak Kaamos Pro: a hiking sandal that balances weight, durability and price. EU 46 / Slate Grey. Retail-ready packaging.",4,31,Hiking Sandal,EU 46,Slate Grey,pair,6,6,0.352,true,,2024-01-07
2631,PEH-FTW-0023,6402026026318,Peak Kaamos Pro Hiking Sandal EU 43 Slate Grey,The Kaamos Pro hiking sandal by Peak. EU 43 / Slate Grey. Popular with rental outfitters and clubs.,4,31,Hiking Sandal,EU 43,Slate Grey,pair,1,1,0.538,true,,2026-04-12
2632,PEH-FTW-0024,6402026026325,Peak Kaamos Pro Hiking Sandal EU 47 Slate Grey,"Peak Kaamos Pro Hiking Sandal for footwear. EU 47 / Slate Grey. Built for Nordic conditions, season after season.",4,31,Hiking Sandal,EU 47,Slate Grey,pair,6,6,0.697,true,,2019-03-02
2633,PEH-FTW-0025,6402026026332,Peak Halti Winter Boot EU 44 Ruby Red,Reliable winter boot from Peak's Halti range. EU 44 / Ruby Red. A wholesale staple for outdoor retailers.,4,31,Winter Boot,EU 44,Ruby Red,pair,6,6,1.715,true,,2023-02-16
2634,PEH-FTW-0026,6402026026349,Peak Halti Winter Boot EU 37 Ruby Red,"Peak Halti: a winter boot that balances weight, durability and price. EU 37 / Ruby Red. Retail-ready packaging.",4,31,Winter Boot,EU 37,Ruby Red,pair,1,1,1.620,true,,2025-01-01
2635,PEH-FTW-0027,6402026026356,Peak Tundra WP Approach Shoe EU 43 Black,The Tundra WP approach shoe by Peak. EU 43 / Black. Popular with rental outfitters and clubs.,4,31,Approach Shoe,EU 43,Black,pair,1,1,0.798,true,,2022-11-19
2636,PEH-FTW-0028,6402026026363,Peak Tundra WP Approach Shoe EU 39 Black,"Peak Tundra WP Approach Shoe for footwear. EU 39 / Black. Built for Nordic conditions, season after season.",4,31,Approach Shoe,EU 39,Black,pair,6,6,1.057,true,,2019-08-27
2637,PEH-FTW-0029,6402026026370,Peak Tind Trail Shoe EU 39 Ochre,Reliable trail shoe from Peak's Tind range. EU 39 / Ochre. A wholesale staple for outdoor retailers.,4,31,Trail Shoe,EU 39,Ochre,pair,6,6,0.815,true,,2025-12-19
2638,PEH-FTW-0030,6402026026387,Peak Fjord 2.0 Trail Shoe EU 47 Ruby Red,"Peak Fjord 2.0: a trail shoe that balances weight, durability and price. EU 47 / Ruby Red. Retail-ready packaging.",4,31,Trail Shoe,EU 47,Ruby Red,pair,6,6,0.362,true,,2021-12-13
2639,PEH-FTW-0031,6402026026394,Peak Fjord 2.0 Trail Shoe EU 45 Ruby Red,The Fjord 2.0 trail shoe by Peak. EU 45 / Ruby Red. Popular with rental outfitters and clubs.,4,31,Trail Shoe,EU 45,Ruby Red,pair,6,6,0.907,true,,2026-02-11
2640,PEH-FTW-0032,6402026026400,Peak Fjord 2.0 Trail Shoe EU 44 Ruby Red,"Peak Fjord 2.0 Trail Shoe for footwear. EU 44 / Ruby Red. Built for Nordic conditions, season after season.",4,31,Trail Shoe,EU 44,Ruby Red,pair,1,1,1.051,true,,2020-12-11
2641,PEH-FTW-0033,6402026026417,Peak Fjord 2.0 Trail Shoe EU 38 Ruby Red,Reliable trail shoe from Peak's Fjord 2.0 range. EU 38 / Ruby Red. A wholesale staple for outdoor retailers.,4,31,Trail Shoe,EU 38,Ruby Red,pair,6,6,0.549,true,,2021-02-13
2642,PEH-FTW-0034,6402026026424,Peak Fjord 2.0 Trail Shoe EU 40 Ruby Red,"Peak Fjord 2.0: a trail shoe that balances weight, durability and price. EU 40 / Ruby Red. Retail-ready packaging.",4,31,Trail Shoe,EU 40,Ruby Red,pair,1,1,0.531,true,,2020-02-07
2643,PEH-FTW-0035,6402026026431,Peak Alpine Plus Hiking Sandal EU 37 Lichen,The Alpine Plus hiking sandal by Peak. EU 37 / Lichen. Popular with rental outfitters and clubs.,4,31,Hiking Sandal,EU 37,Lichen,pair,1,1,0.554,true,,2022-04-30
2644,PEH-FTW-0036,6402026026448,Peak Trail WP Hiking Boot EU 44 Ochre,"Peak Trail WP Hiking Boot for footwear. EU 44 / Ochre. Built for Nordic conditions, season after season.",4,31,Hiking Boot,EU 44,Ochre,pair,1,1,0.753,true,,2019-04-04
2645,PEH-FTW-0037,6402026026455,Peak Trail WP Hiking Boot EU 38 Ochre,Reliable hiking boot from Peak's Trail WP range. EU 38 / Ochre. A wholesale staple for outdoor retailers.,4,31,Hiking Boot,EU 38,Ochre,pair,1,1,1.208,true,,2022-03-04
2646,PEH-FTW-0038,6402026026462,Peak Trail WP Hiking Boot EU 40 Ochre,"Peak Trail WP: a hiking boot that balances weight, durability and price. EU 40 / Ochre. Retail-ready packaging.",4,31,Hiking Boot,EU 40,Ochre,pair,6,6,0.906,true,,2025-12-12
2647,PEH-FTW-0039,6402026026479,Peak Boreal Eco Approach Shoe EU 37 Sand,The Boreal Eco approach shoe by Peak. EU 37 / Sand. Popular with rental outfitters and clubs.,4,31,Approach Shoe,EU 37,Sand,pair,1,1,1.197,true,,2021-08-17
2648,PEH-FTW-0040,6402026026486,Peak Ylläs Plus Trail Shoe EU 40 Arctic White,"Peak Ylläs Plus Trail Shoe for footwear. EU 40 / Arctic White. Built for Nordic conditions, season after season.",4,31,Trail Shoe,EU 40,Arctic White,pair,1,1,1.077,true,,2024-05-10
2649,PEH-FTW-0041,6402026026493,Peak Ylläs Plus Trail Shoe EU 45 Arctic White,Reliable trail shoe from Peak's Ylläs Plus range. EU 45 / Arctic White. A wholesale staple for outdoor retailers.,4,31,Trail Shoe,EU 45,Arctic White,pair,6,6,0.607,true,,2024-04-21
2650,PEH-FTW-0042,6402026026509,Peak Ylläs Plus Trail Shoe EU 41 Arctic White,"Peak Ylläs Plus: a trail shoe that balances weight, durability and price. EU 41 / Arctic White. Retail-ready packaging.",4,31,Trail Shoe,EU 41,Arctic White,pair,6,6,0.731,true,,2020-02-12
2651,PEH-FTW-0043,6402026026516,Peak Padjelanta Hiking Boot EU 37 Graphite,The Padjelanta hiking boot by Peak. EU 37 / Graphite. Popular with rental outfitters and clubs.,4,31,Hiking Boot,EU 37,Graphite,pair,1,1,1.559,true,,2019-11-06
2652,PEH-FTW-0044,6402026026523,Peak Padjelanta Hiking Boot EU 44 Graphite,"Peak Padjelanta Hiking Boot for footwear. EU 44 / Graphite. Built for Nordic conditions, season after season.",4,31,Hiking Boot,EU 44,Graphite,pair,1,1,0.807,true,,2026-01-10
2653,PEH-FTW-0045,6402026026530,Peak Sarek Approach Shoe EU 45 Arctic White,Reliable approach shoe from Peak's Sarek range. EU 45 / Arctic White. A wholesale staple for outdoor retailers.,4,31,Approach Shoe,EU 45,Arctic White,pair,6,6,0.881,true,,2025-03-06
2654,PEH-FTW-0046,6402026026547,Peak Sarek Approach Shoe EU 46 Arctic White,"Peak Sarek: a approach shoe that balances weight, durability and price. EU 46 / Arctic White. Retail-ready packaging.",4,31,Approach Shoe,EU 46,Arctic White,pair,6,6,0.967,true,,2025-05-02
2655,PEH-FTW-0047,6402026026554,Peak Sarek Approach Shoe EU 44 Arctic White,The Sarek approach shoe by Peak. EU 44 / Arctic White. Popular with rental outfitters and clubs.,4,31,Approach Shoe,EU 44,Arctic White,pair,6,6,0.815,true,,2024-11-14
2656,PEH-FTW-0048,6402026026561,Peak Sarek Approach Shoe EU 41 Arctic White,"Peak Sarek Approach Shoe for footwear. EU 41 / Arctic White. Built for Nordic conditions, season after season.",4,31,Approach Shoe,EU 41,Arctic White,pair,6,6,0.821,true,,2019-07-14
2657,PEH-FTW-0049,6402026026578,Peak Sylarna Eco Hiking Sandal EU 41 Forest,Reliable hiking sandal from Peak's Sylarna Eco range. EU 41 / Forest. A wholesale staple for outdoor retailers.,4,31,Hiking Sandal,EU 41,Forest,pair,6,6,0.538,true,,2023-02-27
2658,PEH-FTW-0050,6402026026585,Peak Arctic Lite Approach Shoe EU 45 Deep Teal,"Peak Arctic Lite: a approach shoe that balances weight, durability and price. EU 45 / Deep Teal. Retail-ready packaging.",4,31,Approach Shoe,EU 45,Deep Teal,pair,1,1,0.869,false,2020-12-05,2020-04-21
2659,PEH-FTW-0051,6402026026592,Peak Arctic Lite Approach Shoe EU 42 Deep Teal,The Arctic Lite approach shoe by Peak. EU 42 / Deep Teal. Popular with rental outfitters and clubs.,4,31,Approach Shoe,EU 42,Deep Teal,pair,1,1,0.470,true,,2022-07-13
2660,PEH-FTW-0052,6402026026608,Peak Arctic Lite Approach Shoe EU 43 Deep Teal,"Peak Arctic Lite Approach Shoe for footwear. EU 43 / Deep Teal. Built for Nordic conditions, season after season.",4,31,Approach Shoe,EU 43,Deep Teal,pair,1,1,0.575,true,,2023-02-24
2661,PEH-FTW-0053,6402026026615,Peak Summit Approach Shoe EU 40 Deep Teal,Reliable approach shoe from Peak's Summit range. EU 40 / Deep Teal. A wholesale staple for outdoor retailers.,4,31,Approach Shoe,EU 40,Deep Teal,pair,6,6,0.519,true,,2019-01-09
2662,PEH-FTW-0054,6402026026622,Peak Tundra Plus Hiking Sandal EU 37 Arctic White,"Peak Tundra Plus: a hiking sandal that balances weight, durability and price. EU 37 / Arctic White. Retail-ready packaging.",4,31,Hiking Sandal,EU 37,Arctic White,pair,1,1,0.539,true,,2020-11-25
2663,PEH-FTW-0055,6402026026639,Peak Tundra Plus Hiking Sandal EU 40 Arctic White,The Tundra Plus hiking sandal by Peak. EU 40 / Arctic White. Popular with rental outfitters and clubs.,4,31,Hiking Sandal,EU 40,Arctic White,pair,1,1,0.285,true,,2022-10-14
2664,PEH-FTW-0056,6402026026646,Peak Nuten Hiking Boot EU 44 Sand,"Peak Nuten Hiking Boot for footwear. EU 44 / Sand. Built for Nordic conditions, season after season.",4,31,Hiking Boot,EU 44,Sand,pair,1,1,0.888,true,,2019-10-18
2665,PEH-FTW-0057,6402026026653,Peak Nuten Hiking Boot EU 47 Sand,Reliable hiking boot from Peak's Nuten range. EU 47 / Sand. A wholesale staple for outdoor retailers.,4,31,Hiking Boot,EU 47,Sand,pair,1,1,0.644,true,,2022-09-27
2666,PEH-FTW-0058,6402026026660,Peak Nuten Hiking Boot EU 38 Sand,"Peak Nuten: a hiking boot that balances weight, durability and price. EU 38 / Sand. Retail-ready packaging.",4,31,Hiking Boot,EU 38,Sand,pair,6,6,1.034,true,,2019-03-12
2667,PEH-FTW-0059,6402026026677,Peak Kebnekaise Lite Hiking Boot EU 44 Burnt Orange,The Kebnekaise Lite hiking boot by Peak. EU 44 / Burnt Orange. Popular with rental outfitters and clubs.,4,31,Hiking Boot,EU 44,Burnt Orange,pair,1,1,0.739,true,,2022-03-17
2668,PEH-FTW-0060,6402026026684,Peak Kebnekaise Lite Hiking Boot EU 37 Burnt Orange,"Peak Kebnekaise Lite Hiking Boot for footwear. EU 37 / Burnt Orange. Built for Nordic conditions, season after season.",4,31,Hiking Boot,EU 37,Burnt Orange,pair,6,6,1.312,true,,2022-08-16
2669,PEH-FTW-0061,6402026026691,Peak Kebnekaise Lite Hiking Boot EU 39 Burnt Orange,Reliable hiking boot from Peak's Kebnekaise Lite range. EU 39 / Burnt Orange. A wholesale staple for outdoor retailers.,4,31,Hiking Boot,EU 39,Burnt Orange,pair,6,6,1.312,true,,2025-05-23
2670,PEH-FTW-0062,6402026026707,Peak Skog 2.0 Hiking Boot EU 42 Lichen,"Peak Skog 2.0: a hiking boot that balances weight, durability and price. EU 42 / Lichen. Retail-ready packaging.",4,31,Hiking Boot,EU 42,Lichen,pair,6,6,1.553,true,,2020-12-10
2671,PEH-FTW-0063,6402026026714,Peak Skog 2.0 Hiking Boot EU 45 Lichen,The Skog 2.0 hiking boot by Peak. EU 45 / Lichen. Popular with rental outfitters and clubs.,4,31,Hiking Boot,EU 45,Lichen,pair,6,6,0.770,true,,2019-03-10
2672,PEH-FTW-0064,6402026026721,Peak Skog 2.0 Hiking Boot EU 37 Lichen,"Peak Skog 2.0 Hiking Boot for footwear. EU 37 / Lichen. Built for Nordic conditions, season after season.",4,31,Hiking Boot,EU 37,Lichen,pair,1,1,1.597,true,,2021-05-02
2673,PEH-FTW-0065,6402026026738,Peak Skog 2.0 Hiking Boot EU 43 Lichen,Reliable hiking boot from Peak's Skog 2.0 range. EU 43 / Lichen. A wholesale staple for outdoor retailers.,4,31,Hiking Boot,EU 43,Lichen,pair,6,6,1.429,true,,2020-09-09
2674,PEH-FTW-0066,6402026026745,Peak Tundra Pro Winter Boot EU 47 Graphite,"Peak Tundra Pro: a winter boot that balances weight, durability and price. EU 47 / Graphite. Retail-ready packaging.",4,31,Winter Boot,EU 47,Graphite,pair,6,6,1.685,true,,2024-07-21
2675,BAL-ACC-0001,6402026026752,Baltic Åreskutan Liner Gloves XS Petrol,The Åreskutan liner gloves by Baltic. XS / Petrol. Popular with rental outfitters and clubs.,14,32,Liner Gloves,XS,Petrol,pcs,1,1,0.087,true,,2022-01-24
2676,BAL-ACC-0002,6402026026769,Baltic Kebne 2.0 Beanie Moss Green,"Baltic Kebne 2.0 Beanie for accessories & maintenance. Moss Green. Built for Nordic conditions, season after season.",14,32,Beanie,Moss Green,Moss Green,pcs,1,1,0.008,true,,2020-08-10
2677,BAL-ACC-0003,6402026026776,Baltic Kebne 2.0 Beanie Forest,Reliable beanie from Baltic's Kebne 2.0 range. Forest. A wholesale staple for outdoor retailers.,14,32,Beanie,Forest,Forest,pcs,1,1,0.122,true,,2025-05-31
2678,BAL-ACC-0004,6402026026783,Baltic Summit 2.0 Repair Kit,"Baltic Summit 2.0: a repair kit that balances weight, durability and price. Retail-ready packaging.",14,32,Repair Kit,,,pcs,1,1,0.067,true,,2024-11-11
2679,BAL-ACC-0005,6402026026790,Baltic Kallio Pro Repair Kit,The Kallio Pro repair kit by Baltic. Popular with rental outfitters and clubs.,14,32,Repair Kit,,,pcs,12,12,0.161,true,,2021-04-23
2680,BAL-ACC-0006,6402026026806,Baltic Summit 2.0 Trekking Poles 170 cm Moss Green,"Baltic Summit 2.0 Trekking Poles for accessories & maintenance. 170 cm / Moss Green. Built for Nordic conditions, season after season.",14,32,Trekking Poles,170 cm,Moss Green,pcs,1,1,0.086,true,,2024-02-05
2681,BAL-ACC-0007,6402026026813,Baltic Boreal Repair Kit,Reliable repair kit from Baltic's Boreal range. A wholesale staple for outdoor retailers.,14,32,Repair Kit,,,pcs,1,1,0.016,true,,2024-04-03
2682,BAL-ACC-0008,6402026026820,Baltic Kebnekaise Trekking Poles 210 cm Deep Teal,"Baltic Kebnekaise: a trekking poles that balances weight, durability and price. 210 cm / Deep Teal. Retail-ready packaging.",14,32,Trekking Poles,210 cm,Deep Teal,pcs,1,1,0.031,true,,2021-07-04
2683,BAL-ACC-0009,6402026026837,Baltic Kebnekaise Trekking Poles 105 cm Deep Teal,The Kebnekaise trekking poles by Baltic. 105 cm / Deep Teal. Popular with rental outfitters and clubs.,14,32,Trekking Poles,105 cm,Deep Teal,pcs,1,1,0.125,true,,2023-12-23
2684,BAL-ACC-0010,6402026026844,Baltic Kebnekaise Trekking Poles 160 cm Deep Teal,"Baltic Kebnekaise Trekking Poles for accessories & maintenance. 160 cm / Deep Teal. Built for Nordic conditions, season after season.",14,32,Trekking Poles,160 cm,Deep Teal,pcs,12,12,0.051,true,,2023-06-02
2685,BAL-ACC-0011,6402026026851,Baltic Kebnekaise Trekking Poles 220 cm Deep Teal,Reliable trekking poles from Baltic's Kebnekaise range. 220 cm / Deep Teal. A wholesale staple for outdoor retailers.,14,32,Trekking Poles,220 cm,Deep Teal,pcs,1,1,0.514,true,,2023-02-01
2686,BAL-ACC-0012,6402026026868,Baltic Kebnekaise Trekking Poles 115 cm Deep Teal,"Baltic Kebnekaise: a trekking poles that balances weight, durability and price. 115 cm / Deep Teal. Retail-ready packaging.",14,32,Trekking Poles,115 cm,Deep Teal,pcs,6,6,0.507,true,,2022-08-04
2687,BAL-ACC-0013,6402026026875,Baltic Storm 2.0 Liner Gloves L Black,The Storm 2.0 liner gloves by Baltic. L / Black. Popular with rental outfitters and clubs.,14,32,Liner Gloves,L,Black,pcs,1,1,0.039,true,,2023-09-03
2688,BAL-ACC-0014,6402026026882,Baltic Storm 2.0 Liner Gloves M Black,"Baltic Storm 2.0 Liner Gloves for accessories & maintenance. M / Black. Built for Nordic conditions, season after season.",14,32,Liner Gloves,M,Black,pcs,1,1,0.073,false,2023-02-27,2021-03-30
2689,BAL-ACC-0015,6402026026899,Baltic Storm 2.0 Liner Gloves XL Black,Reliable liner gloves from Baltic's Storm 2.0 range. XL / Black. A wholesale staple for outdoor retailers.,14,32,Liner Gloves,XL,Black,pcs,1,1,0.146,true,,2026-04-17
2690,BAL-ACC-0016,6402026026905,Baltic Storm 2.0 Liner Gloves S Black,"Baltic Storm 2.0: a liner gloves that balances weight, durability and price. S / Black. Retail-ready packaging.",14,32,Liner Gloves,S,Black,pcs,1,1,0.148,true,,2023-11-05
2691,BAL-ACC-0017,6402026026912,Baltic Vidda II Trekking Poles 150 cm Slate Grey,The Vidda II trekking poles by Baltic. 150 cm / Slate Grey. Popular with rental outfitters and clubs.,14,32,Trekking Poles,150 cm,Slate Grey,pcs,12,12,0.205,true,,2026-01-22
2692,BAL-ACC-0018,6402026026929,Baltic Vidda II Trekking Poles 220 cm Slate Grey,"Baltic Vidda II Trekking Poles for accessories & maintenance. 220 cm / Slate Grey. Built for Nordic conditions, season after season.",14,32,Trekking Poles,220 cm,Slate Grey,pcs,1,1,0.345,true,,2025-08-03
2693,BAL-ACC-0019,6402026026936,Baltic Kaldo XT Liner Gloves XXL Ochre,Reliable liner gloves from Baltic's Kaldo XT range. XXL / Ochre. A wholesale staple for outdoor retailers.,14,32,Liner Gloves,XXL,Ochre,pcs,6,6,0.086,false,2024-03-19,2020-12-04
2694,BAL-ACC-0020,6402026026943,Baltic Kaldo XT Liner Gloves S Ochre,"Baltic Kaldo XT: a liner gloves that balances weight, durability and price. S / Ochre. Retail-ready packaging.",14,32,Liner Gloves,S,Ochre,pcs,6,6,0.138,true,,2024-04-03
2695,BAL-ACC-0021,6402026026950,Baltic Kaldo XT Liner Gloves XL Ochre,The Kaldo XT liner gloves by Baltic. XL / Ochre. Popular with rental outfitters and clubs.,14,32,Liner Gloves,XL,Ochre,pcs,1,1,0.096,true,,2024-08-08
2696,BAL-ACC-0022,6402026026967,Baltic Abisko Lite Beanie Arctic White,"Baltic Abisko Lite Beanie for accessories & maintenance. Arctic White. Built for Nordic conditions, season after season.",14,32,Beanie,Arctic White,Arctic White,pcs,12,12,0.011,false,2022-09-29,2019-08-01
2697,BAL-ACC-0023,6402026026974,Baltic Abisko Lite Beanie Petrol,Reliable beanie from Baltic's Abisko Lite range. Petrol. A wholesale staple for outdoor retailers.,14,32,Beanie,Petrol,Petrol,pcs,1,1,0.083,true,,2019-03-08
2698,BAL-ACC-0024,6402026026981,Baltic Abisko Lite Beanie Lichen,"Baltic Abisko Lite: a beanie that balances weight, durability and price. Lichen. Retail-ready packaging.",14,32,Beanie,Lichen,Lichen,pcs,12,12,0.132,true,,2024-11-01
2699,BAL-ACC-0025,6402026026998,Baltic Inari Pro Repair Kit,The Inari Pro repair kit by Baltic. Popular with rental outfitters and clubs.,14,32,Repair Kit,,,pcs,6,6,0.068,true,,2024-09-16
2700,BAL-ACC-0026,6402026027001,Baltic Kaldo Liner Gloves S Moss Green,"Baltic Kaldo Liner Gloves for accessories & maintenance. S / Moss Green. Built for Nordic conditions, season after season.",14,32,Liner Gloves,S,Moss Green,pcs,12,12,0.125,true,,2021-09-11
2701,BAL-ACC-0027,6402026027018,Baltic Kaldo Liner Gloves XL Moss Green,Reliable liner gloves from Baltic's Kaldo range. XL / Moss Green. A wholesale staple for outdoor retailers.,14,32,Liner Gloves,XL,Moss Green,pcs,6,6,0.097,true,,2019-02-17
2702,BAL-ACC-0028,6402026027025,Baltic Kaldo Liner Gloves XS Moss Green,"Baltic Kaldo: a liner gloves that balances weight, durability and price. XS / Moss Green. Retail-ready packaging.",14,32,Liner Gloves,XS,Moss Green,pcs,12,12,0.074,true,,2019-04-18
2703,BAL-ACC-0029,6402026027032,Baltic Kaldo Liner Gloves XXL Moss Green,The Kaldo liner gloves by Baltic. XXL / Moss Green. Popular with rental outfitters and clubs.,14,32,Liner Gloves,XXL,Moss Green,pcs,1,1,0.040,true,,2019-01-10
2704,BAL-ACC-0030,6402026027049,Baltic Nordkapp Beanie Burnt Orange,"Baltic Nordkapp Beanie for accessories & maintenance. Burnt Orange. Built for Nordic conditions, season after season.",14,32,Beanie,Burnt Orange,Burnt Orange,pcs,6,6,0.071,true,,2025-03-01
2705,BAL-ACC-0031,6402026027056,Baltic Nordkapp Beanie Forest,Reliable beanie from Baltic's Nordkapp range. Forest. A wholesale staple for outdoor retailers.,14,32,Beanie,Forest,Forest,pcs,1,1,0.139,true,,2024-03-11
2706,BAL-ACC-0032,6402026027063,Baltic Nordkapp Beanie Moss Green,"Baltic Nordkapp: a beanie that balances weight, durability and price. Moss Green. Retail-ready packaging.",14,32,Beanie,Moss Green,Moss Green,pcs,6,6,0.094,true,,2024-10-26
2707,BAL-ACC-0033,6402026027070,Baltic Inari Plus Waterproofing Spray,The Inari Plus waterproofing spray by Baltic. Popular with rental outfitters and clubs.,14,32,Waterproofing Spray,,,pcs,6,6,0.109,true,,2023-04-26
2708,BAL-ACC-0034,6402026027087,Baltic Inari Pro Seam Sealer,"Baltic Inari Pro Seam Sealer for accessories & maintenance. Built for Nordic conditions, season after season.",14,32,Seam Sealer,,,pcs,6,6,0.138,true,,2019-08-02
2709,BAL-ACC-0035,6402026027094,Baltic Rondane XT Waterproofing Spray,Reliable waterproofing spray from Baltic's Rondane XT range. A wholesale staple for outdoor retailers.,14,32,Waterproofing Spray,,,pcs,12,12,0.087,true,,2023-09-07
2710,BAL-ACC-0036,6402026027100,Baltic Lyngen II Repair Kit,"Baltic Lyngen II: a repair kit that balances weight, durability and price. Retail-ready packaging.",14,32,Repair Kit,,,pcs,6,6,0.074,true,,2020-02-14
2711,BAL-ACC-0037,6402026027117,Baltic Storm II Map Case,The Storm II map case by Baltic. Popular with rental outfitters and clubs.,14,32,Map Case,,,pcs,1,1,0.111,true,,2024-03-05
2712,BAL-ACC-0038,6402026027124,Baltic Inari Eco Waterproofing Spray,"Baltic Inari Eco Waterproofing Spray for accessories & maintenance. Built for Nordic conditions, season after season.",14,32,Waterproofing Spray,,,pcs,12,12,0.052,true,,2021-02-15
2713,BAL-ACC-0039,6402026027131,Baltic Padjelanta Plus Seam Sealer,Reliable seam sealer from Baltic's Padjelanta Plus range. A wholesale staple for outdoor retailers.,14,32,Seam Sealer,,,pcs,1,1,0.103,true,,2023-08-29
2714,BAL-ACC-0040,6402026027148,Baltic Ruska 2.0 Map Case,"Baltic Ruska 2.0: a map case that balances weight, durability and price. Retail-ready packaging.",14,32,Map Case,,,pcs,1,1,0.119,true,,2024-01-27
2715,BAL-ACC-0041,6402026027155,Baltic Lyngen Seam Sealer,The Lyngen seam sealer by Baltic. Popular with rental outfitters and clubs.,14,32,Seam Sealer,,,pcs,1,1,0.041,true,,2020-05-24
2716,BAL-ACC-0042,6402026027162,Baltic Kaldo Eco Seam Sealer,"Baltic Kaldo Eco Seam Sealer for accessories & maintenance. Built for Nordic conditions, season after season.",14,32,Seam Sealer,,,pcs,12,12,0.015,true,,2023-10-10
2717,BAL-ACC-0043,6402026027179,Baltic Pallas Lite Beanie Sunset Yellow,Reliable beanie from Baltic's Pallas Lite range. Sunset Yellow. A wholesale staple for outdoor retailers.,14,32,Beanie,Sunset Yellow,Sunset Yellow,pcs,1,1,0.142,true,,2019-11-26
2718,BAL-ACC-0044,6402026027186,Baltic Pallas Lite Beanie Moss Green,"Baltic Pallas Lite: a beanie that balances weight, durability and price. Moss Green. Retail-ready packaging.",14,32,Beanie,Moss Green,Moss Green,pcs,6,6,0.025,true,,2022-01-28
2719,BAL-ACC-0045,6402026027193,Baltic Pallas Lite Beanie Ruby Red,The Pallas Lite beanie by Baltic. Ruby Red. Popular with rental outfitters and clubs.,14,32,Beanie,Ruby Red,Ruby Red,pcs,6,6,0.149,true,,2023-05-09
2720,BAL-ACC-0046,6402026027209,Baltic Pallas Lite Beanie Sand,"Baltic Pallas Lite Beanie for accessories & maintenance. Sand. Built for Nordic conditions, season after season.",14,32,Beanie,Sand,Sand,pcs,1,1,0.061,true,,2025-05-16
2721,BAL-ACC-0047,6402026027216,Baltic Pallas Lite Beanie Graphite,Reliable beanie from Baltic's Pallas Lite range. Graphite. A wholesale staple for outdoor retailers.,14,32,Beanie,Graphite,Graphite,pcs,12,12,0.140,true,,2021-10-22
2722,BAL-ACC-0048,6402026027223,Baltic Senja Eco Neck Gaiter Sand,"Baltic Senja Eco: a neck gaiter that balances weight, durability and price. Sand. Retail-ready packaging.",14,32,Neck Gaiter,Sand,Sand,pcs,1,1,0.077,true,,2023-05-14
2723,BAL-ACC-0049,6402026027230,Baltic Senja Eco Neck Gaiter Graphite,The Senja Eco neck gaiter by Baltic. Graphite. Popular with rental outfitters and clubs.,14,32,Neck Gaiter,Graphite,Graphite,pcs,1,1,0.017,true,,2020-01-04
2724,BAL-ACC-0050,6402026027247,Baltic Senja Eco Neck Gaiter Burnt Orange,"Baltic Senja Eco Neck Gaiter for accessories & maintenance. Burnt Orange. Built for Nordic conditions, season after season.",14,32,Neck Gaiter,Burnt Orange,Burnt Orange,pcs,6,6,0.048,true,,2023-09-26
2725,BAL-ACC-0051,6402026027254,Baltic Åreskutan XT Repair Kit,Reliable repair kit from Baltic's Åreskutan XT range. A wholesale staple for outdoor retailers.,14,32,Repair Kit,,,pcs,1,1,0.162,true,,2019-07-18
2726,BAL-ACC-0052,6402026027261,Baltic Polar WP Beanie Black,"Baltic Polar WP: a beanie that balances weight, durability and price. Black. Retail-ready packaging.",14,32,Beanie,Black,Black,pcs,1,1,0.143,true,,2023-12-14
2727,BAL-RUN-0001,6402026027278,Baltic Kebne Eco Trail Gaiters L Ruby Red,The Kebne Eco trail gaiters by Baltic. L / Ruby Red. Popular with rental outfitters and clubs.,13,32,Trail Gaiters,L,Ruby Red,pcs,12,12,0.016,true,,2019-04-29
2728,BAL-RUN-0002,6402026027285,Baltic Fjord Eco Running Socks XS Slate Grey,"Baltic Fjord Eco Running Socks for trail running. XS / Slate Grey. Built for Nordic conditions, season after season.",13,32,Running Socks,XS,Slate Grey,pcs,1,1,0.097,true,,2023-10-20
2729,BAL-RUN-0003,6402026027292,Baltic Fjord Eco Running Socks M Slate Grey,Reliable running socks from Baltic's Fjord Eco range. M / Slate Grey. A wholesale staple for outdoor retailers.,13,32,Running Socks,M,Slate Grey,pcs,1,1,0.118,true,,2022-10-06
2730,BAL-RUN-0004,6402026027308,Baltic Fjord Eco Running Socks L Slate Grey,"Baltic Fjord Eco: a running socks that balances weight, durability and price. L / Slate Grey. Retail-ready packaging.",13,32,Running Socks,L,Slate Grey,pcs,1,1,0.101,true,,2020-11-27
2731,BAL-RUN-0005,6402026027315,Baltic Arctic Pro Running Socks S Ochre,The Arctic Pro running socks by Baltic. S / Ochre. Popular with rental outfitters and clubs.,13,32,Running Socks,S,Ochre,pcs,1,1,0.076,true,,2021-02-27
2732,BAL-RUN-0006,6402026027322,Baltic Arctic Pro Running Socks L Ochre,"Baltic Arctic Pro Running Socks for trail running. L / Ochre. Built for Nordic conditions, season after season.",13,32,Running Socks,L,Ochre,pcs,1,1,0.067,true,,2024-03-28
2733,BAL-RUN-0007,6402026027339,Baltic Arctic Pro Running Socks XXL Ochre,Reliable running socks from Baltic's Arctic Pro range. XXL / Ochre. A wholesale staple for outdoor retailers.,13,32,Running Socks,XXL,Ochre,pcs,12,12,0.101,true,,2023-03-21
2734,BAL-RUN-0008,6402026027346,Baltic Saana Soft Flask,"Baltic Saana: a soft flask that balances weight, durability and price. Retail-ready packaging.",13,32,Soft Flask,,,pcs,1,1,0.029,true,,2020-07-10
2735,BAL-RUN-0009,6402026027353,Baltic Storm Lite Trail Cap Forest,The Storm Lite trail cap by Baltic. Forest. Popular with rental outfitters and clubs.,13,32,Trail Cap,Forest,Forest,pcs,1,1,0.091,true,,2024-10-02
2736,BAL-RUN-0010,6402026027360,Baltic Storm Lite Trail Cap Sunset Yellow,"Baltic Storm Lite Trail Cap for trail running. Sunset Yellow. Built for Nordic conditions, season after season.",13,32,Trail Cap,Sunset Yellow,Sunset Yellow,pcs,6,6,0.100,true,,2019-01-19
2737,BAL-RUN-0011,6402026027377,Baltic Storm Lite Trail Cap Graphite,Reliable trail cap from Baltic's Storm Lite range. Graphite. A wholesale staple for outdoor retailers.,13,32,Trail Cap,Graphite,Graphite,pcs,12,12,0.125,true,,2023-01-04
2738,BAL-RUN-0012,6402026027384,Baltic Tundra Trail Gaiters XL Forest,"Baltic Tundra: a trail gaiters that balances weight, durability and price. XL / Forest. Retail-ready packaging.",13,32,Trail Gaiters,XL,Forest,pcs,1,1,0.054,true,,2019-06-13
2739,BAL-RUN-0013,6402026027391,Baltic Tundra Trail Gaiters XS Forest,The Tundra trail gaiters by Baltic. XS / Forest. Popular with rental outfitters and clubs.,13,32,Trail Gaiters,XS,Forest,pcs,1,1,0.017,true,,2023-06-24
2740,BAL-RUN-0014,6402026027407,Baltic Kaamos Trail Gaiters L Petrol,"Baltic Kaamos Trail Gaiters for trail running. L / Petrol. Built for Nordic conditions, season after season.",13,32,Trail Gaiters,L,Petrol,pcs,1,1,0.076,true,,2023-04-21
2741,BAL-RUN-0015,6402026027414,Baltic Kaamos Trail Gaiters S Petrol,Reliable trail gaiters from Baltic's Kaamos range. S / Petrol. A wholesale staple for outdoor retailers.,13,32,Trail Gaiters,S,Petrol,pcs,1,1,0.117,false,2022-09-20,2020-10-10
2742,BAL-RUN-0016,6402026027421,Baltic Kaamos Trail Gaiters XS Petrol,"Baltic Kaamos: a trail gaiters that balances weight, durability and price. XS / Petrol. Retail-ready packaging.",13,32,Trail Gaiters,XS,Petrol,pcs,6,6,0.091,true,,2024-02-25
2743,BAL-RUN-0017,6402026027438,Baltic Kaamos Trail Gaiters M Petrol,The Kaamos trail gaiters by Baltic. M / Petrol. Popular with rental outfitters and clubs.,13,32,Trail Gaiters,M,Petrol,pcs,1,1,0.053,true,,2019-07-15
2744,BAL-RUN-0018,6402026027445,Baltic Trail Running Vest 8L Midnight Blue,"Baltic Trail Running Vest for trail running. 8L / Midnight Blue. Built for Nordic conditions, season after season.",13,32,Running Vest,8L,Midnight Blue,pcs,1,1,0.141,true,,2023-04-18
2745,BAL-RUN-0019,6402026027452,Baltic Varanger Lite Running Vest 22L Sand,Reliable running vest from Baltic's Varanger Lite range. 22L / Sand. A wholesale staple for outdoor retailers.,13,32,Running Vest,22L,Sand,pcs,1,1,0.390,true,,2023-01-22
2746,BAL-RUN-0020,6402026027469,Baltic Åreskutan WP Trail Cap Black,"Baltic Åreskutan WP: a trail cap that balances weight, durability and price. Black. Retail-ready packaging.",13,32,Trail Cap,Black,Black,pcs,1,1,0.021,true,,2019-06-17
2747,BAL-RUN-0021,6402026027476,Baltic Åreskutan WP Trail Cap Forest,The Åreskutan WP trail cap by Baltic. Forest. Popular with rental outfitters and clubs.,13,32,Trail Cap,Forest,Forest,pcs,12,12,0.129,true,,2023-07-10
2748,BAL-RUN-0022,6402026027483,Baltic Åreskutan WP Trail Cap Deep Teal,"Baltic Åreskutan WP Trail Cap for trail running. Deep Teal. Built for Nordic conditions, season after season.",13,32,Trail Cap,Deep Teal,Deep Teal,pcs,12,12,0.045,true,,2019-07-28
2749,BAL-RUN-0023,6402026027490,Baltic Åreskutan WP Trail Cap Moss Green,Reliable trail cap from Baltic's Åreskutan WP range. Moss Green. A wholesale staple for outdoor retailers.,13,32,Trail Cap,Moss Green,Moss Green,pcs,1,1,0.051,false,2021-10-08,2021-02-08
2750,BAL-RUN-0024,6402026027506,Baltic Nordkapp XT Trail Cap Sand,"Baltic Nordkapp XT: a trail cap that balances weight, durability and price. Sand. Retail-ready packaging.",13,32,Trail Cap,Sand,Sand,pcs,6,6,0.064,true,,2019-12-21
2751,BAL-RUN-0025,6402026027513,Baltic Nordkapp XT Trail Cap Graphite,The Nordkapp XT trail cap by Baltic. Graphite. Popular with rental outfitters and clubs.,13,32,Trail Cap,Graphite,Graphite,pcs,1,1,0.074,true,,2025-09-06
2752,BAL-RUN-0026,6402026027520,Baltic Nordkapp XT Trail Cap Burnt Orange,"Baltic Nordkapp XT Trail Cap for trail running. Burnt Orange. Built for Nordic conditions, season after season.",13,32,Trail Cap,Burnt Orange,Burnt Orange,pcs,1,1,0.031,true,,2026-01-25
2753,BAL-RUN-0027,6402026027537,Baltic Nordkapp XT Trail Cap Deep Teal,Reliable trail cap from Baltic's Nordkapp XT range. Deep Teal. A wholesale staple for outdoor retailers.,13,32,Trail Cap,Deep Teal,Deep Teal,pcs,12,12,0.054,false,2023-08-25,2022-03-18
2754,BAL-RUN-0028,6402026027544,Baltic Snøhetta Trail Cap Forest,"Baltic Snøhetta: a trail cap that balances weight, durability and price. Forest. Retail-ready packaging.",13,32,Trail Cap,Forest,Forest,pcs,1,1,0.112,true,,2021-11-28
2755,BAL-RUN-0029,6402026027551,Baltic Alpine Plus Trail Gaiters XL Slate Grey,The Alpine Plus trail gaiters by Baltic. XL / Slate Grey. Popular with rental outfitters and clubs.,13,32,Trail Gaiters,XL,Slate Grey,pcs,1,1,0.089,true,,2025-03-11
2756,BAL-RUN-0030,6402026027568,Baltic Alpine Plus Trail Gaiters XXL Slate Grey,"Baltic Alpine Plus Trail Gaiters for trail running. XXL / Slate Grey. Built for Nordic conditions, season after season.",13,32,Trail Gaiters,XXL,Slate Grey,pcs,6,6,0.067,true,,2024-12-06
2757,BAL-RUN-0031,6402026027575,Baltic Alpine Plus Trail Gaiters S Slate Grey,Reliable trail gaiters from Baltic's Alpine Plus range. S / Slate Grey. A wholesale staple for outdoor retailers.,13,32,Trail Gaiters,S,Slate Grey,pcs,6,6,0.017,true,,2020-06-02
2758,BAL-RUN-0032,6402026027582,Baltic Abisko Lite Running Socks XXL Black,"Baltic Abisko Lite: a running socks that balances weight, durability and price. XXL / Black. Retail-ready packaging.",13,32,Running Socks,XXL,Black,pcs,1,1,0.096,true,,2020-01-26
2759,BAL-RUN-0033,6402026027599,Baltic Abisko Lite Running Socks XS Black,The Abisko Lite running socks by Baltic. XS / Black. Popular with rental outfitters and clubs.,13,32,Running Socks,XS,Black,pcs,1,1,0.019,true,,2023-01-22
2760,BAL-BAS-0001,6402026027605,Baltic Rondane XT Merino Base Layer Top S Black,"Baltic Rondane XT Merino Base Layer Top for base & mid layers. S / Black. Built for Nordic conditions, season after season.",6,32,Merino Base Layer Top,S,Black,pcs,1,1,0.297,true,,2019-05-25
2761,BAL-BAS-0002,6402026027612,Baltic Rondane XT Merino Base Layer Top XL Black,Reliable merino base layer top from Baltic's Rondane XT range. XL / Black. A wholesale staple for outdoor retailers.,6,32,Merino Base Layer Top,XL,Black,pcs,6,6,0.282,true,,2022-08-27
2762,BAL-BAS-0003,6402026027629,Baltic Rondane XT Merino Base Layer Top L Black,"Baltic Rondane XT: a merino base layer top that balances weight, durability and price. L / Black. Retail-ready packaging.",6,32,Merino Base Layer Top,L,Black,pcs,1,1,0.206,true,,2024-03-15
2763,BAL-BAS-0004,6402026027636,Baltic Rondane XT Merino Base Layer Top M Black,The Rondane XT merino base layer top by Baltic. M / Black. Popular with rental outfitters and clubs.,6,32,Merino Base Layer Top,M,Black,pcs,1,1,0.227,true,,2020-09-03
2764,BAL-BAS-0005,6402026027643,Baltic Trail WP Hiking Shorts XXL Deep Teal,"Baltic Trail WP Hiking Shorts for base & mid layers. XXL / Deep Teal. Built for Nordic conditions, season after season.",6,32,Hiking Shorts,XXL,Deep Teal,pcs,1,1,0.135,true,,2022-03-19
2765,BAL-BAS-0006,6402026027650,Baltic Trail WP Hiking Shorts XL Deep Teal,Reliable hiking shorts from Baltic's Trail WP range. XL / Deep Teal. A wholesale staple for outdoor retailers.,6,32,Hiking Shorts,XL,Deep Teal,pcs,6,6,0.283,false,2023-12-29,2023-05-14
2766,BAL-BAS-0007,6402026027667,Baltic Trail WP Hiking Shorts M Deep Teal,"Baltic Trail WP: a hiking shorts that balances weight, durability and price. M / Deep Teal. Retail-ready packaging.",6,32,Hiking Shorts,M,Deep Teal,pcs,1,1,0.146,true,,2022-09-30
2767,BAL-BAS-0008,6402026027674,Baltic Pallas II Hiking Socks 2-pack S Ochre,The Pallas II hiking socks 2-pack by Baltic. S / Ochre. Popular with rental outfitters and clubs.,6,32,Hiking Socks 2-pack,S,Ochre,pcs,6,6,0.139,true,,2024-07-19
2768,BAL-BAS-0009,6402026027681,Baltic Pallas II Hiking Socks 2-pack XL Ochre,"Baltic Pallas II Hiking Socks 2-pack for base & mid layers. XL / Ochre. Built for Nordic conditions, season after season.",6,32,Hiking Socks 2-pack,XL,Ochre,pcs,12,12,0.080,true,,2025-09-27
2769,BAL-BAS-0010,6402026027698,Baltic Pallas II Hiking Socks 2-pack XXL Ochre,Reliable hiking socks 2-pack from Baltic's Pallas II range. XXL / Ochre. A wholesale staple for outdoor retailers.,6,32,Hiking Socks 2-pack,XXL,Ochre,pcs,6,6,0.076,true,,2020-05-13
2770,BAL-BAS-0011,6402026027704,Baltic Inari Pro Merino Base Layer Top S Sunset Yellow,"Baltic Inari Pro: a merino base layer top that balances weight, durability and price. S / Sunset Yellow. Retail-ready packaging.",6,32,Merino Base Layer Top,S,Sunset Yellow,pcs,1,1,0.155,true,,2019-05-03
2771,BAL-BAS-0012,6402026027711,Baltic Inari Pro Merino Base Layer Top XXL Sunset Yellow,The Inari Pro merino base layer top by Baltic. XXL / Sunset Yellow. Popular with rental outfitters and clubs.,6,32,Merino Base Layer Top,XXL,Sunset Yellow,pcs,1,1,0.167,true,,2022-10-06
2772,BAL-BAS-0013,6402026027728,Baltic Inari Pro Merino Base Layer Top XL Sunset Yellow,"Baltic Inari Pro Merino Base Layer Top for base & mid layers. XL / Sunset Yellow. Built for Nordic conditions, season after season.",6,32,Merino Base Layer Top,XL,Sunset Yellow,pcs,12,12,0.285,true,,2025-02-15
2773,BAL-BAS-0014,6402026027735,Baltic Snøhetta Hiking Socks 2-pack XS Burnt Orange,Reliable hiking socks 2-pack from Baltic's Snøhetta range. XS / Burnt Orange. A wholesale staple for outdoor retailers.,6,32,Hiking Socks 2-pack,XS,Burnt Orange,pcs,12,12,0.083,true,,2026-04-04
2774,BAL-BAS-0015,6402026027742,Baltic Snøhetta Hiking Socks 2-pack XL Burnt Orange,"Baltic Snøhetta: a hiking socks 2-pack that balances weight, durability and price. XL / Burnt Orange. Retail-ready packaging.",6,32,Hiking Socks 2-pack,XL,Burnt Orange,pcs,12,12,0.139,true,,2024-11-13
2775,BAL-BAS-0016,6402026027759,Baltic Snøhetta Hiking Socks 2-pack XXL Burnt Orange,The Snøhetta hiking socks 2-pack by Baltic. XXL / Burnt Orange. Popular with rental outfitters and clubs.,6,32,Hiking Socks 2-pack,XXL,Burnt Orange,pcs,6,6,0.138,false,2022-07-21,2019-03-10
2776,BAL-BAS-0017,6402026027766,Baltic Ridge Plus Hiking Trousers M Moss Green,"Baltic Ridge Plus Hiking Trousers for base & mid layers. M / Moss Green. Built for Nordic conditions, season after season.",6,32,Hiking Trousers,M,Moss Green,pcs,1,1,0.211,true,,2025-04-29
2777,BAL-BAS-0018,6402026027773,Baltic Ridge Plus Hiking Trousers L Moss Green,Reliable hiking trousers from Baltic's Ridge Plus range. L / Moss Green. A wholesale staple for outdoor retailers.,6,32,Hiking Trousers,L,Moss Green,pcs,6,6,0.463,true,,2020-04-13
2778,BAL-BAS-0019,6402026027780,Baltic Ridge Plus Hiking Trousers XXL Moss Green,"Baltic Ridge Plus: a hiking trousers that balances weight, durability and price. XXL / Moss Green. Retail-ready packaging.",6,32,Hiking Trousers,XXL,Moss Green,pcs,1,1,0.537,true,,2025-07-20
2779,BAL-BAS-0020,6402026027797,Baltic Ridge Plus Hiking Trousers S Moss Green,The Ridge Plus hiking trousers by Baltic. S / Moss Green. Popular with rental outfitters and clubs.,6,32,Hiking Trousers,S,Moss Green,pcs,1,1,0.435,true,,2023-09-13
2780,BAL-BAS-0021,6402026027803,Baltic Fjord Lite Hiking Trousers M Ruby Red,"Baltic Fjord Lite Hiking Trousers for base & mid layers. M / Ruby Red. Built for Nordic conditions, season after season.",6,32,Hiking Trousers,M,Ruby Red,pcs,1,1,0.152,true,,2022-12-21
2781,BAL-BAS-0022,6402026027810,Baltic Kebne WP Fleece Jacket XS Moss Green,Reliable fleece jacket from Baltic's Kebne WP range. XS / Moss Green. A wholesale staple for outdoor retailers.,6,32,Fleece Jacket,XS,Moss Green,pcs,12,12,0.360,true,,2025-04-21
2782,BAL-BAS-0023,6402026027827,Baltic Kebne WP Fleece Jacket XXL Moss Green,"Baltic Kebne WP: a fleece jacket that balances weight, durability and price. XXL / Moss Green. Retail-ready packaging.",6,32,Fleece Jacket,XXL,Moss Green,pcs,12,12,0.189,true,,2019-01-17
2783,BAL-BAS-0024,6402026027834,Baltic Kebne WP Fleece Jacket L Moss Green,The Kebne WP fleece jacket by Baltic. L / Moss Green. Popular with rental outfitters and clubs.,6,32,Fleece Jacket,L,Moss Green,pcs,6,6,0.139,true,,2020-04-26
2784,BAL-BAS-0025,6402026027841,Baltic Fjell 2.0 Fleece Jacket XXL Black,"Baltic Fjell 2.0 Fleece Jacket for base & mid layers. XXL / Black. Built for Nordic conditions, season after season.",6,32,Fleece Jacket,XXL,Black,pcs,1,1,0.314,true,,2025-03-17
2785,BAL-BAS-0026,6402026027858,Baltic Boreal Pro Hiking Trousers M Burnt Orange,Reliable hiking trousers from Baltic's Boreal Pro range. M / Burnt Orange. A wholesale staple for outdoor retailers.,6,32,Hiking Trousers,M,Burnt Orange,pcs,6,6,0.213,true,,2022-08-01
2786,BAL-BAS-0027,6402026027865,Baltic Boreal Pro Hiking Trousers S Burnt Orange,"Baltic Boreal Pro: a hiking trousers that balances weight, durability and price. S / Burnt Orange. Retail-ready packaging.",6,32,Hiking Trousers,S,Burnt Orange,pcs,12,12,0.363,true,,2021-05-31
2787,BAL-BAS-0028,6402026027872,Baltic Boreal Pro Hiking Trousers L Burnt Orange,The Boreal Pro hiking trousers by Baltic. L / Burnt Orange. Popular with rental outfitters and clubs.,6,32,Hiking Trousers,L,Burnt Orange,pcs,1,1,0.139,true,,2025-08-09
2788,BAL-BAS-0029,6402026027889,Baltic Vuori XT Hiking Trousers XS Lichen,"Baltic Vuori XT Hiking Trousers for base & mid layers. XS / Lichen. Built for Nordic conditions, season after season.",6,32,Hiking Trousers,XS,Lichen,pcs,6,6,0.291,true,,2025-05-24
2789,BAL-BAS-0030,6402026027896,Baltic Vidda WP Hiking Shorts XL Sunset Yellow,Reliable hiking shorts from Baltic's Vidda WP range. XL / Sunset Yellow. A wholesale staple for outdoor retailers.,6,32,Hiking Shorts,XL,Sunset Yellow,pcs,1,1,0.141,false,2022-08-12,2021-09-27
2790,BAL-BAS-0031,6402026027902,Baltic Vidda WP Hiking Shorts L Sunset Yellow,"Baltic Vidda WP: a hiking shorts that balances weight, durability and price. L / Sunset Yellow. Retail-ready packaging.",6,32,Hiking Shorts,L,Sunset Yellow,pcs,1,1,0.076,true,,2025-06-24
2791,BAL-BAS-0032,6402026027919,Baltic Vidda WP Hiking Shorts XS Sunset Yellow,The Vidda WP hiking shorts by Baltic. XS / Sunset Yellow. Popular with rental outfitters and clubs.,6,32,Hiking Shorts,XS,Sunset Yellow,pcs,1,1,0.272,true,,2025-11-10
2792,BAL-BAS-0033,6402026027926,Baltic Elv Hiking Socks 2-pack M Ochre,"Baltic Elv Hiking Socks 2-pack for base & mid layers. M / Ochre. Built for Nordic conditions, season after season.",6,32,Hiking Socks 2-pack,M,Ochre,pcs,6,6,0.050,true,,2023-03-18
2793,BAL-BAS-0034,6402026027933,Baltic Elv Hiking Socks 2-pack XL Ochre,Reliable hiking socks 2-pack from Baltic's Elv range. XL / Ochre. A wholesale staple for outdoor retailers.,6,32,Hiking Socks 2-pack,XL,Ochre,pcs,6,6,0.170,true,,2021-01-28
2794,BAL-BAS-0035,6402026027940,Baltic Elv Hiking Socks 2-pack S Ochre,"Baltic Elv: a hiking socks 2-pack that balances weight, durability and price. S / Ochre. Retail-ready packaging.",6,32,Hiking Socks 2-pack,S,Ochre,pcs,1,1,0.133,true,,2024-06-01
2795,BAL-BAS-0036,6402026027957,Baltic Elv Hiking Socks 2-pack XXL Ochre,The Elv hiking socks 2-pack by Baltic. XXL / Ochre. Popular with rental outfitters and clubs.,6,32,Hiking Socks 2-pack,XXL,Ochre,pcs,6,6,0.058,true,,2021-07-27
2796,BAL-BAS-0037,6402026027964,Baltic Nordkapp 2.0 Hiking Socks 2-pack XL Forest,"Baltic Nordkapp 2.0 Hiking Socks 2-pack for base & mid layers. XL / Forest. Built for Nordic conditions, season after season.",6,32,Hiking Socks 2-pack,XL,Forest,pcs,1,1,0.057,true,,2020-07-28
2797,BAL-BAS-0038,6402026027971,Baltic Nordkapp 2.0 Hiking Socks 2-pack L Forest,Reliable hiking socks 2-pack from Baltic's Nordkapp 2.0 range. L / Forest. A wholesale staple for outdoor retailers.,6,32,Hiking Socks 2-pack,L,Forest,pcs,1,1,0.050,true,,2019-11-29
2798,BAL-BAS-0039,6402026027988,Baltic Nordkapp 2.0 Hiking Socks 2-pack S Forest,"Baltic Nordkapp 2.0: a hiking socks 2-pack that balances weight, durability and price. S / Forest. Retail-ready packaging.",6,32,Hiking Socks 2-pack,S,Forest,pcs,6,6,0.061,true,,2020-02-21
2799,BAL-BAS-0040,6402026027995,Baltic Nordkapp 2.0 Hiking Socks 2-pack XXL Forest,The Nordkapp 2.0 hiking socks 2-pack by Baltic. XXL / Forest. Popular with rental outfitters and clubs.,6,32,Hiking Socks 2-pack,XXL,Forest,pcs,1,1,0.046,true,,2019-08-12
2800,BAL-BAS-0041,6402026028008,Baltic Nordkapp 2.0 Hiking Socks 2-pack XS Forest,"Baltic Nordkapp 2.0 Hiking Socks 2-pack for base & mid layers. XS / Forest. Built for Nordic conditions, season after season.",6,32,Hiking Socks 2-pack,XS,Forest,pcs,12,12,0.138,true,,2023-09-22
2801,BAL-BAS-0042,6402026028015,Baltic Ruska XT Fleece Jacket XS Moss Green,Reliable fleece jacket from Baltic's Ruska XT range. XS / Moss Green. A wholesale staple for outdoor retailers.,6,32,Fleece Jacket,XS,Moss Green,pcs,6,6,0.360,false,2023-03-10,2019-11-06
2802,BAL-BAS-0043,6402026028022,Baltic Tuuli WP Fleece Jacket L Black,"Baltic Tuuli WP: a fleece jacket that balances weight, durability and price. L / Black. Retail-ready packaging.",6,32,Fleece Jacket,L,Black,pcs,1,1,0.392,true,,2019-08-19
2803,BAL-BAS-0044,6402026028039,Baltic Tuuli WP Fleece Jacket M Black,The Tuuli WP fleece jacket by Baltic. M / Black. Popular with rental outfitters and clubs.,6,32,Fleece Jacket,M,Black,pcs,1,1,0.317,true,,2019-02-04
2804,BAL-BAS-0045,6402026028046,Baltic Kallio Merino Base Layer Bottom M Midnight Blue,"Baltic Kallio Merino Base Layer Bottom for base & mid layers. M / Midnight Blue. Built for Nordic conditions, season after season.",6,32,Merino Base Layer Bottom,M,Midnight Blue,pcs,6,6,0.273,true,,2021-06-09
2805,BAL-BAS-0046,6402026028053,Baltic Tind II Merino Base Layer Top S Forest,Reliable merino base layer top from Baltic's Tind II range. S / Forest. A wholesale staple for outdoor retailers.,6,32,Merino Base Layer Top,S,Forest,pcs,1,1,0.191,true,,2024-10-27
2806,BAL-BAS-0047,6402026028060,Baltic Tind II Merino Base Layer Top XXL Forest,"Baltic Tind II: a merino base layer top that balances weight, durability and price. XXL / Forest. Retail-ready packaging.",6,32,Merino Base Layer Top,XXL,Forest,pcs,12,12,0.363,true,,2021-04-03
2807,BAL-BAS-0048,6402026028077,Baltic Tind II Merino Base Layer Top M Forest,The Tind II merino base layer top by Baltic. M / Forest. Popular with rental outfitters and clubs.,6,32,Merino Base Layer Top,M,Forest,pcs,1,1,0.147,true,,2025-01-24
2808,BAL-BAS-0049,6402026028084,Baltic Tind II Merino Base Layer Top XL Forest,"Baltic Tind II Merino Base Layer Top for base & mid layers. XL / Forest. Built for Nordic conditions, season after season.",6,32,Merino Base Layer Top,XL,Forest,pcs,1,1,0.140,true,,2024-03-07
2809,BAL-BAS-0050,6402026028091,Baltic Nordic Merino Base Layer Top XL Slate Grey,Reliable merino base layer top from Baltic's Nordic range. XL / Slate Grey. A wholesale staple for outdoor retailers.,6,32,Merino Base Layer Top,XL,Slate Grey,pcs,6,6,0.194,true,,2022-06-03
2810,BAL-BAS-0051,6402026028107,Baltic Nordic Merino Base Layer Top L Slate Grey,"Baltic Nordic: a merino base layer top that balances weight, durability and price. L / Slate Grey. Retail-ready packaging.",6,32,Merino Base Layer Top,L,Slate Grey,pcs,6,6,0.328,true,,2023-11-23
2811,BAL-BAS-0052,6402026028114,Baltic Nordic Merino Base Layer Top XS Slate Grey,The Nordic merino base layer top by Baltic. XS / Slate Grey. Popular with rental outfitters and clubs.,6,32,Merino Base Layer Top,XS,Slate Grey,pcs,1,1,0.391,true,,2025-05-30
2812,BAL-BAS-0053,6402026028121,Baltic Nordic Merino Base Layer Top M Slate Grey,"Baltic Nordic Merino Base Layer Top for base & mid layers. M / Slate Grey. Built for Nordic conditions, season after season.",6,32,Merino Base Layer Top,M,Slate Grey,pcs,1,1,0.375,true,,2020-09-29
2813,BAL-BAS-0054,6402026028138,Baltic Nordic Merino Base Layer Top XXL Slate Grey,Reliable merino base layer top from Baltic's Nordic range. XXL / Slate Grey. A wholesale staple for outdoor retailers.,6,32,Merino Base Layer Top,XXL,Slate Grey,pcs,1,1,0.328,true,,2025-08-29
2814,BAL-BAS-0055,6402026028145,Baltic Vuori Merino Base Layer Bottom M Sunset Yellow,"Baltic Vuori: a merino base layer bottom that balances weight, durability and price. M / Sunset Yellow. Retail-ready packaging.",6,32,Merino Base Layer Bottom,M,Sunset Yellow,pcs,1,1,0.202,true,,2025-01-24
2815,BAL-BAS-0056,6402026028152,Baltic Vuori Merino Base Layer Bottom S Sunset Yellow,The Vuori merino base layer bottom by Baltic. S / Sunset Yellow. Popular with rental outfitters and clubs.,6,32,Merino Base Layer Bottom,S,Sunset Yellow,pcs,1,1,0.321,true,,2019-10-16
2816,ORE-CYC-0001,6402026028169,Øresund Kebnekaise WP Handlebar Roll Midnight Blue,"Øresund Kebnekaise WP Handlebar Roll for cycling & bikepacking. Midnight Blue. Built for Nordic conditions, season after season.",12,33,Handlebar Roll,Midnight Blue,Midnight Blue,pcs,12,12,0.594,true,,2022-02-16
2817,ORE-CYC-0002,6402026028176,Øresund Kebnekaise WP Handlebar Roll Lichen,Reliable handlebar roll from Øresund's Kebnekaise WP range. Lichen. A wholesale staple for outdoor retailers.,12,33,Handlebar Roll,Lichen,Lichen,pcs,1,1,0.714,true,,2022-02-17
2818,ORE-CYC-0003,6402026028183,Øresund Kebnekaise WP Handlebar Roll Petrol,"Øresund Kebnekaise WP: a handlebar roll that balances weight, durability and price. Petrol. Retail-ready packaging.",12,33,Handlebar Roll,Petrol,Petrol,pcs,1,1,0.536,true,,2022-01-13
2819,ORE-CYC-0004,6402026028190,Øresund Kebnekaise WP Handlebar Roll Arctic White,The Kebnekaise WP handlebar roll by Øresund. Arctic White. Popular with rental outfitters and clubs.,12,33,Handlebar Roll,Arctic White,Arctic White,pcs,1,1,0.173,true,,2024-06-01
2820,ORE-CYC-0005,6402026028206,Øresund Ruska Pro Saddle Bag 12L Burnt Orange,"Øresund Ruska Pro Saddle Bag for cycling & bikepacking. 12L / Burnt Orange. Built for Nordic conditions, season after season.",12,33,Saddle Bag,12L,Burnt Orange,pcs,1,1,0.204,true,,2021-01-11
2821,ORE-CYC-0006,6402026028213,Øresund Ruska Pro Saddle Bag 18L Burnt Orange,Reliable saddle bag from Øresund's Ruska Pro range. 18L / Burnt Orange. A wholesale staple for outdoor retailers.,12,33,Saddle Bag,18L,Burnt Orange,pcs,6,6,0.530,true,,2020-02-17
2822,ORE-CYC-0007,6402026028220,Øresund Ylläs Pro Bike Helmet L Arctic White,"Øresund Ylläs Pro: a bike helmet that balances weight, durability and price. L / Arctic White. Retail-ready packaging.",12,33,Bike Helmet,L,Arctic White,pcs,1,1,0.299,true,,2019-06-28
2823,ORE-CYC-0008,6402026028237,Øresund Ylläs Pro Bike Helmet XS Arctic White,The Ylläs Pro bike helmet by Øresund. XS / Arctic White. Popular with rental outfitters and clubs.,12,33,Bike Helmet,XS,Arctic White,pcs,1,1,0.347,true,,2023-09-09
2824,ORE-CYC-0009,6402026028244,Øresund Snøhetta Pro Handlebar Roll Slate Grey,"Øresund Snøhetta Pro Handlebar Roll for cycling & bikepacking. Slate Grey. Built for Nordic conditions, season after season.",12,33,Handlebar Roll,Slate Grey,Slate Grey,pcs,1,1,0.507,true,,2025-05-16
2825,ORE-CYC-0010,6402026028251,Øresund Bre XT Bike Light Set,Reliable bike light set from Øresund's Bre XT range. A wholesale staple for outdoor retailers.,12,33,Bike Light Set,,,pcs,1,1,0.044,true,,2019-10-13
2826,ORE-CYC-0011,6402026028268,Øresund Vidda WP Pannier Pair 8L Sand,"Øresund Vidda WP: a pannier pair that balances weight, durability and price. 8L / Sand. Retail-ready packaging.",12,33,Pannier Pair,8L,Sand,pcs,1,1,1.281,true,,2020-07-27
2827,ORE-CYC-0012,6402026028275,Øresund Vidda WP Pannier Pair 22L Sand,The Vidda WP pannier pair by Øresund. 22L / Sand. Popular with rental outfitters and clubs.,12,33,Pannier Pair,22L,Sand,pcs,6,6,0.958,true,,2024-07-25
2828,ORE-CYC-0013,6402026028282,Øresund Vidda WP Pannier Pair 18L Sand,"Øresund Vidda WP Pannier Pair for cycling & bikepacking. 18L / Sand. Built for Nordic conditions, season after season.",12,33,Pannier Pair,18L,Sand,pcs,12,12,0.244,true,,2022-07-06
2829,ORE-CYC-0014,6402026028299,Øresund Arctic Plus Bike Light Set,Reliable bike light set from Øresund's Arctic Plus range. A wholesale staple for outdoor retailers.,12,33,Bike Light Set,,,pcs,12,12,0.237,true,,2024-02-22
2830,ORE-CYC-0015,6402026028305,Øresund Summit Plus Handlebar Roll Graphite,"Øresund Summit Plus: a handlebar roll that balances weight, durability and price. Graphite. Retail-ready packaging.",12,33,Handlebar Roll,Graphite,Graphite,pcs,1,1,0.078,true,,2020-08-08
2831,ORE-CYC-0016,6402026028312,Øresund Pallas WP Pannier Pair 12L Sand,The Pallas WP pannier pair by Øresund. 12L / Sand. Popular with rental outfitters and clubs.,12,33,Pannier Pair,12L,Sand,pcs,1,1,0.694,true,,2022-10-12
2832,ORE-CYC-0017,6402026028329,Øresund Pallas WP Pannier Pair 22L Sand,"Øresund Pallas WP Pannier Pair for cycling & bikepacking. 22L / Sand. Built for Nordic conditions, season after season.",12,33,Pannier Pair,22L,Sand,pcs,12,12,1.072,true,,2020-10-14
2833,ORE-CYC-0018,6402026028336,Øresund Pallas WP Pannier Pair 8L Sand,Reliable pannier pair from Øresund's Pallas WP range. 8L / Sand. A wholesale staple for outdoor retailers.,12,33,Pannier Pair,8L,Sand,pcs,1,1,0.491,true,,2021-01-04
2834,ORE-CYC-0019,6402026028343,Øresund Elv Plus Pannier Pair 28L Black,"Øresund Elv Plus: a pannier pair that balances weight, durability and price. 28L / Black. Retail-ready packaging.",12,33,Pannier Pair,28L,Black,pcs,1,1,0.865,true,,2024-11-05
2835,ORE-CYC-0020,6402026028350,Øresund Elv Plus Pannier Pair 22L Black,The Elv Plus pannier pair by Øresund. 22L / Black. Popular with rental outfitters and clubs.,12,33,Pannier Pair,22L,Black,pcs,1,1,0.362,true,,2021-01-04
2836,ORE-CYC-0021,6402026028367,Øresund Lyngen Plus Frame Bag 28L Slate Grey,"Øresund Lyngen Plus Frame Bag for cycling & bikepacking. 28L / Slate Grey. Built for Nordic conditions, season after season.",12,33,Frame Bag,28L,Slate Grey,pcs,1,1,0.870,true,,2020-07-31
2837,ORE-CYC-0022,6402026028374,Øresund Lyngen Plus Frame Bag 12L Slate Grey,Reliable frame bag from Øresund's Lyngen Plus range. 12L / Slate Grey. A wholesale staple for outdoor retailers.,12,33,Frame Bag,12L,Slate Grey,pcs,1,1,0.316,true,,2025-12-07
2838,ORE-CYC-0023,6402026028381,Øresund Lyngen Plus Frame Bag 22L Slate Grey,"Øresund Lyngen Plus: a frame bag that balances weight, durability and price. 22L / Slate Grey. Retail-ready packaging.",12,33,Frame Bag,22L,Slate Grey,pcs,1,1,0.140,true,,2026-02-25
2839,ORE-CYC-0024,6402026028398,Øresund Lyngen Plus Frame Bag 8L Slate Grey,The Lyngen Plus frame bag by Øresund. 8L / Slate Grey. Popular with rental outfitters and clubs.,12,33,Frame Bag,8L,Slate Grey,pcs,1,1,0.322,true,,2024-07-17
2840,ORE-CYC-0025,6402026028404,Øresund Fjord Bike Light Set,"Øresund Fjord Bike Light Set for cycling & bikepacking. Built for Nordic conditions, season after season.",12,33,Bike Light Set,,,pcs,6,6,0.445,true,,2020-05-06
2841,ORE-CYC-0026,6402026028411,Øresund Sarek Eco Frame Bag 12L Ruby Red,Reliable frame bag from Øresund's Sarek Eco range. 12L / Ruby Red. A wholesale staple for outdoor retailers.,12,33,Frame Bag,12L,Ruby Red,pcs,1,1,0.394,true,,2021-11-26
2842,ORE-CYC-0027,6402026028428,Øresund Nuten Lite Bike Helmet XXL Slate Grey,"Øresund Nuten Lite: a bike helmet that balances weight, durability and price. XXL / Slate Grey. Retail-ready packaging.",12,33,Bike Helmet,XXL,Slate Grey,pcs,1,1,0.993,false,2020-12-01,2020-04-06
2843,ORE-CYC-0028,6402026028435,Øresund Nuten Lite Bike Helmet XL Slate Grey,The Nuten Lite bike helmet by Øresund. XL / Slate Grey. Popular with rental outfitters and clubs.,12,33,Bike Helmet,XL,Slate Grey,pcs,1,1,0.721,true,,2020-03-29
2844,ORE-NAV-0001,6402026028442,Øresund Arctic II Camp Lantern Midnight Blue,"Øresund Arctic II Camp Lantern for navigation & electronics. Midnight Blue. Built for Nordic conditions, season after season.",9,33,Camp Lantern,Midnight Blue,Midnight Blue,pcs,1,1,0.069,true,,2020-06-16
2845,ORE-NAV-0002,6402026028459,Øresund Arctic II Camp Lantern Sand,Reliable camp lantern from Øresund's Arctic II range. Sand. A wholesale staple for outdoor retailers.,9,33,Camp Lantern,Sand,Sand,pcs,6,6,0.064,true,,2021-07-03
2846,ORE-NAV-0003,6402026028466,Øresund Arctic II Camp Lantern Forest,"Øresund Arctic II: a camp lantern that balances weight, durability and price. Forest. Retail-ready packaging.",9,33,Camp Lantern,Forest,Forest,pcs,1,1,0.121,true,,2024-10-25
2847,ORE-NAV-0004,6402026028473,Øresund Arctic II Camp Lantern Black,The Arctic II camp lantern by Øresund. Black. Popular with rental outfitters and clubs.,9,33,Camp Lantern,Black,Black,pcs,6,6,0.128,true,,2026-05-06
2848,ORE-NAV-0005,6402026028480,Øresund Arctic II Camp Lantern Slate Grey,"Øresund Arctic II Camp Lantern for navigation & electronics. Slate Grey. Built for Nordic conditions, season after season.",9,33,Camp Lantern,Slate Grey,Slate Grey,pcs,1,1,0.161,true,,2020-01-29
2849,ORE-NAV-0006,6402026028497,Øresund Skog Plus Satellite Messenger,Reliable satellite messenger from Øresund's Skog Plus range. A wholesale staple for outdoor retailers.,9,33,Satellite Messenger,,,pcs,1,1,0.355,true,,2022-04-24
2850,ORE-NAV-0007,6402026028503,Øresund Bre Satellite Messenger,"Øresund Bre: a satellite messenger that balances weight, durability and price. Retail-ready packaging.",9,33,Satellite Messenger,,,pcs,1,1,0.272,true,,2022-06-11
2851,ORE-NAV-0008,6402026028510,Øresund Ylläs Satellite Messenger,The Ylläs satellite messenger by Øresund. Popular with rental outfitters and clubs.,9,33,Satellite Messenger,,,pcs,1,1,0.319,true,,2019-07-21
2852,ORE-NAV-0009,6402026028527,Øresund Skog Eco Camp Lantern Ochre,"Øresund Skog Eco Camp Lantern for navigation & electronics. Ochre. Built for Nordic conditions, season after season.",9,33,Camp Lantern,Ochre,Ochre,pcs,1,1,0.179,true,,2021-08-31
2853,ORE-NAV-0010,6402026028534,Øresund Skog Eco Camp Lantern Sunset Yellow,Reliable camp lantern from Øresund's Skog Eco range. Sunset Yellow. A wholesale staple for outdoor retailers.,9,33,Camp Lantern,Sunset Yellow,Sunset Yellow,pcs,1,1,0.117,true,,2025-04-01
2854,ORE-NAV-0011,6402026028541,Øresund Skog Eco Camp Lantern Lichen,"Øresund Skog Eco: a camp lantern that balances weight, durability and price. Lichen. Retail-ready packaging.",9,33,Camp Lantern,Lichen,Lichen,pcs,6,6,0.125,true,,2023-11-12
2855,ORE-NAV-0012,6402026028558,Øresund Skog Eco Camp Lantern Sand,The Skog Eco camp lantern by Øresund. Sand. Popular with rental outfitters and clubs.,9,33,Camp Lantern,Sand,Sand,pcs,1,1,0.128,true,,2024-05-16
2856,ORE-NAV-0013,6402026028565,Øresund Skog Eco Camp Lantern Deep Teal,"Øresund Skog Eco Camp Lantern for navigation & electronics. Deep Teal. Built for Nordic conditions, season after season.",9,33,Camp Lantern,Deep Teal,Deep Teal,pcs,12,12,0.021,true,,2019-11-03
2857,ORE-NAV-0014,6402026028572,Øresund Inari WP Headlamp Petrol,Reliable headlamp from Øresund's Inari WP range. Petrol. A wholesale staple for outdoor retailers.,9,33,Headlamp,Petrol,Petrol,pcs,6,6,0.172,false,2022-02-11,2019-04-13
2858,ORE-NAV-0015,6402026028589,Øresund Inari WP Headlamp Burnt Orange,"Øresund Inari WP: a headlamp that balances weight, durability and price. Burnt Orange. Retail-ready packaging.",9,33,Headlamp,Burnt Orange,Burnt Orange,pcs,1,1,0.028,true,,2023-03-07
2859,ORE-NAV-0016,6402026028596,Øresund Tind Eco Satellite Messenger,The Tind Eco satellite messenger by Øresund. Popular with rental outfitters and clubs.,9,33,Satellite Messenger,,,pcs,1,1,0.498,true,,2019-07-22
2860,ORE-NAV-0017,6402026028602,Øresund Tind II Headlamp Sunset Yellow,"Øresund Tind II Headlamp for navigation & electronics. Sunset Yellow. Built for Nordic conditions, season after season.",9,33,Headlamp,Sunset Yellow,Sunset Yellow,pcs,1,1,0.154,true,,2020-11-20
2861,ORE-NAV-0018,6402026028619,Øresund Tundra WP Power Bank,Reliable power bank from Øresund's Tundra WP range. A wholesale staple for outdoor retailers.,9,33,Power Bank,,,pcs,1,1,0.096,true,,2021-10-31
2862,ORE-NAV-0019,6402026028626,Øresund Saana II Power Bank,"Øresund Saana II: a power bank that balances weight, durability and price. Retail-ready packaging.",9,33,Power Bank,,,pcs,1,1,0.125,true,,2020-05-15
2863,ORE-NAV-0020,6402026028633,Øresund Skog II Headlamp Sand,The Skog II headlamp by Øresund. Sand. Popular with rental outfitters and clubs.,9,33,Headlamp,Sand,Sand,pcs,6,6,0.158,true,,2019-06-09
2864,ORE-NAV-0021,6402026028640,Øresund Skog II Headlamp Forest,"Øresund Skog II Headlamp for navigation & electronics. Forest. Built for Nordic conditions, season after season.",9,33,Headlamp,Forest,Forest,pcs,6,6,0.092,true,,2024-08-07
2865,ORE-NAV-0022,6402026028657,Øresund Skog II Headlamp Deep Teal,Reliable headlamp from Øresund's Skog II range. Deep Teal. A wholesale staple for outdoor retailers.,9,33,Headlamp,Deep Teal,Deep Teal,pcs,1,1,0.033,true,,2025-06-08
2866,ORE-NAV-0023,6402026028664,Øresund Jotun Power Bank,"Øresund Jotun: a power bank that balances weight, durability and price. Retail-ready packaging.",9,33,Power Bank,,,pcs,6,6,0.044,true,,2022-12-20
2867,ORE-NAV-0024,6402026028671,Øresund Nordkapp Plus Compass,The Nordkapp Plus compass by Øresund. Popular with rental outfitters and clubs.,9,33,Compass,,,pcs,6,6,0.125,true,,2021-09-19
2868,ORE-NAV-0025,6402026028688,Øresund Arctic II Headlamp Black,"Øresund Arctic II Headlamp for navigation & electronics. Black. Built for Nordic conditions, season after season.",9,33,Headlamp,Black,Black,pcs,12,12,0.089,true,,2022-05-16
2869,ORE-NAV-0026,6402026028695,Øresund Arctic II Headlamp Forest,Reliable headlamp from Øresund's Arctic II range. Forest. A wholesale staple for outdoor retailers.,9,33,Headlamp,Forest,Forest,pcs,1,1,0.080,true,,2022-04-19
2870,ORE-NAV-0027,6402026028701,Øresund Summit Camp Lantern Arctic White,"Øresund Summit: a camp lantern that balances weight, durability and price. Arctic White. Retail-ready packaging.",9,33,Camp Lantern,Arctic White,Arctic White,pcs,1,1,0.024,true,,2024-09-22
2871,ORE-NAV-0028,6402026028718,Øresund Summit Camp Lantern Moss Green,The Summit camp lantern by Øresund. Moss Green. Popular with rental outfitters and clubs.,9,33,Camp Lantern,Moss Green,Moss Green,pcs,1,1,0.137,true,,2020-01-17
2872,ORE-NAV-0029,6402026028725,Øresund Summit Camp Lantern Sand,"Øresund Summit Camp Lantern for navigation & electronics. Sand. Built for Nordic conditions, season after season.",9,33,Camp Lantern,Sand,Sand,pcs,1,1,0.144,true,,2020-07-26
2873,ORE-NAV-0030,6402026028732,Øresund Tundra Compass,Reliable compass from Øresund's Tundra range. A wholesale staple for outdoor retailers.,9,33,Compass,,,pcs,1,1,0.178,true,,2025-11-29
2874,ORE-NAV-0031,6402026028749,Øresund Inari WP Satellite Messenger,"Øresund Inari WP: a satellite messenger that balances weight, durability and price. Retail-ready packaging.",9,33,Satellite Messenger,,,pcs,6,6,0.234,true,,2021-09-02
2875,ORE-NAV-0032,6402026028756,Øresund Pallas XT Headlamp Sunset Yellow,The Pallas XT headlamp by Øresund. Sunset Yellow. Popular with rental outfitters and clubs.,9,33,Headlamp,Sunset Yellow,Sunset Yellow,pcs,6,6,0.143,true,,2024-07-21
2876,ORE-NAV-0033,6402026028763,Øresund Pallas XT Headlamp Black,"Øresund Pallas XT Headlamp for navigation & electronics. Black. Built for Nordic conditions, season after season.",9,33,Headlamp,Black,Black,pcs,6,6,0.062,true,,2021-11-22
2877,ORE-NAV-0034,6402026028770,Øresund Pallas XT Headlamp Ochre,Reliable headlamp from Øresund's Pallas XT range. Ochre. A wholesale staple for outdoor retailers.,9,33,Headlamp,Ochre,Ochre,pcs,6,6,0.084,true,,2022-11-21
2878,ORE-NAV-0035,6402026028787,Øresund Jotun WP Compass,"Øresund Jotun WP: a compass that balances weight, durability and price. Retail-ready packaging.",9,33,Compass,,,pcs,1,1,0.087,true,,2022-05-09
2879,ORE-NAV-0036,6402026028794,Øresund Tundra Eco Satellite Messenger,The Tundra Eco satellite messenger by Øresund. Popular with rental outfitters and clubs.,9,33,Satellite Messenger,,,pcs,1,1,0.262,true,,2024-07-06
2880,ORE-NAV-0037,6402026028800,Øresund Alpine Handheld GPS,"Øresund Alpine Handheld GPS for navigation & electronics. Built for Nordic conditions, season after season.",9,33,Handheld GPS,,,pcs,6,6,0.505,true,,2025-07-07
2881,ORE-NAV-0038,6402026028817,Øresund Alpine Camp Lantern Midnight Blue,Reliable camp lantern from Øresund's Alpine range. Midnight Blue. A wholesale staple for outdoor retailers.,9,33,Camp Lantern,Midnight Blue,Midnight Blue,pcs,6,6,0.104,true,,2021-03-09
2882,LOF-BAS-0001,6402026028824,Lofoten Nuten WP Hiking Shorts XL Graphite,"Lofoten Nuten WP: a hiking shorts that balances weight, durability and price. XL / Graphite. Retail-ready packaging.",6,34,Hiking Shorts,XL,Graphite,pcs,1,1,0.171,true,,2023-08-04
2883,LOF-BAS-0002,6402026028831,Lofoten Nuten WP Hiking Shorts XS Graphite,The Nuten WP hiking shorts by Lofoten. XS / Graphite. Popular with rental outfitters and clubs.,6,34,Hiking Shorts,XS,Graphite,pcs,6,6,0.088,true,,2024-05-07
2884,LOF-BAS-0003,6402026028848,Lofoten Nuten Plus Hiking Socks 2-pack L Slate Grey,"Lofoten Nuten Plus Hiking Socks 2-pack for base & mid layers. L / Slate Grey. Built for Nordic conditions, season after season.",6,34,Hiking Socks 2-pack,L,Slate Grey,pcs,1,1,0.124,true,,2023-09-24
2885,LOF-BAS-0004,6402026028855,Lofoten Nuten Plus Hiking Socks 2-pack XS Slate Grey,Reliable hiking socks 2-pack from Lofoten's Nuten Plus range. XS / Slate Grey. A wholesale staple for outdoor retailers.,6,34,Hiking Socks 2-pack,XS,Slate Grey,pcs,1,1,0.137,true,,2019-01-16
2886,LOF-BAS-0005,6402026028862,Lofoten Nuten Plus Hiking Socks 2-pack S Slate Grey,"Lofoten Nuten Plus: a hiking socks 2-pack that balances weight, durability and price. S / Slate Grey. Retail-ready packaging.",6,34,Hiking Socks 2-pack,S,Slate Grey,pcs,1,1,0.140,true,,2026-03-29
2887,LOF-BAS-0006,6402026028879,Lofoten Jotun WP Hiking Shorts S Graphite,The Jotun WP hiking shorts by Lofoten. S / Graphite. Popular with rental outfitters and clubs.,6,34,Hiking Shorts,S,Graphite,pcs,1,1,0.104,true,,2021-12-09
2888,LOF-BAS-0007,6402026028886,Lofoten Vinter XT Merino Base Layer Bottom L Midnight Blue,"Lofoten Vinter XT Merino Base Layer Bottom for base & mid layers. L / Midnight Blue. Built for Nordic conditions, season after season.",6,34,Merino Base Layer Bottom,L,Midnight Blue,pcs,1,1,0.324,true,,2026-03-03
2889,LOF-BAS-0008,6402026028893,Lofoten Vinter XT Merino Base Layer Bottom M Midnight Blue,Reliable merino base layer bottom from Lofoten's Vinter XT range. M / Midnight Blue. A wholesale staple for outdoor retailers.,6,34,Merino Base Layer Bottom,M,Midnight Blue,pcs,1,1,0.255,true,,2023-12-05
2890,LOF-BAS-0009,6402026028909,Lofoten Vinter XT Merino Base Layer Bottom S Midnight Blue,"Lofoten Vinter XT: a merino base layer bottom that balances weight, durability and price. S / Midnight Blue. Retail-ready packaging.",6,34,Merino Base Layer Bottom,S,Midnight Blue,pcs,1,1,0.231,true,,2023-10-27
2891,LOF-BAS-0010,6402026028916,Lofoten Kebnekaise II Merino Base Layer Bottom XS Ochre,The Kebnekaise II merino base layer bottom by Lofoten. XS / Ochre. Popular with rental outfitters and clubs.,6,34,Merino Base Layer Bottom,XS,Ochre,pcs,6,6,0.197,true,,2022-04-21
2892,LOF-BAS-0011,6402026028923,Lofoten Kebnekaise II Merino Base Layer Bottom XL Ochre,"Lofoten Kebnekaise II Merino Base Layer Bottom for base & mid layers. XL / Ochre. Built for Nordic conditions, season after season.",6,34,Merino Base Layer Bottom,XL,Ochre,pcs,6,6,0.165,true,,2023-04-04
2893,LOF-BAS-0012,6402026028930,Lofoten Kebnekaise II Merino Base Layer Bottom XXL Ochre,Reliable merino base layer bottom from Lofoten's Kebnekaise II range. XXL / Ochre. A wholesale staple for outdoor retailers.,6,34,Merino Base Layer Bottom,XXL,Ochre,pcs,1,1,0.325,true,,2022-01-25
2894,LOF-BAS-0013,6402026028947,Lofoten Kebnekaise II Merino Base Layer Bottom M Ochre,"Lofoten Kebnekaise II: a merino base layer bottom that balances weight, durability and price. M / Ochre. Retail-ready packaging.",6,34,Merino Base Layer Bottom,M,Ochre,pcs,1,1,0.353,true,,2020-08-14
2895,LOF-BAS-0014,6402026028954,Lofoten Kebnekaise II Merino Base Layer Bottom S Ochre,The Kebnekaise II merino base layer bottom by Lofoten. S / Ochre. Popular with rental outfitters and clubs.,6,34,Merino Base Layer Bottom,S,Ochre,pcs,1,1,0.200,true,,2019-03-22
2896,LOF-BAS-0015,6402026028961,Lofoten Arctic Lite Merino Base Layer Bottom XXL Deep Teal,"Lofoten Arctic Lite Merino Base Layer Bottom for base & mid layers. XXL / Deep Teal. Built for Nordic conditions, season after season.",6,34,Merino Base Layer Bottom,XXL,Deep Teal,pcs,1,1,0.359,true,,2021-03-06
2897,LOF-BAS-0016,6402026028978,Lofoten Åreskutan Hiking Socks 2-pack M Graphite,Reliable hiking socks 2-pack from Lofoten's Åreskutan range. M / Graphite. A wholesale staple for outdoor retailers.,6,34,Hiking Socks 2-pack,M,Graphite,pcs,1,1,0.151,true,,2024-05-20
2898,LOF-BAS-0017,6402026028985,Lofoten Åreskutan Hiking Socks 2-pack XXL Graphite,"Lofoten Åreskutan: a hiking socks 2-pack that balances weight, durability and price. XXL / Graphite. Retail-ready packaging.",6,34,Hiking Socks 2-pack,XXL,Graphite,pcs,1,1,0.108,true,,2025-09-09
2899,LOF-BAS-0018,6402026028992,Lofoten Åreskutan Hiking Socks 2-pack S Graphite,The Åreskutan hiking socks 2-pack by Lofoten. S / Graphite. Popular with rental outfitters and clubs.,6,34,Hiking Socks 2-pack,S,Graphite,pcs,1,1,0.093,true,,2020-12-08
2900,LOF-BAS-0019,6402026029005,Lofoten Padjelanta Hiking Shorts M Forest,"Lofoten Padjelanta Hiking Shorts for base & mid layers. M / Forest. Built for Nordic conditions, season after season.",6,34,Hiking Shorts,M,Forest,pcs,6,6,0.132,true,,2025-01-28
2901,LOF-BAS-0020,6402026029012,Lofoten Padjelanta Hiking Shorts XS Forest,Reliable hiking shorts from Lofoten's Padjelanta range. XS / Forest. A wholesale staple for outdoor retailers.,6,34,Hiking Shorts,XS,Forest,pcs,1,1,0.189,true,,2022-02-19
2902,LOF-BAS-0021,6402026029029,Lofoten Padjelanta Hiking Shorts L Forest,"Lofoten Padjelanta: a hiking shorts that balances weight, durability and price. L / Forest. Retail-ready packaging.",6,34,Hiking Shorts,L,Forest,pcs,12,12,0.179,true,,2022-07-25
2903,LOF-BAS-0022,6402026029036,Lofoten Saana Pro Hiking Trousers XXL Lichen,The Saana Pro hiking trousers by Lofoten. XXL / Lichen. Popular with rental outfitters and clubs.,6,34,Hiking Trousers,XXL,Lichen,pcs,1,1,0.323,true,,2023-07-05
2904,LOF-BAS-0023,6402026029043,Lofoten Saana Pro Hiking Trousers XS Lichen,"Lofoten Saana Pro Hiking Trousers for base & mid layers. XS / Lichen. Built for Nordic conditions, season after season.",6,34,Hiking Trousers,XS,Lichen,pcs,6,6,0.307,true,,2020-12-25
2905,LOF-BAS-0024,6402026029050,Lofoten Saana Pro Hiking Trousers XL Lichen,Reliable hiking trousers from Lofoten's Saana Pro range. XL / Lichen. A wholesale staple for outdoor retailers.,6,34,Hiking Trousers,XL,Lichen,pcs,1,1,0.183,false,2026-08-04,2025-06-27
2906,LOF-BAS-0025,6402026029067,Lofoten Saana Pro Hiking Trousers S Lichen,"Lofoten Saana Pro: a hiking trousers that balances weight, durability and price. S / Lichen. Retail-ready packaging.",6,34,Hiking Trousers,S,Lichen,pcs,1,1,0.486,true,,2020-10-03
2907,LOF-BAS-0026,6402026029074,Lofoten Skog WP Hiking Socks 2-pack XL Lichen,The Skog WP hiking socks 2-pack by Lofoten. XL / Lichen. Popular with rental outfitters and clubs.,6,34,Hiking Socks 2-pack,XL,Lichen,pcs,6,6,0.050,true,,2019-07-05
2908,LOF-BAS-0027,6402026029081,Lofoten Skog WP Hiking Socks 2-pack S Lichen,"Lofoten Skog WP Hiking Socks 2-pack for base & mid layers. S / Lichen. Built for Nordic conditions, season after season.",6,34,Hiking Socks 2-pack,S,Lichen,pcs,12,12,0.176,true,,2022-05-30
2909,LOF-BAS-0028,6402026029098,Lofoten Skog WP Hiking Socks 2-pack L Lichen,Reliable hiking socks 2-pack from Lofoten's Skog WP range. L / Lichen. A wholesale staple for outdoor retailers.,6,34,Hiking Socks 2-pack,L,Lichen,pcs,1,1,0.130,true,,2021-03-30
2910,LOF-BAS-0029,6402026029104,Lofoten Tind Plus Fleece Jacket S Petrol,"Lofoten Tind Plus: a fleece jacket that balances weight, durability and price. S / Petrol. Retail-ready packaging.",6,34,Fleece Jacket,S,Petrol,pcs,1,1,0.280,true,,2022-04-08
2911,LOF-BAS-0030,6402026029111,Lofoten Tind Plus Fleece Jacket M Petrol,The Tind Plus fleece jacket by Lofoten. M / Petrol. Popular with rental outfitters and clubs.,6,34,Fleece Jacket,M,Petrol,pcs,1,1,0.401,true,,2021-06-15
2912,LOF-BAS-0031,6402026029128,Lofoten Tind Plus Fleece Jacket XXL Petrol,"Lofoten Tind Plus Fleece Jacket for base & mid layers. XXL / Petrol. Built for Nordic conditions, season after season.",6,34,Fleece Jacket,XXL,Petrol,pcs,6,6,0.352,true,,2021-07-08
2913,LOF-BAS-0032,6402026029135,Lofoten Tind Plus Fleece Jacket L Petrol,Reliable fleece jacket from Lofoten's Tind Plus range. L / Petrol. A wholesale staple for outdoor retailers.,6,34,Fleece Jacket,L,Petrol,pcs,1,1,0.324,true,,2023-10-27
2914,LOF-BAS-0033,6402026029142,Lofoten Tind Plus Fleece Jacket XS Petrol,"Lofoten Tind Plus: a fleece jacket that balances weight, durability and price. XS / Petrol. Retail-ready packaging.",6,34,Fleece Jacket,XS,Petrol,pcs,1,1,0.181,true,,2024-09-11
2915,LOF-BAS-0034,6402026029159,Lofoten Lumi II Hiking Socks 2-pack XS Deep Teal,The Lumi II hiking socks 2-pack by Lofoten. XS / Deep Teal. Popular with rental outfitters and clubs.,6,34,Hiking Socks 2-pack,XS,Deep Teal,pcs,1,1,0.133,true,,2023-11-18
2916,LOF-BAS-0035,6402026029166,Lofoten Lumi II Hiking Socks 2-pack L Deep Teal,"Lofoten Lumi II Hiking Socks 2-pack for base & mid layers. L / Deep Teal. Built for Nordic conditions, season after season.",6,34,Hiking Socks 2-pack,L,Deep Teal,pcs,1,1,0.079,true,,2025-09-18
2917,LOF-BAS-0036,6402026029173,Lofoten Lumi II Hiking Socks 2-pack XXL Deep Teal,Reliable hiking socks 2-pack from Lofoten's Lumi II range. XXL / Deep Teal. A wholesale staple for outdoor retailers.,6,34,Hiking Socks 2-pack,XXL,Deep Teal,pcs,12,12,0.171,true,,2024-05-09
2918,LOF-BAS-0037,6402026029180,Lofoten Inari II Merino Base Layer Top XL Sand,"Lofoten Inari II: a merino base layer top that balances weight, durability and price. XL / Sand. Retail-ready packaging.",6,34,Merino Base Layer Top,XL,Sand,pcs,1,1,0.260,true,,2020-03-07
2919,LOF-BAS-0038,6402026029197,Lofoten Inari II Merino Base Layer Top S Sand,The Inari II merino base layer top by Lofoten. S / Sand. Popular with rental outfitters and clubs.,6,34,Merino Base Layer Top,S,Sand,pcs,1,1,0.362,true,,2022-05-21
2920,LOF-BAS-0039,6402026029203,Lofoten Inari II Merino Base Layer Top L Sand,"Lofoten Inari II Merino Base Layer Top for base & mid layers. L / Sand. Built for Nordic conditions, season after season.",6,34,Merino Base Layer Top,L,Sand,pcs,1,1,0.289,true,,2020-05-16
2921,LOF-BAS-0040,6402026029210,Lofoten Inari II Merino Base Layer Top S Sunset Yellow,Reliable merino base layer top from Lofoten's Inari II range. S / Sunset Yellow. A wholesale staple for outdoor retailers.,6,34,Merino Base Layer Top,S,Sunset Yellow,pcs,1,1,0.263,true,,2021-12-21
2922,LOF-BAS-0041,6402026029227,Lofoten Inari II Merino Base Layer Top M Sunset Yellow,"Lofoten Inari II: a merino base layer top that balances weight, durability and price. M / Sunset Yellow. Retail-ready packaging.",6,34,Merino Base Layer Top,M,Sunset Yellow,pcs,6,6,0.161,true,,2021-09-24
2923,LOF-BAS-0042,6402026029234,Lofoten Inari II Merino Base Layer Top XS Sunset Yellow,The Inari II merino base layer top by Lofoten. XS / Sunset Yellow. Popular with rental outfitters and clubs.,6,34,Merino Base Layer Top,XS,Sunset Yellow,pcs,1,1,0.347,true,,2023-02-15
2924,LOF-BAS-0043,6402026029241,Lofoten Kaldo Hiking Socks 2-pack L Black,"Lofoten Kaldo Hiking Socks 2-pack for base & mid layers. L / Black. Built for Nordic conditions, season after season.",6,34,Hiking Socks 2-pack,L,Black,pcs,1,1,0.146,true,,2025-08-05
2925,LOF-BAS-0044,6402026029258,Lofoten Kaldo Hiking Socks 2-pack M Black,Reliable hiking socks 2-pack from Lofoten's Kaldo range. M / Black. A wholesale staple for outdoor retailers.,6,34,Hiking Socks 2-pack,M,Black,pcs,1,1,0.051,true,,2023-04-23
2926,LOF-BAS-0045,6402026029265,Lofoten Kaldo Hiking Socks 2-pack XL Black,"Lofoten Kaldo: a hiking socks 2-pack that balances weight, durability and price. XL / Black. Retail-ready packaging.",6,34,Hiking Socks 2-pack,XL,Black,pcs,6,6,0.111,true,,2025-09-26
2927,LOF-BAS-0046,6402026029272,Lofoten Kaldo Hiking Socks 2-pack XXL Black,The Kaldo hiking socks 2-pack by Lofoten. XXL / Black. Popular with rental outfitters and clubs.,6,34,Hiking Socks 2-pack,XXL,Black,pcs,12,12,0.138,true,,2020-08-17
2928,LOF-BAS-0047,6402026029289,Lofoten Nordkapp Hiking Trousers XS Moss Green,"Lofoten Nordkapp Hiking Trousers for base & mid layers. XS / Moss Green. Built for Nordic conditions, season after season.",6,34,Hiking Trousers,XS,Moss Green,pcs,12,12,0.502,true,,2023-08-16
2929,LOF-BAS-0048,6402026029296,Lofoten Nordkapp Hiking Trousers XL Moss Green,Reliable hiking trousers from Lofoten's Nordkapp range. XL / Moss Green. A wholesale staple for outdoor retailers.,6,34,Hiking Trousers,XL,Moss Green,pcs,6,6,0.486,true,,2026-04-26
2930,LOF-BAS-0049,6402026029302,Lofoten Nordkapp Hiking Trousers L Moss Green,"Lofoten Nordkapp: a hiking trousers that balances weight, durability and price. L / Moss Green. Retail-ready packaging.",6,34,Hiking Trousers,L,Moss Green,pcs,1,1,0.237,true,,2024-07-25
2931,LOF-BAS-0050,6402026029319,Lofoten Varanger Lite Hiking Shorts M Ochre,The Varanger Lite hiking shorts by Lofoten. M / Ochre. Popular with rental outfitters and clubs.,6,34,Hiking Shorts,M,Ochre,pcs,1,1,0.117,true,,2021-07-16
2932,LOF-BAS-0051,6402026029326,Lofoten Varanger Lite Hiking Shorts XXL Ochre,"Lofoten Varanger Lite Hiking Shorts for base & mid layers. XXL / Ochre. Built for Nordic conditions, season after season.",6,34,Hiking Shorts,XXL,Ochre,pcs,1,1,0.178,true,,2024-11-03
2933,LOF-BAS-0052,6402026029333,Lofoten Varanger Lite Hiking Shorts L Ochre,Reliable hiking shorts from Lofoten's Varanger Lite range. L / Ochre. A wholesale staple for outdoor retailers.,6,34,Hiking Shorts,L,Ochre,pcs,1,1,0.266,false,2025-04-27,2024-09-11
2934,LOF-BAS-0053,6402026029340,Lofoten Senja Pro Hiking Socks 2-pack XL Black,"Lofoten Senja Pro: a hiking socks 2-pack that balances weight, durability and price. XL / Black. Retail-ready packaging.",6,34,Hiking Socks 2-pack,XL,Black,pcs,12,12,0.108,true,,2019-10-17
2935,LOF-BAS-0054,6402026029357,Lofoten Senja Pro Hiking Socks 2-pack L Black,The Senja Pro hiking socks 2-pack by Lofoten. L / Black. Popular with rental outfitters and clubs.,6,34,Hiking Socks 2-pack,L,Black,pcs,6,6,0.057,true,,2024-01-06
2936,LOF-BAS-0055,6402026029364,Lofoten Senja Pro Hiking Socks 2-pack S Black,"Lofoten Senja Pro Hiking Socks 2-pack for base & mid layers. S / Black. Built for Nordic conditions, season after season.",6,34,Hiking Socks 2-pack,S,Black,pcs,6,6,0.050,true,,2020-12-18
2937,LOF-BAS-0056,6402026029371,Lofoten Senja Pro Hiking Socks 2-pack M Black,Reliable hiking socks 2-pack from Lofoten's Senja Pro range. M / Black. A wholesale staple for outdoor retailers.,6,34,Hiking Socks 2-pack,M,Black,pcs,6,6,0.175,true,,2019-01-19
2938,LOF-ACC-0001,6402026029388,Lofoten Skog Pro Neck Gaiter Moss Green,"Lofoten Skog Pro: a neck gaiter that balances weight, durability and price. Moss Green. Retail-ready packaging.",14,34,Neck Gaiter,Moss Green,Moss Green,pcs,6,6,0.012,true,,2025-07-27
2939,LOF-ACC-0002,6402026029395,Lofoten Skog Pro Neck Gaiter Slate Grey,The Skog Pro neck gaiter by Lofoten. Slate Grey. Popular with rental outfitters and clubs.,14,34,Neck Gaiter,Slate Grey,Slate Grey,pcs,1,1,0.024,true,,2022-02-23
2940,LOF-ACC-0003,6402026029401,Lofoten Skog Pro Neck Gaiter Black,"Lofoten Skog Pro Neck Gaiter for accessories & maintenance. Black. Built for Nordic conditions, season after season.",14,34,Neck Gaiter,Black,Black,pcs,12,12,0.145,true,,2025-11-18
2941,LOF-ACC-0004,6402026029418,Lofoten Skog Pro Neck Gaiter Midnight Blue,Reliable neck gaiter from Lofoten's Skog Pro range. Midnight Blue. A wholesale staple for outdoor retailers.,14,34,Neck Gaiter,Midnight Blue,Midnight Blue,pcs,12,12,0.083,true,,2020-02-08
2942,LOF-ACC-0005,6402026029425,Lofoten Skog Pro Neck Gaiter Sunset Yellow,"Lofoten Skog Pro: a neck gaiter that balances weight, durability and price. Sunset Yellow. Retail-ready packaging.",14,34,Neck Gaiter,Sunset Yellow,Sunset Yellow,pcs,12,12,0.044,true,,2023-06-20
2943,LOF-ACC-0006,6402026029432,Lofoten Alpine 2.0 Seam Sealer,The Alpine 2.0 seam sealer by Lofoten. Popular with rental outfitters and clubs.,14,34,Seam Sealer,,,pcs,12,12,0.123,true,,2025-11-02
2944,LOF-ACC-0007,6402026029449,Lofoten Bre II Trekking Poles 150 cm Ochre,"Lofoten Bre II Trekking Poles for accessories & maintenance. 150 cm / Ochre. Built for Nordic conditions, season after season.",14,34,Trekking Poles,150 cm,Ochre,pcs,6,6,0.082,true,,2021-03-01
2945,LOF-ACC-0008,6402026029456,Lofoten Bre II Trekking Poles 220 cm Ochre,Reliable trekking poles from Lofoten's Bre II range. 220 cm / Ochre. A wholesale staple for outdoor retailers.,14,34,Trekking Poles,220 cm,Ochre,pcs,1,1,0.338,true,,2025-05-15
2946,LOF-ACC-0009,6402026029463,Lofoten Bre II Trekking Poles 170 cm Ochre,"Lofoten Bre II: a trekking poles that balances weight, durability and price. 170 cm / Ochre. Retail-ready packaging.",14,34,Trekking Poles,170 cm,Ochre,pcs,1,1,0.465,true,,2022-08-25
2947,LOF-ACC-0010,6402026029470,Lofoten Ultra 2.0 Map Case,The Ultra 2.0 map case by Lofoten. Popular with rental outfitters and clubs.,14,34,Map Case,,,pcs,6,6,0.120,true,,2023-07-01
2948,LOF-ACC-0011,6402026029487,Lofoten Tuuli Eco Trekking Poles 150 cm Burnt Orange,"Lofoten Tuuli Eco Trekking Poles for accessories & maintenance. 150 cm / Burnt Orange. Built for Nordic conditions, season after season.",14,34,Trekking Poles,150 cm,Burnt Orange,pcs,1,1,0.314,true,,2024-06-09
2949,LOF-ACC-0012,6402026029494,Lofoten Tuuli Eco Trekking Poles 125 cm Burnt Orange,Reliable trekking poles from Lofoten's Tuuli Eco range. 125 cm / Burnt Orange. A wholesale staple for outdoor retailers.,14,34,Trekking Poles,125 cm,Burnt Orange,pcs,1,1,0.309,true,,2022-09-16
2950,LOF-ACC-0013,6402026029500,Lofoten Tuuli Eco Trekking Poles 220 cm Burnt Orange,"Lofoten Tuuli Eco: a trekking poles that balances weight, durability and price. 220 cm / Burnt Orange. Retail-ready packaging.",14,34,Trekking Poles,220 cm,Burnt Orange,pcs,1,1,0.057,true,,2021-09-07
2951,LOF-ACC-0014,6402026029517,Lofoten Tuuli Eco Trekking Poles 135 cm Burnt Orange,The Tuuli Eco trekking poles by Lofoten. 135 cm / Burnt Orange. Popular with rental outfitters and clubs.,14,34,Trekking Poles,135 cm,Burnt Orange,pcs,6,6,0.290,false,2023-01-06,2020-09-10
2952,LOF-ACC-0015,6402026029524,Lofoten Tuuli Eco Trekking Poles 210 cm Burnt Orange,"Lofoten Tuuli Eco Trekking Poles for accessories & maintenance. 210 cm / Burnt Orange. Built for Nordic conditions, season after season.",14,34,Trekking Poles,210 cm,Burnt Orange,pcs,6,6,0.588,true,,2020-11-09
2953,LOF-ACC-0016,6402026029531,Lofoten Ridge Lite Neck Gaiter Petrol,Reliable neck gaiter from Lofoten's Ridge Lite range. Petrol. A wholesale staple for outdoor retailers.,14,34,Neck Gaiter,Petrol,Petrol,pcs,1,1,0.160,true,,2024-07-14
2954,LOF-ACC-0017,6402026029548,Lofoten Ridge Lite Neck Gaiter Moss Green,"Lofoten Ridge Lite: a neck gaiter that balances weight, durability and price. Moss Green. Retail-ready packaging.",14,34,Neck Gaiter,Moss Green,Moss Green,pcs,1,1,0.044,true,,2025-11-17
2955,LOF-ACC-0018,6402026029555,Lofoten Ridge Lite Neck Gaiter Arctic White,The Ridge Lite neck gaiter by Lofoten. Arctic White. Popular with rental outfitters and clubs.,14,34,Neck Gaiter,Arctic White,Arctic White,pcs,6,6,0.092,true,,2025-12-06
2956,LOF-ACC-0019,6402026029562,Lofoten Sylarna Pro Seam Sealer,"Lofoten Sylarna Pro Seam Sealer for accessories & maintenance. Built for Nordic conditions, season after season.",14,34,Seam Sealer,,,pcs,6,6,0.028,true,,2020-03-22
2957,LOF-ACC-0020,6402026029579,Lofoten Nuten XT Liner Gloves XS Lichen,Reliable liner gloves from Lofoten's Nuten XT range. XS / Lichen. A wholesale staple for outdoor retailers.,14,34,Liner Gloves,XS,Lichen,pcs,6,6,0.083,true,,2025-05-18
2958,LOF-ACC-0021,6402026029586,Lofoten Nuten XT Liner Gloves M Lichen,"Lofoten Nuten XT: a liner gloves that balances weight, durability and price. M / Lichen. Retail-ready packaging.",14,34,Liner Gloves,M,Lichen,pcs,6,6,0.104,true,,2022-01-08
2959,LOF-ACC-0022,6402026029593,Lofoten Nuten XT Liner Gloves XXL Lichen,The Nuten XT liner gloves by Lofoten. XXL / Lichen. Popular with rental outfitters and clubs.,14,34,Liner Gloves,XXL,Lichen,pcs,6,6,0.006,true,,2023-07-24
2960,LOF-ACC-0023,6402026029609,Lofoten Nuten XT Liner Gloves L Lichen,"Lofoten Nuten XT Liner Gloves for accessories & maintenance. L / Lichen. Built for Nordic conditions, season after season.",14,34,Liner Gloves,L,Lichen,pcs,1,1,0.126,true,,2021-03-28
2961,LOF-ACC-0024,6402026029616,Lofoten Halti 2.0 Neck Gaiter Sand,Reliable neck gaiter from Lofoten's Halti 2.0 range. Sand. A wholesale staple for outdoor retailers.,14,34,Neck Gaiter,Sand,Sand,pcs,6,6,0.078,true,,2022-10-09
2962,LOF-ACC-0025,6402026029623,Lofoten Halti 2.0 Neck Gaiter Forest,"Lofoten Halti 2.0: a neck gaiter that balances weight, durability and price. Forest. Retail-ready packaging.",14,34,Neck Gaiter,Forest,Forest,pcs,1,1,0.140,true,,2021-04-13
2963,LOF-ACC-0026,6402026029630,Lofoten Halti 2.0 Neck Gaiter Black,The Halti 2.0 neck gaiter by Lofoten. Black. Popular with rental outfitters and clubs.,14,34,Neck Gaiter,Black,Black,pcs,1,1,0.006,true,,2019-06-02
2964,LOF-ACC-0027,6402026029647,Lofoten Halti 2.0 Neck Gaiter Midnight Blue,"Lofoten Halti 2.0 Neck Gaiter for accessories & maintenance. Midnight Blue. Built for Nordic conditions, season after season.",14,34,Neck Gaiter,Midnight Blue,Midnight Blue,pcs,1,1,0.092,true,,2020-07-23
2965,LOF-ACC-0028,6402026029654,Lofoten Halti 2.0 Neck Gaiter Burnt Orange,Reliable neck gaiter from Lofoten's Halti 2.0 range. Burnt Orange. A wholesale staple for outdoor retailers.,14,34,Neck Gaiter,Burnt Orange,Burnt Orange,pcs,1,1,0.020,true,,2021-04-27
2966,LOF-ACC-0029,6402026029661,Lofoten Ultra Pro Map Case,"Lofoten Ultra Pro: a map case that balances weight, durability and price. Retail-ready packaging.",14,34,Map Case,,,pcs,1,1,0.169,true,,2021-05-09
2967,LOF-ACC-0030,6402026029678,Lofoten Halti WP Waterproofing Spray,The Halti WP waterproofing spray by Lofoten. Popular with rental outfitters and clubs.,14,34,Waterproofing Spray,,,pcs,1,1,0.072,true,,2020-12-27
2968,LOF-ACC-0031,6402026029685,Lofoten Glacier WP Trekking Poles 105 cm Black,"Lofoten Glacier WP Trekking Poles for accessories & maintenance. 105 cm / Black. Built for Nordic conditions, season after season.",14,34,Trekking Poles,105 cm,Black,pcs,1,1,0.250,true,,2024-09-22
2969,LOF-ACC-0032,6402026029692,Lofoten Glacier WP Trekking Poles 220 cm Black,Reliable trekking poles from Lofoten's Glacier WP range. 220 cm / Black. A wholesale staple for outdoor retailers.,14,34,Trekking Poles,220 cm,Black,pcs,6,6,0.561,true,,2022-09-27
2970,LOF-ACC-0033,6402026029708,Lofoten Glacier WP Trekking Poles 160 cm Black,"Lofoten Glacier WP: a trekking poles that balances weight, durability and price. 160 cm / Black. Retail-ready packaging.",14,34,Trekking Poles,160 cm,Black,pcs,12,12,0.097,true,,2020-12-05
2971,LOF-ACC-0034,6402026029715,Lofoten Tind Lite Liner Gloves S Forest,The Tind Lite liner gloves by Lofoten. S / Forest. Popular with rental outfitters and clubs.,14,34,Liner Gloves,S,Forest,pcs,1,1,0.086,true,,2020-12-27
2972,LOF-ACC-0035,6402026029722,Lofoten Tind Lite Liner Gloves XL Forest,"Lofoten Tind Lite Liner Gloves for accessories & maintenance. XL / Forest. Built for Nordic conditions, season after season.",14,34,Liner Gloves,XL,Forest,pcs,1,1,0.136,true,,2023-11-20
2973,LOF-ACC-0036,6402026029739,Lofoten Tind Lite Liner Gloves M Forest,Reliable liner gloves from Lofoten's Tind Lite range. M / Forest. A wholesale staple for outdoor retailers.,14,34,Liner Gloves,M,Forest,pcs,1,1,0.172,true,,2019-01-17
2974,LOF-ACC-0037,6402026029746,Lofoten Tind Lite Liner Gloves XXL Forest,"Lofoten Tind Lite: a liner gloves that balances weight, durability and price. XXL / Forest. Retail-ready packaging.",14,34,Liner Gloves,XXL,Forest,pcs,1,1,0.121,true,,2020-06-09
2975,LOF-ACC-0038,6402026029753,Lofoten Ylläs WP Waterproofing Spray,The Ylläs WP waterproofing spray by Lofoten. Popular with rental outfitters and clubs.,14,34,Waterproofing Spray,,,pcs,6,6,0.009,true,,2023-12-11
2976,LOF-ACC-0039,6402026029760,Lofoten Helags XT Beanie Deep Teal,"Lofoten Helags XT Beanie for accessories & maintenance. Deep Teal. Built for Nordic conditions, season after season.",14,34,Beanie,Deep Teal,Deep Teal,pcs,12,12,0.053,true,,2025-10-31
2977,LOF-ACC-0040,6402026029777,Lofoten Helags XT Beanie Forest,Reliable beanie from Lofoten's Helags XT range. Forest. A wholesale staple for outdoor retailers.,14,34,Beanie,Forest,Forest,pcs,1,1,0.043,true,,2021-01-02
2978,LOF-ACC-0041,6402026029784,Lofoten Helags XT Beanie Midnight Blue,"Lofoten Helags XT: a beanie that balances weight, durability and price. Midnight Blue. Retail-ready packaging.",14,34,Beanie,Midnight Blue,Midnight Blue,pcs,1,1,0.063,true,,2025-02-24
2979,LOF-ACC-0042,6402026029791,Lofoten Kilpis Pro Seam Sealer,The Kilpis Pro seam sealer by Lofoten. Popular with rental outfitters and clubs.,14,34,Seam Sealer,,,pcs,12,12,0.030,true,,2021-06-18
2980,LOF-ACC-0043,6402026029807,Lofoten Alpine Map Case,"Lofoten Alpine Map Case for accessories & maintenance. Built for Nordic conditions, season after season.",14,34,Map Case,,,pcs,12,12,0.082,true,,2025-12-25
2981,LOF-ACC-0044,6402026029814,Lofoten Sarek Waterproofing Spray,Reliable waterproofing spray from Lofoten's Sarek range. A wholesale staple for outdoor retailers.,14,34,Waterproofing Spray,,,pcs,1,1,0.009,false,2025-09-22,2024-08-14
2982,LOF-ACC-0045,6402026029821,Lofoten Nuten II Map Case,"Lofoten Nuten II: a map case that balances weight, durability and price. Retail-ready packaging.",14,34,Map Case,,,pcs,12,12,0.059,true,,2024-12-17
2983,LOF-ACC-0046,6402026029838,Lofoten Ylläs XT Liner Gloves XL Black,The Ylläs XT liner gloves by Lofoten. XL / Black. Popular with rental outfitters and clubs.,14,34,Liner Gloves,XL,Black,pcs,1,1,0.045,true,,2022-08-26
2984,LOF-ACC-0047,6402026029845,Lofoten Ylläs XT Liner Gloves M Black,"Lofoten Ylläs XT Liner Gloves for accessories & maintenance. M / Black. Built for Nordic conditions, season after season.",14,34,Liner Gloves,M,Black,pcs,1,1,0.051,true,,2020-03-24
2985,LOF-ACC-0048,6402026029852,Lofoten Ylläs XT Liner Gloves XS Black,Reliable liner gloves from Lofoten's Ylläs XT range. XS / Black. A wholesale staple for outdoor retailers.,14,34,Liner Gloves,XS,Black,pcs,1,1,0.165,true,,2024-11-03
2986,LOF-ACC-0049,6402026029869,Lofoten Ridge 2.0 Trekking Poles 125 cm Lichen,"Lofoten Ridge 2.0: a trekking poles that balances weight, durability and price. 125 cm / Lichen. Retail-ready packaging.",14,34,Trekking Poles,125 cm,Lichen,pcs,1,1,0.037,true,,2023-04-19
2987,LOF-ACC-0050,6402026029876,Lofoten Ridge 2.0 Trekking Poles 160 cm Lichen,The Ridge 2.0 trekking poles by Lofoten. 160 cm / Lichen. Popular with rental outfitters and clubs.,14,34,Trekking Poles,160 cm,Lichen,pcs,1,1,0.210,true,,2020-02-08
2988,LOF-ACC-0051,6402026029883,Lofoten Ridge 2.0 Trekking Poles 150 cm Lichen,"Lofoten Ridge 2.0 Trekking Poles for accessories & maintenance. 150 cm / Lichen. Built for Nordic conditions, season after season.",14,34,Trekking Poles,150 cm,Lichen,pcs,12,12,0.316,true,,2024-12-19
2989,LOF-ACC-0052,6402026029890,Lofoten Ridge 2.0 Trekking Poles 170 cm Lichen,Reliable trekking poles from Lofoten's Ridge 2.0 range. 170 cm / Lichen. A wholesale staple for outdoor retailers.,14,34,Trekking Poles,170 cm,Lichen,pcs,1,1,0.409,true,,2026-03-06
2990,HEL-NAV-0001,6402026029906,Helios Elv Plus Headlamp Arctic White,"Helios Elv Plus: a headlamp that balances weight, durability and price. Arctic White. Retail-ready packaging.",9,35,Headlamp,Arctic White,Arctic White,pcs,1,1,0.036,true,,2020-11-01
2991,HEL-NAV-0002,6402026029913,Helios Elv Plus Headlamp Midnight Blue,The Elv Plus headlamp by Helios. Midnight Blue. Popular with rental outfitters and clubs.,9,35,Headlamp,Midnight Blue,Midnight Blue,pcs,12,12,0.179,true,,2024-05-17
2992,HEL-NAV-0003,6402026029920,Helios Elv Plus Headlamp Ochre,"Helios Elv Plus Headlamp for navigation & electronics. Ochre. Built for Nordic conditions, season after season.",9,35,Headlamp,Ochre,Ochre,pcs,6,6,0.076,true,,2019-06-12
2993,HEL-NAV-0004,6402026029937,Helios Elv Plus Headlamp Sunset Yellow,Reliable headlamp from Helios's Elv Plus range. Sunset Yellow. A wholesale staple for outdoor retailers.,9,35,Headlamp,Sunset Yellow,Sunset Yellow,pcs,1,1,0.147,true,,2024-06-16
2994,HEL-NAV-0005,6402026029944,Helios Elv Plus Headlamp Slate Grey,"Helios Elv Plus: a headlamp that balances weight, durability and price. Slate Grey. Retail-ready packaging.",9,35,Headlamp,Slate Grey,Slate Grey,pcs,1,1,0.154,true,,2022-10-20
2995,HEL-NAV-0006,6402026029951,Helios Bre Satellite Messenger,The Bre satellite messenger by Helios. Popular with rental outfitters and clubs.,9,35,Satellite Messenger,,,pcs,12,12,0.199,true,,2021-12-09
2996,HEL-NAV-0007,6402026029968,Helios Lyngen XT Compass,"Helios Lyngen XT Compass for navigation & electronics. Built for Nordic conditions, season after season.",9,35,Compass,,,pcs,1,1,0.111,true,,2023-02-23
2997,HEL-NAV-0008,6402026029975,Helios Nordkapp XT Power Bank,Reliable power bank from Helios's Nordkapp XT range. A wholesale staple for outdoor retailers.,9,35,Power Bank,,,pcs,1,1,0.132,true,,2022-10-08
2998,HEL-NAV-0009,6402026029982,Helios Tundra Plus Power Bank,"Helios Tundra Plus: a power bank that balances weight, durability and price. Retail-ready packaging.",9,35,Power Bank,,,pcs,1,1,0.114,true,,2022-07-18
2999,HEL-NAV-0010,6402026029999,Helios Glacier XT Compass,The Glacier XT compass by Helios. Popular with rental outfitters and clubs.,9,35,Compass,,,pcs,6,6,0.089,true,,2020-03-30
3000,HEL-NAV-0011,6402026030001,Helios Ruska Eco Handheld GPS,"Helios Ruska Eco Handheld GPS for navigation & electronics. Built for Nordic conditions, season after season.",9,35,Handheld GPS,,,pcs,12,12,0.142,true,,2021-09-03
3001,HEL-NAV-0012,6402026030018,Helios Hav WP Power Bank,Reliable power bank from Helios's Hav WP range. A wholesale staple for outdoor retailers.,9,35,Power Bank,,,pcs,1,1,0.169,false,2022-03-27,2020-11-17
3002,HEL-NAV-0013,6402026030025,Helios Kaldo Power Bank,"Helios Kaldo: a power bank that balances weight, durability and price. Retail-ready packaging.",9,35,Power Bank,,,pcs,6,6,0.136,true,,2021-07-19
3003,HEL-NAV-0014,6402026030032,Helios Trail Lite Satellite Messenger,The Trail Lite satellite messenger by Helios. Popular with rental outfitters and clubs.,9,35,Satellite Messenger,,,pcs,1,1,0.108,true,,2019-04-05
3004,HEL-NAV-0015,6402026030049,Helios Boreal XT Handheld GPS,"Helios Boreal XT Handheld GPS for navigation & electronics. Built for Nordic conditions, season after season.",9,35,Handheld GPS,,,pcs,1,1,0.525,true,,2021-09-20
3005,HEL-NAV-0016,6402026030056,Helios Kaamos Handheld GPS,Reliable handheld gps from Helios's Kaamos range. A wholesale staple for outdoor retailers.,9,35,Handheld GPS,,,pcs,12,12,0.482,true,,2024-07-31
3006,HEL-NAV-0017,6402026030063,Helios Ylläs Power Bank,"Helios Ylläs: a power bank that balances weight, durability and price. Retail-ready packaging.",9,35,Power Bank,,,pcs,1,1,0.021,true,,2025-04-25
3007,HEL-NAV-0018,6402026030070,Helios Lyngen Eco Compass,The Lyngen Eco compass by Helios. Popular with rental outfitters and clubs.,9,35,Compass,,,pcs,1,1,0.113,true,,2025-06-28
3008,HEL-NAV-0019,6402026030087,Helios Inari Power Bank,"Helios Inari Power Bank for navigation & electronics. Built for Nordic conditions, season after season.",9,35,Power Bank,,,pcs,12,12,0.129,true,,2025-11-03
3009,HEL-NAV-0020,6402026030094,Helios Tuuli Compass,Reliable compass from Helios's Tuuli range. A wholesale staple for outdoor retailers.,9,35,Compass,,,pcs,1,1,0.137,true,,2020-09-08
3010,HEL-NAV-0021,6402026030100,Helios Padjelanta II Handheld GPS,"Helios Padjelanta II: a handheld gps that balances weight, durability and price. Retail-ready packaging.",9,35,Handheld GPS,,,pcs,1,1,0.468,true,,2024-01-16
3011,HEL-NAV-0022,6402026030117,Helios Åreskutan 2.0 Compass,The Åreskutan 2.0 compass by Helios. Popular with rental outfitters and clubs.,9,35,Compass,,,pcs,1,1,0.137,true,,2021-11-10
3012,HEL-NAV-0023,6402026030124,Helios Trail Handheld GPS,"Helios Trail Handheld GPS for navigation & electronics. Built for Nordic conditions, season after season.",9,35,Handheld GPS,,,pcs,1,1,0.593,true,,2025-10-18
3013,HEL-NAV-0024,6402026030131,Helios Nuten II Power Bank,Reliable power bank from Helios's Nuten II range. A wholesale staple for outdoor retailers.,9,35,Power Bank,,,pcs,12,12,0.089,true,,2023-02-16
3014,HEL-NAV-0025,6402026030148,Helios Kebnekaise Lite Satellite Messenger,"Helios Kebnekaise Lite: a satellite messenger that balances weight, durability and price. Retail-ready packaging.",9,35,Satellite Messenger,,,pcs,1,1,0.249,true,,2023-07-22
3015,HEL-NAV-0026,6402026030155,Helios Kaamos XT Power Bank,The Kaamos XT power bank by Helios. Popular with rental outfitters and clubs.,9,35,Power Bank,,,pcs,6,6,0.145,true,,2025-08-11
3016,HEL-NAV-0027,6402026030162,Helios Glacier WP Camp Lantern Ochre,"Helios Glacier WP Camp Lantern for navigation & electronics. Ochre. Built for Nordic conditions, season after season.",9,35,Camp Lantern,Ochre,Ochre,pcs,12,12,0.092,false,2024-04-03,2020-06-05
3017,HEL-NAV-0028,6402026030179,Helios Glacier WP Camp Lantern Ruby Red,Reliable camp lantern from Helios's Glacier WP range. Ruby Red. A wholesale staple for outdoor retailers.,9,35,Camp Lantern,Ruby Red,Ruby Red,pcs,1,1,0.086,true,,2022-11-16
3018,HEL-NAV-0029,6402026030186,Helios Glacier WP Camp Lantern Midnight Blue,"Helios Glacier WP: a camp lantern that balances weight, durability and price. Midnight Blue. Retail-ready packaging.",9,35,Camp Lantern,Midnight Blue,Midnight Blue,pcs,1,1,0.034,true,,2022-02-26
3019,HEL-NAV-0030,6402026030193,Helios Glacier WP Camp Lantern Forest,The Glacier WP camp lantern by Helios. Forest. Popular with rental outfitters and clubs.,9,35,Camp Lantern,Forest,Forest,pcs,1,1,0.122,true,,2019-05-02
3020,HEL-NAV-0031,6402026030209,Helios Ultra 2.0 Satellite Messenger,"Helios Ultra 2.0 Satellite Messenger for navigation & electronics. Built for Nordic conditions, season after season.",9,35,Satellite Messenger,,,pcs,1,1,0.143,true,,2025-12-22
3021,HEL-NAV-0032,6402026030216,Helios Vuori Pro Power Bank,Reliable power bank from Helios's Vuori Pro range. A wholesale staple for outdoor retailers.,9,35,Power Bank,,,pcs,6,6,0.147,true,,2024-10-23
3022,HEL-NAV-0033,6402026030223,Helios Tuuli Handheld GPS,"Helios Tuuli: a handheld gps that balances weight, durability and price. Retail-ready packaging.",9,35,Handheld GPS,,,pcs,1,1,0.493,true,,2025-10-20
3023,HEL-NAV-0034,6402026030230,Helios Ruska Camp Lantern Deep Teal,The Ruska camp lantern by Helios. Deep Teal. Popular with rental outfitters and clubs.,9,35,Camp Lantern,Deep Teal,Deep Teal,pcs,12,12,0.026,true,,2024-10-10
3024,HEL-NAV-0035,6402026030247,Helios Ruska Camp Lantern Moss Green,"Helios Ruska Camp Lantern for navigation & electronics. Moss Green. Built for Nordic conditions, season after season.",9,35,Camp Lantern,Moss Green,Moss Green,pcs,1,1,0.036,true,,2020-06-10
3025,HEL-NAV-0036,6402026030254,Helios Ruska Camp Lantern Forest,Reliable camp lantern from Helios's Ruska range. Forest. A wholesale staple for outdoor retailers.,9,35,Camp Lantern,Forest,Forest,pcs,1,1,0.176,false,2025-08-27,2023-06-04
3026,HEL-NAV-0037,6402026030261,Helios Inari Power Bank,"Helios Inari: a power bank that balances weight, durability and price. Retail-ready packaging.",9,35,Power Bank,,,pcs,1,1,0.157,true,,2021-01-17
3027,HEL-NAV-0038,6402026030278,Helios Ylläs XT Power Bank,The Ylläs XT power bank by Helios. Popular with rental outfitters and clubs.,9,35,Power Bank,,,pcs,1,1,0.052,true,,2026-04-24
3028,HEL-WIN-0001,6402026030285,Helios Åreskutan Pro Avalanche Probe,"Helios Åreskutan Pro Avalanche Probe for winter sports. Built for Nordic conditions, season after season.",10,35,Avalanche Probe,,,pcs,1,1,0.904,false,2022-02-07,2021-04-28
3029,HEL-WIN-0002,6402026030292,Helios Åreskutan Pro Ski Goggles Black,Reliable ski goggles from Helios's Åreskutan Pro range. Black. A wholesale staple for outdoor retailers.,10,35,Ski Goggles,Black,Black,pcs,1,1,0.433,false,2022-09-27,2021-11-24
3030,HEL-WIN-0003,6402026030308,Helios Åreskutan Pro Ski Goggles Sand,"Helios Åreskutan Pro: a ski goggles that balances weight, durability and price. Sand. Retail-ready packaging.",10,35,Ski Goggles,Sand,Sand,pcs,12,12,0.636,true,,2022-07-25
3031,HEL-WIN-0004,6402026030315,Helios Åreskutan Pro Ski Goggles Midnight Blue,The Åreskutan Pro ski goggles by Helios. Midnight Blue. Popular with rental outfitters and clubs.,10,35,Ski Goggles,Midnight Blue,Midnight Blue,pcs,12,12,1.091,true,,2022-08-02
3032,HEL-WIN-0005,6402026030322,Helios Nordkapp Ski Goggles Burnt Orange,"Helios Nordkapp Ski Goggles for winter sports. Burnt Orange. Built for Nordic conditions, season after season.",10,35,Ski Goggles,Burnt Orange,Burnt Orange,pcs,1,1,0.539,true,,2022-11-12
3033,HEL-WIN-0006,6402026030339,Helios Nordkapp Ski Goggles Sunset Yellow,Reliable ski goggles from Helios's Nordkapp range. Sunset Yellow. A wholesale staple for outdoor retailers.,10,35,Ski Goggles,Sunset Yellow,Sunset Yellow,pcs,1,1,0.235,true,,2023-12-10
3034,HEL-WIN-0007,6402026030346,Helios Nordkapp Ski Goggles Midnight Blue,"Helios Nordkapp: a ski goggles that balances weight, durability and price. Midnight Blue. Retail-ready packaging.",10,35,Ski Goggles,Midnight Blue,Midnight Blue,pcs,1,1,0.594,false,2020-05-11,2019-08-26
3035,HEL-WIN-0008,6402026030353,Helios Nordkapp Ski Goggles Sand,The Nordkapp ski goggles by Helios. Sand. Popular with rental outfitters and clubs.,10,35,Ski Goggles,Sand,Sand,pcs,1,1,0.964,true,,2020-04-20
3036,HEL-WIN-0009,6402026030360,Helios Inari Snowshoes XL Forest,"Helios Inari Snowshoes for winter sports. XL / Forest. Built for Nordic conditions, season after season.",10,35,Snowshoes,XL,Forest,pcs,6,6,1.328,true,,2019-03-10
3037,HEL-WIN-0010,6402026030377,Helios Inari Snowshoes XXL Forest,Reliable snowshoes from Helios's Inari range. XXL / Forest. A wholesale staple for outdoor retailers.,10,35,Snowshoes,XXL,Forest,pcs,1,1,1.241,true,,2019-01-20
3038,HEL-WIN-0011,6402026030384,Helios Inari Snowshoes M Forest,"Helios Inari: a snowshoes that balances weight, durability and price. M / Forest. Retail-ready packaging.",10,35,Snowshoes,M,Forest,pcs,1,1,0.579,true,,2023-03-21
3039,HEL-WIN-0012,6402026030391,Helios Nordkapp WP Ski Poles 220 cm Ruby Red,The Nordkapp WP ski poles by Helios. 220 cm / Ruby Red. Popular with rental outfitters and clubs.,10,35,Ski Poles,220 cm,Ruby Red,pcs,1,1,0.161,true,,2023-09-23
3040,HEL-WIN-0013,6402026030407,Helios Ylläs Pro Climbing Skins 160 cm Petrol,"Helios Ylläs Pro Climbing Skins for winter sports. 160 cm / Petrol. Built for Nordic conditions, season after season.",10,35,Climbing Skins,160 cm,Petrol,pcs,12,12,0.337,true,,2025-07-22
3041,HEL-WIN-0014,6402026030414,Helios Ylläs Pro Climbing Skins 220 cm Petrol,Reliable climbing skins from Helios's Ylläs Pro range. 220 cm / Petrol. A wholesale staple for outdoor retailers.,10,35,Climbing Skins,220 cm,Petrol,pcs,1,1,0.294,true,,2022-12-14
3042,HEL-WIN-0015,6402026030421,Helios Ylläs Pro Climbing Skins 150 cm Petrol,"Helios Ylläs Pro: a climbing skins that balances weight, durability and price. 150 cm / Petrol. Retail-ready packaging.",10,35,Climbing Skins,150 cm,Petrol,pcs,1,1,0.500,true,,2022-03-26
3043,HEL-WIN-0016,6402026030438,Helios Fjell Avalanche Probe,The Fjell avalanche probe by Helios. Popular with rental outfitters and clubs.,10,35,Avalanche Probe,,,pcs,1,1,0.502,true,,2021-03-13
3044,HEL-WIN-0017,6402026030445,Helios Polar II Avalanche Transceiver,"Helios Polar II Avalanche Transceiver for winter sports. Built for Nordic conditions, season after season.",10,35,Avalanche Transceiver,,,pcs,1,1,1.413,true,,2022-02-09
3045,HEL-WIN-0018,6402026030452,Helios Helags Lite Snow Shovel Moss Green,Reliable snow shovel from Helios's Helags Lite range. Moss Green. A wholesale staple for outdoor retailers.,10,35,Snow Shovel,Moss Green,Moss Green,pcs,12,12,0.145,true,,2021-05-16
3046,HEL-WIN-0019,6402026030469,Helios Helags Lite Snow Shovel Forest,"Helios Helags Lite: a snow shovel that balances weight, durability and price. Forest. Retail-ready packaging.",10,35,Snow Shovel,Forest,Forest,pcs,1,1,1.012,true,,2021-04-16
3047,HEL-WIN-0020,6402026030476,Helios Helags Lite Snow Shovel Petrol,The Helags Lite snow shovel by Helios. Petrol. Popular with rental outfitters and clubs.,10,35,Snow Shovel,Petrol,Petrol,pcs,12,12,1.080,true,,2022-08-27
3048,HEL-WIN-0021,6402026030483,Helios Helags Lite Snow Shovel Arctic White,"Helios Helags Lite Snow Shovel for winter sports. Arctic White. Built for Nordic conditions, season after season.",10,35,Snow Shovel,Arctic White,Arctic White,pcs,1,1,0.351,true,,2024-02-11
3049,HEL-WIN-0022,6402026030490,Helios Helags Lite Snow Shovel Sunset Yellow,Reliable snow shovel from Helios's Helags Lite range. Sunset Yellow. A wholesale staple for outdoor retailers.,10,35,Snow Shovel,Sunset Yellow,Sunset Yellow,pcs,6,6,0.791,true,,2022-03-23
3050,HEL-WIN-0023,6402026030506,Helios Glacier Eco Snow Shovel Burnt Orange,"Helios Glacier Eco: a snow shovel that balances weight, durability and price. Burnt Orange. Retail-ready packaging.",10,35,Snow Shovel,Burnt Orange,Burnt Orange,pcs,1,1,0.766,true,,2019-05-08
3051,HEL-WIN-0024,6402026030513,Helios Kilpis Plus Snow Shovel Ochre,The Kilpis Plus snow shovel by Helios. Ochre. Popular with rental outfitters and clubs.,10,35,Snow Shovel,Ochre,Ochre,pcs,1,1,0.828,true,,2022-07-03
3052,HEL-WIN-0025,6402026030520,Helios Kilpis Plus Snow Shovel Sunset Yellow,"Helios Kilpis Plus Snow Shovel for winter sports. Sunset Yellow. Built for Nordic conditions, season after season.",10,35,Snow Shovel,Sunset Yellow,Sunset Yellow,pcs,12,12,0.847,true,,2026-03-31
3053,HEL-WIN-0026,6402026030537,Helios Kilpis Plus Snow Shovel Ruby Red,Reliable snow shovel from Helios's Kilpis Plus range. Ruby Red. A wholesale staple for outdoor retailers.,10,35,Snow Shovel,Ruby Red,Ruby Red,pcs,1,1,0.745,true,,2019-04-19
3054,HEL-WIN-0027,6402026030544,Helios Nordic Ski Poles 150 cm Burnt Orange,"Helios Nordic: a ski poles that balances weight, durability and price. 150 cm / Burnt Orange. Retail-ready packaging.",10,35,Ski Poles,150 cm,Burnt Orange,pcs,1,1,1.111,true,,2024-10-19
3055,HEL-WIN-0028,6402026030551,Helios Nordic Ski Poles 105 cm Burnt Orange,The Nordic ski poles by Helios. 105 cm / Burnt Orange. Popular with rental outfitters and clubs.,10,35,Ski Poles,105 cm,Burnt Orange,pcs,1,1,0.396,true,,2023-04-29
3056,HEL-WIN-0029,6402026030568,Helios Nordic Ski Poles 115 cm Burnt Orange,"Helios Nordic Ski Poles for winter sports. 115 cm / Burnt Orange. Built for Nordic conditions, season after season.",10,35,Ski Poles,115 cm,Burnt Orange,pcs,6,6,0.276,true,,2022-07-03
3057,HEL-WIN-0030,6402026030575,Helios Nordic Ski Poles 210 cm Burnt Orange,Reliable ski poles from Helios's Nordic range. 210 cm / Burnt Orange. A wholesale staple for outdoor retailers.,10,35,Ski Poles,210 cm,Burnt Orange,pcs,1,1,0.935,true,,2020-03-22
3058,HEL-WIN-0031,6402026030582,Helios Polar WP Snowshoes L Burnt Orange,"Helios Polar WP: a snowshoes that balances weight, durability and price. L / Burnt Orange. Retail-ready packaging.",10,35,Snowshoes,L,Burnt Orange,pcs,12,12,0.952,true,,2024-08-06
3059,HEL-WIN-0032,6402026030599,Helios Polar WP Snowshoes XL Burnt Orange,The Polar WP snowshoes by Helios. XL / Burnt Orange. Popular with rental outfitters and clubs.,10,35,Snowshoes,XL,Burnt Orange,pcs,6,6,0.305,true,,2022-03-13
3060,HEL-WIN-0033,6402026030605,Helios Polar WP Snowshoes S Burnt Orange,"Helios Polar WP Snowshoes for winter sports. S / Burnt Orange. Built for Nordic conditions, season after season.",10,35,Snowshoes,S,Burnt Orange,pcs,1,1,0.727,true,,2021-03-05
3061,HEL-WIN-0034,6402026030612,Helios Nordkapp 2.0 Climbing Skins 180 cm Arctic White,Reliable climbing skins from Helios's Nordkapp 2.0 range. 180 cm / Arctic White. A wholesale staple for outdoor retailers.,10,35,Climbing Skins,180 cm,Arctic White,pcs,1,1,0.443,true,,2024-10-23
3062,HEL-WIN-0035,6402026030629,Helios Nordkapp 2.0 Climbing Skins 150 cm Arctic White,"Helios Nordkapp 2.0: a climbing skins that balances weight, durability and price. 150 cm / Arctic White. Retail-ready packaging.",10,35,Climbing Skins,150 cm,Arctic White,pcs,1,1,0.919,true,,2022-10-20
3063,HEL-WIN-0036,6402026030636,Helios Nordkapp 2.0 Climbing Skins 220 cm Arctic White,The Nordkapp 2.0 climbing skins by Helios. 220 cm / Arctic White. Popular with rental outfitters and clubs.,10,35,Climbing Skins,220 cm,Arctic White,pcs,1,1,0.102,true,,2024-04-22
3064,HEL-WIN-0037,6402026030643,Helios Nordkapp 2.0 Climbing Skins 115 cm Arctic White,"Helios Nordkapp 2.0 Climbing Skins for winter sports. 115 cm / Arctic White. Built for Nordic conditions, season after season.",10,35,Climbing Skins,115 cm,Arctic White,pcs,1,1,0.614,true,,2025-07-28
3065,HEL-WIN-0038,6402026030650,Helios Hav Pro Climbing Skins 220 cm Arctic White,Reliable climbing skins from Helios's Hav Pro range. 220 cm / Arctic White. A wholesale staple for outdoor retailers.,10,35,Climbing Skins,220 cm,Arctic White,pcs,1,1,1.043,true,,2023-11-27
3066,HEL-WIN-0039,6402026030667,Helios Hav Pro Climbing Skins 210 cm Arctic White,"Helios Hav Pro: a climbing skins that balances weight, durability and price. 210 cm / Arctic White. Retail-ready packaging.",10,35,Climbing Skins,210 cm,Arctic White,pcs,1,1,0.532,true,,2023-03-10
3067,HEL-WIN-0040,6402026030674,Helios Storm Touring Ski 170 cm Burnt Orange,The Storm touring ski by Helios. 170 cm / Burnt Orange. Popular with rental outfitters and clubs.,10,35,Touring Ski,170 cm,Burnt Orange,pcs,6,6,0.922,true,,2025-12-29
3068,HEL-WIN-0041,6402026030681,Helios Storm Touring Ski 105 cm Burnt Orange,"Helios Storm Touring Ski for winter sports. 105 cm / Burnt Orange. Built for Nordic conditions, season after season.",10,35,Touring Ski,105 cm,Burnt Orange,pcs,6,6,2.358,false,2021-06-11,2020-09-11
3069,HEL-WIN-0042,6402026030698,Helios Kebnekaise Snowshoes XS Sunset Yellow,Reliable snowshoes from Helios's Kebnekaise range. XS / Sunset Yellow. A wholesale staple for outdoor retailers.,10,35,Snowshoes,XS,Sunset Yellow,pcs,1,1,0.420,true,,2026-04-06
3070,KAA-TNT-0001,6402026030704,Kaamos Tind XT Bivy Ochre,"Kaamos Tind XT: a bivy that balances weight, durability and price. Ochre. Retail-ready packaging.",1,36,Bivy,Ochre,Ochre,pcs,12,12,0.595,true,,2021-04-12
3071,KAA-TNT-0002,6402026030711,Kaamos Tind XT Bivy Black,The Tind XT bivy by Kaamos. Black. Popular with rental outfitters and clubs.,1,36,Bivy,Black,Black,pcs,1,1,3.414,true,,2025-07-02
3072,KAA-TNT-0003,6402026030728,Kaamos Tind XT Bivy Arctic White,"Kaamos Tind XT Bivy for tents & shelters. Arctic White. Built for Nordic conditions, season after season.",1,36,Bivy,Arctic White,Arctic White,pcs,12,12,0.657,true,,2020-03-29
3073,KAA-TNT-0004,6402026030735,Kaamos Tind XT Bivy Petrol,Reliable bivy from Kaamos's Tind XT range. Petrol. A wholesale staple for outdoor retailers.,1,36,Bivy,Petrol,Petrol,pcs,1,1,1.975,true,,2024-05-14
3074,KAA-TNT-0005,6402026030742,Kaamos Kebnekaise XT Tunnel Tent 2P Moss Green,"Kaamos Kebnekaise XT: a tunnel tent that balances weight, durability and price. 2P / Moss Green. Retail-ready packaging.",1,36,Tunnel Tent,2P,Moss Green,pcs,1,1,1.272,true,,2025-03-10
3075,KAA-TNT-0006,6402026030759,Kaamos Kebnekaise XT Tunnel Tent 3P Moss Green,The Kebnekaise XT tunnel tent by Kaamos. 3P / Moss Green. Popular with rental outfitters and clubs.,1,36,Tunnel Tent,3P,Moss Green,pcs,1,1,2.125,false,2022-09-16,2021-11-17
3076,KAA-TNT-0007,6402026030766,Kaamos Kebnekaise XT Tunnel Tent 1P Moss Green,"Kaamos Kebnekaise XT Tunnel Tent for tents & shelters. 1P / Moss Green. Built for Nordic conditions, season after season.",1,36,Tunnel Tent,1P,Moss Green,pcs,6,6,6.831,true,,2024-09-18
3077,KAA-TNT-0008,6402026030773,Kaamos Bre Pro Tunnel Tent 2P Moss Green,Reliable tunnel tent from Kaamos's Bre Pro range. 2P / Moss Green. A wholesale staple for outdoor retailers.,1,36,Tunnel Tent,2P,Moss Green,pcs,1,1,7.939,true,,2025-05-16
3078,KAA-TNT-0009,6402026030780,Kaamos Bre Pro Tunnel Tent 3P Moss Green,"Kaamos Bre Pro: a tunnel tent that balances weight, durability and price. 3P / Moss Green. Retail-ready packaging.",1,36,Tunnel Tent,3P,Moss Green,pcs,6,6,4.178,true,,2023-09-08
3079,KAA-TNT-0010,6402026030797,Kaamos Bre Pro Tunnel Tent 4P Moss Green,The Bre Pro tunnel tent by Kaamos. 4P / Moss Green. Popular with rental outfitters and clubs.,1,36,Tunnel Tent,4P,Moss Green,pcs,12,12,4.622,true,,2019-12-06
3080,KAA-TNT-0011,6402026030803,Kaamos Trail II Tunnel Tent 4P Moss Green,"Kaamos Trail II Tunnel Tent for tents & shelters. 4P / Moss Green. Built for Nordic conditions, season after season.",1,36,Tunnel Tent,4P,Moss Green,pcs,1,1,2.512,true,,2021-11-07
3081,KAA-TNT-0012,6402026030810,Kaamos Boreal Plus Footprint 2P Sunset Yellow,Reliable footprint from Kaamos's Boreal Plus range. 2P / Sunset Yellow. A wholesale staple for outdoor retailers.,1,36,Footprint,2P,Sunset Yellow,pcs,6,6,0.757,true,,2022-03-06
3082,KAA-TNT-0013,6402026030827,Kaamos Boreal Plus Footprint 1P Sunset Yellow,"Kaamos Boreal Plus: a footprint that balances weight, durability and price. 1P / Sunset Yellow. Retail-ready packaging.",1,36,Footprint,1P,Sunset Yellow,pcs,1,1,0.930,true,,2022-10-10
3083,KAA-TNT-0014,6402026030834,Kaamos Boreal Plus Footprint 4P Sunset Yellow,The Boreal Plus footprint by Kaamos. 4P / Sunset Yellow. Popular with rental outfitters and clubs.,1,36,Footprint,4P,Sunset Yellow,pcs,1,1,1.633,true,,2025-06-09
3084,KAA-TNT-0015,6402026030841,Kaamos Senja II Footprint 1P Moss Green,"Kaamos Senja II Footprint for tents & shelters. 1P / Moss Green. Built for Nordic conditions, season after season.",1,36,Footprint,1P,Moss Green,pcs,1,1,1.812,true,,2021-08-05
3085,KAA-TNT-0016,6402026030858,Kaamos Senja II Footprint 4P Moss Green,Reliable footprint from Kaamos's Senja II range. 4P / Moss Green. A wholesale staple for outdoor retailers.,1,36,Footprint,4P,Moss Green,pcs,1,1,0.990,true,,2023-05-05
3086,KAA-TNT-0017,6402026030865,Kaamos Senja II Footprint 3P Moss Green,"Kaamos Senja II: a footprint that balances weight, durability and price. 3P / Moss Green. Retail-ready packaging.",1,36,Footprint,3P,Moss Green,pcs,1,1,0.988,true,,2022-10-17
3087,KAA-TNT-0018,6402026030872,Kaamos Kebnekaise Tunnel Tent 3P Arctic White,The Kebnekaise tunnel tent by Kaamos. 3P / Arctic White. Popular with rental outfitters and clubs.,1,36,Tunnel Tent,3P,Arctic White,pcs,1,1,4.423,true,,2025-12-15
3088,KAA-TNT-0019,6402026030889,Kaamos Polar 2.0 Tunnel Tent 3P Ochre,"Kaamos Polar 2.0 Tunnel Tent for tents & shelters. 3P / Ochre. Built for Nordic conditions, season after season.",1,36,Tunnel Tent,3P,Ochre,pcs,6,6,2.522,true,,2026-01-21
3089,KAA-TNT-0020,6402026030896,Kaamos Polar 2.0 Tunnel Tent 4P Ochre,Reliable tunnel tent from Kaamos's Polar 2.0 range. 4P / Ochre. A wholesale staple for outdoor retailers.,1,36,Tunnel Tent,4P,Ochre,pcs,1,1,2.599,true,,2020-08-31
3090,KAA-TNT-0021,6402026030902,Kaamos Polar 2.0 Tunnel Tent 2P Ochre,"Kaamos Polar 2.0: a tunnel tent that balances weight, durability and price. 2P / Ochre. Retail-ready packaging.",1,36,Tunnel Tent,2P,Ochre,pcs,1,1,6.975,true,,2021-05-23
3091,KAA-TNT-0022,6402026030919,Kaamos Polar 2.0 Tunnel Tent 1P Ochre,The Polar 2.0 tunnel tent by Kaamos. 1P / Ochre. Popular with rental outfitters and clubs.,1,36,Tunnel Tent,1P,Ochre,pcs,1,1,6.582,true,,2021-07-27
3092,KAA-TNT-0023,6402026030926,Kaamos Elv Lite Tent 4P Burnt Orange,"Kaamos Elv Lite Tent for tents & shelters. 4P / Burnt Orange. Built for Nordic conditions, season after season.",1,36,Tent,4P,Burnt Orange,pcs,6,6,4.688,true,,2021-02-13
3093,KAA-TNT-0024,6402026030933,Kaamos Storm Eco Tent 3P Petrol,Reliable tent from Kaamos's Storm Eco range. 3P / Petrol. A wholesale staple for outdoor retailers.,1,36,Tent,3P,Petrol,pcs,1,1,1.030,true,,2023-08-14
3094,KAA-TNT-0025,6402026030940,Kaamos Storm Eco Tent 4P Petrol,"Kaamos Storm Eco: a tent that balances weight, durability and price. 4P / Petrol. Retail-ready packaging.",1,36,Tent,4P,Petrol,pcs,1,1,3.591,true,,2019-08-11
3095,KAA-TNT-0026,6402026030957,Kaamos Storm Eco Tent 1P Petrol,The Storm Eco tent by Kaamos. 1P / Petrol. Popular with rental outfitters and clubs.,1,36,Tent,1P,Petrol,pcs,6,6,3.250,true,,2024-04-29
3096,KAA-TNT-0027,6402026030964,Kaamos Fjell II Tunnel Tent 3P Moss Green,"Kaamos Fjell II Tunnel Tent for tents & shelters. 3P / Moss Green. Built for Nordic conditions, season after season.",1,36,Tunnel Tent,3P,Moss Green,pcs,1,1,8.600,true,,2020-02-12
3097,KAA-TNT-0028,6402026030971,Kaamos Fjell II Tunnel Tent 4P Moss Green,Reliable tunnel tent from Kaamos's Fjell II range. 4P / Moss Green. A wholesale staple for outdoor retailers.,1,36,Tunnel Tent,4P,Moss Green,pcs,1,1,2.619,true,,2020-10-08
3098,KAA-TNT-0029,6402026030988,Kaamos Fjell II Tunnel Tent 1P Moss Green,"Kaamos Fjell II: a tunnel tent that balances weight, durability and price. 1P / Moss Green. Retail-ready packaging.",1,36,Tunnel Tent,1P,Moss Green,pcs,1,1,2.497,true,,2020-05-31
3099,KAA-TNT-0030,6402026030995,Kaamos Fjell II Tunnel Tent 2P Moss Green,The Fjell II tunnel tent by Kaamos. 2P / Moss Green. Popular with rental outfitters and clubs.,1,36,Tunnel Tent,2P,Moss Green,pcs,1,1,6.656,true,,2023-06-17
3100,KAA-TNT-0031,6402026031008,Kaamos Tuuli II Tunnel Tent 3P Burnt Orange,"Kaamos Tuuli II Tunnel Tent for tents & shelters. 3P / Burnt Orange. Built for Nordic conditions, season after season.",1,36,Tunnel Tent,3P,Burnt Orange,pcs,6,6,2.719,true,,2020-10-14
3101,KAA-TNT-0032,6402026031015,Kaamos Tuuli II Tunnel Tent 4P Burnt Orange,Reliable tunnel tent from Kaamos's Tuuli II range. 4P / Burnt Orange. A wholesale staple for outdoor retailers.,1,36,Tunnel Tent,4P,Burnt Orange,pcs,1,1,1.876,true,,2025-04-22
3102,KAA-TNT-0033,6402026031022,Kaamos Sarek Eco Tent 2P Slate Grey,"Kaamos Sarek Eco: a tent that balances weight, durability and price. 2P / Slate Grey. Retail-ready packaging.",1,36,Tent,2P,Slate Grey,pcs,1,1,2.078,true,,2020-03-12
3103,KAA-TNT-0034,6402026031039,Kaamos Sarek Eco Tent 3P Slate Grey,The Sarek Eco tent by Kaamos. 3P / Slate Grey. Popular with rental outfitters and clubs.,1,36,Tent,3P,Slate Grey,pcs,6,6,1.092,true,,2024-02-08
3104,KAA-TNT-0035,6402026031046,Kaamos Sarek Eco Tent 1P Slate Grey,"Kaamos Sarek Eco Tent for tents & shelters. 1P / Slate Grey. Built for Nordic conditions, season after season.",1,36,Tent,1P,Slate Grey,pcs,1,1,1.926,false,2024-04-03,2022-11-08
3105,KAA-TNT-0036,6402026031053,Kaamos Skog Tunnel Tent 4P Midnight Blue,Reliable tunnel tent from Kaamos's Skog range. 4P / Midnight Blue. A wholesale staple for outdoor retailers.,1,36,Tunnel Tent,4P,Midnight Blue,pcs,12,12,6.629,true,,2021-09-06
3106,KAA-TNT-0037,6402026031060,Kaamos Skog Tunnel Tent 2P Midnight Blue,"Kaamos Skog: a tunnel tent that balances weight, durability and price. 2P / Midnight Blue. Retail-ready packaging.",1,36,Tunnel Tent,2P,Midnight Blue,pcs,1,1,6.257,true,,2024-01-22
3107,KAA-TNT-0038,6402026031077,Kaamos Skog Tunnel Tent 1P Midnight Blue,The Skog tunnel tent by Kaamos. 1P / Midnight Blue. Popular with rental outfitters and clubs.,1,36,Tunnel Tent,1P,Midnight Blue,pcs,12,12,4.170,true,,2023-05-06
3108,KAA-TNT-0039,6402026031084,Kaamos Skog Tunnel Tent 3P Midnight Blue,"Kaamos Skog Tunnel Tent for tents & shelters. 3P / Midnight Blue. Built for Nordic conditions, season after season.",1,36,Tunnel Tent,3P,Midnight Blue,pcs,1,1,2.205,true,,2025-11-16
3109,KAA-TNT-0040,6402026031091,Kaamos Polar XT Tarp Deep Teal,Reliable tarp from Kaamos's Polar XT range. Deep Teal. A wholesale staple for outdoor retailers.,1,36,Tarp,Deep Teal,Deep Teal,pcs,1,1,1.117,true,,2020-11-12
3110,KAA-TNT-0041,6402026031107,Kaamos Polar XT Tarp Burnt Orange,"Kaamos Polar XT: a tarp that balances weight, durability and price. Burnt Orange. Retail-ready packaging.",1,36,Tarp,Burnt Orange,Burnt Orange,pcs,12,12,0.710,true,,2019-04-27
3111,KAA-TNT-0042,6402026031114,Kaamos Polar XT Tarp Sand,The Polar XT tarp by Kaamos. Sand. Popular with rental outfitters and clubs.,1,36,Tarp,Sand,Sand,pcs,6,6,1.108,true,,2023-09-09
3112,KAA-TNT-0043,6402026031121,Kaamos Polar XT Tarp Petrol,"Kaamos Polar XT Tarp for tents & shelters. Petrol. Built for Nordic conditions, season after season.",1,36,Tarp,Petrol,Petrol,pcs,1,1,2.067,true,,2022-01-15
3113,KAA-TNT-0044,6402026031138,Kaamos Helags XT Footprint 2P Forest,Reliable footprint from Kaamos's Helags XT range. 2P / Forest. A wholesale staple for outdoor retailers.,1,36,Footprint,2P,Forest,pcs,1,1,1.443,true,,2024-02-01
3114,KAA-TNT-0045,6402026031145,Kaamos Saana Lite Bivy Black,"Kaamos Saana Lite: a bivy that balances weight, durability and price. Black. Retail-ready packaging.",1,36,Bivy,Black,Black,pcs,1,1,1.172,true,,2023-12-02
3115,KAA-TNT-0046,6402026031152,Kaamos Saana Lite Bivy Sand,The Saana Lite bivy by Kaamos. Sand. Popular with rental outfitters and clubs.,1,36,Bivy,Sand,Sand,pcs,1,1,2.127,true,,2020-04-09
3116,KAA-TNT-0047,6402026031169,Kaamos Hav Eco Tent 4P Forest,"Kaamos Hav Eco Tent for tents & shelters. 4P / Forest. Built for Nordic conditions, season after season.",1,36,Tent,4P,Forest,pcs,1,1,2.861,true,,2025-08-28
3117,KAA-SLP-0001,6402026031176,Kaamos Sarek Down Sleeping Bag -20°C Deep Teal,Reliable down sleeping bag from Kaamos's Sarek range. -20°C / Deep Teal. A wholesale staple for outdoor retailers.,2,36,Down Sleeping Bag,-20°C,Deep Teal,pcs,6,6,1.515,true,,2023-08-04
3118,KAA-SLP-0002,6402026031183,Kaamos Sarek Down Sleeping Bag -5°C Deep Teal,"Kaamos Sarek: a down sleeping bag that balances weight, durability and price. -5°C / Deep Teal. Retail-ready packaging.",2,36,Down Sleeping Bag,-5°C,Deep Teal,pcs,1,1,1.067,true,,2022-10-27
3119,KAA-SLP-0003,6402026031190,Kaamos Sarek Down Sleeping Bag +5°C Deep Teal,The Sarek down sleeping bag by Kaamos. +5°C / Deep Teal. Popular with rental outfitters and clubs.,2,36,Down Sleeping Bag,+5°C,Deep Teal,pcs,1,1,0.829,true,,2022-08-17
3120,KAA-SLP-0004,6402026031206,Kaamos Sarek WP Bag Liner Graphite,"Kaamos Sarek WP Bag Liner for sleeping bags & mats. Graphite. Built for Nordic conditions, season after season.",2,36,Bag Liner,Graphite,Graphite,pcs,6,6,0.272,true,,2024-05-26
3121,KAA-SLP-0005,6402026031213,Kaamos Sarek WP Bag Liner Deep Teal,Reliable bag liner from Kaamos's Sarek WP range. Deep Teal. A wholesale staple for outdoor retailers.,2,36,Bag Liner,Deep Teal,Deep Teal,pcs,6,6,0.466,true,,2020-07-16
3122,KAA-SLP-0006,6402026031220,Kaamos Sarek WP Bag Liner Burnt Orange,"Kaamos Sarek WP: a bag liner that balances weight, durability and price. Burnt Orange. Retail-ready packaging.",2,36,Bag Liner,Burnt Orange,Burnt Orange,pcs,12,12,0.507,true,,2024-02-19
3123,KAA-SLP-0007,6402026031237,Kaamos Sarek WP Bag Liner Forest,The Sarek WP bag liner by Kaamos. Forest. Popular with rental outfitters and clubs.,2,36,Bag Liner,Forest,Forest,pcs,1,1,0.453,true,,2024-02-29
3124,KAA-SLP-0008,6402026031244,Kaamos Sarek WP Bag Liner Black,"Kaamos Sarek WP Bag Liner for sleeping bags & mats. Black. Built for Nordic conditions, season after season.",2,36,Bag Liner,Black,Black,pcs,6,6,0.246,true,,2022-06-20
3125,KAA-SLP-0009,6402026031251,Kaamos Glacier WP Sleeping Mat Forest,Reliable sleeping mat from Kaamos's Glacier WP range. Forest. A wholesale staple for outdoor retailers.,2,36,Sleeping Mat,Forest,Forest,pcs,1,1,1.179,true,,2019-06-30
3126,KAA-SLP-0010,6402026031268,Kaamos Glacier WP Sleeping Mat Graphite,"Kaamos Glacier WP: a sleeping mat that balances weight, durability and price. Graphite. Retail-ready packaging.",2,36,Sleeping Mat,Graphite,Graphite,pcs,12,12,0.950,true,,2019-07-13
3127,KAA-SLP-0011,6402026031275,Kaamos Glacier WP Sleeping Mat Black,The Glacier WP sleeping mat by Kaamos. Black. Popular with rental outfitters and clubs.,2,36,Sleeping Mat,Black,Black,pcs,12,12,0.304,true,,2022-01-02
3128,KAA-SLP-0012,6402026031282,Kaamos Glacier WP Sleeping Mat Arctic White,"Kaamos Glacier WP Sleeping Mat for sleeping bags & mats. Arctic White. Built for Nordic conditions, season after season.",2,36,Sleeping Mat,Arctic White,Arctic White,pcs,1,1,0.263,true,,2022-10-17
3129,KAA-SLP-0013,6402026031299,Kaamos Vinter Lite Synthetic Sleeping Bag -5°C Moss Green,Reliable synthetic sleeping bag from Kaamos's Vinter Lite range. -5°C / Moss Green. A wholesale staple for outdoor retailers.,2,36,Synthetic Sleeping Bag,-5°C,Moss Green,pcs,1,1,0.830,true,,2022-08-17
3130,KAA-SLP-0014,6402026031305,Kaamos Glacier Sleeping Mat Arctic White,"Kaamos Glacier: a sleeping mat that balances weight, durability and price. Arctic White. Retail-ready packaging.",2,36,Sleeping Mat,Arctic White,Arctic White,pcs,1,1,1.044,true,,2024-01-27
3131,KAA-SLP-0015,6402026031312,Kaamos Glacier Sleeping Mat Moss Green,The Glacier sleeping mat by Kaamos. Moss Green. Popular with rental outfitters and clubs.,2,36,Sleeping Mat,Moss Green,Moss Green,pcs,1,1,0.575,true,,2022-11-21
3132,KAA-SLP-0016,6402026031329,Kaamos Glacier Sleeping Mat Forest,"Kaamos Glacier Sleeping Mat for sleeping bags & mats. Forest. Built for Nordic conditions, season after season.",2,36,Sleeping Mat,Forest,Forest,pcs,12,12,1.163,true,,2023-10-03
3133,KAA-SLP-0017,6402026031336,Kaamos Glacier Sleeping Mat Deep Teal,Reliable sleeping mat from Kaamos's Glacier range. Deep Teal. A wholesale staple for outdoor retailers.,2,36,Sleeping Mat,Deep Teal,Deep Teal,pcs,1,1,0.673,true,,2021-01-23
3134,KAA-SLP-0018,6402026031343,Kaamos Rondane Bag Liner Deep Teal,"Kaamos Rondane: a bag liner that balances weight, durability and price. Deep Teal. Retail-ready packaging.",2,36,Bag Liner,Deep Teal,Deep Teal,pcs,1,1,0.582,true,,2023-05-20
3135,KAA-SLP-0019,6402026031350,Kaamos Rondane Bag Liner Ruby Red,The Rondane bag liner by Kaamos. Ruby Red. Popular with rental outfitters and clubs.,2,36,Bag Liner,Ruby Red,Ruby Red,pcs,1,1,0.349,true,,2019-05-06
3136,KAA-SLP-0020,6402026031367,Kaamos Rondane Bag Liner Moss Green,"Kaamos Rondane Bag Liner for sleeping bags & mats. Moss Green. Built for Nordic conditions, season after season.",2,36,Bag Liner,Moss Green,Moss Green,pcs,12,12,0.358,true,,2026-03-14
3137,KAA-SLP-0021,6402026031374,Kaamos Lyngen Down Sleeping Bag +5°C Sand,Reliable down sleeping bag from Kaamos's Lyngen range. +5°C / Sand. A wholesale staple for outdoor retailers.,2,36,Down Sleeping Bag,+5°C,Sand,pcs,6,6,0.638,true,,2025-11-27
3138,KAA-SLP-0022,6402026031381,Kaamos Lyngen Down Sleeping Bag 0°C Sand,"Kaamos Lyngen: a down sleeping bag that balances weight, durability and price. 0°C / Sand. Retail-ready packaging.",2,36,Down Sleeping Bag,0°C,Sand,pcs,1,1,1.511,true,,2023-11-20
3139,KAA-SLP-0023,6402026031398,Kaamos Lyngen Down Sleeping Bag -5°C Sand,The Lyngen down sleeping bag by Kaamos. -5°C / Sand. Popular with rental outfitters and clubs.,2,36,Down Sleeping Bag,-5°C,Sand,pcs,1,1,1.072,true,,2020-05-24
3140,KAA-SLP-0024,6402026031404,Kaamos Lyngen Down Sleeping Bag -20°C Sand,"Kaamos Lyngen Down Sleeping Bag for sleeping bags & mats. -20°C / Sand. Built for Nordic conditions, season after season.",2,36,Down Sleeping Bag,-20°C,Sand,pcs,6,6,1.391,true,,2019-09-26
3141,KAA-SLP-0025,6402026031411,Kaamos Lyngen Down Sleeping Bag -10°C Sand,Reliable down sleeping bag from Kaamos's Lyngen range. -10°C / Sand. A wholesale staple for outdoor retailers.,2,36,Down Sleeping Bag,-10°C,Sand,pcs,12,12,2.774,true,,2020-01-28
3142,KAA-SLP-0026,6402026031428,Kaamos Ultra II Insulated Mat Lichen,"Kaamos Ultra II: a insulated mat that balances weight, durability and price. Lichen. Retail-ready packaging.",2,36,Insulated Mat,Lichen,Lichen,pcs,12,12,1.431,true,,2020-09-13
3143,KAA-SLP-0027,6402026031435,Kaamos Ultra II Insulated Mat Burnt Orange,The Ultra II insulated mat by Kaamos. Burnt Orange. Popular with rental outfitters and clubs.,2,36,Insulated Mat,Burnt Orange,Burnt Orange,pcs,1,1,0.797,true,,2023-05-05
3144,KAA-SLP-0028,6402026031442,Kaamos Ultra WP Sleeping Mat Ruby Red,"Kaamos Ultra WP Sleeping Mat for sleeping bags & mats. Ruby Red. Built for Nordic conditions, season after season.",2,36,Sleeping Mat,Ruby Red,Ruby Red,pcs,12,12,1.083,true,,2022-07-03
3145,KAA-SLP-0029,6402026031459,Kaamos Ultra WP Sleeping Mat Ochre,Reliable sleeping mat from Kaamos's Ultra WP range. Ochre. A wholesale staple for outdoor retailers.,2,36,Sleeping Mat,Ochre,Ochre,pcs,1,1,1.054,true,,2020-05-01
3146,KAA-SLP-0030,6402026031466,Kaamos Ultra WP Sleeping Mat Midnight Blue,"Kaamos Ultra WP: a sleeping mat that balances weight, durability and price. Midnight Blue. Retail-ready packaging.",2,36,Sleeping Mat,Midnight Blue,Midnight Blue,pcs,6,6,0.516,true,,2024-03-13
3147,KAA-SLP-0031,6402026031473,Kaamos Kaldo Down Sleeping Bag -5°C Moss Green,The Kaldo down sleeping bag by Kaamos. -5°C / Moss Green. Popular with rental outfitters and clubs.,2,36,Down Sleeping Bag,-5°C,Moss Green,pcs,6,6,0.657,true,,2023-08-03
3148,KAA-SLP-0032,6402026031480,Kaamos Kaldo Down Sleeping Bag 0°C Moss Green,"Kaamos Kaldo Down Sleeping Bag for sleeping bags & mats. 0°C / Moss Green. Built for Nordic conditions, season after season.",2,36,Down Sleeping Bag,0°C,Moss Green,pcs,1,1,1.841,true,,2025-06-08
3149,KAA-SLP-0033,6402026031497,Kaamos Kaldo Down Sleeping Bag -10°C Moss Green,Reliable down sleeping bag from Kaamos's Kaldo range. -10°C / Moss Green. A wholesale staple for outdoor retailers.,2,36,Down Sleeping Bag,-10°C,Moss Green,pcs,1,1,2.538,true,,2025-12-02
3150,KAA-SLP-0034,6402026031503,Kaamos Kaldo Down Sleeping Bag -20°C Moss Green,"Kaamos Kaldo: a down sleeping bag that balances weight, durability and price. -20°C / Moss Green. Retail-ready packaging.",2,36,Down Sleeping Bag,-20°C,Moss Green,pcs,1,1,2.275,true,,2022-02-17
3151,KAA-SLP-0035,6402026031510,Kaamos Kaldo Down Sleeping Bag +5°C Moss Green,The Kaldo down sleeping bag by Kaamos. +5°C / Moss Green. Popular with rental outfitters and clubs.,2,36,Down Sleeping Bag,+5°C,Moss Green,pcs,1,1,1.741,true,,2021-07-19
3152,KAA-SLP-0036,6402026031527,Kaamos Kaldo Eco Sleeping Mat Ruby Red,"Kaamos Kaldo Eco Sleeping Mat for sleeping bags & mats. Ruby Red. Built for Nordic conditions, season after season.",2,36,Sleeping Mat,Ruby Red,Ruby Red,pcs,6,6,0.889,true,,2022-10-19
3153,KAA-SLP-0037,6402026031534,Kaamos Kaldo Eco Sleeping Mat Sunset Yellow,Reliable sleeping mat from Kaamos's Kaldo Eco range. Sunset Yellow. A wholesale staple for outdoor retailers.,2,36,Sleeping Mat,Sunset Yellow,Sunset Yellow,pcs,1,1,0.303,true,,2020-01-28
3154,KAA-SLP-0038,6402026031541,Kaamos Kaldo Eco Sleeping Mat Arctic White,"Kaamos Kaldo Eco: a sleeping mat that balances weight, durability and price. Arctic White. Retail-ready packaging.",2,36,Sleeping Mat,Arctic White,Arctic White,pcs,6,6,0.343,true,,2023-12-25
3155,KAA-SLP-0039,6402026031558,Kaamos Kaldo Eco Sleeping Mat Forest,The Kaldo Eco sleeping mat by Kaamos. Forest. Popular with rental outfitters and clubs.,2,36,Sleeping Mat,Forest,Forest,pcs,1,1,0.768,true,,2024-05-02
3156,KAA-SLP-0040,6402026031565,Kaamos Kaldo Eco Sleeping Mat Graphite,"Kaamos Kaldo Eco Sleeping Mat for sleeping bags & mats. Graphite. Built for Nordic conditions, season after season.",2,36,Sleeping Mat,Graphite,Graphite,pcs,6,6,0.807,true,,2021-12-18
3157,KAA-SLP-0041,6402026031572,Kaamos Ruska WP Camp Pillow Lichen,Reliable camp pillow from Kaamos's Ruska WP range. Lichen. A wholesale staple for outdoor retailers.,2,36,Camp Pillow,Lichen,Lichen,pcs,1,1,0.553,true,,2023-08-22
3158,KAA-SLP-0042,6402026031589,Kaamos Myrsky Eco Bag Liner Midnight Blue,"Kaamos Myrsky Eco: a bag liner that balances weight, durability and price. Midnight Blue. Retail-ready packaging.",2,36,Bag Liner,Midnight Blue,Midnight Blue,pcs,1,1,0.448,true,,2019-04-29
3159,KAA-SLP-0043,6402026031596,Kaamos Myrsky Eco Bag Liner Deep Teal,The Myrsky Eco bag liner by Kaamos. Deep Teal. Popular with rental outfitters and clubs.,2,36,Bag Liner,Deep Teal,Deep Teal,pcs,1,1,0.203,true,,2026-02-11
3160,KAA-SLP-0044,6402026031602,Kaamos Myrsky Eco Bag Liner Forest,"Kaamos Myrsky Eco Bag Liner for sleeping bags & mats. Forest. Built for Nordic conditions, season after season.",2,36,Bag Liner,Forest,Forest,pcs,1,1,0.393,true,,2024-02-25
3161,KAA-SLP-0045,6402026031619,Kaamos Glacier Plus Down Sleeping Bag -20°C Petrol,Reliable down sleeping bag from Kaamos's Glacier Plus range. -20°C / Petrol. A wholesale staple for outdoor retailers.,2,36,Down Sleeping Bag,-20°C,Petrol,pcs,1,1,1.620,true,,2024-10-25
3162,KAA-SLP-0046,6402026031626,Kaamos Glacier Plus Down Sleeping Bag 0°C Petrol,"Kaamos Glacier Plus: a down sleeping bag that balances weight, durability and price. 0°C / Petrol. Retail-ready packaging.",2,36,Down Sleeping Bag,0°C,Petrol,pcs,1,1,1.508,true,,2019-08-09
3163,KAA-SLP-0047,6402026031633,Kaamos Glacier Plus Down Sleeping Bag +5°C Petrol,The Glacier Plus down sleeping bag by Kaamos. +5°C / Petrol. Popular with rental outfitters and clubs.,2,36,Down Sleeping Bag,+5°C,Petrol,pcs,1,1,2.385,true,,2023-03-05
3164,KAA-NAV-0001,6402026031640,Kaamos Abisko XT Handheld GPS,"Kaamos Abisko XT Handheld GPS for navigation & electronics. Built for Nordic conditions, season after season.",9,36,Handheld GPS,,,pcs,12,12,0.305,true,,2024-11-11
3165,KAA-NAV-0002,6402026031657,Kaamos Senja Pro Power Bank,Reliable power bank from Kaamos's Senja Pro range. A wholesale staple for outdoor retailers.,9,36,Power Bank,,,pcs,1,1,0.056,true,,2024-12-19
3166,KAA-NAV-0003,6402026031664,Kaamos Jotun Plus Compass,"Kaamos Jotun Plus: a compass that balances weight, durability and price. Retail-ready packaging.",9,36,Compass,,,pcs,1,1,0.017,true,,2021-09-15
3167,KAA-NAV-0004,6402026031671,Kaamos Varanger Headlamp Midnight Blue,The Varanger headlamp by Kaamos. Midnight Blue. Popular with rental outfitters and clubs.,9,36,Headlamp,Midnight Blue,Midnight Blue,pcs,1,1,0.162,true,,2019-10-18
3168,KAA-NAV-0005,6402026031688,Kaamos Varanger Headlamp Moss Green,"Kaamos Varanger Headlamp for navigation & electronics. Moss Green. Built for Nordic conditions, season after season.",9,36,Headlamp,Moss Green,Moss Green,pcs,1,1,0.058,true,,2019-11-25
3169,KAA-NAV-0006,6402026031695,Kaamos Snøhetta WP Satellite Messenger,Reliable satellite messenger from Kaamos's Snøhetta WP range. A wholesale staple for outdoor retailers.,9,36,Satellite Messenger,,,pcs,1,1,0.530,true,,2023-12-01
3170,KAA-NAV-0007,6402026031701,Kaamos Rondane Pro Satellite Messenger,"Kaamos Rondane Pro: a satellite messenger that balances weight, durability and price. Retail-ready packaging.",9,36,Satellite Messenger,,,pcs,1,1,0.241,true,,2024-04-17
3171,KAA-NAV-0008,6402026031718,Kaamos Tuuli WP Power Bank,The Tuuli WP power bank by Kaamos. Popular with rental outfitters and clubs.,9,36,Power Bank,,,pcs,1,1,0.110,true,,2019-11-09
3172,KAA-NAV-0009,6402026031725,Kaamos Kebne Lite Handheld GPS,"Kaamos Kebne Lite Handheld GPS for navigation & electronics. Built for Nordic conditions, season after season.",9,36,Handheld GPS,,,pcs,1,1,0.350,true,,2019-05-27
3173,KAA-NAV-0010,6402026031732,Kaamos Fjord II Power Bank,Reliable power bank from Kaamos's Fjord II range. A wholesale staple for outdoor retailers.,9,36,Power Bank,,,pcs,6,6,0.089,true,,2024-11-25
3174,KAA-NAV-0011,6402026031749,Kaamos Ruska Plus Compass,"Kaamos Ruska Plus: a compass that balances weight, durability and price. Retail-ready packaging.",9,36,Compass,,,pcs,12,12,0.105,true,,2023-07-04
3175,KAA-NAV-0012,6402026031756,Kaamos Nuten WP Satellite Messenger,The Nuten WP satellite messenger by Kaamos. Popular with rental outfitters and clubs.,9,36,Satellite Messenger,,,pcs,1,1,0.193,true,,2023-11-24
3176,KAA-NAV-0013,6402026031763,Kaamos Ridge Eco Power Bank,"Kaamos Ridge Eco Power Bank for navigation & electronics. Built for Nordic conditions, season after season.",9,36,Power Bank,,,pcs,1,1,0.175,true,,2023-08-21
3177,KAA-NAV-0014,6402026031770,Kaamos Abisko II Handheld GPS,Reliable handheld gps from Kaamos's Abisko II range. A wholesale staple for outdoor retailers.,9,36,Handheld GPS,,,pcs,12,12,0.525,true,,2019-10-05
3178,KAA-NAV-0015,6402026031787,Kaamos Halti Handheld GPS,"Kaamos Halti: a handheld gps that balances weight, durability and price. Retail-ready packaging.",9,36,Handheld GPS,,,pcs,1,1,0.590,true,,2022-02-16
3179,KAA-NAV-0016,6402026031794,Kaamos Snøhetta Eco Headlamp Forest,The Snøhetta Eco headlamp by Kaamos. Forest. Popular with rental outfitters and clubs.,9,36,Headlamp,Forest,Forest,pcs,1,1,0.022,true,,2024-03-11
3180,KAA-NAV-0017,6402026031800,Kaamos Snøhetta Eco Headlamp Arctic White,"Kaamos Snøhetta Eco Headlamp for navigation & electronics. Arctic White. Built for Nordic conditions, season after season.",9,36,Headlamp,Arctic White,Arctic White,pcs,1,1,0.176,true,,2019-01-26
3181,KAA-NAV-0018,6402026031817,Kaamos Jotun Eco Headlamp Burnt Orange,Reliable headlamp from Kaamos's Jotun Eco range. Burnt Orange. A wholesale staple for outdoor retailers.,9,36,Headlamp,Burnt Orange,Burnt Orange,pcs,1,1,0.079,true,,2023-11-23
3182,KAA-NAV-0019,6402026031824,Kaamos Jotun Eco Headlamp Deep Teal,"Kaamos Jotun Eco: a headlamp that balances weight, durability and price. Deep Teal. Retail-ready packaging.",9,36,Headlamp,Deep Teal,Deep Teal,pcs,1,1,0.034,true,,2020-06-05
3183,KAA-NAV-0020,6402026031831,Kaamos Jotun Eco Headlamp Forest,The Jotun Eco headlamp by Kaamos. Forest. Popular with rental outfitters and clubs.,9,36,Headlamp,Forest,Forest,pcs,6,6,0.038,true,,2020-10-30
3184,KAA-NAV-0021,6402026031848,Kaamos Senja 2.0 Headlamp Midnight Blue,"Kaamos Senja 2.0 Headlamp for navigation & electronics. Midnight Blue. Built for Nordic conditions, season after season.",9,36,Headlamp,Midnight Blue,Midnight Blue,pcs,6,6,0.138,true,,2022-01-14
3185,KAA-NAV-0022,6402026031855,Kaamos Senja 2.0 Headlamp Slate Grey,Reliable headlamp from Kaamos's Senja 2.0 range. Slate Grey. A wholesale staple for outdoor retailers.,9,36,Headlamp,Slate Grey,Slate Grey,pcs,1,1,0.140,true,,2021-02-21
3186,KAA-NAV-0023,6402026031862,Kaamos Senja 2.0 Headlamp Ruby Red,"Kaamos Senja 2.0: a headlamp that balances weight, durability and price. Ruby Red. Retail-ready packaging.",9,36,Headlamp,Ruby Red,Ruby Red,pcs,12,12,0.147,true,,2020-02-23
3187,KAA-NAV-0024,6402026031879,Kaamos Senja 2.0 Headlamp Ochre,The Senja 2.0 headlamp by Kaamos. Ochre. Popular with rental outfitters and clubs.,9,36,Headlamp,Ochre,Ochre,pcs,1,1,0.084,true,,2019-08-18
3188,KAA-NAV-0025,6402026031886,Kaamos Boreal Pro Power Bank,"Kaamos Boreal Pro Power Bank for navigation & electronics. Built for Nordic conditions, season after season.",9,36,Power Bank,,,pcs,12,12,0.020,true,,2021-02-07
3189,KAA-NAV-0026,6402026031893,Kaamos Fjord Satellite Messenger,Reliable satellite messenger from Kaamos's Fjord range. A wholesale staple for outdoor retailers.,9,36,Satellite Messenger,,,pcs,1,1,0.163,true,,2020-06-29
3190,KAA-NAV-0027,6402026031909,Kaamos Kaldo Compass,"Kaamos Kaldo: a compass that balances weight, durability and price. Retail-ready packaging.",9,36,Compass,,,pcs,1,1,0.124,true,,2020-09-26
3191,KAA-NAV-0028,6402026031916,Kaamos Pallas Pro Headlamp Ruby Red,The Pallas Pro headlamp by Kaamos. Ruby Red. Popular with rental outfitters and clubs.,9,36,Headlamp,Ruby Red,Ruby Red,pcs,12,12,0.179,true,,2022-04-07
3192,KAA-NAV-0029,6402026031923,Kaamos Pallas Pro Headlamp Deep Teal,"Kaamos Pallas Pro Headlamp for navigation & electronics. Deep Teal. Built for Nordic conditions, season after season.",9,36,Headlamp,Deep Teal,Deep Teal,pcs,1,1,0.147,true,,2023-03-12
3193,KAA-NAV-0030,6402026031930,Kaamos Pallas Pro Headlamp Black,Reliable headlamp from Kaamos's Pallas Pro range. Black. A wholesale staple for outdoor retailers.,9,36,Headlamp,Black,Black,pcs,1,1,0.117,false,2022-10-20,2020-07-09
3194,KAA-NAV-0031,6402026031947,Kaamos Pallas Pro Headlamp Sand,"Kaamos Pallas Pro: a headlamp that balances weight, durability and price. Sand. Retail-ready packaging.",9,36,Headlamp,Sand,Sand,pcs,6,6,0.058,true,,2021-11-19
3195,KAA-NAV-0032,6402026031954,Kaamos Pallas Pro Headlamp Midnight Blue,The Pallas Pro headlamp by Kaamos. Midnight Blue. Popular with rental outfitters and clubs.,9,36,Headlamp,Midnight Blue,Midnight Blue,pcs,1,1,0.034,true,,2023-12-28
3196,KAA-NAV-0033,6402026031961,Kaamos Hav Lite Headlamp Midnight Blue,"Kaamos Hav Lite Headlamp for navigation & electronics. Midnight Blue. Built for Nordic conditions, season after season.",9,36,Headlamp,Midnight Blue,Midnight Blue,pcs,6,6,0.031,true,,2023-07-06
3197,KAA-NAV-0034,6402026031978,Kaamos Ultra Lite Headlamp Black,Reliable headlamp from Kaamos's Ultra Lite range. Black. A wholesale staple for outdoor retailers.,9,36,Headlamp,Black,Black,pcs,1,1,0.052,true,,2025-04-20
3198,KAA-NAV-0035,6402026031985,Kaamos Ultra Lite Headlamp Deep Teal,"Kaamos Ultra Lite: a headlamp that balances weight, durability and price. Deep Teal. Retail-ready packaging.",9,36,Headlamp,Deep Teal,Deep Teal,pcs,1,1,0.143,true,,2020-10-14
3199,KAA-NAV-0036,6402026031992,Kaamos Ultra Lite Headlamp Lichen,The Ultra Lite headlamp by Kaamos. Lichen. Popular with rental outfitters and clubs.,9,36,Headlamp,Lichen,Lichen,pcs,6,6,0.027,true,,2025-06-13
3200,KAA-NAV-0037,6402026032005,Kaamos Ultra Lite Headlamp Moss Green,"Kaamos Ultra Lite Headlamp for navigation & electronics. Moss Green. Built for Nordic conditions, season after season.",9,36,Headlamp,Moss Green,Moss Green,pcs,6,6,0.178,true,,2025-10-20
3201,KAA-NAV-0038,6402026032012,Kaamos Ultra Lite Headlamp Sand,Reliable headlamp from Kaamos's Ultra Lite range. Sand. A wholesale staple for outdoor retailers.,9,36,Headlamp,Sand,Sand,pcs,12,12,0.056,true,,2019-05-15
3202,NVD-SHL-0062,6402026032029,Nordvind Kaldo Lite Insulated Jacket XXL Moss Green,"Nordvind Kaldo: a insulated jacket that balances weight, durability and price. XXL / Moss Green. Retail-ready packaging.",5,11,Insulated Jacket,XXL,Moss Green,pcs,12,12,1.163,true,,2022-11-02
